Time,Day_of_week,Age_band_of_driver,Sex_of_driver,Educational_level,Driving_experience,Type_of_vehicle,Owner_of_vehicle,Service_year_of_vehicle,Defect_of_vehicle,Area_accident_occured,Lanes_or_Medians,Road_allignment,Types_of_Junction,Road_surface_type,Road_surface_conditions,Light_conditions,Weather_conditions,Type_of_collision,Number_of_vehicles_involved,Number_of_casualties,Vehicle_movement,Casualty_class,Sex_of_casualty,Age_band_of_casualty,Casualty_severity,Cause_of_accident,Accident_severity
2024-10-05 14:49:00,Monday,Over 51,Male,High school,Above 10yr,Automobile,Owner,Unknown,No defect,Church areas,Undivided Two way,Tangent road with flat terrain,Y Shape,Asphalt roads,Dry,Daylight,Normal,Vehicle with vehicle collision,2,2,Reversing,Driver or rider,Male,18-30,2.0,No priority to vehicle,Slight Injury
2024-10-05 14:49:00,Monday,Over 51,Male,Elementary school,1-2yr,Automobile,Owner,Unknown,No defect,Other,Two-way (divided with broken lines road marking),Tangent road with flat terrain,Y Shape,Asphalt roads,Dry,Daylight,Normal,Vehicle with vehicle collision,2,2,Getting off,,,,,Changing lane to the right,Slight Injury
2024-10-05 14:49:00,Monday,18-30,Unknown,Junior high school,Above 10yr,Lorry (41-100Q),Owner,Unknown,No defect,Recreational areas,Two-way (divided with broken lines road marking),Tangent road with flat terrain,Y Shape,Asphalt roads,Dry,Daylight,Normal,Vehicle with vehicle collision,2,2,Going straight,,,,,Other,Slight Injury
2024-10-05 17:40:00,Sunday,31-50,Male,Unknown,Unknown,Other,Other,Unknown,Unknown,Other,Other,Tangent road with flat terrain,Crossing,Asphalt roads,Wet or damp,Darkness - lights lit,Normal,Vehicle with vehicle collision,2,1,Getting off,Driver or rider,Male,18-30,3.0,No distancing,Slight Injury
2024-10-05 17:40:00,Sunday,Over 51,Male,Junior high school,5-10yr,Other,Owner,Unknown,No defect,Industrial areas,Undivided Two way,Tangent road with mild grade and flat terrain,Crossing,Asphalt roads,Wet or damp,Darkness - lights lit,Normal,Vehicle with vehicle collision,2,1,Going straight,,,,,Driving carelessly,Slight Injury
2024-10-05 21:55:00,Saturday,18-30,Male,Above high school,5-10yr,Automobile,Owner,Unknown,No defect,Other,Two-way (divided with broken lines road marking),Tangent road with flat terrain,Crossing,Asphalt roads,Wet or damp,Darkness - lights lit,Raining,Collision with roadside objects,2,1,Going straight,Driver or rider,Male,31-50,3.0,No distancing,Slight Injury
2024-10-05 21:55:00,Saturday,18-30,Male,Junior high school,5-10yr,Automobile,Owner,Unknown,Unknown,Other,Other,Tangent road with flat terrain,Crossing,Asphalt roads,Wet or damp,Darkness - lights lit,Raining,Vehicle with vehicle collision,2,1,Going straight,Pedestrian,Female,18-30,3.0,Moving Backward,Slight Injury
2024-10-05 07:30:00,Tuesday,18-30,Male,Junior high school,Above 10yr,Automobile,Owner,5-10yrs,No defect,Church areas,Other,Tangent road with flat terrain,Y Shape,Asphalt roads,Wet or damp,Daylight,Normal,Vehicle with vehicle collision,2,1,Going straight,,,,,No distancing,Slight Injury
2024-10-05 07:30:00,Tuesday,31-50,Male,Junior high school,1-2yr,Automobile,Owner,5-10yrs,No defect,Church areas,Undivided Two way,Tangent road with flat terrain,Y Shape,Asphalt roads,Wet or damp,Daylight,Normal,Vehicle with vehicle collision,2,1,Going straight,Driver or rider,Male,Under 18,3.0,Moving Backward,Slight Injury
2024-10-05 10:41:00,Wednesday,31-50,Male,Junior high school,2-5yr,Lorry (41-100Q),Owner,Unknown,No defect,Other,Two-way (divided with broken lines road marking),Tangent road with flat terrain,No junction,Asphalt roads,Wet or damp,Daylight,Other,Vehicle with vehicle collision,1,1,Going straight,Driver or rider,Male,31-50,2.0,No priority to pedestrian,Slight Injury
2024-10-05 13:16:00,Wednesday,31-50,Male,Junior high school,Below 1yr,Other,Owner,Unknown,No defect,Other,One way,Tangent road with flat terrain,No junction,Asphalt roads,Wet or damp,Daylight,Raining,Vehicle with vehicle collision,2,3,Going straight,Passenger,Female,18-30,3.0,Changing lane to the left,Slight Injury
2024-10-05 13:16:00,Wednesday,31-50,Male,Junior high school,Above 10yr,Pick up upto 10Q,Governmental,2-5yrs,Unknown,Recreational areas,Two-way (divided with broken lines road marking),Tangent road with flat terrain,No junction,Asphalt roads,Wet or damp,Daylight,Raining,Vehicle with vehicle collision,2,3,Going straight,,,,,No distancing,Slight Injury
2024-10-05 13:16:00,Wednesday,31-50,Male,Junior high school,1-2yr,Stationwagen,Owner,2-5yrs,Unknown,Other,Undivided Two way,Tangent road with flat terrain,No junction,Asphalt roads,Wet or damp,Daylight,Raining,Collision with pedestrians,2,3,Going straight,,,,,Other,Slight Injury
2024-10-05 11:30:00,Thursday,18-30,Male,Above high school,5-10yr,Other,Owner,5-10yrs,Unknown,Office areas,Undivided Two way,Tangent road with flat terrain,Y Shape,Other,Dry,Daylight,Normal,Collision with pedestrians,2,1,Moving Backward,Driver or rider,Male,Under 18,3.0,No distancing,Slight Injury
2024-10-05 11:30:00,Thursday,18-30,Male,Junior high school,5-10yr,Pick up upto 10Q,Owner,5-10yrs,No defect,Church areas,Two-way (divided with broken lines road marking),Tangent road with flat terrain,Y Shape,Asphalt roads,Dry,Daylight,Normal,Collision with roadside objects,2,1,Going straight,Driver or rider,Male,18-30,3.0,No priority to pedestrian,Slight Injury
2024-10-05 16:20:00,Friday,Unknown,Female,Elementary school,Below 1yr,Stationwagen,Owner,2-5yrs,Unknown,Office areas,Two-way (divided with broken lines road marking),Tangent road with flat terrain,Y Shape,Asphalt roads,Wet or damp,Darkness - lights lit,Normal,Collision with pedestrians,3,1,Going straight,,,,,Moving Backward,Slight Injury
2024-10-05 16:20:00,Friday,31-50,Male,Unknown,Unknown,Lorry (41-100Q),Other,Unknown,No defect,Office areas,Undivided Two way,Tangent road with mountainous terrain and,Y Shape,Asphalt roads,Wet or damp,Darkness - lights lit,Normal,Vehicle with vehicle collision,3,1,Going straight,,,,,No priority to pedestrian,Slight Injury
2024-10-05 16:20:00,Friday,Over 51,Unknown,Junior high school,Above 10yr,Automobile,Owner,2-5yrs,No defect,Other,Undivided Two way,Tangent road with flat terrain,Y Shape,Asphalt roads,Wet or damp,Darkness - lights lit,Normal,Vehicle with vehicle collision,3,1,Going straight,Driver or rider,Male,18-30,3.0,No distancing,Slight Injury
2024-10-05 01:10:00,Friday,31-50,Male,Junior high school,Unknown,Other,Governmental,Unknown,Unknown,Residential areas,Two-way (divided with broken lines road marking),Tangent road with flat terrain,No junction,Asphalt roads,Wet or damp,Darkness - lights lit,Normal,Vehicle with vehicle collision,1,1,Going straight,Passenger,Female,18-30,3.0,No priority to pedestrian,Serious Injury
2024-10-05 20:40:00,Monday,18-30,Male,Junior high school,1-2yr,Automobile,Owner,2-5yrs,No defect,Office areas,Two-way (divided with broken lines road marking),Tangent road with mild grade and flat terrain,No junction,Asphalt roads,Wet or damp,Darkness - lights lit,Raining,Collision with roadside objects,2,1,Going straight,Driver or rider,Male,18-30,3.0,Driving carelessly,Serious Injury
2024-10-05 20:40:00,Monday,18-30,Male,Junior high school,2-5yr,Automobile,Owner,2-5yrs,Unknown,Residential areas,Other,Tangent road with flat terrain,No junction,Asphalt roads,Wet or damp,Darkness - lights lit,Raining,Collision with roadside objects,2,1,Going straight,Driver or rider,Male,18-30,3.0,Getting off the vehicle improperly,Serious Injury
2024-10-05 17:50:00,Wednesday,18-30,Male,Unknown,Unknown,Turbo,Owner,Unknown,No defect,Residential areas,Two-way (divided with broken lines road marking),Tangent road with flat terrain,No junction,Other,Wet or damp,Darkness - no lighting,Windy,Vehicle with vehicle collision,2,3,Going straight,Passenger,Female,18-30,3.0,Driving carelessly,Slight Injury
2024-10-05 17:50:00,Wednesday,18-30,Unknown,Junior high school,Above 10yr,Other,Owner,Unknown,No defect,Other,Double carriageway (median),Tangent road with flat terrain,No junction,Asphalt roads,Wet or damp,Darkness - no lighting,Windy,Vehicle with vehicle collision,2,3,Going straight,,,,,Changing lane to the left,Slight Injury
2024-10-05 17:50:00,Wednesday,18-30,Male,Junior high school,2-5yr,Stationwagen,Owner,Unknown,No defect,Hospital areas,One way,Tangent road with flat terrain,No junction,Asphalt roads,Wet or damp,Darkness - no lighting,Windy,Vehicle with vehicle collision,2,3,Going straight,Driver or rider,Male,18-30,3.0,No priority to vehicle,Slight Injury
2024-10-05 17:11:00,Wednesday,Over 51,Male,Junior high school,5-10yr,Automobile,Governmental,Unknown,No defect,Other,Undivided Two way,Tangent road with flat terrain,Y Shape,Asphalt roads,Wet or damp,Darkness - lights lit,Raining,Vehicle with vehicle collision,1,1,Going straight,,,,,Changing lane to the right,Slight Injury
2024-10-05 21:03:00,Monday,18-30,Male,Junior high school,2-5yr,Automobile,Owner,Unknown,No defect,Other,Undivided Two way,Tangent road with flat terrain,O Shape,Asphalt roads,Wet or damp,Darkness - lights lit,Raining,Vehicle with vehicle collision,1,1,Going straight,Driver or rider,Male,Under 18,3.0,Changing lane to the right,Serious Injury
2024-10-05 15:20:00,Monday,18-30,Male,Junior high school,1-2yr,Automobile,Owner,Unknown,No defect,Recreational areas,One way,Tangent road with mild grade and flat terrain,Y Shape,Asphalt roads,Dry,Daylight,Normal,Vehicle with vehicle collision,1,1,Going straight,Driver or rider,Female,18-30,3.0,No distancing,Slight Injury
2024-10-05 18:30:00,Monday,Unknown,Female,Junior high school,5-10yr,Pick up upto 10Q,Owner,Unknown,No defect,Other,Undivided Two way,Tangent road with flat terrain,Y Shape,Asphalt roads,Wet or damp,Darkness - lights lit,Raining,Vehicle with vehicle collision,1,1,Going straight,,,,,No distancing,Slight Injury
2024-10-05 08:15:00,Wednesday,Over 51,Male,Junior high school,2-5yr,Lorry (41-100Q),Owner,Unknown,No defect,Other,Undivided Two way,Tangent road with flat terrain,No junction,Asphalt roads,Dry,Daylight,Normal,Vehicle with vehicle collision,1,1,Going straight,,,,,Changing lane to the left,Slight Injury
2024-10-05 15:20:00,Tuesday,Unknown,Female,Elementary school,5-10yr,Lorry (41-100Q),Owner,Unknown,No defect,Other,Undivided Two way,Tangent road with flat terrain,Crossing,Asphalt roads,Wet or damp,Darkness - no lighting,Normal,Vehicle with vehicle collision,1,1,Going straight,Driver or rider,Male,18-30,3.0,Changing lane to the right,Slight Injury
2024-10-05 18:17:00,Friday,18-30,Unknown,Above high school,5-10yr,Automobile,Owner,Below 1yr,No defect,Office areas,Two-way (divided with broken lines road marking),Tangent road with flat terrain,Crossing,Other,Wet or damp,Darkness - lights lit,Raining,Collision with roadside objects,2,1,Going straight,Passenger,Male,18-30,3.0,No priority to vehicle,Slight Injury
2024-10-05 18:17:00,Friday,18-30,Male,Junior high school,2-5yr,Lorry (41-100Q),Owner,2-5yrs,No defect,Other,Two-way (divided with broken lines road marking),Tangent road with mild grade and flat terrain,Crossing,Other,Wet or damp,Darkness - lights lit,Raining,Collision with roadside objects,2,1,Reversing,Pedestrian,Female,Under 18,3.0,Changing lane to the left,Slight Injury
2024-10-05 19:31:00,Wednesday,18-30,Male,Junior high school,2-5yr,Lorry (41-100Q),Owner,Unknown,No defect,Residential areas,Two-way (divided with broken lines road marking),Tangent road with flat terrain,Crossing,Asphalt roads,Wet or damp,Darkness - no lighting,Raining,Collision with pedestrians,2,1,Going straight,Pedestrian,Female,Over 51,2.0,No priority to vehicle,Slight Injury
2024-10-05 19:31:00,Wednesday,18-30,Male,Junior high school,2-5yr,Lorry (41-100Q),Owner,5-10yrs,No defect,Other,Undivided Two way,Tangent road with flat terrain,Crossing,Asphalt roads,Wet or damp,Darkness - no lighting,Raining,Vehicle with vehicle collision,2,1,Going straight,Driver or rider,Male,Under 18,3.0,Moving Backward,Slight Injury
2024-10-05 09:25:00,Friday,31-50,Unknown,Junior high school,5-10yr,Lorry (41-100Q),Owner,Unknown,No defect,Other,Undivided Two way,Tangent road with flat terrain,No junction,Asphalt roads,Wet or damp,Daylight,Normal,Vehicle with vehicle collision,2,1,Going straight,,,,,Turnover,Serious Injury
2024-10-05 09:25:00,Friday,18-30,Male,Junior high school,1-2yr,Automobile,Owner,Unknown,Unknown,Church areas,Undivided Two way,Tangent road with flat terrain,No junction,Asphalt roads,Wet or damp,Daylight,Normal,Vehicle with vehicle collision,2,1,Other,Pedestrian,Female,Under 18,3.0,No distancing,Serious Injury
2024-10-05 14:10:00,Wednesday,18-30,Male,Junior high school,2-5yr,Automobile,Owner,1-2yr,5,Office areas,Undivided Two way,Tangent road with flat terrain,No junction,Asphalt roads with some distress,Dry,Daylight,Normal,Vehicle with vehicle collision,2,1,Going straight,,,,,No distancing,Slight Injury
2024-10-05 14:10:00,Wednesday,Over 51,Male,High school,2-5yr,Automobile,Owner,Above 10yr,No defect,School areas,Other,Tangent road with flat terrain,No junction,Other,Dry,Daylight,Normal,Vehicle with vehicle collision,2,1,Going straight,Driver or rider,Male,Over 51,3.0,No distancing,Slight Injury
2024-10-05 14:00:00,Friday,31-50,Male,Unknown,Unknown,Public (13-45 seats),Owner,2-5yrs,No defect,Other,Undivided Two way,Tangent road with flat terrain,Y Shape,Asphalt roads,Wet or damp,Daylight,Normal,Vehicle with vehicle collision,2,1,Going straight,Passenger,Male,31-50,3.0,Changing lane to the left,Slight Injury
2024-10-05 14:00:00,Friday,31-50,Male,Junior high school,1-2yr,Automobile,Owner,1-2yr,No defect,Office areas,Undivided Two way,Tangent road with flat terrain,Y Shape,Asphalt roads,Wet or damp,Daylight,Normal,Vehicle with vehicle collision,2,1,Going straight,Passenger,Male,Over 51,3.0,No priority to vehicle,Slight Injury
2024-10-05 22:05:00,Tuesday,Unknown,Female,Junior high school,Below 1yr,Public (13-45 seats),Owner,1-2yr,No defect,Residential areas,Other,Steep grade downward with mountainous terrain,Crossing,Asphalt roads,Wet or damp,Darkness - lights lit,Normal,Vehicle with vehicle collision,2,1,Going straight,Passenger,Male,31-50,3.0,Driving at high speed,Slight Injury
2024-10-05 22:05:00,Tuesday,Over 51,Male,High school,1-2yr,Public (13-45 seats),Owner,1-2yr,No defect,Industrial areas,One way,Tangent road with flat terrain,Crossing,Asphalt roads,Wet or damp,Darkness - lights lit,Normal,Vehicle with vehicle collision,2,1,Going straight,Passenger,Male,Over 51,3.0,Overtaking,Slight Injury
2024-10-05 07:00:00,Thursday,18-30,Male,Above high school,1-2yr,Automobile,Owner,2-5yrs,No defect,Other,Undivided Two way,Tangent road with flat terrain,Y Shape,Earth roads,Wet or damp,Darkness - lights lit,Windy,Collision with pedestrians,2,1,Other,Driver or rider,Male,18-30,3.0,Other,Slight Injury
2024-10-05 07:00:00,Thursday,31-50,Male,Junior high school,Above 10yr,Lorry (11-40Q),Owner,1-2yr,No defect,Residential areas,Undivided Two way,Tangent road with flat terrain,Y Shape,Asphalt roads,Wet or damp,Darkness - lights lit,Windy,Collision with pedestrians,2,1,Moving Backward,Passenger,Female,18-30,3.0,Changing lane to the left,Slight Injury
2024-10-05 07:35:00,Thursday,18-30,Male,High school,1-2yr,Automobile,Owner,1-2yr,No defect,Recreational areas,Two-way (divided with broken lines road marking),Tangent road with flat terrain,Y Shape,Asphalt roads,Wet or damp,Darkness - lights lit,Raining,Vehicle with vehicle collision,2,1,Going straight,Passenger,Male,31-50,3.0,No priority to pedestrian,Slight Injury
2024-10-05 07:35:00,Thursday,31-50,Unknown,Junior high school,2-5yr,Lorry (41-100Q),Owner,Unknown,7,Office areas,Other,Tangent road with flat terrain,Y Shape,Asphalt roads,Wet or damp,Darkness - lights lit,Raining,Vehicle with vehicle collision,2,1,Turnover,Driver or rider,Male,31-50,3.0,Changing lane to the left,Slight Injury
2024-10-05 08:43:00,Wednesday,31-50,Male,Above high school,2-5yr,Other,Owner,Unknown,No defect,Outside rural areas,Two-way (divided with broken lines road marking),Tangent road with flat terrain,Y Shape,Asphalt roads,Wet or damp,Daylight,Raining,Vehicle with vehicle collision,2,2,Turnover,,,,,No distancing,Slight Injury
2024-10-05 08:43:00,Wednesday,31-50,Male,High school,Above 10yr,Pick up upto 10Q,Owner,1-2yr,No defect,Outside rural areas,Two-way (divided with broken lines road marking),Tangent road with flat terrain,Y Shape,Asphalt roads,Wet or damp,Daylight,Raining,Vehicle with vehicle collision,2,2,Reversing,Passenger,Female,Over 51,3.0,Moving Backward,Slight Injury
2024-10-05 16:05:00,Tuesday,Over 51,Male,Elementary school,5-10yr,Lorry (11-40Q),Owner,1-2yr,No defect,Outside rural areas,Undivided Two way,Tangent road with flat terrain,Y Shape,Asphalt roads,Wet or damp,Daylight,Normal,Vehicle with vehicle collision,1,1,Reversing,Driver or rider,Female,18-30,3.0,Changing lane to the left,Serious Injury
2024-10-05 22:05:00,Friday,18-30,Male,High school,1-2yr,Motorcycle,Governmental,Below 1yr,No defect,Outside rural areas,Undivided Two way,Tangent road with flat terrain,Y Shape,Asphalt roads,Wet or damp,Darkness - lights lit,Raining,Vehicle with vehicle collision,2,3,Reversing,Driver or rider,Male,18-30,3.0,Other,Serious Injury
2024-10-05 22:05:00,Friday,18-30,Male,High school,5-10yr,Pick up upto 10Q,Owner,Unknown,No defect,Outside rural areas,Other,Steep grade downward with mountainous terrain,Y Shape,Asphalt roads,Wet or damp,Darkness - lights lit,Raining,Vehicle with vehicle collision,2,3,Moving Backward,,,,,No distancing,Serious Injury
2024-10-05 22:05:00,Friday,18-30,Male,High school,2-5yr,Lorry (11-40Q),Owner,Unknown,No defect,School areas,Other,Steep grade downward with mountainous terrain,Y Shape,Asphalt roads,Wet or damp,Darkness - lights lit,Raining,Vehicle with vehicle collision,2,3,Going straight,Driver or rider,Male,31-50,2.0,Moving Backward,Serious Injury
2024-10-05 22:05:00,Friday,18-30,Male,Junior high school,1-2yr,Lorry (11-40Q),Owner,Above 10yr,No defect,Outside rural areas,Two-way (divided with broken lines road marking),Tangent road with flat terrain,Y Shape,Asphalt roads,Wet or damp,Darkness - lights lit,Raining,Vehicle with vehicle collision,2,3,Going straight,Driver or rider,Male,18-30,2.0,No distancing,Serious Injury
2024-10-05 03:40:00,Saturday,18-30,Male,Above high school,Above 10yr,Automobile,Owner,Unknown,No defect,Outside rural areas,Undivided Two way,Tangent road with flat terrain,Y Shape,Asphalt roads,Wet or damp,Darkness - lights lit,Windy,Vehicle with vehicle collision,1,1,Going straight,,,,,Changing lane to the left,Slight Injury
2024-10-05 09:25:00,Tuesday,Over 51,Male,Above high school,2-5yr,Automobile,Owner,Unknown,No defect,Outside rural areas,Two-way (divided with broken lines road marking),Escarpments,Crossing,Gravel roads,Dry,Daylight,Normal,Vehicle with vehicle collision,6,1,Going straight,Pedestrian,Male,Over 51,3.0,Changing lane to the left,Slight Injury
2024-10-05 09:25:00,Tuesday,Unknown,Female,Elementary school,5-10yr,Other,Owner,2-5yrs,No defect,Outside rural areas,Two-way (divided with broken lines road marking),Tangent road with mountainous terrain and,Crossing,Asphalt roads,Dry,Daylight,Normal,Vehicle with vehicle collision,6,1,Going straight,,,,,No priority to pedestrian,Slight Injury
2024-10-05 09:25:00,Tuesday,Unknown,Female,Elementary school,1-2yr,Other,Owner,2-5yrs,No defect,Office areas,Undivided Two way,Tangent road with mountainous terrain and,Crossing,Asphalt roads,Dry,Daylight,Normal,Vehicle with vehicle collision,6,1,Going straight,Driver or rider,Male,31-50,3.0,Changing lane to the left,Slight Injury
2024-10-05 09:25:00,Tuesday,Unknown,Female,Junior high school,Unknown,Automobile,Owner,2-5yrs,No defect,Outside rural areas,Undivided Two way,Tangent road with mountainous terrain and,Crossing,Asphalt roads,Dry,Daylight,Normal,Vehicle with vehicle collision,6,1,Going straight,Driver or rider,Male,18-30,3.0,Driving carelessly,Slight Injury
2024-10-05 09:25:00,Tuesday,Unknown,Female,Unknown,Unknown,Taxi,Owner,Unknown,No defect,Outside rural areas,Undivided Two way,Tangent road with mountainous terrain and,Crossing,Asphalt roads,Dry,Daylight,Normal,Vehicle with vehicle collision,6,1,Going straight,,,,,Driving carelessly,Slight Injury
2024-10-05 09:25:00,Tuesday,Unknown,Female,Elementary school,5-10yr,Other,Owner,2-5yrs,No defect,Outside rural areas,Undivided Two way,Tangent road with flat terrain,Crossing,Asphalt roads,Dry,Daylight,Normal,Vehicle with vehicle collision,6,1,Going straight,Pedestrian,Male,Under 18,2.0,No priority to pedestrian,Slight Injury
2024-10-05 07:58:00,Thursday,Under 18,Male,Junior high school,2-5yr,Taxi,Owner,Unknown,No defect,Office areas,Undivided Two way,Tangent road with flat terrain,Y Shape,Asphalt roads,Wet or damp,Daylight,Raining,Vehicle with vehicle collision,2,2,Going straight,Pedestrian,Male,18-30,2.0,Getting off the vehicle improperly,Slight Injury
2024-10-05 07:58:00,Thursday,18-30,Male,Junior high school,5-10yr,Lorry (11-40Q),Owner,Unknown,No defect,Recreational areas,Undivided Two way,Tangent road with flat terrain,Y Shape,Asphalt roads,Wet or damp,Daylight,Raining,Vehicle with vehicle collision,2,2,Going straight,,,,,No distancing,Slight Injury
2024-10-05 20:15:00,Tuesday,18-30,Unknown,High school,2-5yr,Automobile,Owner,Above 10yr,No defect,Office areas,Undivided Two way,Tangent road with flat terrain,O Shape,Asphalt roads,Wet or damp,Darkness - no lighting,Raining,Vehicle with vehicle collision,2,1,Going straight,Driver or rider,Male,18-30,3.0,Changing lane to the left,Slight Injury
2024-10-05 20:15:00,Tuesday,18-30,Male,Junior high school,1-2yr,Other,Owner,2-5yrs,No defect,Other,Two-way (divided with broken lines road marking),Tangent road with mild grade and flat terrain,O Shape,Asphalt roads,Wet or damp,Darkness - no lighting,Raining,Vehicle with vehicle collision,2,1,Going straight,Pedestrian,Female,31-50,3.0,No priority to vehicle,Slight Injury
2024-10-05 17:10:00,Tuesday,18-30,Male,Junior high school,1-2yr,Automobile,Owner,Above 10yr,No defect,Residential areas,Two-way (divided with broken lines road marking),Tangent road with flat terrain,Y Shape,Asphalt roads,Wet or damp,Darkness - lights lit,Normal,Vehicle with vehicle collision,2,2,Going straight,,,,,No distancing,Slight Injury
2024-10-05 17:10:00,Tuesday,31-50,Unknown,Junior high school,5-10yr,Automobile,Owner,Above 10yr,No defect,Residential areas,Other,Tangent road with flat terrain,Y Shape,Asphalt roads,Wet or damp,Darkness - lights lit,Normal,Collision with roadside objects,2,2,Going straight,Driver or rider,Female,Over 51,3.0,No priority to pedestrian,Slight Injury
2024-10-05 17:10:00,Tuesday,31-50,Male,Illiterate,Unknown,Automobile,Owner,Unknown,No defect,Residential areas,Undivided Two way,Tangent road with flat terrain,Y Shape,Asphalt roads,Wet or damp,Darkness - lights lit,Normal,Collision with roadside objects,2,2,Going straight,,,,,No priority to pedestrian,Slight Injury
2024-10-05 15:30:00,Saturday,Unknown,Female,Junior high school,5-10yr,Automobile,Owner,Above 10yr,No defect,Other,Undivided Two way,Tangent road with flat terrain,Y Shape,Asphalt roads,Wet or damp,Daylight,Normal,Vehicle with vehicle collision,2,2,Going straight,Pedestrian,Male,31-50,3.0,No priority to vehicle,Slight Injury
2024-10-05 15:30:00,Saturday,18-30,Male,Junior high school,1-2yr,Lorry (41-100Q),Owner,Unknown,No defect,Office areas,Two-way (divided with broken lines road marking),Tangent road with flat terrain,Y Shape,Asphalt roads,Wet or damp,Daylight,Normal,Vehicle with vehicle collision,2,2,Going straight,,,,,Driving carelessly,Slight Injury
2024-10-05 09:47:00,Saturday,18-30,Male,Junior high school,2-5yr,Other,Owner,Unknown,Unknown,Other,Two-way (divided with broken lines road marking),Tangent road with flat terrain,Crossing,Asphalt roads,Wet or damp,Daylight,Raining,Vehicle with vehicle collision,3,1,Going straight,Driver or rider,Female,18-30,3.0,Changing lane to the right,Slight Injury
2024-10-05 09:47:00,Saturday,Over 51,Male,Junior high school,Above 10yr,Pick up upto 10Q,Owner,Above 10yr,Unknown,Other,Other,Tangent road with flat terrain,Crossing,Asphalt roads,Wet or damp,Daylight,Raining,Vehicle with vehicle collision,3,1,Going straight,,,,,Changing lane to the left,Slight Injury
2024-10-05 09:47:00,Saturday,31-50,Male,Junior high school,5-10yr,Pick up upto 10Q,Owner,5-10yrs,Unknown,Office areas,Two-way (divided with broken lines road marking),Tangent road with flat terrain,Crossing,Asphalt roads,Wet or damp,Daylight,Raining,Collision with roadside objects,3,1,Going straight,Driver or rider,Male,18-30,3.0,Moving Backward,Slight Injury
2024-10-05 11:19:00,Monday,18-30,Female,High school,1-2yr,Automobile,Owner,Below 1yr,Unknown,Church areas,Other,Tangent road with flat terrain,No junction,Asphalt roads,Dry,Daylight,Normal,Vehicle with vehicle collision,2,1,Turnover,Driver or rider,Female,18-30,3.0,Driving carelessly,Serious Injury
2024-10-05 11:19:00,Monday,Over 51,Female,Junior high school,Above 10yr,Long lorry,Owner,Unknown,No defect,Other,Two-way (divided with broken lines road marking),Tangent road with flat terrain,No junction,Asphalt roads,Dry,Daylight,Normal,Collision with roadside objects,2,1,Reversing,,,,,Driving to the left,Serious Injury
2024-10-05 13:13:00,Friday,Unknown,Female,Junior high school,1-2yr,Automobile,Owner,Unknown,Unknown,Other,One way,Tangent road with flat terrain,No junction,Asphalt roads,Dry,Daylight,Normal,Collision with roadside objects,2,1,Moving Backward,Driver or rider,Male,18-30,2.0,Driving to the left,Slight Injury
2024-10-05 13:13:00,Friday,18-30,Male,Junior high school,2-5yr,Public (13-45 seats),Owner,Unknown,Unknown,Office areas,Double carriageway (median),Tangent road with flat terrain,No junction,Asphalt roads,Dry,Daylight,Normal,Collision with pedestrians,2,1,Going straight,,,,,No priority to pedestrian,Slight Injury
2024-10-05 15:55:00,Thursday,18-30,Male,Junior high school,Above 10yr,Lorry (41-100Q),Owner,Unknown,Unknown,Office areas,One way,Tangent road with mild grade and flat terrain,Y Shape,Other,Wet or damp,Daylight,Raining,Vehicle with vehicle collision,2,3,Moving Backward,Driver or rider,Female,Over 51,3.0,Changing lane to the left,Slight Injury
2024-10-05 15:55:00,Thursday,18-30,Male,Junior high school,2-5yr,Public (13-45 seats),Owner,Unknown,Unknown,Office areas,Undivided Two way,Tangent road with flat terrain,Y Shape,Other,Wet or damp,Daylight,Raining,Collision with roadside objects,2,3,Going straight,Driver or rider,Male,Over 51,3.0,Changing lane to the right,Slight Injury
2024-10-05 15:55:00,Thursday,31-50,Unknown,Elementary school,5-10yr,Other,Owner,Unknown,No defect,Office areas,Double carriageway (median),Tangent road with flat terrain,Y Shape,Asphalt roads,Wet or damp,Daylight,Raining,Vehicle with vehicle collision,2,3,Going straight,Driver or rider,Female,Over 51,3.0,Driving carelessly,Slight Injury
2024-10-05 10:47:00,Thursday,31-50,Male,Unknown,Unknown,Lorry (41-100Q),Owner,Unknown,Unknown,Other,Two-way (divided with broken lines road marking),Tangent road with flat terrain,Y Shape,Asphalt roads,Wet or damp,Daylight,Normal,Vehicle with vehicle collision,2,2,Going straight,Driver or rider,Male,31-50,3.0,No distancing,Slight Injury
2024-10-05 10:47:00,Thursday,31-50,Male,Elementary school,1-2yr,Lorry (41-100Q),Owner,Below 1yr,Unknown,Office areas,Undivided Two way,Tangent road with flat terrain,Y Shape,Asphalt roads,Wet or damp,Daylight,Normal,Vehicle with vehicle collision,2,2,Going straight,Passenger,Male,Under 18,3.0,Getting off the vehicle improperly,Slight Injury
2024-10-05 15:00:00,Thursday,18-30,Male,Elementary school,5-10yr,Long lorry,Owner,Unknown,Unknown,Other,Other,Tangent road with flat terrain,No junction,Asphalt roads,Dry,Daylight,Normal,Vehicle with vehicle collision,2,1,Going straight,Driver or rider,Male,18-30,2.0,Driving under the influence of drugs,Slight Injury
2024-10-05 15:00:00,Thursday,18-30,Male,Elementary school,5-10yr,Pick up upto 10Q,Owner,Unknown,Unknown,Other,Double carriageway (median),Tangent road with flat terrain,No junction,Asphalt roads,Dry,Daylight,Normal,Vehicle with vehicle collision,2,1,Other,Driver or rider,Male,18-30,2.0,Changing lane to the right,Slight Injury