Time,Day_of_week,Age_band_of_driver,Sex_of_driver,Educational_level,Driving_experience,Type_of_vehicle,Owner_of_vehicle,Service_year_of_vehicle,Defect_of_vehicle,Area_accident_occured,Lanes_or_Medians,Road_allignment,Types_of_Junction,Road_surface_type,Road_surface_conditions,Light_conditions,Weather_conditions,Type_of_collision,Number_of_vehicles_involved,Number_of_casualties,Vehicle_movement,Casualty_class,Sex_of_casualty,Age_band_of_casualty,Casualty_severity,Cause_of_accident,Accident_severity
2024-10-05 16:02:00,Sunday,Under 18,Male,High school,1-2yr,Public (> 45 seats),Owner,Unknown,No defect,Office areas,Two-way (divided with broken lines road marking),Tangent road with flat terrain,No junction,Asphalt roads,Dry,Daylight,Normal,Vehicle with vehicle collision,2,1,Other,Passenger,Male,18-30,3.0,Driving carelessly,Slight Injury
2024-10-05 15:36:00,Tuesday,31-50,Male,Elementary school,5-10yr,Automobile,Owner,Unknown,No defect,Other,Two-way (divided with broken lines road marking),Tangent road with flat terrain,Crossing,Asphalt roads,Dry,Daylight,Normal,Vehicle with vehicle collision,2,1,Going straight,Driver or rider,Male,Under 18,3.0,Moving Backward,Serious Injury
2024-10-05 15:36:00,Tuesday,Under 18,Male,Elementary school,2-5yr,Pick up upto 10Q,Owner,Unknown,No defect,Office areas,Two-way (divided with broken lines road marking),Tangent road with mild grade and flat terrain,Crossing,Asphalt roads,Dry,Daylight,Normal,Collision with roadside objects,2,1,Going straight,Driver or rider,Male,Over 51,3.0,No distancing,Serious Injury
2024-10-05 20:46:00,Saturday,18-30,Male,Junior high school,Below 1yr,Stationwagen,Owner,Unknown,No defect,Office areas,Two-way (divided with broken lines road marking),Tangent road with flat terrain,Y Shape,Asphalt roads,Dry,Darkness - lights lit,Normal,Vehicle with vehicle collision,2,2,Stopping,Passenger,Female,Under 18,3.0,Changing lane to the right,Slight Injury
2024-10-05 20:46:00,Saturday,18-30,Male,Junior high school,Below 1yr,Other,Owner,Above 10yr,No defect,Office areas,Two-way (divided with broken lines road marking),Sharp reverse curve,Y Shape,Asphalt roads,Dry,Darkness - lights lit,Normal,Vehicle with vehicle collision,2,2,Going straight,Passenger,Male,31-50,3.0,Driving carelessly,Slight Injury
2024-10-05 07:25:00,Wednesday,31-50,Male,Junior high school,5-10yr,Other,Owner,Above 10yr,No defect,Church areas,Undivided Two way,Sharp reverse curve,Y Shape,Asphalt roads,Dry,Daylight,Normal,Vehicle with vehicle collision,2,1,Overtaking,Driver or rider,Female,Over 51,3.0,Driving to the left,Slight Injury
2024-10-05 07:25:00,Wednesday,Under 18,Male,Junior high school,5-10yr,Automobile,Owner,Above 10yr,No defect,Office areas,Undivided Two way,Gentle horizontal curve,Y Shape,Asphalt roads,Dry,Daylight,Normal,Vehicle with vehicle collision,2,1,Going straight,,,,,Changing lane to the right,Slight Injury
2024-10-05 19:58:00,Sunday,Over 51,Male,Elementary school,1-2yr,Stationwagen,Owner,5-10yrs,No defect,Other,Double carriageway (median),Gentle horizontal curve,O Shape,Asphalt roads,Dry,Darkness - lights lit,Normal,Rollover,1,1,Reversing,Driver or rider,Male,18-30,2.0,Driving carelessly,Slight Injury
2024-10-05 06:50:00,Wednesday,31-50,Male,Junior high school,Unknown,Pick up upto 10Q,Owner,Unknown,Unknown,Other,Two-way (divided with broken lines road marking),Tangent road with flat terrain,Y Shape,Asphalt roads,Wet or damp,Darkness - no lighting,Raining,Vehicle with vehicle collision,2,1,Going straight,,,,,Changing lane to the right,Slight Injury
2024-10-05 06:50:00,Wednesday,Under 18,Male,Elementary school,Above 10yr,Lorry (41-100Q),Owner,5-10yrs,No defect,Church areas,Other,Tangent road with mountainous terrain and,Y Shape,Asphalt roads with some distress,Wet or damp,Darkness - no lighting,Raining,Vehicle with vehicle collision,2,1,Going straight,,,,,No priority to vehicle,Slight Injury
2024-10-05 12:08:00,Friday,18-30,Male,Junior high school,1-2yr,Automobile,Owner,1-2yr,Unknown,School areas,Undivided Two way,Tangent road with flat terrain,Y Shape,Asphalt roads,Dry,Daylight,Normal,Collision with roadside objects,3,2,Other,Driver or rider,Female,31-50,3.0,Changing lane to the right,Slight Injury
2024-10-05 12:08:00,Friday,18-30,Unknown,Unknown,Unknown,Other,Other,Unknown,Unknown,Church areas,Two-way (divided with broken lines road marking),Tangent road with flat terrain,Y Shape,Asphalt roads,Dry,Daylight,Normal,Vehicle with vehicle collision,3,2,Going straight,Pedestrian,Female,Under 18,2.0,Turnover,Slight Injury
2024-10-05 12:08:00,Friday,Over 51,Male,Junior high school,Above 10yr,Lorry (41-100Q),Owner,Above 10yr,Unknown,Office areas,Undivided Two way,Tangent road with flat terrain,Y Shape,Asphalt roads,Dry,Daylight,Normal,Vehicle with vehicle collision,3,2,Moving Backward,Driver or rider,Male,18-30,2.0,No priority to vehicle,Slight Injury
2024-10-05 18:40:00,Tuesday,31-50,Male,Elementary school,2-5yr,Lorry (41-100Q),Owner,2-5yrs,No defect,Other,Other,Tangent road with flat terrain,Y Shape,Asphalt roads,Dry,Daylight,Normal,Vehicle with vehicle collision,2,1,Going straight,Driver or rider,Female,18-30,3.0,Driving at high speed,Serious Injury
2024-10-05 18:40:00,Tuesday,Over 51,Male,Junior high school,5-10yr,Lorry (41-100Q),Owner,Above 10yr,Unknown,Church areas,Two-way (divided with broken lines road marking),Steep grade upward with mountainous terrain,Y Shape,Gravel roads,Dry,Daylight,Normal,Collision with roadside objects,2,1,Moving Backward,Passenger,Female,Over 51,3.0,No distancing,Serious Injury
2024-10-05 11:43:00,Sunday,Under 18,Male,Junior high school,Below 1yr,Pick up upto 10Q,Governmental,1-2yr,No defect,Other,Double carriageway (median),Tangent road with flat terrain,Y Shape,Asphalt roads,Dry,Daylight,Normal,Collision with roadside objects,2,1,Going straight,Driver or rider,Female,31-50,3.0,No distancing,Slight Injury
2024-10-05 11:43:00,Sunday,Over 51,Male,Junior high school,5-10yr,Pick up upto 10Q,Governmental,Above 10yr,Unknown,Other,Double carriageway (median),Tangent road with flat terrain,Y Shape,Asphalt roads,Dry,Daylight,Normal,Vehicle with vehicle collision,2,1,Going straight,Passenger,Female,Over 51,3.0,Driving carelessly,Slight Injury
2024-10-05 12:00:00,Saturday,18-30,Male,High school,Above 10yr,Automobile,Organization,5-10yrs,No defect,Office areas,Two-way (divided with broken lines road marking),Gentle horizontal curve,Y Shape,Asphalt roads,Dry,Daylight,Normal,Vehicle with vehicle collision,2,1,Other,,,,,Driving carelessly,Slight Injury
2024-10-05 12:00:00,Saturday,18-30,Unknown,Junior high school,5-10yr,Other,Organization,Above 10yr,No defect,Other,Two-way (divided with broken lines road marking),Tangent road with flat terrain,Y Shape,Asphalt roads,Dry,Daylight,Normal,Collision with roadside objects,2,1,Going straight,Driver or rider,Male,Under 18,2.0,Moving Backward,Slight Injury
2024-10-05 08:58:00,Friday,31-50,Unknown,Elementary school,1-2yr,Other,Owner,2-5yrs,No defect,Other,Two-way (divided with broken lines road marking),Tangent road with flat terrain,No junction,Asphalt roads,Dry,Daylight,Normal,Collision with roadside objects,1,1,Going straight,Pedestrian,Female,18-30,3.0,No distancing,Serious Injury
2024-10-05 08:20:00,Thursday,18-30,Male,Junior high school,Unknown,Automobile,Governmental,Unknown,No defect,Residential areas,Two-way (divided with broken lines road marking),Tangent road with flat terrain,No junction,Asphalt roads,Dry,Daylight,Raining,Vehicle with vehicle collision,1,1,Going straight,Driver or rider,Male,18-30,2.0,Changing lane to the right,Slight Injury
2024-10-05 23:10:00,Friday,18-30,Male,Elementary school,1-2yr,Motorcycle,Owner,2-5yrs,No defect,Office areas,Two-way (divided with broken lines road marking),Tangent road with flat terrain,Crossing,Asphalt roads,Dry,Darkness - lights lit,Normal,Vehicle with vehicle collision,2,1,Turnover,Driver or rider,Male,18-30,3.0,Overtaking,Slight Injury
2024-10-05 23:10:00,Friday,31-50,Male,Junior high school,1-2yr,Automobile,Owner,2-5yrs,No defect,Church areas,One way,Tangent road with flat terrain,Crossing,Asphalt roads,Dry,Darkness - lights lit,Normal,Vehicle with vehicle collision,2,1,Going straight,Passenger,Female,18-30,3.0,No distancing,Slight Injury
2024-10-05 22:30:00,Sunday,18-30,Male,Above high school,1-2yr,Automobile,Owner,1-2yr,No defect,Other,Undivided Two way,Tangent road with flat terrain,Crossing,Asphalt roads,Dry,Darkness - lights lit,Normal,Collision with roadside objects,2,5,Going straight,Driver or rider,Female,31-50,3.0,Overtaking,Slight Injury
2024-10-05 22:30:00,Sunday,18-30,Male,Junior high school,5-10yr,Public (12 seats),Owner,Above 10yr,Unknown,Market areas,Other,Steep grade downward with mountainous terrain,Crossing,Asphalt roads,Dry,Darkness - lights lit,Normal,Vehicle with vehicle collision,2,5,Going straight,Passenger,Female,Under 18,3.0,Moving Backward,Slight Injury
2024-10-05 22:30:00,Sunday,18-30,Male,Junior high school,5-10yr,Long lorry,Owner,Above 10yr,Unknown,Other,Two-way (divided with broken lines road marking),Tangent road with mountainous terrain and,Crossing,Asphalt roads,Dry,Darkness - lights lit,Normal,Vehicle with vehicle collision,2,5,Reversing,,,,,No distancing,Slight Injury
2024-10-05 22:30:00,Sunday,Over 51,Male,Elementary school,5-10yr,Other,Owner,Unknown,No defect,Other,Undivided Two way,Tangent road with mountainous terrain and,Crossing,Asphalt roads,Dry,Darkness - lights lit,Normal,Vehicle with vehicle collision,2,5,Getting off,,,,,No distancing,Slight Injury
2024-10-05 22:30:00,Sunday,Over 51,Male,High school,Below 1yr,Automobile,Owner,Unknown,No defect,Church areas,Undivided Two way,Tangent road with flat terrain,Crossing,Asphalt roads,Dry,Darkness - lights lit,Normal,Rollover,2,5,Going straight,Driver or rider,Male,Under 18,3.0,No priority to vehicle,Slight Injury
2024-10-05 17:45:00,Tuesday,31-50,Male,Junior high school,Above 10yr,Public (> 45 seats),Governmental,1-2yr,No defect,Residential areas,Undivided Two way,Tangent road with flat terrain,No junction,Asphalt roads,Dry,Daylight,Normal,Vehicle with vehicle collision,3,1,Getting off,,,,,No priority to vehicle,Slight Injury
2024-10-05 17:45:00,Tuesday,Unknown,Female,Junior high school,5-10yr,Pick up upto 10Q,Owner,Unknown,No defect,Other,Undivided Two way,Tangent road with flat terrain,No junction,Asphalt roads,Dry,Daylight,Normal,Vehicle with vehicle collision,3,1,Going straight,Driver or rider,Male,18-30,3.0,Changing lane to the left,Slight Injury
2024-10-05 17:45:00,Tuesday,Unknown,Female,Junior high school,Below 1yr,Lorry (41-100Q),Owner,Unknown,No defect,Other,Two-way (divided with broken lines road marking),Tangent road with flat terrain,No junction,Asphalt roads,Dry,Daylight,Normal,Collision with pedestrians,3,1,Going straight,,,,,No distancing,Slight Injury
2024-10-05 14:30:00,Sunday,31-50,Male,Junior high school,Above 10yr,Automobile,Owner,Unknown,No defect,Other,Double carriageway (median),Tangent road with flat terrain,Y Shape,Asphalt roads,Dry,Daylight,Normal,Vehicle with vehicle collision,2,1,Going straight,Driver or rider,Male,18-30,2.0,Driving under the influence of drugs,Slight Injury
2024-10-05 14:30:00,Sunday,Under 18,Male,Junior high school,5-10yr,Public (13-45 seats),Owner,Unknown,No defect,Recreational areas,Two-way (divided with broken lines road marking),Tangent road with flat terrain,Y Shape,Asphalt roads,Dry,Daylight,Normal,Vehicle with vehicle collision,2,1,Going straight,Driver or rider,Male,Over 51,2.0,Changing lane to the left,Slight Injury
2024-10-05 06:10:00,Friday,18-30,Male,Junior high school,Above 10yr,Automobile,Owner,Unknown,No defect,Recreational areas,One way,Tangent road with flat terrain,No junction,Asphalt roads,Wet or damp,Darkness - lights lit,Normal,Vehicle with vehicle collision,2,1,Going straight,,,,,Changing lane to the right,Serious Injury
2024-10-05 06:10:00,Friday,18-30,Male,Junior high school,5-10yr,Public (> 45 seats),Owner,Unknown,No defect,Other,Two-way (divided with broken lines road marking),Tangent road with flat terrain,No junction,Asphalt roads,Wet or damp,Darkness - lights lit,Normal,Vehicle with vehicle collision,2,1,Going straight,Driver or rider,Female,31-50,3.0,Driving to the left,Serious Injury
2024-10-05 22:10:00,Wednesday,31-50,Male,Junior high school,1-2yr,Public (12 seats),Organization,1-2yr,No defect,Office areas,Two-way (divided with broken lines road marking),Tangent road with flat terrain,Crossing,Earth roads,Wet or damp,Darkness - lights lit,Raining,Collision with roadside objects,2,1,Going straight,Passenger,Female,18-30,3.0,Driving at high speed,Slight Injury
2024-10-05 22:10:00,Wednesday,31-50,Male,Junior high school,1-2yr,Automobile,Owner,2-5yrs,No defect,Residential areas,Two-way (divided with broken lines road marking),Tangent road with flat terrain,Crossing,Asphalt roads,Wet or damp,Darkness - lights lit,Raining,Vehicle with vehicle collision,2,1,Going straight,Driver or rider,Male,18-30,3.0,Overtaking,Slight Injury
2024-10-05 19:00:00,Tuesday,Over 51,Male,Junior high school,1-2yr,Lorry (41-100Q),Owner,2-5yrs,No defect,Other,Two-way (divided with broken lines road marking),Tangent road with flat terrain,No junction,Asphalt roads,Dry,Darkness - lights lit,Normal,Vehicle with vehicle collision,2,1,Going straight,,,,,Changing lane to the right,Slight Injury
2024-10-05 19:00:00,Tuesday,31-50,Male,High school,2-5yr,Automobile,Other,1-2yr,Unknown,Residential areas,Undivided Two way,Steep grade downward with mountainous terrain,No junction,Asphalt roads,Dry,Darkness - lights lit,Normal,Vehicle with vehicle collision,2,1,Moving Backward,Driver or rider,Female,31-50,3.0,Changing lane to the right,Slight Injury
2024-10-05 18:25:00,Wednesday,18-30,Unknown,High school,Above 10yr,Pick up upto 10Q,Owner,Unknown,No defect,Church areas,Double carriageway (median),Tangent road with flat terrain,No junction,Asphalt roads,Wet or damp,Darkness - lights lit,Normal,Vehicle with vehicle collision,1,1,Going straight,Driver or rider,Female,18-30,3.0,Moving Backward,Slight Injury
2024-10-05 17:11:00,Sunday,31-50,Male,Elementary school,2-5yr,Public (12 seats),Owner,2-5yrs,Unknown,Other,One way,Tangent road with flat terrain,Y Shape,Asphalt roads,Dry,Daylight,Normal,Collision with roadside objects,2,1,Going straight,Passenger,Male,18-30,3.0,Moving Backward,Slight Injury
2024-10-05 17:11:00,Sunday,31-50,Male,Junior high school,Above 10yr,Automobile,Owner,5-10yrs,No defect,Office areas,Two-way (divided with broken lines road marking),Tangent road with mountainous terrain and,Y Shape,Asphalt roads,Dry,Daylight,Normal,Vehicle with vehicle collision,2,1,Going straight,Driver or rider,Female,18-30,3.0,Changing lane to the left,Slight Injury
2024-10-05 17:10:00,Thursday,31-50,Male,High school,2-5yr,Automobile,Owner,2-5yrs,Unknown,Other,Undivided Two way,Tangent road with flat terrain,Y Shape,Asphalt roads,Wet or damp,Darkness - lights lit,Normal,Collision with roadside objects,2,3,Going straight,Driver or rider,Male,18-30,3.0,Moving Backward,Slight Injury
2024-10-05 17:10:00,Thursday,31-50,Male,Junior high school,No Licence,Automobile,Owner,Unknown,Unknown,Recreational areas,Two-way (divided with broken lines road marking),Steep grade downward with mountainous terrain,Y Shape,Asphalt roads,Wet or damp,Darkness - lights lit,Normal,Vehicle with vehicle collision,2,3,Going straight,Passenger,Male,18-30,3.0,No distancing,Slight Injury
2024-10-05 17:10:00,Thursday,Over 51,Male,Junior high school,1-2yr,Stationwagen,Owner,Unknown,No defect,Other,Undivided Two way,Tangent road with flat terrain,Y Shape,Asphalt roads,Wet or damp,Darkness - lights lit,Normal,Rollover,2,3,Going straight,Passenger,Female,Under 18,3.0,Moving Backward,Slight Injury
2024-10-05 17:50:00,Friday,18-30,Male,Junior high school,5-10yr,Other,Owner,1-2yr,No defect,Office areas,Two-way (divided with broken lines road marking),Tangent road with flat terrain,Crossing,Asphalt roads with some distress,Dry,Darkness - lights lit,Normal,Vehicle with vehicle collision,2,1,Going straight,,,,,Changing lane to the right,Slight Injury
2024-10-05 17:50:00,Friday,Under 18,Male,Junior high school,1-2yr,Other,Governmental,Unknown,No defect,Residential areas,Undivided Two way,Tangent road with flat terrain,Crossing,Asphalt roads,Dry,Darkness - lights lit,Normal,Vehicle with vehicle collision,2,1,Going straight,Driver or rider,Female,31-50,2.0,Changing lane to the left,Slight Injury
2024-10-05 08:25:00,Monday,Unknown,Female,Junior high school,Above 10yr,Other,Owner,Unknown,No defect,Office areas,One way,Tangent road with flat terrain,Y Shape,Asphalt roads,Wet or damp,Daylight,Raining and Windy,Vehicle with vehicle collision,1,1,Going straight,,,,,No priority to vehicle,Slight Injury
2024-10-05 13:00:00,Tuesday,18-30,Male,Junior high school,1-2yr,Public (13-45 seats),Owner,Unknown,No defect,Office areas,Two-way (divided with broken lines road marking),Tangent road with flat terrain,Y Shape,Asphalt roads,Dry,Daylight,Normal,Vehicle with vehicle collision,2,1,Going straight,Driver or rider,Male,31-50,3.0,No distancing,Slight Injury
2024-10-05 13:00:00,Tuesday,Under 18,Male,Junior high school,1-2yr,Lorry (41-100Q),Owner,Unknown,No defect,Church areas,Double carriageway (median),Tangent road with flat terrain,Y Shape,Asphalt roads,Dry,Daylight,Normal,Vehicle with vehicle collision,2,1,Going straight,Passenger,Female,31-50,3.0,No priority to vehicle,Slight Injury
2024-10-05 23:45:00,Friday,Unknown,Female,Junior high school,2-5yr,Public (12 seats),Owner,Unknown,No defect,Church areas,Undivided Two way,Tangent road with flat terrain,Crossing,Asphalt roads,Wet or damp,Darkness - lights lit,Raining,Collision with pedestrians,3,1,Going straight,Driver or rider,Male,18-30,3.0,Driving under the influence of drugs,Slight Injury
2024-10-05 23:45:00,Friday,18-30,Male,High school,1-2yr,Automobile,Owner,Unknown,No defect,Residential areas,Undivided Two way,Tangent road with flat terrain,Crossing,Asphalt roads,Wet or damp,Darkness - lights lit,Raining,Rollover,3,1,Going straight,,,,,Changing lane to the right,Slight Injury
2024-10-05 23:45:00,Friday,18-30,Female,Junior high school,1-2yr,Automobile,Owner,Unknown,No defect,Other,Undivided Two way,Tangent road with flat terrain,Crossing,Asphalt roads,Wet or damp,Darkness - lights lit,Raining,Vehicle with vehicle collision,3,1,Going straight,Driver or rider,Male,18-30,2.0,No distancing,Slight Injury
2024-10-05 20:50:00,Tuesday,31-50,Male,Elementary school,Above 10yr,Stationwagen,Owner,Unknown,Unknown,Other,Other,Tangent road with flat terrain,Crossing,Asphalt roads,Dry,Darkness - lights lit,Normal,Rollover,2,1,Going straight,Pedestrian,Female,Under 18,3.0,No distancing,Slight Injury
2024-10-05 20:50:00,Tuesday,18-30,Unknown,Junior high school,Above 10yr,Lorry (41-100Q),Owner,Unknown,No defect,Other,Undivided Two way,Tangent road with flat terrain,Crossing,Asphalt roads,Dry,Darkness - lights lit,Normal,Other,2,1,Going straight,Driver or rider,Male,Under 18,2.0,Changing lane to the left,Slight Injury
2024-10-05 10:54:00,Friday,31-50,Male,Elementary school,Above 10yr,Lorry (41-100Q),Owner,2-5yrs,Unknown,Residential areas,Undivided Two way,Tangent road with flat terrain,Y Shape,Asphalt roads,Dry,Daylight,Normal,Vehicle with vehicle collision,1,1,Going straight,,,,,Changing lane to the right,Slight Injury
2024-10-05 16:50:00,Monday,18-30,Male,Junior high school,Above 10yr,Lorry (41-100Q),Owner,Unknown,Unknown,Office areas,Undivided Two way,Tangent road with flat terrain,No junction,Asphalt roads,Wet or damp,Darkness - lights lit,Normal,Vehicle with vehicle collision,2,2,Reversing,Pedestrian,Female,Over 51,2.0,Changing lane to the right,Slight Injury
2024-10-05 16:50:00,Monday,Over 51,Male,Junior high school,1-2yr,Public (> 45 seats),Owner,Unknown,Unknown,Residential areas,Undivided Two way,Tangent road with flat terrain,No junction,Asphalt roads,Wet or damp,Darkness - lights lit,Normal,Fall from vehicles,2,2,Going straight,Pedestrian,Female,31-50,2.0,Driving under the influence of drugs,Slight Injury
2024-10-05 16:50:00,Monday,Over 51,Male,Junior high school,5-10yr,Public (12 seats),Owner,Unknown,No defect,Other,Two-way (divided with broken lines road marking),Tangent road with flat terrain,No junction,Asphalt roads,Wet or damp,Darkness - lights lit,Normal,Vehicle with vehicle collision,2,2,Going straight,,,,,Moving Backward,Slight Injury
2024-10-05 18:30:00,Sunday,Over 51,Male,High school,2-5yr,Other,Owner,Unknown,No defect,Other,Two-way (divided with broken lines road marking),Tangent road with flat terrain,No junction,Asphalt roads,Wet or damp,Darkness - lights lit,Normal,Collision with roadside objects,2,5,Going straight,Driver or rider,Male,31-50,3.0,Changing lane to the left,Slight Injury
2024-10-05 18:30:00,Sunday,Over 51,Male,Junior high school,2-5yr,Public (12 seats),Owner,Unknown,No defect,Recreational areas,Two-way (divided with broken lines road marking),Tangent road with flat terrain,No junction,Asphalt roads,Wet or damp,Darkness - lights lit,Normal,Vehicle with vehicle collision,2,5,Other,Driver or rider,Male,18-30,3.0,No priority to pedestrian,Slight Injury
2024-10-05 18:30:00,Sunday,31-50,Male,Junior high school,5-10yr,Other,Owner,5-10yrs,Unknown,Church areas,One way,Tangent road with flat terrain,No junction,Asphalt roads,Wet or damp,Darkness - lights lit,Normal,Vehicle with vehicle collision,2,5,Going straight,Driver or rider,Male,Over 51,3.0,No distancing,Slight Injury
2024-10-05 18:30:00,Sunday,31-50,Male,Junior high school,5-10yr,Public (12 seats),Owner,Unknown,Unknown,School areas,Two-way (divided with broken lines road marking),Tangent road with flat terrain,No junction,Asphalt roads,Wet or damp,Darkness - lights lit,Normal,Vehicle with vehicle collision,2,5,Going straight,,,,,No distancing,Slight Injury
2024-10-05 18:30:00,Sunday,31-50,Male,Junior high school,2-5yr,Stationwagen,Owner,2-5yrs,Unknown,Office areas,Undivided Two way,Tangent road with flat terrain,No junction,Asphalt roads,Wet or damp,Darkness - lights lit,Normal,Collision with pedestrians,2,5,Going straight,Driver or rider,Male,18-30,3.0,Changing lane to the left,Slight Injury
2024-10-05 15:50:00,Thursday,Unknown,Female,High school,Above 10yr,Automobile,Owner,1-2yr,Unknown,Other,Other,Tangent road with flat terrain,No junction,Other,Wet or damp,Darkness - lights lit,Raining,Vehicle with vehicle collision,2,1,Going straight,,,,,Changing lane to the right,Slight Injury
2024-10-05 15:50:00,Thursday,31-50,Male,Elementary school,5-10yr,Lorry (41-100Q),Owner,5-10yrs,Unknown,Residential areas,Undivided Two way,Tangent road with flat terrain,No junction,Asphalt roads,Wet or damp,Darkness - lights lit,Raining,Vehicle with vehicle collision,2,1,Going straight,Driver or rider,Male,18-30,2.0,Driving carelessly,Slight Injury
2024-10-05 15:40:00,Friday,Under 18,Male,Junior high school,Above 10yr,Special vehicle,Owner,Above 10yr,Unknown,Other,Undivided Two way,Tangent road with flat terrain,Crossing,Asphalt roads,Wet or damp,Darkness - lights lit,Normal,Other,2,1,Going straight,,,,,No distancing,Slight Injury
2024-10-05 15:40:00,Friday,Over 51,Male,Writing & reading,2-5yr,Lorry (41-100Q),Owner,1-2yr,No defect,Other,Other,Steep grade downward with mountainous terrain,Crossing,Asphalt roads,Wet or damp,Darkness - lights lit,Normal,Rollover,2,1,Other,,,,,Changing lane to the left,Slight Injury
2024-10-05 07:50:00,Thursday,18-30,Male,Junior high school,2-5yr,Lorry (41-100Q),Owner,2-5yrs,Unknown,Office areas,One way,Steep grade downward with mountainous terrain,O Shape,Asphalt roads,Wet or damp,Daylight,Normal,Collision with roadside objects,2,1,Moving Backward,Driver or rider,Male,18-30,3.0,Moving Backward,Serious Injury
2024-10-05 07:50:00,Thursday,31-50,Male,High school,2-5yr,Public (> 45 seats),Owner,Unknown,No defect,Residential areas,Two-way (divided with broken lines road marking),Tangent road with flat terrain,O Shape,Asphalt roads,Wet or damp,Daylight,Normal,Vehicle with vehicle collision,2,1,Going straight,Pedestrian,Male,31-50,2.0,No distancing,Serious Injury
2024-10-05 17:05:00,Monday,31-50,Male,Junior high school,1-2yr,Automobile,Owner,Unknown,No defect,Other,Two-way (divided with broken lines road marking),Tangent road with flat terrain,Y Shape,Asphalt roads,Dry,Daylight,Normal,Vehicle with vehicle collision,1,1,Turnover,Pedestrian,Female,18-30,2.0,No priority to pedestrian,Serious Injury
2024-10-05 15:25:00,Monday,31-50,Male,High school,5-10yr,Automobile,Organization,2-5yrs,Unknown,Residential areas,Undivided Two way,Tangent road with flat terrain,No junction,Asphalt roads,Wet or damp,Daylight,Cloudy,Collision with roadside objects,1,1,Turnover,Pedestrian,Male,Under 18,3.0,Changing lane to the left,Slight Injury
2024-10-05 09:45:00,Monday,Over 51,Male,Elementary school,2-5yr,Automobile,Owner,Unknown,No defect,Church areas,Two-way (divided with broken lines road marking),Tangent road with flat terrain,Other,Asphalt roads,Dry,Daylight,Normal,Vehicle with vehicle collision,2,2,Reversing,,,,,No distancing,Slight Injury
2024-10-05 09:45:00,Monday,Over 51,Male,Junior high school,1-2yr,Public (> 45 seats),Governmental,Unknown,No defect,Residential areas,Two-way (divided with broken lines road marking),Tangent road with flat terrain,Other,Asphalt roads,Dry,Daylight,Normal,Vehicle with vehicle collision,2,2,Reversing,Driver or rider,Male,31-50,3.0,Driving carelessly,Slight Injury
2024-10-05 09:45:00,Monday,Unknown,Female,Elementary school,1-2yr,Lorry (11-40Q),Owner,Unknown,No defect,Office areas,One way,Tangent road with flat terrain,Other,Asphalt roads,Dry,Daylight,Normal,Vehicle with vehicle collision,2,2,Reversing,Driver or rider,Male,31-50,3.0,No priority to vehicle,Slight Injury
2024-10-05 10:16:00,Friday,18-30,Male,High school,No Licence,Pick up upto 10Q,Governmental,Below 1yr,No defect,Residential areas,Two-way (divided with broken lines road marking),Tangent road with flat terrain,No junction,Asphalt roads,Wet or damp,Daylight,Raining,Rollover,1,1,Moving Backward,,,,,Changing lane to the right,Slight Injury
2024-10-05 08:54:00,Thursday,Over 51,Male,Junior high school,5-10yr,Lorry (11-40Q),Owner,Unknown,No defect,Other,One way,Tangent road with flat terrain,Y Shape,Asphalt roads,Wet or damp,Daylight,Other,Rollover,1,1,Going straight,,,,,Moving Backward,Slight Injury
2024-10-05 13:00:00,Thursday,18-30,Male,Junior high school,1-2yr,Pick up upto 10Q,Owner,Unknown,Unknown,Industrial areas,Two-way (divided with broken lines road marking),Tangent road with flat terrain,No junction,Asphalt roads,Wet or damp,Daylight,Raining,Collision with pedestrians,2,1,Going straight,Driver or rider,Male,18-30,3.0,No priority to vehicle,Serious Injury
2024-10-05 13:00:00,Thursday,Under 18,Male,Junior high school,2-5yr,Special vehicle,Owner,Unknown,Unknown,Church areas,Two-way (divided with broken lines road marking),Tangent road with flat terrain,No junction,Asphalt roads,Wet or damp,Daylight,Raining,Other,2,1,Going straight,Driver or rider,Male,31-50,3.0,No priority to pedestrian,Serious Injury
2024-10-05 17:10:00,Wednesday,18-30,Male,Junior high school,5-10yr,Lorry (11-40Q),Owner,2-5yrs,No defect,Residential areas,Undivided Two way,Steep grade downward with mountainous terrain,Y Shape,Asphalt roads,Wet or damp,Darkness - lights lit,Normal,Vehicle with vehicle collision,2,1,Going straight,Passenger,Female,31-50,3.0,Changing lane to the left,Slight Injury
2024-10-05 17:10:00,Wednesday,31-50,Male,Unknown,Unknown,Other,Other,Unknown,Unknown,Other,Two-way (divided with broken lines road marking),Tangent road with flat terrain,Y Shape,Asphalt roads,Wet or damp,Darkness - lights lit,Normal,Vehicle with vehicle collision,2,1,Going straight,Driver or rider,Male,18-30,2.0,Changing lane to the left,Slight Injury
2024-10-05 21:00:00,Saturday,18-30,Male,Unknown,Unknown,Other,Other,Unknown,Unknown,Other,Two-way (divided with broken lines road marking),Tangent road with flat terrain,Y Shape,Asphalt roads,Wet or damp,Darkness - lights lit,Raining,Collision with pedestrians,1,1,Going straight,,,,,Driving under the influence of drugs,Fatal injury