Time,Day_of_week,Age_band_of_driver,Sex_of_driver,Educational_level,Driving_experience,Type_of_vehicle,Owner_of_vehicle,Service_year_of_vehicle,Defect_of_vehicle,Area_accident_occured,Lanes_or_Medians,Road_allignment,Types_of_Junction,Road_surface_type,Road_surface_conditions,Light_conditions,Weather_conditions,Type_of_collision,Number_of_vehicles_involved,Number_of_casualties,Vehicle_movement,Casualty_class,Sex_of_casualty,Age_band_of_casualty,Casualty_severity,Cause_of_accident,Accident_severity
2024-10-05 16:13:00,Wednesday,Under 18,Male,Junior high school,2-5yr,Lorry (41-100Q),Owner,1-2yr,No defect,Office areas,Undivided Two way,Tangent road with flat terrain,Crossing,Asphalt roads,Wet or damp,Darkness - lights lit,Cloudy,Collision with pedestrians,2,1,Going straight,,,,,Moving Backward,Slight Injury
2024-10-05 16:13:00,Wednesday,31-50,Male,Junior high school,Above 10yr,Other,Owner,Above 10yr,No defect,Outside rural areas,Two-way (divided with broken lines road marking),Tangent road with mountainous terrain and,Crossing,Asphalt roads,Wet or damp,Darkness - lights lit,Cloudy,Vehicle with vehicle collision,2,1,Going straight,Driver or rider,Male,18-30,3.0,Changing lane to the right,Slight Injury
2024-10-05 17:20:00,Tuesday,18-30,Male,Junior high school,Above 10yr,Other,Owner,Above 10yr,No defect,Church areas,Two-way (divided with broken lines road marking),Steep grade downward with mountainous terrain,Y Shape,Asphalt roads,Dry,Darkness - lights lit,Normal,Vehicle with vehicle collision,2,1,Going straight,,,,,Changing lane to the right,Slight Injury
2024-10-05 17:20:00,Tuesday,18-30,Male,Unknown,Unknown,Automobile,Owner,Unknown,No defect,Office areas,Other,Tangent road with mountainous terrain and,Y Shape,Asphalt roads,Dry,Darkness - lights lit,Normal,Vehicle with vehicle collision,2,1,Turnover,Driver or rider,Female,31-50,3.0,No distancing,Slight Injury
2024-10-05 22:00:00,Saturday,31-50,Male,Elementary school,Above 10yr,Other,Owner,Above 10yr,Unknown,Church areas,Two-way (divided with broken lines road marking),Steep grade downward with mountainous terrain,No junction,Asphalt roads,Wet or damp,Darkness - lights lit,Windy,Collision with roadside objects,1,1,Going straight,Pedestrian,Female,31-50,3.0,Moving Backward,Slight Injury
2024-10-05 07:58:00,Monday,18-30,Male,Unknown,Unknown,Automobile,Other,Unknown,Unknown,Office areas,Other,Tangent road with mountainous terrain and,No junction,Asphalt roads,Wet or damp,Daylight,Raining,Other,2,1,Moving Backward,Pedestrian,Female,18-30,3.0,No distancing,Slight Injury
2024-10-05 07:58:00,Monday,18-30,Male,Junior high school,5-10yr,Public (13-45 seats),Governmental,Unknown,No defect,Office areas,Undivided Two way,Tangent road with flat terrain,No junction,Asphalt roads,Wet or damp,Daylight,Raining,Collision with roadside objects,2,1,Going straight,Driver or rider,Male,18-30,2.0,Driving carelessly,Slight Injury
2024-10-05 20:16:00,Sunday,31-50,Male,Junior high school,Above 10yr,Lorry (41-100Q),Owner,1-2yr,No defect,School areas,Two-way (divided with broken lines road marking),Tangent road with flat terrain,Y Shape,Asphalt roads,Dry,Darkness - lights lit,Normal,Vehicle with vehicle collision,2,1,Going straight,Driver or rider,Male,18-30,3.0,No priority to pedestrian,Slight Injury
2024-10-05 20:16:00,Sunday,Unknown,Female,High school,Above 10yr,Other,Owner,Below 1yr,No defect,Residential areas,Two-way (divided with broken lines road marking),Tangent road with flat terrain,Y Shape,Asphalt roads,Dry,Darkness - lights lit,Normal,Vehicle with vehicle collision,2,1,Moving Backward,Driver or rider,Male,Over 51,3.0,No priority to vehicle,Slight Injury
2024-10-05 20:00:00,Saturday,Over 51,Unknown,Unknown,Unknown,Automobile,Owner,Unknown,No defect,Office areas,Other,Tangent road with mountainous terrain and,Crossing,Asphalt roads,Wet or damp,Darkness - lights lit,Other,Collision with roadside objects,1,1,Going straight,Passenger,Male,Over 51,3.0,Moving Backward,Slight Injury
2024-10-05 16:31:00,Wednesday,31-50,Male,Elementary school,Above 10yr,Lorry (41-100Q),Owner,Unknown,No defect,Other,Two-way (divided with broken lines road marking),Tangent road with flat terrain,Other,Asphalt roads,Wet or damp,Darkness - lights lit,Raining,Vehicle with vehicle collision,1,1,Waiting to go,Driver or rider,Male,31-50,3.0,No distancing,Slight Injury
2024-10-05 18:45:00,Tuesday,18-30,Male,Junior high school,Below 1yr,Other,Owner,Unknown,No defect,Residential areas,Undivided Two way,Tangent road with flat terrain,O Shape,Asphalt roads,Wet or damp,Darkness - lights lit,Raining,Collision with roadside objects,2,1,Moving Backward,Passenger,Male,18-30,3.0,Driving carelessly,Serious Injury
2024-10-05 18:45:00,Tuesday,18-30,Male,Junior high school,2-5yr,Lorry (41-100Q),Owner,Unknown,No defect,Office areas,Undivided Two way,Tangent road with flat terrain,O Shape,Asphalt roads,Wet or damp,Darkness - lights lit,Raining,Collision with roadside objects,2,1,Moving Backward,Pedestrian,Male,Under 18,2.0,Changing lane to the left,Serious Injury
2024-10-05 15:16:00,Monday,18-30,Unknown,Junior high school,2-5yr,Taxi,Owner,Unknown,No defect,Office areas,Undivided Two way,Tangent road with flat terrain,No junction,Asphalt roads,Wet or damp,Daylight,Cloudy,Vehicle with vehicle collision,1,1,Going straight,Driver or rider,Male,18-30,3.0,Moving Backward,Slight Injury
2024-10-05 18:35:00,Wednesday,Under 18,Unknown,High school,5-10yr,Lorry (41-100Q),Owner,Unknown,No defect,Residential areas,Undivided Two way,Tangent road with flat terrain,No junction,Asphalt roads,Wet or damp,Darkness - lights lit,Raining,Other,2,2,Other,Driver or rider,Male,Over 51,3.0,No distancing,Slight Injury
2024-10-05 18:35:00,Wednesday,18-30,Unknown,Junior high school,Unknown,Lorry (41-100Q),Owner,Unknown,No defect,Office areas,Undivided Two way,Tangent road with flat terrain,No junction,Asphalt roads,Wet or damp,Darkness - lights lit,Raining,Vehicle with vehicle collision,2,2,Going straight,,,,,Changing lane to the right,Slight Injury
2024-10-05 20:40:00,Tuesday,31-50,Male,Unknown,Below 1yr,Other,Owner,Unknown,No defect,Office areas,Undivided Two way,Tangent road with flat terrain,Y Shape,Asphalt roads,Wet or damp,Darkness - lights lit,Normal,Vehicle with vehicle collision,1,2,Going straight,Driver or rider,Male,31-50,3.0,No priority to vehicle,Slight Injury
2024-10-05 20:40:00,Tuesday,31-50,Male,Elementary school,Above 10yr,Stationwagen,Owner,Unknown,No defect,Office areas,Other,Tangent road with flat terrain,Y Shape,Asphalt roads,Wet or damp,Darkness - lights lit,Normal,Vehicle with vehicle collision,1,2,Going straight,Passenger,Male,Under 18,3.0,Getting off the vehicle improperly,Slight Injury
2024-10-05 17:34:00,Monday,31-50,Unknown,Elementary school,Below 1yr,Stationwagen,Owner,Unknown,No defect,Office areas,Two-way (divided with broken lines road marking),Tangent road with flat terrain,Y Shape,Asphalt roads,Dry,Darkness - lights lit,Normal,Vehicle with vehicle collision,2,1,Moving Backward,Passenger,Male,Under 18,3.0,No distancing,Slight Injury
2024-10-05 17:34:00,Monday,18-30,Male,Junior high school,5-10yr,Lorry (41-100Q),Owner,Unknown,No defect,Other,Undivided Two way,Tangent road with flat terrain,Y Shape,Asphalt roads,Dry,Darkness - lights lit,Normal,Vehicle with vehicle collision,2,1,Going straight,,,,,No distancing,Slight Injury
2024-10-05 20:20:00,Wednesday,18-30,Male,Junior high school,5-10yr,Lorry (41-100Q),Owner,Unknown,No defect,Other,Two-way (divided with broken lines road marking),Tangent road with flat terrain,Crossing,Asphalt roads,Wet or damp,Darkness - lights lit,Normal,Vehicle with vehicle collision,1,1,Going straight,Driver or rider,Female,18-30,2.0,Changing lane to the left,Serious Injury
2024-10-05 22:25:00,Friday,31-50,Male,Unknown,Unknown,Other,Owner,2-5yrs,Unknown,Other,Two-way (divided with broken lines road marking),Tangent road with flat terrain,No junction,Asphalt roads,Dry,Darkness - lights lit,Normal,Vehicle with vehicle collision,2,2,Going straight,Passenger,Female,Over 51,3.0,No priority to vehicle,Slight Injury
2024-10-05 22:25:00,Friday,31-50,Male,Junior high school,1-2yr,Automobile,Owner,2-5yrs,Unknown,Residential areas,One way,Tangent road with flat terrain,No junction,Asphalt roads,Dry,Darkness - lights lit,Normal,Vehicle with vehicle collision,2,2,Going straight,Pedestrian,Male,Under 18,3.0,Driving carelessly,Slight Injury
2024-10-05 22:25:00,Friday,18-30,Male,High school,5-10yr,Other,Owner,2-5yrs,Unknown,School areas,Undivided Two way,Tangent road with mild grade and flat terrain,No junction,Asphalt roads,Dry,Darkness - lights lit,Normal,Other,2,2,Going straight,,,,,Changing lane to the right,Slight Injury
2024-10-05 15:10:00,Friday,Over 51,Male,Junior high school,5-10yr,Taxi,Owner,2-5yrs,Unknown,Residential areas,Undivided Two way,Tangent road with mild grade and flat terrain,Y Shape,Asphalt roads,Wet or damp,Daylight,Normal,Vehicle with vehicle collision,1,1,Reversing,Driver or rider,Female,31-50,3.0,No distancing,Slight Injury
2024-10-05 17:10:00,Wednesday,31-50,Male,Junior high school,5-10yr,Lorry (41-100Q),Owner,2-5yrs,No defect,Office areas,Two-way (divided with broken lines road marking),Tangent road with flat terrain,Y Shape,Asphalt roads,Dry,Darkness - lights lit,Normal,Vehicle with vehicle collision,2,1,Going straight,Pedestrian,Male,Under 18,2.0,Changing lane to the right,Slight Injury
2024-10-05 17:10:00,Wednesday,18-30,Male,Junior high school,5-10yr,Other,Owner,Unknown,No defect,Church areas,One way,Tangent road with flat terrain,Y Shape,Asphalt roads,Dry,Darkness - lights lit,Normal,Vehicle with vehicle collision,2,1,Going straight,,,,,No distancing,Slight Injury
2024-10-05 06:12:00,Saturday,18-30,Male,Junior high school,Above 10yr,Automobile,Owner,Unknown,No defect,Other,Undivided Two way,Tangent road with flat terrain,Crossing,Asphalt roads,Wet or damp,Darkness - lights lit,Raining,Vehicle with vehicle collision,3,1,Going straight,Driver or rider,Male,18-30,3.0,Driving under the influence of drugs,Slight Injury
2024-10-05 06:12:00,Saturday,Over 51,Unknown,Junior high school,5-10yr,Public (> 45 seats),Owner,2-5yrs,No defect,Other,One way,Tangent road with flat terrain,Crossing,Asphalt roads,Wet or damp,Darkness - lights lit,Raining,Vehicle with vehicle collision,3,1,Going straight,Pedestrian,Female,18-30,3.0,Changing lane to the left,Slight Injury
2024-10-05 06:12:00,Saturday,Over 51,Male,Junior high school,No Licence,Stationwagen,Owner,5-10yrs,No defect,Other,Two-way (divided with broken lines road marking),Tangent road with flat terrain,Crossing,Asphalt roads,Wet or damp,Darkness - lights lit,Raining,Vehicle with vehicle collision,3,1,Going straight,Driver or rider,Female,31-50,3.0,Getting off the vehicle improperly,Slight Injury
2024-10-05 11:05:00,Thursday,Over 51,Male,Above high school,Below 1yr,Automobile,Owner,Unknown,No defect,Other,Two-way (divided with broken lines road marking),Tangent road with flat terrain,Y Shape,Asphalt roads,Wet or damp,Daylight,Normal,Vehicle with vehicle collision,2,1,Going straight,Passenger,Female,18-30,3.0,Overloading,Serious Injury
2024-10-05 11:05:00,Thursday,18-30,Male,Elementary school,5-10yr,Lorry (41-100Q),Owner,Unknown,No defect,Office areas,Undivided Two way,Tangent road with flat terrain,Y Shape,Asphalt roads,Wet or damp,Daylight,Normal,Collision with roadside objects,2,1,Going straight,Driver or rider,Male,Over 51,2.0,Driving carelessly,Serious Injury
2024-10-05 17:43:00,Wednesday,18-30,Unknown,Elementary school,5-10yr,Other,Owner,Unknown,No defect,Office areas,Two-way (divided with solid lines road marking),Tangent road with flat terrain,Y Shape,Asphalt roads,Dry,Darkness - lights lit,Normal,Vehicle with vehicle collision,2,2,Going straight,,,,,Overtaking,Slight Injury
2024-10-05 17:43:00,Wednesday,18-30,Male,Junior high school,5-10yr,Public (13-45 seats),Owner,Unknown,No defect,Residential areas,Undivided Two way,Tangent road with flat terrain,Y Shape,Asphalt roads,Dry,Darkness - lights lit,Normal,Collision with pedestrians,2,2,Waiting to go,,,,,No distancing,Slight Injury
2024-10-05 17:43:00,Wednesday,18-30,Male,High school,5-10yr,Other,Owner,Unknown,No defect,Office areas,One way,Tangent road with flat terrain,Y Shape,Asphalt roads,Dry,Darkness - lights lit,Normal,Other,2,2,Going straight,Driver or rider,Male,31-50,2.0,Overturning,Slight Injury
2024-10-05 17:00:00,Friday,31-50,Male,Junior high school,5-10yr,Other,Owner,Unknown,No defect,Residential areas,Two-way (divided with broken lines road marking),Tangent road with flat terrain,Y Shape,Asphalt roads,Dry,Darkness - lights lit,Normal,Collision with roadside objects,1,1,Going straight,Driver or rider,Male,18-30,3.0,Driving carelessly,Slight Injury
2024-10-05 10:07:00,Monday,18-30,Male,Junior high school,2-5yr,Ridden horse,Owner,Unknown,No defect,Office areas,Undivided Two way,Tangent road with flat terrain,Crossing,Asphalt roads,Wet or damp,Daylight,Raining,Vehicle with vehicle collision,2,2,Going straight,Driver or rider,Female,18-30,3.0,No priority to pedestrian,Slight Injury
2024-10-05 10:07:00,Monday,Over 51,Male,Writing & reading,5-10yr,Lorry (41-100Q),Owner,Unknown,No defect,Other,Two-way (divided with broken lines road marking),Tangent road with flat terrain,Crossing,Asphalt roads,Wet or damp,Daylight,Raining,Vehicle with vehicle collision,2,2,Going straight,Passenger,Female,Under 18,3.0,No distancing,Slight Injury
2024-10-05 10:40:00,Monday,31-50,Male,Junior high school,Above 10yr,Lorry (41-100Q),Owner,Unknown,No defect,Office areas,One way,Tangent road with flat terrain,Y Shape,Asphalt roads,Wet or damp,Daylight,Raining,Vehicle with vehicle collision,2,1,Going straight,,,,,No priority to vehicle,Slight Injury
2024-10-05 10:40:00,Monday,31-50,Male,Junior high school,1-2yr,Pick up upto 10Q,Owner,Unknown,No defect,School areas,Undivided Two way,Tangent road with flat terrain,Y Shape,Asphalt roads,Wet or damp,Daylight,Raining,Vehicle with vehicle collision,2,1,Going straight,Driver or rider,Male,18-30,3.0,Getting off the vehicle improperly,Slight Injury
2024-10-05 18:40:00,Friday,18-30,Male,Writing & reading,Below 1yr,Lorry (11-40Q),Owner,Unknown,Unknown,Residential areas,One way,Tangent road with flat terrain,Y Shape,Asphalt roads,Wet or damp,Darkness - lights lit,Raining,Vehicle with vehicle collision,1,1,Going straight,Passenger,Female,31-50,3.0,No priority to pedestrian,Serious Injury
2024-10-05 17:55:00,Saturday,18-30,Male,Elementary school,1-2yr,Automobile,Owner,Unknown,Unknown,Office areas,Undivided Two way,Tangent road with flat terrain,Y Shape,Asphalt roads,Wet or damp,Darkness - lights lit,Raining,Rollover,2,2,Going straight,Driver or rider,Male,Over 51,3.0,Changing lane to the right,Slight Injury
2024-10-05 17:55:00,Saturday,18-30,Male,Junior high school,5-10yr,Automobile,Owner,Unknown,No defect,Residential areas,Undivided Two way,Tangent road with flat terrain,Y Shape,Asphalt roads,Wet or damp,Darkness - lights lit,Raining,Collision with roadside objects,2,2,Going straight,,,,,Moving Backward,Slight Injury
2024-10-05 17:57:00,Saturday,Over 51,Male,Elementary school,Above 10yr,Pick up upto 10Q,Owner,Above 10yr,Unknown,Office areas,Undivided Two way,Tangent road with flat terrain,Crossing,Asphalt roads,Wet or damp,Darkness - no lighting,Raining,Vehicle with vehicle collision,1,1,Going straight,Driver or rider,Male,Under 18,3.0,Changing lane to the left,Serious Injury
2024-10-05 17:45:00,Wednesday,18-30,Male,Junior high school,5-10yr,Automobile,Owner,Above 10yr,Unknown,Residential areas,One way,Tangent road with flat terrain,Y Shape,Asphalt roads,Wet or damp,Darkness - lights lit,Raining,Collision with roadside objects,1,1,Going straight,,,,,No distancing,Slight Injury
2024-10-05 19:40:00,Monday,18-30,Male,Elementary school,2-5yr,Other,Owner,Unknown,No defect,Other,Other,Tangent road with flat terrain,Y Shape,Asphalt roads,Dry,Darkness - lights lit,Normal,Vehicle with vehicle collision,2,2,Going straight,Passenger,Female,Under 18,3.0,Driving carelessly,Slight Injury
2024-10-05 19:40:00,Monday,31-50,Male,Junior high school,2-5yr,Lorry (41-100Q),Other,Unknown,Unknown,Other,Two-way (divided with broken lines road marking),Tangent road with flat terrain,Y Shape,Asphalt roads,Dry,Darkness - lights lit,Normal,Vehicle with vehicle collision,2,2,Going straight,,,,,Driving under the influence of drugs,Slight Injury
2024-10-05 21:05:00,Thursday,31-50,Male,Junior high school,Above 10yr,Public (13-45 seats),Owner,5-10yrs,Unknown,Office areas,Two-way (divided with broken lines road marking),Tangent road with flat terrain,No junction,Asphalt roads,Wet or damp,Darkness - lights lit,Raining,Vehicle with vehicle collision,1,2,Turnover,Passenger,Female,Over 51,2.0,Driving carelessly,Serious Injury
2024-10-05 21:05:00,Thursday,31-50,Male,Junior high school,2-5yr,Pick up upto 10Q,Owner,Above 10yr,No defect,Office areas,Two-way (divided with broken lines road marking),Tangent road with flat terrain,No junction,Asphalt roads,Wet or damp,Darkness - lights lit,Raining,Vehicle with vehicle collision,1,2,Reversing,Pedestrian,Female,Under 18,3.0,Driving carelessly,Serious Injury
2024-10-05 13:05:00,Monday,Over 51,Unknown,Junior high school,Below 1yr,Stationwagen,Owner,2-5yrs,No defect,Residential areas,Two-way (divided with broken lines road marking),Tangent road with flat terrain,Y Shape,Asphalt roads,Dry,Daylight,Normal,Vehicle with vehicle collision,2,1,Moving Backward,Pedestrian,Female,Under 18,3.0,Changing lane to the right,Slight Injury
2024-10-05 13:05:00,Monday,Over 51,Male,Junior high school,2-5yr,Other,Owner,Unknown,No defect,Other,Two-way (divided with broken lines road marking),Tangent road with flat terrain,Y Shape,Asphalt roads,Dry,Daylight,Normal,Collision with roadside objects,2,1,Going straight,,,,,No distancing,Slight Injury
2024-10-05 04:01:00,Thursday,31-50,Male,Junior high school,Above 10yr,Pick up upto 10Q,Governmental,Unknown,No defect,Other,Undivided Two way,Tangent road with flat terrain,Y Shape,Asphalt roads,Wet or damp,Darkness - lights lit,Normal,Vehicle with vehicle collision,1,1,Moving Backward,Driver or rider,Male,18-30,3.0,Driving carelessly,Slight Injury
2024-10-05 13:53:00,Friday,31-50,Male,Junior high school,2-5yr,Public (13-45 seats),Owner,Unknown,No defect,Office areas,Two-way (divided with broken lines road marking),Tangent road with flat terrain,Y Shape,Asphalt roads,Dry,Daylight,Normal,Collision with roadside objects,2,1,Going straight,,,,,No priority to pedestrian,Slight Injury
2024-10-05 13:53:00,Friday,Over 51,Male,Elementary school,Above 10yr,Public (12 seats),Owner,Unknown,No defect,Office areas,Two-way (divided with broken lines road marking),Tangent road with flat terrain,Y Shape,Asphalt roads,Dry,Daylight,Normal,Vehicle with vehicle collision,2,1,Going straight,Driver or rider,Male,31-50,3.0,No distancing,Slight Injury
2024-10-05 17:28:00,Thursday,31-50,Male,Elementary school,Above 10yr,Lorry (41-100Q),Owner,Unknown,No defect,Church areas,Undivided Two way,Tangent road with flat terrain,Other,Asphalt roads,Dry,Darkness - lights lit,Normal,Vehicle with vehicle collision,1,1,Going straight,Pedestrian,Male,18-30,2.0,Moving Backward,Serious Injury
2024-10-05 12:47:00,Sunday,Over 51,Unknown,Elementary school,Above 10yr,Pick up upto 10Q,Governmental,Unknown,No defect,Other,One way,Tangent road with flat terrain,Crossing,Earth roads,Dry,Daylight,Normal,Vehicle with vehicle collision,2,1,Going straight,,,,,Moving Backward,Slight Injury
2024-10-05 12:47:00,Sunday,31-50,Male,Junior high school,Above 10yr,Lorry (41-100Q),Owner,Unknown,No defect,Office areas,Undivided Two way,Tangent road with flat terrain,Crossing,Asphalt roads,Dry,Daylight,Normal,Vehicle with vehicle collision,2,1,Going straight,Driver or rider,Male,18-30,3.0,No priority to vehicle,Slight Injury
2024-10-05 13:43:00,Tuesday,18-30,Male,Junior high school,Below 1yr,Pick up upto 10Q,Owner,1-2yr,Unknown,Office areas,Two-way (divided with broken lines road marking),Tangent road with flat terrain,No junction,Asphalt roads,Dry,Daylight,Normal,Vehicle with vehicle collision,2,1,Other,,,,,No distancing,Slight Injury
2024-10-05 13:43:00,Tuesday,31-50,Male,Elementary school,5-10yr,Long lorry,Owner,Below 1yr,Unknown,Residential areas,Two-way (divided with broken lines road marking),Tangent road with flat terrain,No junction,Asphalt roads,Dry,Daylight,Normal,Vehicle with vehicle collision,2,1,Going straight,Driver or rider,Male,31-50,3.0,Moving Backward,Slight Injury
2024-10-05 12:29:00,Tuesday,31-50,Male,Junior high school,2-5yr,Other,Other,Unknown,Unknown,Other,Undivided Two way,Tangent road with flat terrain,Crossing,Asphalt roads,Dry,Daylight,Normal,Vehicle with vehicle collision,3,3,Other,Pedestrian,Male,Over 51,1.0,Changing lane to the right,Slight Injury
2024-10-05 12:29:00,Tuesday,18-30,Unknown,Junior high school,Above 10yr,Other,Owner,5-10yrs,Unknown,Residential areas,Two-way (divided with broken lines road marking),Tangent road with flat terrain,Crossing,Asphalt roads,Dry,Daylight,Normal,Vehicle with vehicle collision,3,3,Going straight,,,,,Moving Backward,Slight Injury
2024-10-05 12:29:00,Tuesday,31-50,Male,Junior high school,Below 1yr,Other,Governmental,Unknown,Unknown,Office areas,Two-way (divided with broken lines road marking),Tangent road with flat terrain,Crossing,Asphalt roads,Dry,Daylight,Normal,Vehicle with vehicle collision,3,3,Moving Backward,Driver or rider,Male,31-50,3.0,Changing lane to the right,Slight Injury
2024-10-05 12:29:00,Tuesday,31-50,Male,Junior high school,2-5yr,Public (13-45 seats),Owner,5-10yrs,Unknown,Office areas,Undivided Two way,Tangent road with flat terrain,Crossing,Asphalt roads,Dry,Daylight,Normal,Vehicle with vehicle collision,3,3,Going straight,,,,,Driving carelessly,Slight Injury
2024-10-05 08:27:00,Wednesday,18-30,Male,Junior high school,Above 10yr,Special vehicle,Owner,Above 10yr,Unknown,Other,Undivided Two way,Tangent road with flat terrain,Y Shape,Asphalt roads,Dry,Daylight,Normal,Vehicle with vehicle collision,3,1,Going straight,Pedestrian,Male,31-50,2.0,Changing lane to the right,Serious Injury
2024-10-05 08:27:00,Wednesday,18-30,Male,Writing & reading,2-5yr,Lorry (41-100Q),Owner,1-2yr,No defect,Other,Other,Steep grade downward with mountainous terrain,Y Shape,Asphalt roads,Dry,Daylight,Normal,Rollover,3,1,Moving Backward,Driver or rider,Female,Under 18,3.0,No distancing,Serious Injury
2024-10-05 08:27:00,Wednesday,Over 51,Male,Junior high school,2-5yr,Lorry (41-100Q),Owner,2-5yrs,Unknown,Office areas,One way,Steep grade downward with mountainous terrain,Y Shape,Asphalt roads,Dry,Daylight,Normal,Collision with roadside objects,3,1,Going straight,,,,,Moving Backward,Serious Injury
2024-10-05 12:05:00,Friday,Over 51,Male,High school,2-5yr,Public (> 45 seats),Owner,Unknown,No defect,Residential areas,Two-way (divided with broken lines road marking),Tangent road with flat terrain,Y Shape,Asphalt roads,Wet or damp,Daylight,Windy,Vehicle with vehicle collision,3,1,Turnover,,,,,Driving carelessly,Slight Injury
2024-10-05 12:05:00,Friday,Over 51,Male,Junior high school,1-2yr,Automobile,Owner,Unknown,No defect,Other,Two-way (divided with broken lines road marking),Tangent road with flat terrain,Y Shape,Asphalt roads,Wet or damp,Daylight,Windy,Vehicle with vehicle collision,3,1,Going straight,Pedestrian,Female,Under 18,3.0,No distancing,Slight Injury
2024-10-05 12:05:00,Friday,31-50,Male,High school,5-10yr,Automobile,Organization,2-5yrs,Unknown,Residential areas,Undivided Two way,Tangent road with flat terrain,Y Shape,Asphalt roads,Wet or damp,Daylight,Windy,Collision with roadside objects,3,1,Going straight,Driver or rider,Male,18-30,3.0,No priority to vehicle,Slight Injury
2024-10-05 12:51:00,Thursday,31-50,Male,Elementary school,2-5yr,Automobile,Owner,Unknown,No defect,Church areas,Two-way (divided with broken lines road marking),Tangent road with flat terrain,Crossing,Asphalt roads,Dry,Daylight,Normal,Vehicle with vehicle collision,2,1,Other,,,,,Changing lane to the right,Slight Injury
2024-10-05 12:51:00,Thursday,31-50,Male,Junior high school,1-2yr,Public (> 45 seats),Governmental,Unknown,No defect,Residential areas,Two-way (divided with broken lines road marking),Tangent road with flat terrain,Crossing,Asphalt roads,Dry,Daylight,Normal,Vehicle with vehicle collision,2,1,Going straight,Driver or rider,Female,Under 18,3.0,Moving Backward,Slight Injury
2024-10-05 11:10:00,Sunday,Under 18,Male,Elementary school,1-2yr,Lorry (11-40Q),Owner,Unknown,No defect,Office areas,One way,Tangent road with flat terrain,Crossing,Asphalt roads,Wet or damp,Daylight,Normal,Vehicle with vehicle collision,3,4,Going straight,Driver or rider,Male,31-50,3.0,Driving under the influence of drugs,Slight Injury
2024-10-05 11:10:00,Sunday,18-30,Male,High school,No Licence,Pick up upto 10Q,Governmental,Below 1yr,No defect,Residential areas,Two-way (divided with broken lines road marking),Tangent road with flat terrain,Crossing,Asphalt roads,Wet or damp,Daylight,Normal,Rollover,3,4,Going straight,,,,,Changing lane to the right,Slight Injury
2024-10-05 11:10:00,Sunday,31-50,Male,Junior high school,5-10yr,Lorry (11-40Q),Owner,Unknown,No defect,Other,One way,Tangent road with flat terrain,Crossing,Asphalt roads,Wet or damp,Daylight,Normal,Rollover,3,4,Going straight,Driver or rider,Male,31-50,3.0,No priority to vehicle,Slight Injury
2024-10-05 11:10:00,Sunday,31-50,Unknown,Junior high school,1-2yr,Pick up upto 10Q,Owner,Unknown,Unknown,Industrial areas,Two-way (divided with broken lines road marking),Tangent road with flat terrain,Crossing,Asphalt roads,Wet or damp,Daylight,Normal,Collision with pedestrians,3,4,Reversing,Pedestrian,Male,31-50,3.0,Changing lane to the left,Slight Injury
2024-10-05 10:30:00,Monday,Over 51,Male,Junior high school,2-5yr,Special vehicle,Owner,Unknown,Unknown,Church areas,Two-way (divided with broken lines road marking),Tangent road with flat terrain,No junction,Asphalt roads,Wet or damp,Daylight,Normal,Vehicle with vehicle collision,1,1,Going straight,,,,,Driving carelessly,Serious Injury
2024-10-05 22:25:00,Thursday,31-50,Male,Junior high school,5-10yr,Lorry (11-40Q),Owner,2-5yrs,No defect,Residential areas,Undivided Two way,Steep grade downward with mountainous terrain,Crossing,Asphalt roads,Dry,Darkness - no lighting,Cloudy,Vehicle with vehicle collision,2,1,Moving Backward,Driver or rider,Male,Under 18,2.0,No priority to pedestrian,Slight Injury
2024-10-05 22:25:00,Thursday,31-50,Male,Unknown,Unknown,Other,Other,Unknown,Unknown,Other,Two-way (divided with broken lines road marking),Tangent road with flat terrain,Crossing,Asphalt roads,Dry,Darkness - no lighting,Cloudy,Vehicle with vehicle collision,2,1,Going straight,,,,,No priority to pedestrian,Slight Injury
2024-10-05 17:27:00,Friday,Over 51,Male,Unknown,Unknown,Other,Other,Unknown,Unknown,Other,Two-way (divided with broken lines road marking),Tangent road with flat terrain,Other,Asphalt roads,Wet or damp,Darkness - lights lit,Normal,Collision with pedestrians,2,2,Going straight,Driver or rider,Male,31-50,3.0,Changing lane to the right,Slight Injury
2024-10-05 17:27:00,Friday,31-50,Male,Junior high school,2-5yr,Lorry (41-100Q),Owner,1-2yr,No defect,Office areas,Undivided Two way,Tangent road with flat terrain,Other,Asphalt roads,Wet or damp,Darkness - lights lit,Normal,Collision with pedestrians,2,2,Going straight,,,,,Drunk driving,Slight Injury
2024-10-05 12:10:00,Tuesday,Over 51,Male,Junior high school,Above 10yr,Other,Owner,Above 10yr,No defect,Outside rural areas,Two-way (divided with broken lines road marking),Tangent road with mountainous terrain and,Y Shape,Asphalt roads,Wet or damp,Daylight,Normal,Vehicle with vehicle collision,2,1,Going straight,Driver or rider,Male,31-50,3.0,Changing lane to the left,Slight Injury
2024-10-05 12:10:00,Tuesday,31-50,Male,Junior high school,Above 10yr,Other,Owner,Above 10yr,No defect,Church areas,Two-way (divided with broken lines road marking),Steep grade downward with mountainous terrain,Y Shape,Asphalt roads,Wet or damp,Daylight,Normal,Vehicle with vehicle collision,2,1,Going straight,Driver or rider,Male,Over 51,2.0,Changing lane to the left,Slight Injury