Time,Day_of_week,Age_band_of_driver,Sex_of_driver,Educational_level,Driving_experience,Type_of_vehicle,Owner_of_vehicle,Service_year_of_vehicle,Defect_of_vehicle,Area_accident_occured,Lanes_or_Medians,Road_allignment,Types_of_Junction,Road_surface_type,Road_surface_conditions,Light_conditions,Weather_conditions,Type_of_collision,Number_of_vehicles_involved,Number_of_casualties,Vehicle_movement,Casualty_class,Sex_of_casualty,Age_band_of_casualty,Casualty_severity,Cause_of_accident,Accident_severity
2024-10-05 15:30:00,Friday,31-50,Male,Junior high school,2-5yr,Automobile,Owner,Unknown,No defect,Office areas,Two-way (divided with broken lines road marking),Tangent road with flat terrain,No junction,Asphalt roads,Dry,Daylight,Normal,Vehicle with vehicle collision,4,5,Turnover,,,,,Changing lane to the right,Slight Injury
2024-10-05 15:30:00,Friday,31-50,Male,Elementary school,Above 10yr,Long lorry,Owner,Unknown,No defect,Office areas,Other,Tangent road with flat terrain,No junction,Asphalt roads,Dry,Daylight,Normal,Vehicle with vehicle collision,4,5,Going straight,Driver or rider,Male,18-30,3.0,Driving carelessly,Slight Injury
2024-10-05 15:30:00,Friday,31-50,Male,Writing & reading,5-10yr,Lorry (11-40Q),Governmental,Unknown,Unknown,Office areas,One way,Tangent road with flat terrain,No junction,Gravel roads,Dry,Daylight,Normal,Vehicle with vehicle collision,4,5,Going straight,Passenger,Male,18-30,3.0,Changing lane to the right,Slight Injury
2024-10-05 03:32:00,Saturday,Under 18,Male,Unknown,Unknown,Long lorry,Owner,Unknown,Unknown,Other,Undivided Two way,Tangent road with flat terrain,No junction,Asphalt roads,Dry,Darkness - lights lit,Normal,Rollover,2,3,Going straight,Passenger,Male,18-30,3.0,Changing lane to the right,Fatal injury
2024-10-05 03:32:00,Saturday,Under 18,Male,Junior high school,5-10yr,Automobile,Owner,Unknown,Unknown,Residential areas,Other,Tangent road with flat terrain,No junction,Asphalt roads,Dry,Darkness - lights lit,Normal,Vehicle with vehicle collision,2,3,Going straight,Driver or rider,Male,Over 51,3.0,Changing lane to the left,Fatal injury
2024-10-05 03:32:00,Saturday,Under 18,Male,Junior high school,Below 1yr,Taxi,Owner,2-5yrs,No defect,Residential areas,Two-way (divided with broken lines road marking),Gentle horizontal curve,No junction,Asphalt roads,Dry,Darkness - lights lit,Normal,Collision with roadside objects,2,3,Going straight,,,,,Overturning,Fatal injury
2024-10-05 03:32:00,Saturday,18-30,Male,Junior high school,2-5yr,Taxi,Owner,5-10yrs,Unknown,Church areas,Two-way (divided with broken lines road marking),Tangent road with flat terrain,No junction,Asphalt roads,Dry,Darkness - lights lit,Normal,Collision with pedestrians,2,3,Going straight,,,,,Driving carelessly,Fatal injury
2024-10-05 12:52:00,Wednesday,Over 51,Male,Elementary school,2-5yr,Long lorry,Owner,5-10yrs,Unknown,Other,Two-way (divided with broken lines road marking),Tangent road with flat terrain,No junction,Asphalt roads,Dry,Daylight,Normal,Vehicle with vehicle collision,2,1,Turnover,Pedestrian,Male,18-30,3.0,No distancing,Slight Injury
2024-10-05 12:52:00,Wednesday,18-30,Male,Junior high school,2-5yr,Lorry (11-40Q),Owner,Unknown,Unknown,Residential areas,Two-way (divided with broken lines road marking),Tangent road with flat terrain,No junction,Asphalt roads,Dry,Daylight,Normal,Vehicle with vehicle collision,2,1,Going straight,,,,,Driving carelessly,Slight Injury
2024-10-05 09:36:00,Saturday,18-30,Male,Junior high school,2-5yr,Lorry (11-40Q),Owner,2-5yrs,Unknown,Other,Undivided Two way,Tangent road with flat terrain,No junction,Asphalt roads,Wet or damp,Daylight,Normal,Vehicle with vehicle collision,3,1,Going straight,Driver or rider,Male,18-30,3.0,Changing lane to the left,Slight Injury
2024-10-05 09:36:00,Saturday,31-50,Male,Junior high school,5-10yr,Long lorry,Owner,2-5yrs,Unknown,Residential areas,Undivided Two way,Tangent road with flat terrain,No junction,Asphalt roads,Wet or damp,Daylight,Normal,Vehicle with vehicle collision,3,1,Reversing,,,,,No priority to vehicle,Slight Injury
2024-10-05 09:36:00,Saturday,18-30,Male,Junior high school,5-10yr,Turbo,Owner,2-5yrs,Unknown,Residential areas,Two-way (divided with broken lines road marking),Tangent road with flat terrain,No junction,Asphalt roads,Wet or damp,Daylight,Normal,Vehicle with vehicle collision,3,1,Going straight,Driver or rider,Male,31-50,3.0,Changing lane to the right,Slight Injury
2024-10-05 19:15:00,Saturday,18-30,Male,Junior high school,Above 10yr,Long lorry,Owner,5-10yrs,No defect,Other,Two-way (divided with broken lines road marking),Tangent road with flat terrain,Y Shape,Asphalt roads with some distress,Wet or damp,Darkness - lights lit,Normal,Vehicle with vehicle collision,2,2,Going straight,Pedestrian,Male,Under 18,3.0,No distancing,Serious Injury
2024-10-05 19:15:00,Saturday,Over 51,Male,Elementary school,5-10yr,Long lorry,Other,Unknown,Unknown,Other,Two-way (divided with broken lines road marking),Tangent road with flat terrain,Y Shape,Asphalt roads,Wet or damp,Darkness - lights lit,Normal,Vehicle with vehicle collision,2,2,Reversing,,,,,Moving Backward,Serious Injury
2024-10-05 19:15:00,Saturday,Over 51,Male,Junior high school,5-10yr,Public (13-45 seats),Owner,Unknown,No defect,Other,Undivided Two way,Tangent road with flat terrain,Y Shape,Asphalt roads,Wet or damp,Darkness - lights lit,Normal,Collision with roadside objects,2,2,Going straight,Driver or rider,Male,31-50,2.0,Moving Backward,Serious Injury
2024-10-05 11:20:00,Wednesday,31-50,Male,Junior high school,Above 10yr,Automobile,Owner,Unknown,No defect,Other,Double carriageway (median),Tangent road with flat terrain,No junction,Asphalt roads,Wet or damp,Daylight,Normal,Rollover,2,2,Moving Backward,,,,,No distancing,Slight Injury
2024-10-05 11:20:00,Wednesday,18-30,Male,Elementary school,Unknown,Automobile,Owner,Unknown,Unknown,Residential areas,Two-way (divided with broken lines road marking),Tangent road with flat terrain,No junction,Asphalt roads,Wet or damp,Daylight,Normal,Vehicle with vehicle collision,2,2,Moving Backward,Driver or rider,Male,31-50,3.0,No distancing,Slight Injury
2024-10-05 11:20:00,Wednesday,18-30,Male,Junior high school,5-10yr,Pick up upto 10Q,Owner,2-5yrs,Unknown,Recreational areas,Undivided Two way,Tangent road with flat terrain,No junction,Asphalt roads,Wet or damp,Daylight,Normal,Collision with pedestrians,2,2,Going straight,Pedestrian,Female,Under 18,3.0,No distancing,Slight Injury
2024-10-05 22:10:00,Thursday,18-30,Male,Junior high school,5-10yr,Other,Owner,Unknown,Unknown,Other,Other,Tangent road with flat terrain,Crossing,Asphalt roads,Wet or damp,Darkness - lights lit,Raining,Vehicle with vehicle collision,3,2,Going straight,Driver or rider,Female,Over 51,3.0,No priority to pedestrian,Slight Injury
2024-10-05 22:10:00,Thursday,18-30,Unknown,Junior high school,Below 1yr,Stationwagen,Owner,Unknown,Unknown,Office areas,Undivided Two way,Tangent road with flat terrain,Crossing,Asphalt roads,Wet or damp,Darkness - lights lit,Raining,Vehicle with vehicle collision,3,2,Going straight,Driver or rider,Female,18-30,3.0,Driving carelessly,Slight Injury
2024-10-05 22:10:00,Thursday,Over 51,Male,Unknown,Unknown,Other,Other,Unknown,Unknown,Other,Undivided Two way,Tangent road with flat terrain,Crossing,Asphalt roads,Wet or damp,Darkness - lights lit,Raining,Collision with pedestrians,3,2,Going straight,,,,,Changing lane to the right,Slight Injury
2024-10-05 17:20:00,Saturday,18-30,Male,Junior high school,5-10yr,Automobile,Owner,Unknown,Unknown,Office areas,Undivided Two way,Tangent road with flat terrain,Y Shape,Asphalt roads,Dry,Daylight,Normal,Collision with pedestrians,1,1,Going straight,Driver or rider,Female,18-30,3.0,Changing lane to the left,Serious Injury
2024-10-05 14:45:00,Saturday,31-50,Male,Junior high school,5-10yr,Automobile,Owner,Unknown,Unknown,Office areas,One way,Tangent road with flat terrain,Y Shape,Asphalt roads,Dry,Daylight,Normal,Vehicle with vehicle collision,2,2,Going straight,,,,,Driving carelessly,Slight Injury
2024-10-05 14:45:00,Saturday,31-50,Male,Junior high school,Above 10yr,Long lorry,Owner,Unknown,Unknown,Office areas,Undivided Two way,Tangent road with flat terrain,Y Shape,Asphalt roads,Dry,Daylight,Normal,Vehicle with vehicle collision,2,2,Going straight,Driver or rider,Male,31-50,3.0,Driving carelessly,Slight Injury
2024-10-05 14:45:00,Saturday,31-50,Male,High school,Above 10yr,Public (13-45 seats),Owner,Unknown,No defect,Other,Undivided Two way,Tangent road with flat terrain,Y Shape,Asphalt roads,Dry,Daylight,Normal,Vehicle with vehicle collision,2,2,Going straight,Passenger,Female,Over 51,3.0,No distancing,Slight Injury
2024-10-05 18:25:00,Thursday,18-30,Male,Junior high school,Above 10yr,Public (13-45 seats),Governmental,Unknown,Unknown,Other,Double carriageway (median),Tangent road with flat terrain,No junction,Asphalt roads,Dry,Darkness - lights lit,Normal,Vehicle with vehicle collision,2,1,Going straight,Pedestrian,Male,Under 18,3.0,Other,Slight Injury
2024-10-05 18:25:00,Thursday,18-30,Male,Junior high school,Above 10yr,Lorry (11-40Q),Owner,Unknown,No defect,Office areas,Two-way (divided with solid lines road marking),Tangent road with flat terrain,No junction,Asphalt roads,Dry,Darkness - lights lit,Normal,Vehicle with vehicle collision,2,1,Going straight,,,,,Changing lane to the right,Slight Injury
2024-10-05 06:00:00,Tuesday,18-30,Male,Junior high school,Above 10yr,Lorry (11-40Q),Owner,Unknown,Unknown,Residential areas,Other,Tangent road with flat terrain,No junction,Asphalt roads,Dry,Darkness - lights lit,Normal,Collision with roadside objects,2,1,Going straight,Driver or rider,Male,18-30,3.0,Changing lane to the right,Slight Injury
2024-10-05 06:00:00,Tuesday,18-30,Male,Junior high school,Above 10yr,Pick up upto 10Q,Governmental,2-5yrs,Unknown,Recreational areas,Undivided Two way,Tangent road with flat terrain,No junction,Asphalt roads,Dry,Darkness - lights lit,Normal,Vehicle with vehicle collision,2,1,Parked,,,,,No distancing,Slight Injury
2024-10-05 19:40:00,Thursday,Over 51,Male,Junior high school,5-10yr,Automobile,Owner,1-2yr,No defect,Other,Other,Tangent road with flat terrain,Y Shape,Asphalt roads,Wet or damp,Darkness - lights lit,Raining,Vehicle with vehicle collision,1,1,Going straight,Driver or rider,Male,Over 51,3.0,No distancing,Slight Injury
2024-10-05 14:29:00,Wednesday,31-50,Male,Junior high school,2-5yr,Automobile,Owner,Above 10yr,No defect,Residential areas,Other,Tangent road with flat terrain,Other,Asphalt roads,Dry,Daylight,Normal,Vehicle with vehicle collision,3,2,Going straight,Driver or rider,Male,Under 18,3.0,Overturning,Slight Injury
2024-10-05 14:29:00,Wednesday,Over 51,Male,Junior high school,Below 1yr,Automobile,Owner,Unknown,No defect,Other,Other,Tangent road with flat terrain,Other,Asphalt roads,Dry,Daylight,Normal,Vehicle with vehicle collision,3,2,Going straight,,,,,Driving at high speed,Slight Injury
2024-10-05 14:29:00,Wednesday,Over 51,Male,Junior high school,Below 1yr,Long lorry,Owner,Unknown,Unknown,Other,Other,Tangent road with flat terrain,Other,Asphalt roads,Dry,Daylight,Normal,Vehicle with vehicle collision,3,2,Going straight,,,,,No priority to vehicle,Slight Injury
2024-10-05 16:40:00,Tuesday,18-30,Male,Junior high school,2-5yr,Long lorry,Owner,5-10yrs,Unknown,Other,One way,Tangent road with flat terrain,Crossing,Asphalt roads,Dry,Daylight,Normal,Vehicle with vehicle collision,2,3,Going straight,Driver or rider,Male,Under 18,2.0,No priority to pedestrian,Slight Injury
2024-10-05 16:40:00,Tuesday,18-30,Male,Elementary school,Below 1yr,Automobile,Owner,Unknown,No defect,Other,Two-way (divided with broken lines road marking),Tangent road with flat terrain,Crossing,Asphalt roads,Dry,Daylight,Normal,Vehicle with vehicle collision,2,3,Going straight,Passenger,Male,18-30,3.0,No priority to vehicle,Slight Injury
2024-10-05 16:40:00,Tuesday,18-30,Male,Junior high school,Below 1yr,Stationwagen,Owner,2-5yrs,No defect,Other,Other,Tangent road with flat terrain,Crossing,Asphalt roads,Dry,Daylight,Normal,Vehicle with vehicle collision,2,3,Turnover,Driver or rider,Male,Under 18,3.0,Other,Slight Injury
2024-10-05 19:02:00,Thursday,18-30,Male,Junior high school,Unknown,Other,Owner,Unknown,No defect,School areas,Undivided Two way,Tangent road with flat terrain,Y Shape,Asphalt roads,Dry,Darkness - lights lit,Normal,Vehicle with vehicle collision,1,1,Going straight,Pedestrian,Male,18-30,3.0,Other,Slight Injury
2024-10-05 13:33:00,Thursday,31-50,Male,Unknown,5-10yr,Other,Owner,Unknown,No defect,Office areas,Two-way (divided with broken lines road marking),Tangent road with flat terrain,No junction,Asphalt roads,Dry,Daylight,Normal,Vehicle with vehicle collision,2,1,Going straight,Passenger,Female,31-50,3.0,Moving Backward,Serious Injury
2024-10-05 13:33:00,Thursday,31-50,Male,Writing & reading,Below 1yr,Special vehicle,Owner,Unknown,No defect,Office areas,Two-way (divided with broken lines road marking),Tangent road with flat terrain,No junction,Asphalt roads,Dry,Daylight,Normal,Vehicle with vehicle collision,2,1,Other,Driver or rider,Male,31-50,3.0,No distancing,Serious Injury
2024-10-05 11:30:00,Tuesday,18-30,Male,Junior high school,Below 1yr,Lorry (41-100Q),Owner,5-10yrs,No defect,Office areas,Two-way (divided with broken lines road marking),Tangent road with flat terrain,No junction,Asphalt roads,Dry,Daylight,Normal,Vehicle with vehicle collision,1,1,Moving Backward,,,,,Moving Backward,Slight Injury
2024-10-05 08:45:00,Friday,18-30,Male,Junior high school,1-2yr,Pick up upto 10Q,Owner,Unknown,No defect,School areas,Other,Tangent road with flat terrain,Y Shape,Asphalt roads,Wet or damp,Daylight,Normal,Vehicle with vehicle collision,3,2,Going straight,Driver or rider,Male,18-30,3.0,No priority to vehicle,Slight Injury
2024-10-05 08:45:00,Friday,18-30,Male,Elementary school,Above 10yr,Lorry (11-40Q),Governmental,Unknown,No defect,School areas,Undivided Two way,Tangent road with flat terrain,Y Shape,Asphalt roads,Wet or damp,Daylight,Normal,Vehicle with vehicle collision,3,2,Moving Backward,,,,,Driving carelessly,Slight Injury
2024-10-05 08:45:00,Friday,18-30,Male,Elementary school,Above 10yr,Lorry (41-100Q),Owner,Unknown,No defect,Office areas,Two-way (divided with broken lines road marking),Tangent road with flat terrain,Y Shape,Asphalt roads,Wet or damp,Daylight,Normal,Vehicle with vehicle collision,3,2,Turnover,,,,,No distancing,Slight Injury
2024-10-05 17:50:00,Wednesday,18-30,Male,Elementary school,Below 1yr,Motorcycle,Owner,Unknown,No defect,Office areas,Two-way (divided with broken lines road marking),Tangent road with flat terrain,No junction,Asphalt roads,Dry,Daylight,Normal,Collision with roadside objects,3,3,Going straight,Driver or rider,Male,18-30,3.0,Other,Slight Injury
2024-10-05 17:50:00,Wednesday,31-50,Male,High school,2-5yr,Automobile,Governmental,Above 10yr,No defect,School areas,Two-way (divided with broken lines road marking),Tangent road with flat terrain,No junction,Asphalt roads,Dry,Daylight,Normal,Vehicle with vehicle collision,3,3,Going straight,Passenger,Male,Under 18,3.0,Changing lane to the right,Slight Injury
2024-10-05 17:50:00,Wednesday,31-50,Male,Junior high school,2-5yr,Automobile,Owner,1-2yr,No defect,Other,Two-way (divided with broken lines road marking),Tangent road with flat terrain,No junction,Asphalt roads,Dry,Daylight,Normal,Vehicle with vehicle collision,3,3,Other,Passenger,Male,Under 18,3.0,No distancing,Slight Injury
2024-10-05 09:45:00,Friday,Over 51,Male,Above high school,Above 10yr,Automobile,Owner,Above 10yr,No defect,Other,Two-way (divided with broken lines road marking),Tangent road with flat terrain,No junction,Asphalt roads,Dry,Daylight,Normal,Vehicle with vehicle collision,2,1,Going straight,,,,,Driving carelessly,Slight Injury
2024-10-05 09:45:00,Friday,31-50,Male,Junior high school,2-5yr,Stationwagen,Owner,Below 1yr,No defect,Other,Undivided Two way,Tangent road with flat terrain,No junction,Asphalt roads,Dry,Daylight,Normal,Vehicle with vehicle collision,2,1,Going straight,,,,,No distancing,Slight Injury
2024-10-05 09:50:00,Tuesday,31-50,Male,Junior high school,2-5yr,Other,Owner,Above 10yr,No defect,Other,Two-way (divided with broken lines road marking),Tangent road with flat terrain,Y Shape,Asphalt roads,Dry,Daylight,Normal,Collision with pedestrians,3,3,Going straight,Driver or rider,Female,31-50,3.0,No priority to vehicle,Slight Injury
2024-10-05 09:50:00,Tuesday,31-50,Male,High school,1-2yr,Public (> 45 seats),Owner,Unknown,No defect,Residential areas,Undivided Two way,Tangent road with flat terrain,Y Shape,Asphalt roads,Dry,Daylight,Normal,Vehicle with vehicle collision,3,3,Going straight,Passenger,Female,18-30,3.0,Changing lane to the right,Slight Injury
2024-10-05 09:50:00,Tuesday,31-50,Male,Junior high school,5-10yr,Public (> 45 seats),Governmental,1-2yr,No defect,Other,Undivided Two way,Tangent road with flat terrain,Y Shape,Asphalt roads,Dry,Daylight,Normal,Vehicle with vehicle collision,3,3,Reversing,Passenger,Female,Under 18,3.0,No priority to pedestrian,Slight Injury
2024-10-05 09:50:00,Tuesday,18-30,Male,Junior high school,Below 1yr,Stationwagen,Owner,1-2yr,No defect,Other,Undivided Two way,Tangent road with flat terrain,Y Shape,Asphalt roads,Dry,Daylight,Normal,Vehicle with vehicle collision,3,3,Going straight,,,,,No priority to vehicle,Slight Injury
2024-10-05 18:40:00,Thursday,18-30,Male,Junior high school,Below 1yr,Automobile,Owner,Unknown,No defect,Industrial areas,Undivided Two way,Tangent road with flat terrain,Y Shape,Asphalt roads,Dry,Daylight,Normal,Vehicle with vehicle collision,1,1,Going straight,Driver or rider,Male,Over 51,3.0,Changing lane to the left,Slight Injury
2024-10-05 18:44:00,Tuesday,31-50,Male,Elementary school,Unknown,Bicycle,Owner,Unknown,No defect,Recreational areas,Undivided Two way,Tangent road with flat terrain,Crossing,Asphalt roads,Wet or damp,Daylight,Windy,Vehicle with vehicle collision,1,1,Going straight,Driver or rider,Male,18-30,3.0,Turnover,Slight Injury
2024-10-05 19:33:00,Sunday,31-50,Male,Junior high school,Below 1yr,Automobile,Owner,Above 10yr,No defect,Church areas,Two-way (divided with broken lines road marking),Tangent road with flat terrain,No junction,Asphalt roads,Dry,Daylight,Normal,Vehicle with vehicle collision,3,1,Turnover,,,,,Driving to the left,Serious Injury
2024-10-05 19:33:00,Sunday,Over 51,Male,Junior high school,1-2yr,Lorry (41-100Q),Owner,Unknown,Unknown,Office areas,Two-way (divided with broken lines road marking),Tangent road with flat terrain,No junction,Asphalt roads,Dry,Daylight,Normal,Vehicle with vehicle collision,3,1,Reversing,Driver or rider,Female,Over 51,3.0,Driving carelessly,Serious Injury
2024-10-05 19:33:00,Sunday,Under 18,Male,Elementary school,2-5yr,Automobile,Owner,Unknown,Unknown,Other,Two-way (divided with broken lines road marking),Tangent road with flat terrain,No junction,Asphalt roads,Dry,Daylight,Normal,Vehicle with vehicle collision,3,1,Going straight,Driver or rider,Male,Over 51,3.0,Driving to the left,Serious Injury
2024-10-05 12:25:00,Thursday,Over 51,Male,High school,1-2yr,Public (13-45 seats),Owner,Unknown,Unknown,Office areas,Undivided Two way,Tangent road with flat terrain,Y Shape,Asphalt roads,Dry,Daylight,Normal,Collision with pedestrians,2,1,Going straight,,,,,Driving carelessly,Slight Injury
2024-10-05 12:25:00,Thursday,31-50,Male,Junior high school,5-10yr,Special vehicle,Owner,Unknown,Unknown,Office areas,Two-way (divided with broken lines road marking),Tangent road with flat terrain,Y Shape,Asphalt roads,Dry,Daylight,Normal,Vehicle with vehicle collision,2,1,Turnover,Driver or rider,Male,31-50,3.0,No priority to pedestrian,Slight Injury
2024-10-05 19:00:00,Thursday,18-30,Male,Junior high school,Below 1yr,Automobile,Owner,Unknown,Unknown,Other,Two-way (divided with broken lines road marking),Tangent road with flat terrain,No junction,Asphalt roads,Dry,Daylight,Normal,Vehicle with vehicle collision,2,1,Moving Backward,,,,,Driving carelessly,Slight Injury
2024-10-05 19:00:00,Thursday,31-50,Male,High school,Above 10yr,Public (13-45 seats),Owner,Above 10yr,Unknown,Residential areas,Undivided Two way,Tangent road with flat terrain,No junction,Asphalt roads,Dry,Daylight,Normal,Vehicle with vehicle collision,2,1,Going straight,Passenger,Female,18-30,3.0,Changing lane to the right,Slight Injury
2024-10-05 20:00:00,Friday,Unknown,Female,Elementary school,5-10yr,Other,Owner,Above 10yr,Unknown,Office areas,Other,Tangent road with mountainous terrain and,No junction,Asphalt roads,Dry,Daylight,Normal,Vehicle with vehicle collision,1,3,Going straight,,,,,Moving Backward,Serious Injury
2024-10-05 20:00:00,Friday,Unknown,Female,Elementary school,Below 1yr,Lorry (41-100Q),Owner,Above 10yr,No defect,Residential areas,Other,Tangent road with flat terrain,No junction,Asphalt roads,Dry,Daylight,Normal,Collision with roadside objects,1,3,Going straight,Driver or rider,Female,31-50,3.0,Driving carelessly,Serious Injury
2024-10-05 20:00:00,Friday,Unknown,Female,Junior high school,5-10yr,Lorry (41-100Q),Other,Unknown,Unknown,School areas,Two-way (divided with broken lines road marking),Tangent road with flat terrain,No junction,Asphalt roads,Dry,Daylight,Normal,Vehicle with vehicle collision,1,3,Reversing,Passenger,Female,Under 18,3.0,Changing lane to the right,Serious Injury
2024-10-05 13:50:00,Sunday,31-50,Male,Elementary school,5-10yr,Public (12 seats),Owner,Above 10yr,No defect,Office areas,Two-way (divided with broken lines road marking),Sharp reverse curve,No junction,Asphalt roads,Dry,Daylight,Normal,Vehicle with vehicle collision,1,1,Going straight,,,,,Driving carelessly,Serious Injury
2024-10-05 12:05:00,Friday,18-30,Male,Junior high school,2-5yr,Lorry (41-100Q),Owner,5-10yrs,No defect,Other,Other,Tangent road with flat terrain,Other,Asphalt roads,Dry,Daylight,Normal,Vehicle with vehicle collision,2,4,Going straight,Driver or rider,Male,31-50,3.0,Driving carelessly,Slight Injury
2024-10-05 12:05:00,Friday,18-30,Male,Junior high school,Above 10yr,Lorry (41-100Q),Owner,Above 10yr,No defect,Other,Undivided Two way,Tangent road with flat terrain,Other,Asphalt roads,Dry,Daylight,Normal,Vehicle with vehicle collision,2,4,Going straight,,,,,Driving carelessly,Slight Injury
2024-10-05 12:05:00,Friday,18-30,Male,Junior high school,5-10yr,Public (12 seats),Owner,Above 10yr,No defect,Church areas,Other,Tangent road with flat terrain,Other,Asphalt roads,Dry,Daylight,Normal,Vehicle with vehicle collision,2,4,Parked,Passenger,Female,Over 51,3.0,Changing lane to the right,Slight Injury
2024-10-05 12:05:00,Friday,31-50,Unknown,High school,1-2yr,Public (> 45 seats),Owner,Unknown,No defect,Office areas,Two-way (divided with broken lines road marking),Tangent road with flat terrain,Other,Asphalt roads,Dry,Daylight,Normal,Vehicle with vehicle collision,2,4,Going straight,,,,,Changing lane to the right,Slight Injury
2024-10-05 17:05:00,Wednesday,Over 51,Male,Elementary school,5-10yr,Automobile,Owner,Unknown,No defect,Other,Two-way (divided with broken lines road marking),Tangent road with flat terrain,Y Shape,Asphalt roads,Wet or damp,Daylight,Windy,Vehicle with vehicle collision,2,1,Going straight,Pedestrian,Male,Over 51,3.0,Driving carelessly,Serious Injury
2024-10-05 17:05:00,Wednesday,31-50,Male,Elementary school,2-5yr,Pick up upto 10Q,Owner,Unknown,No defect,Office areas,Two-way (divided with broken lines road marking),Tangent road with mild grade and flat terrain,Y Shape,Asphalt roads,Wet or damp,Daylight,Windy,Collision with roadside objects,2,1,Other,,,,,Overtaking,Serious Injury
2024-10-05 20:40:00,Saturday,18-30,Male,Junior high school,Below 1yr,Stationwagen,Owner,Unknown,No defect,Office areas,Two-way (divided with broken lines road marking),Tangent road with flat terrain,Crossing,Asphalt roads,Dry,Darkness - lights lit,Normal,Vehicle with vehicle collision,2,1,Going straight,Driver or rider,Male,Over 51,3.0,Changing lane to the right,Slight Injury
2024-10-05 20:40:00,Saturday,31-50,Male,Junior high school,Below 1yr,Other,Owner,Above 10yr,No defect,Office areas,Two-way (divided with broken lines road marking),Sharp reverse curve,Crossing,Asphalt roads,Dry,Darkness - lights lit,Normal,Vehicle with vehicle collision,2,1,Going straight,Passenger,Female,Over 51,3.0,No distancing,Slight Injury
2024-10-05 19:08:00,Thursday,18-30,Male,Junior high school,5-10yr,Other,Owner,Above 10yr,No defect,Church areas,Undivided Two way,Sharp reverse curve,Y Shape,Asphalt roads,Dry,Daylight,Other,Vehicle with vehicle collision,1,1,Stopping,,,,,Other,Serious Injury
2024-10-05 19:16:00,Tuesday,Over 51,Male,Junior high school,5-10yr,Automobile,Owner,Above 10yr,No defect,Office areas,Undivided Two way,Gentle horizontal curve,No junction,Asphalt roads,Dry,Daylight,Normal,Vehicle with vehicle collision,2,1,Going straight,Pedestrian,Male,Under 18,2.0,Changing lane to the right,Slight Injury
2024-10-05 19:16:00,Tuesday,31-50,Male,Elementary school,1-2yr,Stationwagen,Owner,5-10yrs,No defect,Other,Double carriageway (median),Gentle horizontal curve,No junction,Asphalt roads,Dry,Daylight,Normal,Rollover,2,1,Overtaking,,,,,Changing lane to the right,Slight Injury
2024-10-05 09:55:00,Monday,Over 51,Male,Junior high school,Unknown,Pick up upto 10Q,Owner,Unknown,Unknown,Other,Two-way (divided with broken lines road marking),Tangent road with flat terrain,No junction,Asphalt roads,Dry,Daylight,Normal,Vehicle with vehicle collision,2,2,Going straight,Driver or rider,Male,31-50,3.0,Overtaking,Slight Injury
2024-10-05 09:55:00,Monday,Over 51,Male,Elementary school,Above 10yr,Lorry (41-100Q),Owner,5-10yrs,No defect,Church areas,Other,Tangent road with mountainous terrain and,No junction,Asphalt roads with some distress,Dry,Daylight,Normal,Vehicle with vehicle collision,2,2,Reversing,,,,,Other,Slight Injury
2024-10-05 19:00:00,Thursday,18-30,Male,Junior high school,1-2yr,Automobile,Owner,1-2yr,Unknown,School areas,Undivided Two way,Tangent road with flat terrain,No junction,Asphalt roads,Dry,Daylight,Normal,Collision with roadside objects,1,1,Going straight,Driver or rider,Female,31-50,3.0,Driving to the left,Slight Injury
2024-10-05 10:31:00,Sunday,31-50,Male,Unknown,Unknown,Other,Other,Unknown,Unknown,Church areas,Two-way (divided with broken lines road marking),Tangent road with flat terrain,Other,Asphalt roads,Dry,Daylight,Normal,Vehicle with vehicle collision,2,1,Going straight,Driver or rider,Male,18-30,3.0,Overtaking,Slight Injury
2024-10-05 10:31:00,Sunday,31-50,Male,Junior high school,Above 10yr,Lorry (41-100Q),Owner,Above 10yr,Unknown,Office areas,Undivided Two way,Tangent road with flat terrain,Other,Asphalt roads,Dry,Daylight,Normal,Vehicle with vehicle collision,2,1,Other,,,,,No priority to vehicle,Slight Injury
2024-10-05 12:37:00,Sunday,31-50,Unknown,Elementary school,2-5yr,Lorry (41-100Q),Owner,2-5yrs,No defect,Other,Other,Tangent road with flat terrain,Other,Asphalt roads,Dry,Daylight,Normal,Vehicle with vehicle collision,2,3,Going straight,Driver or rider,Male,Under 18,3.0,Moving Backward,Serious Injury
2024-10-05 12:37:00,Sunday,31-50,Male,Junior high school,5-10yr,Lorry (41-100Q),Owner,Above 10yr,Unknown,Church areas,Two-way (divided with broken lines road marking),Steep grade upward with mountainous terrain,Other,Gravel roads,Dry,Daylight,Normal,Collision with roadside objects,2,3,Moving Backward,Driver or rider,Male,Over 51,2.0,Other,Serious Injury
2024-10-05 12:37:00,Sunday,Over 51,Male,Junior high school,Below 1yr,Pick up upto 10Q,Governmental,1-2yr,No defect,Other,Double carriageway (median),Tangent road with flat terrain,Other,Asphalt roads,Dry,Daylight,Normal,Collision with roadside objects,2,3,Going straight,,,,,No priority to vehicle,Serious Injury
2024-10-05 14:51:00,Sunday,18-30,Male,Junior high school,5-10yr,Pick up upto 10Q,Governmental,Above 10yr,Unknown,Other,Double carriageway (median),Tangent road with flat terrain,Y Shape,Asphalt roads,Dry,Daylight,Normal,Vehicle with vehicle collision,2,2,Moving Backward,,,,,No priority to pedestrian,Slight Injury