Time,Day_of_week,Age_band_of_driver,Sex_of_driver,Educational_level,Driving_experience,Type_of_vehicle,Owner_of_vehicle,Service_year_of_vehicle,Defect_of_vehicle,Area_accident_occured,Lanes_or_Medians,Road_allignment,Types_of_Junction,Road_surface_type,Road_surface_conditions,Light_conditions,Weather_conditions,Type_of_collision,Number_of_vehicles_involved,Number_of_casualties,Vehicle_movement,Casualty_class,Sex_of_casualty,Age_band_of_casualty,Casualty_severity,Cause_of_accident,Accident_severity
2024-10-05 17:05:00,Tuesday,31-50,Male,Junior high school,Above 10yr,Lorry (41-100Q),Owner,Unknown,No defect,Other,One way,Tangent road with flat terrain,Y Shape,Asphalt roads,Dry,Darkness - lights lit,Normal,Vehicle with vehicle collision,3,1,Going straight,Passenger,Female,31-50,3.0,No distancing,Slight Injury
2024-10-05 11:00:00,Monday,31-50,Male,Elementary school,5-10yr,Lorry (41-100Q),Owner,Unknown,No defect,Other,Undivided Two way,Tangent road with flat terrain,Y Shape,Asphalt roads,Wet or damp,Daylight,Normal,Vehicle with vehicle collision,1,1,Going straight,,,,,No priority to pedestrian,Slight Injury
2024-10-05 17:50:00,Tuesday,Over 51,Male,Junior high school,5-10yr,Public (13-45 seats),Governmental,1-2yr,No defect,Industrial areas,One way,Tangent road with flat terrain,No junction,Asphalt roads,Wet or damp,Darkness - lights lit,Normal,Vehicle with vehicle collision,1,1,Other,Driver or rider,Male,Under 18,3.0,No priority to pedestrian,Serious Injury
2024-10-05 23:00:00,Tuesday,Over 51,Male,Above high school,1-2yr,Automobile,Governmental,1-2yr,No defect,Church areas,Other,Steep grade downward with mountainous terrain,Y Shape,Asphalt roads,Wet or damp,Darkness - lights lit,Raining,Vehicle with vehicle collision,1,1,Going straight,,,,,No priority to vehicle,Slight Injury
2024-10-05 18:20:00,Tuesday,18-30,Male,Elementary school,Above 10yr,Other,Organization,1-2yr,No defect,Office areas,Other,Tangent road with flat terrain,No junction,Earth roads,Wet or damp,Darkness - lights lit,Windy,Vehicle with vehicle collision,3,1,Going straight,,,,,Driving carelessly,Slight Injury
2024-10-05 18:20:00,Tuesday,31-50,Male,Elementary school,5-10yr,Other,Owner,Unknown,No defect,Office areas,Undivided Two way,Tangent road with flat terrain,No junction,Asphalt roads,Wet or damp,Darkness - lights lit,Windy,Vehicle with vehicle collision,3,1,Going straight,,,,,Changing lane to the right,Slight Injury
2024-10-05 18:20:00,Tuesday,18-30,Male,Elementary school,2-5yr,Other,Owner,Unknown,Unknown,Office areas,Double carriageway (median),Tangent road with flat terrain,No junction,Asphalt roads,Wet or damp,Darkness - lights lit,Windy,Vehicle with vehicle collision,3,1,Turnover,Driver or rider,Male,Under 18,3.0,Changing lane to the left,Slight Injury
2024-10-05 19:05:00,Saturday,31-50,Male,Elementary school,2-5yr,Automobile,Owner,2-5yrs,Unknown,Other,Two-way (divided with broken lines road marking),Tangent road with flat terrain,No junction,Asphalt roads,Dry,Darkness - no lighting,Other,Collision with roadside objects,2,1,Going straight,,,,,Moving Backward,Slight Injury
2024-10-05 19:05:00,Saturday,18-30,Male,Junior high school,5-10yr,Other,Owner,Unknown,Unknown,Office areas,Undivided Two way,Tangent road with flat terrain,No junction,Asphalt roads,Dry,Darkness - no lighting,Other,Collision with roadside objects,2,1,Going straight,,,,,Driving carelessly,Slight Injury
2024-10-05 11:05:00,Sunday,18-30,Male,Junior high school,1-2yr,Lorry (41-100Q),Owner,Unknown,No defect,Other,Double carriageway (median),Tangent road with flat terrain,Y Shape,Asphalt roads,Dry,Daylight,Normal,Collision with roadside objects,2,1,Going straight,Driver or rider,Male,31-50,3.0,Driving to the left,Slight Injury
2024-10-05 11:05:00,Sunday,Under 18,Male,Junior high school,5-10yr,Public (12 seats),Owner,Above 10yr,No defect,Industrial areas,Two-way (divided with broken lines road marking),Tangent road with flat terrain,Y Shape,Asphalt roads,Dry,Daylight,Normal,Collision with pedestrians,2,1,Reversing,Pedestrian,Male,Under 18,3.0,Driving to the left,Slight Injury
2024-10-05 18:15:00,Sunday,31-50,Male,Junior high school,5-10yr,Lorry (41-100Q),Owner,Unknown,No defect,Residential areas,Other,Tangent road with flat terrain,Y Shape,Asphalt roads,Wet or damp,Darkness - lights lit,Normal,Vehicle with vehicle collision,1,1,Getting off,Driver or rider,Male,Under 18,3.0,No priority to pedestrian,Serious Injury
2024-10-05 08:05:00,Friday,18-30,Male,Above high school,5-10yr,Public (12 seats),Owner,Unknown,No defect,Other,Two-way (divided with broken lines road marking),Tangent road with flat terrain,O Shape,Gravel roads,Dry,Darkness - lights lit,Cloudy,Vehicle with vehicle collision,2,1,Going straight,Passenger,Male,Under 18,3.0,Changing lane to the left,Slight Injury
2024-10-05 08:05:00,Friday,18-30,Male,Junior high school,Above 10yr,Lorry (41-100Q),Owner,5-10yrs,Unknown,Other,One way,Tangent road with flat terrain,O Shape,Asphalt roads,Dry,Darkness - lights lit,Cloudy,Collision with pedestrians,2,1,Getting off,,,,,Changing lane to the right,Slight Injury
2024-10-05 19:47:00,Thursday,Unknown,Female,Elementary school,2-5yr,Other,Owner,1-2yr,No defect,Other,One way,Tangent road with flat terrain,No junction,Asphalt roads,Dry,Darkness - lights lit,Normal,Vehicle with vehicle collision,2,1,Going straight,,,,,Driving carelessly,Slight Injury
2024-10-05 19:47:00,Thursday,31-50,Male,Junior high school,5-10yr,Lorry (41-100Q),Owner,Unknown,Unknown,Other,Undivided Two way,Tangent road with flat terrain,No junction,Asphalt roads,Dry,Darkness - lights lit,Normal,Vehicle with vehicle collision,2,1,Going straight,,,,,No distancing,Slight Injury
2024-10-05 18:30:00,Tuesday,Over 51,Male,Unknown,Unknown,Other,Other,Unknown,Unknown,Other,Two-way (divided with broken lines road marking),Tangent road with flat terrain,Y Shape,Other,Dry,Darkness - lights lit,Cloudy,Vehicle with vehicle collision,1,1,Going straight,Driver or rider,Female,31-50,3.0,Getting off the vehicle improperly,Slight Injury
2024-10-05 18:09:00,Monday,31-50,Male,Junior high school,5-10yr,Public (> 45 seats),Governmental,Below 1yr,No defect,Residential areas,Other,Steep grade downward with mountainous terrain,Y Shape,Asphalt roads,Wet or damp,Darkness - lights lit,Cloudy,Vehicle with vehicle collision,2,1,Going straight,,,,,Driving under the influence of drugs,Slight Injury
2024-10-05 18:09:00,Monday,18-30,Male,Junior high school,Unknown,Lorry (41-100Q),Owner,Unknown,No defect,Office areas,Two-way (divided with broken lines road marking),Tangent road with flat terrain,Y Shape,Asphalt roads,Wet or damp,Darkness - lights lit,Cloudy,Vehicle with vehicle collision,2,1,Going straight,Driver or rider,Male,Over 51,3.0,Changing lane to the right,Slight Injury
2024-10-05 17:36:00,Sunday,18-30,Male,Junior high school,Unknown,Other,Owner,Unknown,Unknown,Office areas,Two-way (divided with broken lines road marking),Tangent road with flat terrain,Crossing,Asphalt roads,Wet or damp,Darkness - lights lit,Normal,Vehicle with vehicle collision,1,1,Going straight,Pedestrian,Female,31-50,3.0,Driving carelessly,Slight Injury
2024-10-05 19:35:00,Friday,18-30,Male,Junior high school,1-2yr,Other,Owner,Unknown,No defect,Other,Two-way (divided with broken lines road marking),Tangent road with flat terrain,Crossing,Asphalt roads,Wet or damp,Darkness - lights lit,Normal,Collision with roadside objects,2,2,Going straight,Pedestrian,Male,Over 51,3.0,Moving Backward,Slight Injury
2024-10-05 19:35:00,Friday,31-50,Male,Above high school,5-10yr,Automobile,Owner,Above 10yr,No defect,Other,One way,Tangent road with flat terrain,Crossing,Asphalt roads,Wet or damp,Darkness - lights lit,Normal,Collision with pedestrians,2,2,Going straight,Passenger,Female,Under 18,1.0,Turnover,Slight Injury
2024-10-05 10:42:00,Monday,Over 51,Male,Junior high school,2-5yr,Lorry (41-100Q),Owner,Unknown,No defect,Office areas,Two-way (divided with broken lines road marking),Tangent road with flat terrain,Y Shape,Asphalt roads,Dry,Daylight,Normal,Vehicle with vehicle collision,2,1,Going straight,Driver or rider,Male,18-30,1.0,Changing lane to the right,Serious Injury
2024-10-05 10:42:00,Monday,31-50,Male,Junior high school,5-10yr,Pick up upto 10Q,Owner,2-5yrs,Unknown,Office areas,Undivided Two way,Tangent road with flat terrain,Y Shape,Asphalt roads,Dry,Daylight,Normal,Vehicle with vehicle collision,2,1,Moving Backward,Passenger,Male,18-30,2.0,Driving carelessly,Serious Injury
2024-10-05 08:05:00,Tuesday,18-30,Male,High school,2-5yr,Automobile,Owner,Unknown,No defect,Other,Two-way (divided with broken lines road marking),Tangent road with flat terrain,No junction,Asphalt roads,Dry,Daylight,Normal,Collision with roadside objects,1,1,Going straight,Passenger,Male,Under 18,2.0,No priority to vehicle,Slight Injury
2024-10-05 15:35:00,Thursday,18-30,Male,Junior high school,Above 10yr,Other,Owner,Unknown,No defect,Other,Two-way (divided with broken lines road marking),Tangent road with flat terrain,Y Shape,Asphalt roads,Wet or damp,Daylight,Normal,Vehicle with vehicle collision,2,1,Going straight,,,,,Moving Backward,Serious Injury
2024-10-05 15:35:00,Thursday,18-30,Male,Junior high school,Below 1yr,Other,Governmental,Unknown,Unknown,Residential areas,Two-way (divided with broken lines road marking),Tangent road with flat terrain,Y Shape,Asphalt roads,Wet or damp,Daylight,Normal,Vehicle with vehicle collision,2,1,Going straight,Driver or rider,Male,31-50,3.0,Changing lane to the left,Serious Injury
2024-10-05 09:10:00,Saturday,31-50,Male,Junior high school,Below 1yr,Automobile,Owner,1-2yr,No defect,Other,Undivided Two way,Tangent road with flat terrain,Crossing,Asphalt roads,Wet or damp,Daylight,Normal,Vehicle with vehicle collision,2,2,Going straight,,,,,Overturning,Slight Injury
2024-10-05 09:10:00,Saturday,Over 51,Male,Unknown,Unknown,Stationwagen,Owner,Unknown,No defect,Office areas,Undivided Two way,Tangent road with flat terrain,Crossing,Asphalt roads,Wet or damp,Daylight,Normal,Vehicle with vehicle collision,2,2,Going straight,Driver or rider,Male,Under 18,3.0,No distancing,Slight Injury
2024-10-05 17:10:00,Wednesday,Over 51,Male,Junior high school,2-5yr,Other,Owner,2-5yrs,No defect,Office areas,Undivided Two way,Tangent road with flat terrain,Y Shape,Asphalt roads,Wet or damp,Darkness - no lighting,Raining,Vehicle with vehicle collision,2,1,Going straight,Passenger,Female,Over 51,3.0,Driving carelessly,Slight Injury
2024-10-05 17:10:00,Wednesday,31-50,Male,Unknown,Unknown,Other,Other,Unknown,Unknown,Other,Undivided Two way,Tangent road with flat terrain,Y Shape,Asphalt roads,Wet or damp,Darkness - no lighting,Raining,Vehicle with vehicle collision,2,1,Going straight,,,,,No distancing,Slight Injury
2024-10-05 16:35:00,Monday,31-50,Male,Elementary school,No Licence,Ridden horse,Owner,Unknown,Unknown,Other,Other,Tangent road with flat terrain,Y Shape,Gravel roads,Dry,Daylight,Normal,Vehicle with vehicle collision,2,2,Going straight,,,,,Changing lane to the left,Slight Injury
2024-10-05 16:35:00,Monday,31-50,Male,Junior high school,Above 10yr,Other,Owner,Above 10yr,Unknown,Other,Undivided Two way,Tangent road with flat terrain,Y Shape,Asphalt roads,Dry,Daylight,Normal,Vehicle with vehicle collision,2,2,Going straight,,,,,No priority to pedestrian,Slight Injury
2024-10-05 19:08:00,Wednesday,18-30,Male,Junior high school,Above 10yr,Other,Owner,Unknown,No defect,Office areas,Other,Tangent road with flat terrain,Y Shape,Asphalt roads,Wet or damp,Darkness - lights lit,Raining,Collision with roadside objects,2,6,Going straight,Driver or rider,Male,18-30,3.0,No distancing,Slight Injury
2024-10-05 19:08:00,Wednesday,31-50,Male,Junior high school,Above 10yr,Lorry (41-100Q),Owner,Above 10yr,No defect,Office areas,Two-way (divided with broken lines road marking),Tangent road with flat terrain,Y Shape,Asphalt roads,Wet or damp,Darkness - lights lit,Raining,Collision with roadside objects,2,6,Going straight,,,,,No distancing,Slight Injury
2024-10-05 19:08:00,Wednesday,31-50,Male,Junior high school,Above 10yr,Lorry (41-100Q),Owner,Unknown,No defect,Other,Two-way (divided with broken lines road marking),Steep grade downward with mountainous terrain,Y Shape,Other,Wet or damp,Darkness - lights lit,Raining,Collision with roadside objects,2,6,Going straight,Driver or rider,Male,Under 18,3.0,Changing lane to the left,Slight Injury
2024-10-05 19:08:00,Wednesday,31-50,Male,Junior high school,5-10yr,Lorry (41-100Q),Owner,Above 10yr,No defect,Church areas,Other,Tangent road with flat terrain,Y Shape,Asphalt roads,Wet or damp,Darkness - lights lit,Raining,Vehicle with vehicle collision,2,6,Going straight,Pedestrian,Female,Under 18,3.0,No distancing,Slight Injury
2024-10-05 19:08:00,Wednesday,31-50,Male,Junior high school,Below 1yr,Stationwagen,Governmental,Unknown,No defect,Industrial areas,Undivided Two way,Tangent road with flat terrain,Y Shape,Other,Wet or damp,Darkness - lights lit,Raining,Collision with pedestrians,2,6,Going straight,,,,,Changing lane to the left,Slight Injury
2024-10-05 19:08:00,Wednesday,31-50,Male,Junior high school,2-5yr,Lorry (41-100Q),Organization,2-5yrs,Unknown,Other,Undivided Two way,Tangent road with flat terrain,Y Shape,Asphalt roads,Wet or damp,Darkness - lights lit,Raining,Vehicle with vehicle collision,2,6,Going straight,Driver or rider,Male,31-50,2.0,No distancing,Slight Injury
2024-10-05 19:08:00,Wednesday,31-50,Male,Junior high school,Unknown,Automobile,Owner,5-10yrs,No defect,Other,Two-way (divided with broken lines road marking),Tangent road with flat terrain,Y Shape,Asphalt roads,Wet or damp,Darkness - lights lit,Raining,Collision with pedestrians,2,6,Going straight,Passenger,Female,Over 51,3.0,No distancing,Slight Injury
2024-10-05 08:50:00,Friday,18-30,Male,Above high school,1-2yr,Automobile,Owner,1-2yr,Unknown,Office areas,Undivided Two way,Tangent road with mountainous terrain and,No junction,Asphalt roads,Wet or damp,Daylight,Normal,Vehicle with vehicle collision,2,1,Going straight,,,,,No distancing,Slight Injury
2024-10-05 08:50:00,Friday,18-30,Male,Junior high school,1-2yr,Pick up upto 10Q,Owner,Unknown,No defect,Other,One way,Tangent road with flat terrain,No junction,Asphalt roads,Wet or damp,Daylight,Normal,Collision with pedestrians,2,1,Reversing,Driver or rider,Male,31-50,3.0,Changing lane to the left,Slight Injury
2024-10-05 14:10:00,Wednesday,18-30,Male,Junior high school,1-2yr,Taxi,Owner,Unknown,No defect,Recreational areas,Undivided Two way,Steep grade downward with mountainous terrain,Crossing,Asphalt roads,Wet or damp,Daylight,Other,Vehicle with vehicle collision,2,1,Going straight,,,,,Changing lane to the right,Slight Injury
2024-10-05 14:10:00,Wednesday,Under 18,Unknown,Unknown,5-10yr,Other,Governmental,Unknown,No defect,Other,Two-way (divided with broken lines road marking),Steep grade downward with mountainous terrain,Crossing,Asphalt roads,Wet or damp,Daylight,Other,Vehicle with vehicle collision,2,1,Going straight,,,,,Moving Backward,Slight Injury
2024-10-05 16:52:00,Monday,31-50,Male,Junior high school,Above 10yr,Automobile,Governmental,5-10yrs,No defect,Church areas,Two-way (divided with broken lines road marking),Tangent road with flat terrain,Y Shape,Asphalt roads,Wet or damp,Darkness - lights lit,Other,Vehicle with vehicle collision,2,1,Going straight,Driver or rider,Male,31-50,3.0,Changing lane to the right,Slight Injury
2024-10-05 16:52:00,Monday,18-30,Male,Junior high school,Above 10yr,Other,Owner,Unknown,Unknown,Residential areas,Undivided Two way,Tangent road with flat terrain,Y Shape,Asphalt roads,Wet or damp,Darkness - lights lit,Other,Vehicle with vehicle collision,2,1,Other,,,,,No distancing,Slight Injury
2024-10-05 10:43:00,Saturday,18-30,Male,Junior high school,5-10yr,Long lorry,Owner,5-10yrs,No defect,Office areas,Two-way (divided with broken lines road marking),Other,O Shape,Asphalt roads,Wet or damp,Daylight,Normal,Vehicle with vehicle collision,2,1,Going straight,Driver or rider,Male,31-50,3.0,Overtaking,Slight Injury
2024-10-05 10:43:00,Saturday,31-50,Male,Junior high school,2-5yr,Public (12 seats),Owner,2-5yrs,No defect,Other,Two-way (divided with broken lines road marking),Tangent road with flat terrain,O Shape,Asphalt roads,Wet or damp,Daylight,Normal,Vehicle with vehicle collision,2,1,Going straight,Driver or rider,Male,Under 18,2.0,Other,Slight Injury
2024-10-05 15:55:00,Friday,31-50,Male,Junior high school,Below 1yr,Pick up upto 10Q,Governmental,2-5yrs,Unknown,Office areas,Undivided Two way,Tangent road with flat terrain,Y Shape,Asphalt roads,Wet or damp,Daylight,Normal,Vehicle with vehicle collision,1,1,Going straight,,,,,Other,Slight Injury
2024-10-05 22:10:00,Tuesday,18-30,Male,Junior high school,1-2yr,Other,Owner,Unknown,Unknown,Office areas,Other,Tangent road with flat terrain,No junction,Asphalt roads,Dry,Darkness - lights lit,Normal,Vehicle with vehicle collision,3,2,Going straight,Driver or rider,Male,18-30,2.0,Changing lane to the right,Slight Injury
2024-10-05 22:10:00,Tuesday,18-30,Male,Junior high school,5-10yr,Other,Owner,Unknown,No defect,Other,One way,Escarpments,No junction,Asphalt roads,Dry,Darkness - lights lit,Normal,Vehicle with vehicle collision,3,2,Going straight,Driver or rider,Male,31-50,3.0,No priority to pedestrian,Slight Injury
2024-10-05 22:10:00,Tuesday,18-30,Male,Junior high school,Below 1yr,Lorry (41-100Q),Owner,Unknown,No defect,Residential areas,Undivided Two way,Tangent road with flat terrain,No junction,Asphalt roads,Dry,Darkness - lights lit,Normal,Vehicle with vehicle collision,3,2,Going straight,,,,,No priority to vehicle,Slight Injury
2024-10-05 22:10:00,Tuesday,31-50,Male,Elementary school,5-10yr,Automobile,Owner,Unknown,No defect,Recreational areas,One way,Tangent road with flat terrain,No junction,Asphalt roads,Dry,Darkness - lights lit,Normal,Vehicle with vehicle collision,3,2,Other,Pedestrian,Female,31-50,3.0,Changing lane to the left,Slight Injury
2024-10-05 17:20:00,Thursday,Over 51,Male,Junior high school,2-5yr,Pick up upto 10Q,Owner,Unknown,No defect,Church areas,Undivided Two way,Tangent road with flat terrain,No junction,Asphalt roads,Snow,Darkness - lights lit,Fog or mist,Vehicle with vehicle collision,2,1,Moving Backward,,,,,Changing lane to the left,Slight Injury
2024-10-05 17:20:00,Thursday,18-30,Male,Junior high school,5-10yr,Lorry (41-100Q),Owner,Unknown,No defect,Other,One way,Tangent road with flat terrain,No junction,Asphalt roads,Snow,Darkness - lights lit,Fog or mist,Rollover,2,1,Going straight,Driver or rider,Male,Over 51,3.0,Overtaking,Slight Injury
2024-10-05 10:17:00,Sunday,31-50,Male,Elementary school,5-10yr,Lorry (41-100Q),Owner,Unknown,No defect,Other,Undivided Two way,Tangent road with flat terrain,No junction,Asphalt roads,Dry,Daylight,Normal,Collision with roadside objects,2,1,Turnover,,,,,No distancing,Slight Injury
2024-10-05 10:17:00,Sunday,Over 51,Male,Junior high school,Above 10yr,Long lorry,Owner,Unknown,No defect,Other,Two-way (divided with broken lines road marking),Tangent road with flat terrain,No junction,Asphalt roads,Dry,Daylight,Normal,Vehicle with vehicle collision,2,1,Turnover,Driver or rider,Female,31-50,3.0,No priority to vehicle,Slight Injury
2024-10-05 18:52:00,Tuesday,18-30,Male,Junior high school,1-2yr,Public (> 45 seats),Governmental,Unknown,No defect,Residential areas,Other,Tangent road with flat terrain,No junction,Asphalt roads,Dry,Darkness - no lighting,Normal,Vehicle with vehicle collision,1,1,Reversing,Driver or rider,Female,18-30,3.0,Changing lane to the right,Slight Injury
2024-10-05 09:45:00,Wednesday,18-30,Male,High school,Below 1yr,Public (> 45 seats),Owner,Above 10yr,No defect,School areas,Other,Tangent road with flat terrain,Y Shape,Asphalt roads,Wet or damp,Daylight,Raining,Vehicle with vehicle collision,2,1,Reversing,,,,,Changing lane to the left,Slight Injury
2024-10-05 09:45:00,Wednesday,31-50,Male,Elementary school,Above 10yr,Automobile,Owner,Above 10yr,No defect,Church areas,Two-way (divided with broken lines road marking),Tangent road with flat terrain,Y Shape,Earth roads,Wet or damp,Daylight,Raining,Collision with pedestrians,2,1,Reversing,Driver or rider,Male,18-30,3.0,No distancing,Slight Injury
2024-10-05 20:55:00,Monday,Under 18,Male,High school,1-2yr,Automobile,Owner,Above 10yr,No defect,Other,Other,Tangent road with flat terrain,Crossing,Asphalt roads,Dry,Darkness - lights lit,Normal,Collision with pedestrians,2,1,Moving Backward,Driver or rider,Male,18-30,3.0,Driving carelessly,Slight Injury
2024-10-05 20:55:00,Monday,31-50,Male,Junior high school,2-5yr,Automobile,Owner,Below 1yr,Unknown,Other,Two-way (divided with broken lines road marking),Tangent road with flat terrain,Crossing,Asphalt roads,Dry,Darkness - lights lit,Normal,Vehicle with vehicle collision,2,1,Going straight,Pedestrian,Male,Under 18,3.0,No priority to pedestrian,Slight Injury
2024-10-05 09:30:00,Saturday,18-30,Male,Unknown,5-10yr,Other,Owner,2-5yrs,Unknown,Office areas,Undivided Two way,Tangent road with flat terrain,Other,Asphalt roads,Dry,Daylight,Normal,Vehicle with vehicle collision,3,3,Going straight,Driver or rider,Male,31-50,3.0,Driving carelessly,Slight Injury
2024-10-05 09:30:00,Saturday,18-30,Male,High school,2-5yr,Public (12 seats),Owner,2-5yrs,Unknown,Office areas,Two-way (divided with broken lines road marking),Tangent road with flat terrain,Other,Asphalt roads,Dry,Daylight,Normal,Collision with pedestrians,3,3,Going straight,Driver or rider,Male,18-30,3.0,Moving Backward,Slight Injury
2024-10-05 09:30:00,Saturday,18-30,Male,High school,Above 10yr,Automobile,Owner,2-5yrs,No defect,Other,Undivided Two way,Tangent road with flat terrain,Other,Asphalt roads,Dry,Daylight,Normal,Collision with pedestrians,3,3,Going straight,Driver or rider,Male,31-50,3.0,No distancing,Slight Injury
2024-10-05 09:20:00,Wednesday,31-50,Male,Junior high school,1-2yr,Stationwagen,Owner,Below 1yr,No defect,Hospital areas,Undivided Two way,Tangent road with flat terrain,No junction,Asphalt roads,Dry,Daylight,Normal,Collision with pedestrians,2,2,Going straight,Driver or rider,Male,Under 18,3.0,No distancing,Slight Injury
2024-10-05 09:20:00,Wednesday,Over 51,Male,Elementary school,1-2yr,Automobile,Owner,2-5yrs,Unknown,Other,Undivided Two way,Tangent road with flat terrain,No junction,Asphalt roads,Dry,Daylight,Normal,Vehicle with vehicle collision,2,2,Going straight,Passenger,Female,Under 18,3.0,No distancing,Slight Injury
2024-10-05 01:50:00,Friday,Under 18,Male,High school,1-2yr,Automobile,Owner,Unknown,Unknown,Other,Two-way (divided with broken lines road marking),Tangent road with flat terrain,Crossing,Asphalt roads,Dry,Darkness - lights lit,Normal,Collision with roadside objects,2,1,Going straight,,,,,Changing lane to the left,Slight Injury
2024-10-05 01:50:00,Friday,18-30,Male,Above high school,5-10yr,Automobile,Owner,Unknown,Unknown,Other,Undivided Two way,Tangent road with flat terrain,Crossing,Asphalt roads,Dry,Darkness - lights lit,Normal,Vehicle with vehicle collision,2,1,Going straight,Driver or rider,Male,18-30,3.0,Changing lane to the left,Slight Injury
2024-10-05 10:32:00,Wednesday,31-50,Male,Unknown,Unknown,Other,Other,Unknown,Unknown,Other,Double carriageway (median),Tangent road with flat terrain,No junction,Asphalt roads,Dry,Daylight,Normal,Vehicle with vehicle collision,1,1,Going straight,Passenger,Male,18-30,3.0,Moving Backward,Slight Injury
2024-10-05 18:37:00,Thursday,Under 18,Male,Junior high school,5-10yr,Other,Governmental,Unknown,No defect,Other,Two-way (divided with broken lines road marking),Tangent road with mild grade and flat terrain,Y Shape,Gravel roads,Wet or damp,Darkness - lights lit,Normal,Collision with roadside objects,1,1,Turnover,,,,,Changing lane to the right,Slight Injury
2024-10-05 08:02:00,Tuesday,18-30,Male,Elementary school,5-10yr,Pick up upto 10Q,Owner,Above 10yr,No defect,Hospital areas,Two-way (divided with broken lines road marking),Tangent road with flat terrain,Other,Asphalt roads,Dry,Daylight,Normal,Vehicle with vehicle collision,2,2,Going straight,Driver or rider,Male,Over 51,2.0,No priority to vehicle,Slight Injury
2024-10-05 08:02:00,Tuesday,31-50,Male,Elementary school,5-10yr,Turbo,Other,Above 10yr,No defect,Other,Two-way (divided with broken lines road marking),Tangent road with flat terrain,Other,Earth roads,Dry,Daylight,Normal,Vehicle with vehicle collision,2,2,Moving Backward,,,,,Moving Backward,Slight Injury
2024-10-05 08:02:00,Tuesday,31-50,Male,High school,5-10yr,Pick up upto 10Q,Owner,Unknown,No defect,Other,One way,Tangent road with flat terrain,Other,Asphalt roads,Dry,Daylight,Normal,Vehicle with vehicle collision,2,2,Going straight,Passenger,Male,Under 18,2.0,Driving carelessly,Slight Injury
2024-10-05 06:14:00,Friday,Over 51,Male,Junior high school,5-10yr,Other,Owner,2-5yrs,No defect,Other,Two-way (divided with broken lines road marking),Tangent road with mild grade and flat terrain,Y Shape,Asphalt roads,Wet or damp,Darkness - lights lit,Normal,Vehicle with vehicle collision,2,1,Going straight,Passenger,Female,Under 18,2.0,Driving carelessly,Slight Injury
2024-10-05 06:14:00,Friday,31-50,Male,Junior high school,1-2yr,Stationwagen,Owner,Unknown,Unknown,Office areas,Two-way (divided with broken lines road marking),Tangent road with flat terrain,Y Shape,Asphalt roads,Wet or damp,Darkness - lights lit,Normal,Collision with pedestrians,2,1,Moving Backward,,,,,Driving under the influence of drugs,Slight Injury
2024-10-05 17:55:00,Saturday,Over 51,Male,Junior high school,2-5yr,Pick up upto 10Q,Owner,Unknown,Unknown,Residential areas,Two-way (divided with broken lines road marking),Tangent road with flat terrain,O Shape,Earth roads,Dry,Darkness - lights lit,Normal,Rollover,1,1,Going straight,,,,,No priority to pedestrian,Serious Injury
2024-10-05 22:48:00,Monday,Over 51,Male,Junior high school,5-10yr,Lorry (41-100Q),Owner,2-5yrs,No defect,Other,Two-way (divided with broken lines road marking),Tangent road with flat terrain,No junction,Asphalt roads,Wet or damp,Darkness - lights lit,Normal,Vehicle with vehicle collision,2,2,Going straight,Driver or rider,Male,18-30,3.0,No priority to vehicle,Slight Injury
2024-10-05 22:48:00,Monday,18-30,Male,Junior high school,Above 10yr,Lorry (41-100Q),Owner,Unknown,Unknown,Residential areas,Two-way (divided with broken lines road marking),Tangent road with flat terrain,No junction,Asphalt roads,Wet or damp,Darkness - lights lit,Normal,Vehicle with vehicle collision,2,2,Waiting to go,Passenger,Female,Under 18,3.0,Driving carelessly,Slight Injury
2024-10-05 19:51:00,Friday,18-30,Male,High school,5-10yr,Automobile,Owner,Unknown,Unknown,Other,Undivided Two way,Tangent road with flat terrain,No junction,Asphalt roads,Dry,Darkness - no lighting,Normal,Vehicle with vehicle collision,1,1,Moving Backward,Passenger,Female,18-30,3.0,Moving Backward,Serious Injury
2024-10-05 09:45:00,Wednesday,Over 51,Male,High school,2-5yr,Automobile,Owner,2-5yrs,Unknown,Residential areas,Double carriageway (median),Tangent road with flat terrain,Crossing,Asphalt roads,Dry,Daylight,Normal,Collision with roadside objects,2,1,Moving Backward,Pedestrian,Female,Over 51,3.0,Driving carelessly,Slight Injury
2024-10-05 09:45:00,Wednesday,Over 51,Male,Junior high school,5-10yr,Pick up upto 10Q,Owner,Unknown,Unknown,Office areas,Two-way (divided with broken lines road marking),Tangent road with flat terrain,Crossing,Asphalt roads,Dry,Daylight,Normal,Vehicle with vehicle collision,2,1,Going straight,Driver or rider,Female,31-50,3.0,No priority to vehicle,Slight Injury
2024-10-05 16:59:00,Friday,Under 18,Male,Elementary school,2-5yr,Pick up upto 10Q,Owner,5-10yrs,Unknown,Office areas,Two-way (divided with broken lines road marking),Tangent road with mild grade and flat terrain,No junction,Asphalt roads,Dry,Daylight,Normal,Rollover,2,1,Other,,,,,Changing lane to the right,Slight Injury
2024-10-05 16:59:00,Friday,31-50,Male,Elementary school,5-10yr,Lorry (41-100Q),Owner,Unknown,Unknown,Office areas,Double carriageway (median),Tangent road with flat terrain,No junction,Asphalt roads,Dry,Daylight,Normal,Collision with roadside objects,2,1,Going straight,Driver or rider,Male,18-30,3.0,Changing lane to the left,Slight Injury