Time,Day_of_week,Age_band_of_driver,Sex_of_driver,Educational_level,Driving_experience,Type_of_vehicle,Owner_of_vehicle,Service_year_of_vehicle,Defect_of_vehicle,Area_accident_occured,Lanes_or_Medians,Road_allignment,Types_of_Junction,Road_surface_type,Road_surface_conditions,Light_conditions,Weather_conditions,Type_of_collision,Number_of_vehicles_involved,Number_of_casualties,Vehicle_movement,Casualty_class,Sex_of_casualty,Age_band_of_casualty,Casualty_severity,Cause_of_accident,Accident_severity
2024-10-05 07:50:00,Wednesday,Unknown,Male,High school,Above 10yr,Automobile,Owner,5-10yrs,No defect,School areas,Other,Tangent road with flat terrain,Y Shape,Asphalt roads,Dry,Daylight,Normal,Vehicle with vehicle collision,2,1,Going straight,Pedestrian,Male,31-50,2.0,Moving Backward,Slight Injury
2024-10-05 12:30:00,Tuesday,31-50,Male,Junior high school,5-10yr,Public (> 45 seats),Owner,Above 10yr,No defect,Residential areas,Undivided Two way,Tangent road with flat terrain,Y Shape,Asphalt roads,Dry,Daylight,Normal,Collision with roadside objects,2,1,Going straight,,,,,No distancing,Slight Injury
2024-10-05 12:30:00,Tuesday,31-50,Male,Elementary school,1-2yr,Lorry (11-40Q),Other,1-2yr,No defect,Other,Two-way (divided with broken lines road marking),Tangent road with flat terrain,Y Shape,Asphalt roads,Dry,Daylight,Normal,Vehicle with vehicle collision,2,1,Going straight,Driver or rider,Male,31-50,2.0,Changing lane to the right,Slight Injury
2024-10-05 19:30:00,Tuesday,31-50,Male,Elementary school,5-10yr,Lorry (41-100Q),Owner,Above 10yr,No defect,Office areas,Undivided Two way,Tangent road with flat terrain,Crossing,Asphalt roads,Dry,Darkness - lights lit,Normal,Collision with roadside objects,2,1,Going straight,Driver or rider,Male,Under 18,3.0,Moving Backward,Slight Injury
2024-10-05 19:30:00,Tuesday,18-30,Male,Junior high school,5-10yr,Lorry (41-100Q),Owner,Above 10yr,No defect,Residential areas,Undivided Two way,Tangent road with flat terrain,Crossing,Asphalt roads,Dry,Darkness - lights lit,Normal,Vehicle with vehicle collision,2,1,Going straight,,,,,No distancing,Slight Injury
2024-10-05 22:40:00,Tuesday,18-30,Male,Junior high school,1-2yr,Stationwagen,Owner,Above 10yr,No defect,Other,One way,Steep grade downward with mountainous terrain,Y Shape,Asphalt roads,Dry,Darkness - lights lit,Normal,Vehicle with vehicle collision,2,1,Going straight,,,,,Driving to the left,Slight Injury
2024-10-05 22:40:00,Tuesday,31-50,Male,Junior high school,5-10yr,Other,Owner,Above 10yr,No defect,Residential areas,Two-way (divided with broken lines road marking),Tangent road with flat terrain,Y Shape,Asphalt roads,Dry,Darkness - lights lit,Normal,Other,2,1,Going straight,Driver or rider,Male,31-50,3.0,Driving to the left,Slight Injury
2024-10-05 23:35:00,Tuesday,18-30,Male,High school,Above 10yr,Automobile,Owner,5-10yrs,No defect,Residential areas,Undivided Two way,Tangent road with flat terrain,Y Shape,Asphalt roads,Dry,Darkness - lights lit,Normal,Collision with pedestrians,1,1,Going straight,Passenger,Female,Over 51,3.0,Moving Backward,Slight Injury
2024-10-05 17:30:00,Tuesday,18-30,Male,Unknown,Below 1yr,Pick up upto 10Q,Owner,Unknown,No defect,Residential areas,Two-way (divided with broken lines road marking),Tangent road with flat terrain,Y Shape,Asphalt roads,Dry,Daylight,Normal,Vehicle with vehicle collision,2,1,Turnover,Passenger,Female,31-50,3.0,Moving Backward,Slight Injury
2024-10-05 17:30:00,Tuesday,18-30,Male,Writing & reading,5-10yr,Motorcycle,Owner,1-2yr,No defect,Other,Other,Tangent road with flat terrain,Y Shape,Asphalt roads,Dry,Daylight,Normal,Vehicle with vehicle collision,2,1,Going straight,Passenger,Male,Under 18,3.0,Overtaking,Slight Injury
2024-10-05 12:44:00,Wednesday,31-50,Male,Above high school,Above 10yr,Automobile,Owner,5-10yrs,No defect,Other,Undivided Two way,Tangent road with flat terrain,Y Shape,Asphalt roads,Dry,Daylight,Normal,Vehicle with vehicle collision,2,1,Moving Backward,Passenger,Female,Under 18,3.0,Driving carelessly,Serious Injury
2024-10-05 12:44:00,Wednesday,31-50,Male,High school,Below 1yr,Pick up upto 10Q,Owner,5-10yrs,No defect,Other,One way,Tangent road with flat terrain,Y Shape,Asphalt roads,Dry,Daylight,Normal,Collision with pedestrians,2,1,Going straight,Driver or rider,Female,31-50,3.0,Changing lane to the left,Serious Injury
2024-10-05 20:20:00,Thursday,Unknown,Male,Junior high school,1-2yr,Motorcycle,Owner,1-2yr,No defect,Hospital areas,Undivided Two way,Tangent road with flat terrain,Y Shape,Asphalt roads,Dry,Darkness - lights lit,Normal,Collision with roadside objects,3,2,Going straight,,,,,Driving under the influence of drugs,Slight Injury
2024-10-05 20:20:00,Thursday,18-30,Male,Junior high school,Above 10yr,Stationwagen,Owner,2-5yrs,No defect,Residential areas,Undivided Two way,Tangent road with flat terrain,Y Shape,Asphalt roads,Dry,Darkness - lights lit,Normal,Other,3,2,Moving Backward,,,,,No distancing,Slight Injury
2024-10-05 20:20:00,Thursday,18-30,Male,Junior high school,Above 10yr,Lorry (41-100Q),Owner,5-10yrs,No defect,Residential areas,One way,Tangent road with flat terrain,Y Shape,Asphalt roads,Dry,Darkness - lights lit,Normal,Vehicle with vehicle collision,3,2,Going straight,Driver or rider,Male,18-30,3.0,Moving Backward,Slight Injury
2024-10-05 09:30:00,Wednesday,Unknown,Male,Junior high school,Above 10yr,Taxi,Owner,5-10yrs,No defect,Residential areas,Undivided Two way,Tangent road with flat terrain,Crossing,Asphalt roads,Dry,Daylight,Normal,Other,2,1,Going straight,Driver or rider,Male,18-30,3.0,Changing lane to the left,Serious Injury
2024-10-05 09:30:00,Wednesday,31-50,Unknown,Junior high school,No Licence,Automobile,Owner,1-2yr,No defect,Other,Two-way (divided with broken lines road marking),Tangent road with flat terrain,Crossing,Asphalt roads,Dry,Daylight,Normal,Other,2,1,Waiting to go,,,,,Changing lane to the right,Serious Injury
2024-10-05 14:20:00,Friday,18-30,Male,Junior high school,1-2yr,Long lorry,Owner,1-2yr,No defect,Office areas,Two-way (divided with broken lines road marking),Tangent road with flat terrain,Y Shape,Asphalt roads,Dry,Daylight,Normal,Other,2,1,Moving Backward,,,,,No distancing,Slight Injury
2024-10-05 14:20:00,Friday,31-50,Male,Illiterate,1-2yr,Automobile,Owner,2-5yrs,No defect,Other,Other,Tangent road with flat terrain,Y Shape,Asphalt roads,Dry,Daylight,Normal,Vehicle with vehicle collision,2,1,Moving Backward,,,,,Driving at high speed,Slight Injury
2024-10-05 21:44:00,Sunday,Over 51,Male,Junior high school,Below 1yr,Public (12 seats),Owner,Unknown,No defect,Office areas,Double carriageway (median),Tangent road with flat terrain,Crossing,Asphalt roads,Wet or damp,Darkness - lights lit,Other,Vehicle with vehicle collision,2,1,Going straight,,,,,Changing lane to the right,Serious Injury
2024-10-05 21:44:00,Sunday,31-50,Male,Junior high school,1-2yr,Lorry (11-40Q),Owner,Unknown,No defect,Residential areas,Two-way (divided with broken lines road marking),Tangent road with flat terrain,Crossing,Asphalt roads,Wet or damp,Darkness - lights lit,Other,Collision with roadside objects,2,1,Other,Driver or rider,Male,31-50,3.0,No priority to vehicle,Serious Injury
2024-10-05 12:20:00,Thursday,31-50,Male,Junior high school,2-5yr,Pick up upto 10Q,Owner,Unknown,No defect,Office areas,Double carriageway (median),Gentle horizontal curve,No junction,Asphalt roads,Dry,Daylight,Normal,Collision with roadside objects,1,1,Going straight,Driver or rider,Female,Over 51,3.0,No distancing,Slight Injury
2024-10-05 08:15:00,Monday,31-50,Male,Unknown,5-10yr,Lorry (41-100Q),Owner,Unknown,No defect,Office areas,Double carriageway (median),Tangent road with flat terrain,O Shape,Asphalt roads,Wet or damp,Daylight,Raining,Vehicle with vehicle collision,2,1,Going straight,,,,,Turnover,Slight Injury
2024-10-05 08:15:00,Monday,Under 18,Male,Unknown,Above 10yr,Other,Organization,Unknown,No defect,Other,Double carriageway (median),Tangent road with flat terrain,O Shape,Asphalt roads,Wet or damp,Daylight,Raining,Vehicle with vehicle collision,2,1,Going straight,Driver or rider,Male,Over 51,2.0,No distancing,Slight Injury
2024-10-05 12:55:00,Monday,31-50,Male,Junior high school,2-5yr,Automobile,Owner,Unknown,No defect,Office areas,Two-way (divided with broken lines road marking),Tangent road with flat terrain,No junction,Asphalt roads,Dry,Daylight,Normal,Vehicle with vehicle collision,1,1,Moving Backward,Driver or rider,Male,Under 18,3.0,Changing lane to the right,Slight Injury
2024-10-05 15:03:00,Tuesday,Over 51,Male,Elementary school,Above 10yr,Long lorry,Owner,Unknown,No defect,Office areas,Other,Tangent road with flat terrain,No junction,Asphalt roads,Dry,Daylight,Normal,Vehicle with vehicle collision,3,1,Going straight,Passenger,Male,18-30,3.0,No distancing,Slight Injury
2024-10-05 15:03:00,Tuesday,Over 51,Male,Writing & reading,5-10yr,Lorry (11-40Q),Governmental,Unknown,Unknown,Office areas,One way,Tangent road with flat terrain,No junction,Gravel roads,Dry,Daylight,Normal,Vehicle with vehicle collision,3,1,Going straight,Passenger,Male,18-30,3.0,Changing lane to the left,Slight Injury
2024-10-05 15:03:00,Tuesday,Over 51,Male,Unknown,Unknown,Long lorry,Owner,Unknown,Unknown,Other,Undivided Two way,Tangent road with flat terrain,No junction,Asphalt roads,Dry,Daylight,Normal,Rollover,3,1,Going straight,Driver or rider,Female,31-50,3.0,Driving carelessly,Slight Injury
2024-10-05 11:15:00,Wednesday,31-50,Male,Junior high school,5-10yr,Automobile,Owner,Unknown,Unknown,Residential areas,Other,Tangent road with flat terrain,Crossing,Asphalt roads,Dry,Daylight,Normal,Vehicle with vehicle collision,2,1,Going straight,,,,,Changing lane to the right,Slight Injury
2024-10-05 11:15:00,Wednesday,31-50,Male,Junior high school,Below 1yr,Taxi,Owner,2-5yrs,No defect,Residential areas,Two-way (divided with broken lines road marking),Gentle horizontal curve,Crossing,Asphalt roads,Dry,Daylight,Normal,Collision with roadside objects,2,1,Going straight,,,,,No priority to vehicle,Slight Injury
2024-10-05 20:14:00,Wednesday,18-30,Male,Junior high school,2-5yr,Taxi,Owner,5-10yrs,Unknown,Church areas,Two-way (divided with broken lines road marking),Tangent road with flat terrain,Crossing,Asphalt roads,Dry,Darkness - lights lit,Normal,Collision with pedestrians,2,1,Reversing,Driver or rider,Male,Over 51,3.0,No distancing,Slight Injury
2024-10-05 20:14:00,Wednesday,Under 18,Male,Elementary school,2-5yr,Long lorry,Owner,5-10yrs,Unknown,Other,Two-way (divided with broken lines road marking),Tangent road with flat terrain,Crossing,Asphalt roads,Dry,Darkness - lights lit,Normal,Vehicle with vehicle collision,2,1,Going straight,Passenger,Female,Over 51,3.0,No priority to pedestrian,Slight Injury
2024-10-05 08:55:00,Thursday,31-50,Male,Junior high school,2-5yr,Lorry (11-40Q),Owner,Unknown,Unknown,Residential areas,Two-way (divided with broken lines road marking),Tangent road with flat terrain,Crossing,Asphalt roads,Dry,Daylight,Normal,Vehicle with vehicle collision,2,1,Going straight,,,,,No priority to pedestrian,Slight Injury
2024-10-05 08:55:00,Thursday,Over 51,Male,Junior high school,2-5yr,Lorry (11-40Q),Owner,2-5yrs,Unknown,Other,Undivided Two way,Tangent road with flat terrain,Crossing,Asphalt roads,Dry,Daylight,Normal,Vehicle with vehicle collision,2,1,Going straight,,,,,No priority to vehicle,Slight Injury
2024-10-05 13:23:00,Thursday,18-30,Male,Junior high school,5-10yr,Long lorry,Owner,2-5yrs,Unknown,Residential areas,Undivided Two way,Tangent road with flat terrain,Y Shape,Asphalt roads,Dry,Daylight,Normal,Vehicle with vehicle collision,2,1,Going straight,Passenger,Female,Under 18,3.0,Changing lane to the left,Slight Injury
2024-10-05 13:23:00,Thursday,18-30,Male,Junior high school,5-10yr,Turbo,Owner,2-5yrs,Unknown,Residential areas,Two-way (divided with broken lines road marking),Tangent road with flat terrain,Y Shape,Asphalt roads,Dry,Daylight,Normal,Vehicle with vehicle collision,2,1,Going straight,Pedestrian,Male,Under 18,2.0,Changing lane to the left,Slight Injury
2024-10-05 15:35:00,Friday,18-30,Male,Junior high school,Above 10yr,Long lorry,Owner,5-10yrs,No defect,Other,Two-way (divided with broken lines road marking),Tangent road with flat terrain,Other,Asphalt roads with some distress,Dry,Daylight,Normal,Vehicle with vehicle collision,2,1,Going straight,Driver or rider,Female,18-30,3.0,No distancing,Slight Injury
2024-10-05 15:35:00,Friday,18-30,Male,Elementary school,5-10yr,Long lorry,Other,Unknown,Unknown,Other,Two-way (divided with broken lines road marking),Tangent road with flat terrain,Other,Asphalt roads,Dry,Daylight,Normal,Vehicle with vehicle collision,2,1,Going straight,,,,,No priority to vehicle,Slight Injury
2024-10-05 16:19:00,Friday,18-30,Male,Junior high school,5-10yr,Public (13-45 seats),Owner,Unknown,No defect,Other,Undivided Two way,Tangent road with flat terrain,Y Shape,Asphalt roads,Dry,Daylight,Normal,Collision with roadside objects,2,1,Going straight,,,,,No distancing,Slight Injury
2024-10-05 16:19:00,Friday,18-30,Male,Junior high school,Above 10yr,Automobile,Owner,Unknown,No defect,Other,Double carriageway (median),Tangent road with flat terrain,Y Shape,Asphalt roads,Dry,Daylight,Normal,Rollover,2,1,Waiting to go,Driver or rider,Male,18-30,3.0,No distancing,Slight Injury
2024-10-05 20:40:00,Friday,Over 51,Male,Elementary school,Unknown,Automobile,Owner,Unknown,Unknown,Residential areas,Two-way (divided with broken lines road marking),Tangent road with flat terrain,No junction,Asphalt roads,Dry,Darkness - lights lit,Normal,Vehicle with vehicle collision,1,1,Going straight,,,,,Changing lane to the right,Serious Injury
2024-10-05 20:11:00,Saturday,31-50,Male,Junior high school,5-10yr,Pick up upto 10Q,Owner,2-5yrs,Unknown,Recreational areas,Undivided Two way,Tangent road with flat terrain,Y Shape,Asphalt roads,Dry,Darkness - lights lit,Normal,Collision with pedestrians,1,1,Going straight,Pedestrian,Female,Under 18,2.0,Changing lane to the left,Serious Injury
2024-10-05 01:05:00,Sunday,18-30,Unknown,Junior high school,5-10yr,Other,Owner,Unknown,Unknown,Other,Other,Tangent road with flat terrain,No junction,Asphalt roads,Dry,Darkness - lights lit,Normal,Vehicle with vehicle collision,2,2,Going straight,Pedestrian,Female,Under 18,2.0,No distancing,Slight Injury
2024-10-05 01:05:00,Sunday,18-30,Male,Junior high school,Below 1yr,Stationwagen,Owner,Unknown,Unknown,Office areas,Undivided Two way,Tangent road with flat terrain,No junction,Asphalt roads,Dry,Darkness - lights lit,Normal,Vehicle with vehicle collision,2,2,Going straight,Driver or rider,Male,31-50,1.0,Overturning,Slight Injury
2024-10-05 01:05:00,Sunday,31-50,Male,Unknown,Unknown,Other,Other,Unknown,Unknown,Other,Undivided Two way,Tangent road with flat terrain,No junction,Asphalt roads,Dry,Darkness - lights lit,Normal,Collision with pedestrians,2,2,Going straight,Driver or rider,Male,31-50,3.0,No priority to vehicle,Slight Injury
2024-10-05 08:15:00,Monday,18-30,Male,Junior high school,5-10yr,Automobile,Owner,Unknown,Unknown,Office areas,Undivided Two way,Tangent road with flat terrain,Crossing,Asphalt roads,Dry,Daylight,Normal,Collision with pedestrians,2,2,Going straight,Driver or rider,Male,31-50,3.0,Moving Backward,Slight Injury
2024-10-05 08:15:00,Monday,31-50,Male,Junior high school,5-10yr,Automobile,Owner,Unknown,Unknown,Office areas,One way,Tangent road with flat terrain,Crossing,Asphalt roads,Dry,Daylight,Normal,Vehicle with vehicle collision,2,2,Going straight,,,,,Driving under the influence of drugs,Slight Injury
2024-10-05 08:45:00,Saturday,31-50,Male,Junior high school,Above 10yr,Long lorry,Owner,Unknown,Unknown,Office areas,Undivided Two way,Tangent road with flat terrain,Y Shape,Asphalt roads,Dry,Daylight,Normal,Vehicle with vehicle collision,2,1,Going straight,Driver or rider,Female,31-50,3.0,Moving Backward,Slight Injury
2024-10-05 08:45:00,Saturday,Unknown,Male,High school,Above 10yr,Public (13-45 seats),Owner,Unknown,No defect,Other,Undivided Two way,Tangent road with flat terrain,Y Shape,Asphalt roads,Dry,Daylight,Normal,Vehicle with vehicle collision,2,1,Going straight,Driver or rider,Female,18-30,3.0,Changing lane to the right,Slight Injury
2024-10-05 17:13:00,Friday,Unknown,Male,Junior high school,Above 10yr,Public (13-45 seats),Governmental,Unknown,Unknown,Other,Double carriageway (median),Tangent road with flat terrain,No junction,Asphalt roads,Dry,Daylight,Normal,Vehicle with vehicle collision,1,1,Going straight,Driver or rider,Male,18-30,3.0,Overspeed,Serious Injury
2024-10-05 16:47:00,Tuesday,Unknown,Male,Junior high school,Above 10yr,Lorry (11-40Q),Owner,Unknown,No defect,Office areas,Two-way (divided with solid lines road marking),Tangent road with flat terrain,No junction,Asphalt roads,Dry,Daylight,Normal,Vehicle with vehicle collision,1,1,Going straight,Driver or rider,Male,18-30,3.0,Driving under the influence of drugs,Slight Injury
2024-10-05 13:50:00,Wednesday,18-30,Male,Junior high school,Above 10yr,Lorry (11-40Q),Owner,Unknown,Unknown,Residential areas,Other,Tangent road with flat terrain,Y Shape,Asphalt roads,Dry,Daylight,Normal,Collision with roadside objects,2,1,Going straight,Pedestrian,Female,Under 18,3.0,Driving carelessly,Slight Injury
2024-10-05 13:50:00,Wednesday,Unknown,Female,Junior high school,Above 10yr,Pick up upto 10Q,Governmental,2-5yrs,Unknown,Recreational areas,Undivided Two way,Tangent road with flat terrain,Y Shape,Asphalt roads,Dry,Daylight,Normal,Vehicle with vehicle collision,2,1,Going straight,Pedestrian,Male,Under 18,3.0,No distancing,Slight Injury
2024-10-05 21:05:00,Sunday,31-50,Male,Junior high school,5-10yr,Automobile,Owner,1-2yr,No defect,Other,Other,Tangent road with flat terrain,Y Shape,Asphalt roads,Dry,Darkness - lights lit,Normal,Vehicle with vehicle collision,1,1,Turnover,,,,,No priority to vehicle,Slight Injury
2024-10-05 17:30:00,Friday,Unknown,Male,Junior high school,2-5yr,Automobile,Owner,Above 10yr,No defect,Residential areas,Other,Tangent road with flat terrain,Y Shape,Asphalt roads,Dry,Daylight,Normal,Vehicle with vehicle collision,1,1,Reversing,Driver or rider,Male,18-30,3.0,Overspeed,Serious Injury
2024-10-05 23:53:00,Wednesday,31-50,Male,Junior high school,Below 1yr,Automobile,Owner,Unknown,No defect,Other,Other,Tangent road with flat terrain,Y Shape,Asphalt roads,Dry,Darkness - lights lit,Normal,Vehicle with vehicle collision,1,1,Moving Backward,,,,,Driving under the influence of drugs,Slight Injury
2024-10-05 19:45:00,Saturday,18-30,Male,Junior high school,Below 1yr,Long lorry,Owner,Unknown,Unknown,Other,Other,Tangent road with flat terrain,Y Shape,Asphalt roads,Dry,Darkness - lights lit,Normal,Vehicle with vehicle collision,2,1,Going straight,,,,,Changing lane to the right,Slight Injury
2024-10-05 19:45:00,Saturday,Unknown,Male,Junior high school,2-5yr,Long lorry,Owner,5-10yrs,Unknown,Other,One way,Tangent road with flat terrain,Y Shape,Asphalt roads,Dry,Darkness - lights lit,Normal,Vehicle with vehicle collision,2,1,Moving Backward,Passenger,Female,Under 18,3.0,Changing lane to the right,Slight Injury
2024-10-05 16:00:00,Wednesday,18-30,Male,Elementary school,Below 1yr,Automobile,Owner,Unknown,No defect,Other,Two-way (divided with broken lines road marking),Tangent road with flat terrain,Y Shape,Asphalt roads,Dry,Daylight,Normal,Vehicle with vehicle collision,2,1,Going straight,,,,,Changing lane to the right,Slight Injury
2024-10-05 16:00:00,Wednesday,Over 51,Male,Junior high school,Below 1yr,Stationwagen,Owner,2-5yrs,No defect,Other,Other,Tangent road with flat terrain,Y Shape,Asphalt roads,Dry,Daylight,Normal,Vehicle with vehicle collision,2,1,Going straight,Driver or rider,Female,31-50,3.0,Changing lane to the right,Slight Injury
2024-10-05 21:20:00,Saturday,18-30,Male,Junior high school,Unknown,Other,Owner,Unknown,No defect,School areas,Undivided Two way,Tangent road with flat terrain,Crossing,Asphalt roads,Dry,Darkness - lights lit,Normal,Vehicle with vehicle collision,2,1,Going straight,Passenger,Male,Under 18,3.0,Moving Backward,Slight Injury
2024-10-05 21:20:00,Saturday,18-30,Male,Unknown,5-10yr,Other,Owner,Unknown,No defect,Office areas,Two-way (divided with broken lines road marking),Tangent road with flat terrain,Crossing,Asphalt roads,Dry,Darkness - lights lit,Normal,Vehicle with vehicle collision,2,1,Going straight,,,,,No distancing,Slight Injury
2024-10-05 16:00:00,Wednesday,31-50,Male,Writing & reading,Below 1yr,Special vehicle,Owner,Unknown,No defect,Office areas,Two-way (divided with broken lines road marking),Tangent road with flat terrain,No junction,Asphalt roads,Dry,Daylight,Normal,Vehicle with vehicle collision,2,2,Going straight,Driver or rider,Male,18-30,3.0,Overspeed,Slight Injury
2024-10-05 16:00:00,Wednesday,31-50,Male,Junior high school,Below 1yr,Lorry (41-100Q),Owner,5-10yrs,No defect,Office areas,Two-way (divided with broken lines road marking),Tangent road with flat terrain,No junction,Asphalt roads,Dry,Daylight,Normal,Vehicle with vehicle collision,2,2,Other,Passenger,Male,18-30,3.0,No distancing,Slight Injury
2024-10-05 13:45:00,Thursday,Under 18,Male,Junior high school,1-2yr,Pick up upto 10Q,Owner,Unknown,No defect,School areas,Other,Tangent road with flat terrain,Crossing,Asphalt roads,Dry,Daylight,Normal,Vehicle with vehicle collision,2,1,Going straight,Passenger,Male,18-30,3.0,Driving carelessly,Slight Injury
2024-10-05 13:45:00,Thursday,Unknown,Male,Elementary school,Above 10yr,Lorry (11-40Q),Governmental,Unknown,No defect,School areas,Undivided Two way,Tangent road with flat terrain,Crossing,Asphalt roads,Dry,Daylight,Normal,Vehicle with vehicle collision,2,1,Other,,,,,No distancing,Slight Injury
2024-10-05 21:36:00,Tuesday,18-30,Male,Elementary school,Above 10yr,Lorry (41-100Q),Owner,Unknown,No defect,Office areas,Two-way (divided with broken lines road marking),Tangent road with flat terrain,No junction,Asphalt roads,Dry,Darkness - lights lit,Normal,Vehicle with vehicle collision,1,1,Going straight,Driver or rider,Male,Under 18,3.0,No distancing,Slight Injury
2024-10-05 10:42:00,Thursday,Unknown,Female,Elementary school,Below 1yr,Motorcycle,Owner,Unknown,No defect,Office areas,Two-way (divided with broken lines road marking),Tangent road with flat terrain,No junction,Asphalt roads,Dry,Daylight,Normal,Collision with roadside objects,1,1,Moving Backward,Passenger,Female,31-50,3.0,No distancing,Slight Injury
2024-10-05 17:32:00,Thursday,18-30,Male,High school,2-5yr,Automobile,Governmental,Above 10yr,No defect,School areas,Two-way (divided with broken lines road marking),Tangent road with flat terrain,No junction,Asphalt roads,Dry,Daylight,Normal,Vehicle with vehicle collision,2,1,Going straight,,,,,Changing lane to the right,Slight Injury
2024-10-05 17:32:00,Thursday,Over 51,Male,Junior high school,2-5yr,Automobile,Owner,1-2yr,No defect,Other,Two-way (divided with broken lines road marking),Tangent road with flat terrain,No junction,Asphalt roads,Dry,Daylight,Normal,Vehicle with vehicle collision,2,1,Going straight,Driver or rider,Male,31-50,2.0,No distancing,Slight Injury
2024-10-05 12:30:00,Friday,Unknown,Male,Above high school,Above 10yr,Automobile,Owner,Above 10yr,No defect,Other,Two-way (divided with broken lines road marking),Tangent road with flat terrain,Y Shape,Asphalt roads,Dry,Daylight,Normal,Vehicle with vehicle collision,3,1,Moving Backward,Driver or rider,Male,18-30,3.0,No priority to vehicle,Slight Injury
2024-10-05 12:30:00,Friday,31-50,Male,Junior high school,2-5yr,Stationwagen,Owner,Below 1yr,No defect,Other,Undivided Two way,Tangent road with flat terrain,Y Shape,Asphalt roads,Dry,Daylight,Normal,Vehicle with vehicle collision,3,1,Going straight,Passenger,Male,18-30,3.0,Changing lane to the left,Slight Injury
2024-10-05 12:30:00,Friday,Unknown,Male,Junior high school,2-5yr,Other,Owner,Above 10yr,No defect,Other,Two-way (divided with broken lines road marking),Tangent road with flat terrain,Y Shape,Asphalt roads,Dry,Daylight,Normal,Collision with pedestrians,3,1,Turnover,Driver or rider,Female,18-30,3.0,Moving Backward,Slight Injury
2024-10-05 15:44:00,Friday,31-50,Male,High school,1-2yr,Public (> 45 seats),Owner,Unknown,No defect,Residential areas,Undivided Two way,Tangent road with flat terrain,No junction,Asphalt roads,Dry,Daylight,Normal,Vehicle with vehicle collision,2,1,Going straight,Driver or rider,Male,18-30,3.0,Driving carelessly,Slight Injury
2024-10-05 15:44:00,Friday,Over 51,Male,Junior high school,5-10yr,Public (> 45 seats),Governmental,1-2yr,No defect,Other,Undivided Two way,Tangent road with flat terrain,No junction,Asphalt roads,Dry,Daylight,Normal,Vehicle with vehicle collision,2,1,Going straight,Driver or rider,Female,Over 51,3.0,Changing lane to the left,Slight Injury
2024-10-05 08:40:00,Sunday,Under 18,Male,Junior high school,Below 1yr,Stationwagen,Owner,1-2yr,No defect,Other,Undivided Two way,Tangent road with flat terrain,O Shape,Asphalt roads,Dry,Daylight,Normal,Vehicle with vehicle collision,2,1,Other,,,,,No priority to pedestrian,Slight Injury
2024-10-05 08:40:00,Sunday,Over 51,Male,Junior high school,Below 1yr,Automobile,Owner,Unknown,No defect,Industrial areas,Undivided Two way,Tangent road with flat terrain,O Shape,Asphalt roads,Dry,Daylight,Normal,Vehicle with vehicle collision,2,1,Going straight,Pedestrian,Male,Under 18,3.0,No distancing,Slight Injury
2024-10-05 14:03:00,Saturday,18-30,Male,Elementary school,Unknown,Bicycle,Owner,Unknown,No defect,Recreational areas,Undivided Two way,Tangent road with flat terrain,No junction,Asphalt roads,Dry,Daylight,Normal,Vehicle with vehicle collision,2,1,Going straight,Pedestrian,Female,31-50,3.0,No distancing,Slight Injury
2024-10-05 14:03:00,Saturday,31-50,Male,Junior high school,Below 1yr,Automobile,Owner,Above 10yr,No defect,Church areas,Two-way (divided with broken lines road marking),Tangent road with flat terrain,No junction,Asphalt roads,Dry,Daylight,Normal,Vehicle with vehicle collision,2,1,Going straight,,,,,Overturning,Slight Injury
2024-10-05 10:29:00,Thursday,18-30,Male,Junior high school,1-2yr,Lorry (41-100Q),Owner,Unknown,Unknown,Office areas,Two-way (divided with broken lines road marking),Tangent road with flat terrain,O Shape,Asphalt roads,Dry,Daylight,Normal,Vehicle with vehicle collision,2,2,Going straight,Driver or rider,Female,31-50,3.0,No distancing,Slight Injury
2024-10-05 10:29:00,Thursday,31-50,Male,Elementary school,2-5yr,Automobile,Owner,Unknown,Unknown,Other,Two-way (divided with broken lines road marking),Tangent road with flat terrain,O Shape,Asphalt roads,Dry,Daylight,Normal,Vehicle with vehicle collision,2,2,Reversing,Driver or rider,Female,Over 51,3.0,Drunk driving,Slight Injury
2024-10-05 22:20:00,Friday,31-50,Male,High school,1-2yr,Public (13-45 seats),Owner,Unknown,Unknown,Office areas,Undivided Two way,Tangent road with flat terrain,Y Shape,Asphalt roads,Dry,Darkness - lights lit,Normal,Collision with pedestrians,2,1,Going straight,,,,,Moving Backward,Slight Injury
2024-10-05 22:20:00,Friday,18-30,Male,Junior high school,5-10yr,Special vehicle,Owner,Unknown,Unknown,Office areas,Two-way (divided with broken lines road marking),Tangent road with flat terrain,Y Shape,Asphalt roads,Dry,Darkness - lights lit,Normal,Vehicle with vehicle collision,2,1,Moving Backward,,,,,No priority to pedestrian,Slight Injury
2024-10-05 21:05:00,Friday,18-30,Male,Junior high school,Below 1yr,Automobile,Owner,Unknown,Unknown,Other,Two-way (divided with broken lines road marking),Tangent road with flat terrain,Y Shape,Asphalt roads,Dry,Darkness - lights lit,Normal,Vehicle with vehicle collision,2,2,Going straight,Driver or rider,Male,Over 51,3.0,Changing lane to the left,Slight Injury
2024-10-05 21:05:00,Friday,18-30,Male,High school,Above 10yr,Public (13-45 seats),Owner,Above 10yr,Unknown,Residential areas,Undivided Two way,Tangent road with flat terrain,Y Shape,Asphalt roads,Dry,Darkness - lights lit,Normal,Vehicle with vehicle collision,2,2,Going straight,Passenger,Male,Under 18,3.0,Changing lane to the left,Slight Injury