Time,Day_of_week,Age_band_of_driver,Sex_of_driver,Educational_level,Driving_experience,Type_of_vehicle,Owner_of_vehicle,Service_year_of_vehicle,Defect_of_vehicle,Area_accident_occured,Lanes_or_Medians,Road_allignment,Types_of_Junction,Road_surface_type,Road_surface_conditions,Light_conditions,Weather_conditions,Type_of_collision,Number_of_vehicles_involved,Number_of_casualties,Vehicle_movement,Casualty_class,Sex_of_casualty,Age_band_of_casualty,Casualty_severity,Cause_of_accident,Accident_severity
2024-10-05 19:00:00,Monday,Over 51,Male,Junior high school,2-5yr,Pick up upto 10Q,Owner,1-2yr,Unknown,Office areas,Two-way (divided with broken lines road marking),Tangent road with mild grade and flat terrain,Crossing,Gravel roads,Dry,Daylight,Normal,Vehicle with vehicle collision,2,1,Going straight,,,,,Changing lane to the left,Slight Injury
2024-10-05 19:00:00,Monday,31-50,Male,High school,5-10yr,Other,Owner,Unknown,Unknown,Office areas,Two-way (divided with broken lines road marking),Tangent road with mild grade and flat terrain,Crossing,Asphalt roads,Dry,Daylight,Normal,Collision with roadside objects,2,1,Other,Driver or rider,Male,Under 18,3.0,No priority to vehicle,Slight Injury
2024-10-05 17:30:00,Tuesday,31-50,Male,Junior high school,Above 10yr,Automobile,Owner,5-10yrs,No defect,Office areas,Two-way (divided with broken lines road marking),Tangent road with flat terrain,Y Shape,Asphalt roads,Dry,Daylight,Normal,Vehicle with vehicle collision,3,1,Other,Pedestrian,Female,Under 18,3.0,No distancing,Serious Injury
2024-10-05 17:30:00,Tuesday,18-30,Male,Junior high school,2-5yr,Public (12 seats),Owner,Unknown,No defect,Other,Two-way (divided with broken lines road marking),Tangent road with flat terrain,Y Shape,Asphalt roads,Dry,Daylight,Normal,Vehicle with vehicle collision,3,1,Going straight,Pedestrian,Female,18-30,2.0,No priority to pedestrian,Serious Injury
2024-10-05 17:30:00,Tuesday,Unknown,Male,Elementary school,2-5yr,Public (13-45 seats),Owner,Unknown,No defect,Residential areas,Double carriageway (median),Tangent road with flat terrain,Y Shape,Asphalt roads,Dry,Daylight,Normal,Vehicle with vehicle collision,3,1,Turnover,Driver or rider,Male,31-50,3.0,No priority to pedestrian,Serious Injury
2024-10-05 14:03:00,Tuesday,31-50,Male,High school,Above 10yr,Lorry (11-40Q),Owner,Unknown,No defect,Church areas,Undivided Two way,Tangent road with flat terrain,O Shape,Asphalt roads,Dry,Daylight,Normal,Rollover,1,1,Going straight,Passenger,Female,18-30,3.0,No priority to vehicle,Slight Injury
2024-10-05 19:15:00,Wednesday,31-50,Male,Elementary school,1-2yr,Stationwagen,Owner,Unknown,No defect,Other,Two-way (divided with broken lines road marking),Tangent road with flat terrain,Y Shape,Asphalt roads,Dry,Daylight,Normal,Vehicle with vehicle collision,2,1,Moving Backward,Passenger,Female,18-30,3.0,Driving carelessly,Slight Injury
2024-10-05 19:15:00,Wednesday,31-50,Male,Junior high school,Above 10yr,Ridden horse,Owner,Unknown,No defect,Recreational areas,Two-way (divided with broken lines road marking),Tangent road with flat terrain,Y Shape,Asphalt roads,Dry,Daylight,Normal,Vehicle with vehicle collision,2,1,Moving Backward,,,,,Changing lane to the right,Slight Injury
2024-10-05 16:10:00,Friday,18-30,Male,Unknown,Unknown,Stationwagen,Other,Unknown,Unknown,Other,Other,Tangent road with flat terrain,Y Shape,Asphalt roads,Dry,Daylight,Normal,Collision with pedestrians,2,1,Going straight,,,,,Changing lane to the left,Slight Injury
2024-10-05 16:10:00,Friday,31-50,Male,Junior high school,5-10yr,Automobile,Owner,Unknown,No defect,Industrial areas,Undivided Two way,Tangent road with mild grade and flat terrain,Y Shape,Asphalt roads,Dry,Daylight,Normal,Vehicle with vehicle collision,2,1,Other,Driver or rider,Male,18-30,3.0,Moving Backward,Slight Injury
2024-10-05 20:10:00,Friday,31-50,Male,Above high school,5-10yr,Automobile,Owner,Unknown,No defect,Other,Two-way (divided with broken lines road marking),Tangent road with flat terrain,No junction,Asphalt roads,Dry,Darkness - lights lit,Normal,Vehicle with vehicle collision,3,1,Going straight,Driver or rider,Male,Under 18,3.0,Driving carelessly,Slight Injury
2024-10-05 20:10:00,Friday,18-30,Male,Junior high school,5-10yr,Other,Owner,Unknown,Unknown,Other,Other,Tangent road with flat terrain,No junction,Asphalt roads,Dry,Darkness - lights lit,Normal,Vehicle with vehicle collision,3,1,Going straight,,,,,Driving to the left,Slight Injury
2024-10-05 20:10:00,Friday,18-30,Male,Junior high school,Above 10yr,Taxi,Owner,5-10yrs,No defect,Church areas,Other,Tangent road with flat terrain,No junction,Asphalt roads,Dry,Darkness - lights lit,Normal,Vehicle with vehicle collision,3,1,Going straight,Passenger,Female,Over 51,2.0,Driving to the left,Slight Injury
2024-10-05 19:40:00,Saturday,31-50,Male,Junior high school,1-2yr,Automobile,Owner,5-10yrs,No defect,Church areas,Undivided Two way,Tangent road with flat terrain,No junction,Asphalt roads,Dry,Darkness - lights lit,Normal,Collision with roadside objects,1,1,Going straight,Driver or rider,Female,18-30,2.0,No priority to pedestrian,Slight Injury
2024-10-05 01:00:00,Sunday,Under 18,Male,Junior high school,2-5yr,Stationwagen,Owner,Unknown,No defect,Other,Two-way (divided with broken lines road marking),Tangent road with flat terrain,Y Shape,Asphalt roads,Dry,Darkness - lights lit,Normal,Vehicle with vehicle collision,2,1,Going straight,Passenger,Male,Under 18,3.0,Changing lane to the left,Slight Injury
2024-10-05 01:00:00,Sunday,31-50,Male,Junior high school,Below 1yr,Automobile,Owner,Unknown,No defect,Other,One way,Tangent road with flat terrain,Y Shape,Asphalt roads,Dry,Darkness - lights lit,Normal,Vehicle with vehicle collision,2,1,Going straight,Pedestrian,Female,Over 51,3.0,Changing lane to the right,Slight Injury
2024-10-05 21:39:00,Saturday,Unknown,Male,Junior high school,Above 10yr,Public (12 seats),Governmental,2-5yrs,Unknown,Recreational areas,Two-way (divided with broken lines road marking),Tangent road with flat terrain,Y Shape,Asphalt roads,Dry,Darkness - lights lit,Normal,Vehicle with vehicle collision,2,1,Going straight,Pedestrian,Female,Over 51,3.0,Driving carelessly,Slight Injury
2024-10-05 21:39:00,Saturday,31-50,Male,Junior high school,1-2yr,Other,Owner,2-5yrs,Unknown,Other,Undivided Two way,Tangent road with flat terrain,Y Shape,Asphalt roads,Dry,Darkness - lights lit,Normal,Vehicle with vehicle collision,2,1,Going straight,Driver or rider,Male,18-30,3.0,No distancing,Slight Injury
2024-10-05 11:45:00,Sunday,31-50,Male,Above high school,5-10yr,Automobile,Owner,5-10yrs,Unknown,Office areas,Undivided Two way,Tangent road with flat terrain,Y Shape,Other,Dry,Daylight,Normal,Collision with roadside objects,2,1,Other,Driver or rider,Female,Over 51,3.0,Getting off the vehicle improperly,Slight Injury
2024-10-05 11:45:00,Sunday,18-30,Male,Junior high school,5-10yr,Lorry (41-100Q),Owner,5-10yrs,No defect,Church areas,Two-way (divided with broken lines road marking),Tangent road with flat terrain,Y Shape,Asphalt roads,Dry,Daylight,Normal,Vehicle with vehicle collision,2,1,Going straight,Passenger,Male,Over 51,3.0,Driving under the influence of drugs,Slight Injury
2024-10-05 08:40:00,Wednesday,18-30,Male,Elementary school,Below 1yr,Other,Owner,2-5yrs,Unknown,Office areas,Two-way (divided with broken lines road marking),Tangent road with flat terrain,No junction,Asphalt roads,Dry,Daylight,Normal,Collision with roadside objects,2,1,Overtaking,Driver or rider,Male,18-30,3.0,Changing lane to the right,Slight Injury
2024-10-05 08:40:00,Wednesday,Unknown,Male,Unknown,Unknown,Public (> 45 seats),Other,Unknown,No defect,Office areas,Undivided Two way,Tangent road with mountainous terrain and,No junction,Asphalt roads,Dry,Daylight,Normal,Vehicle with vehicle collision,2,1,Going straight,,,,,Driving carelessly,Slight Injury
2024-10-05 13:57:00,Monday,31-50,Male,Junior high school,Above 10yr,Other,Owner,2-5yrs,No defect,Other,Undivided Two way,Tangent road with flat terrain,Y Shape,Asphalt roads,Wet or damp,Daylight,Raining,Rollover,2,1,Going straight,,,,,Moving Backward,Slight Injury
2024-10-05 13:57:00,Monday,18-30,Male,Junior high school,Unknown,Public (12 seats),Governmental,Unknown,Unknown,Residential areas,Two-way (divided with broken lines road marking),Tangent road with flat terrain,Y Shape,Asphalt roads,Wet or damp,Daylight,Raining,Vehicle with vehicle collision,2,1,Going straight,,,,,Turnover,Slight Injury
2024-10-05 16:09:00,Monday,18-30,Male,Junior high school,1-2yr,Public (12 seats),Owner,2-5yrs,No defect,Office areas,Two-way (divided with broken lines road marking),Tangent road with mild grade and flat terrain,Y Shape,Asphalt roads,Wet or damp,Daylight,Raining,Vehicle with vehicle collision,1,1,U-Turn,,,,,Changing lane to the right,Slight Injury
2024-10-05 10:35:00,Wednesday,31-50,Male,Junior high school,2-5yr,Automobile,Owner,2-5yrs,Unknown,Residential areas,Other,Tangent road with flat terrain,Crossing,Asphalt roads,Dry,Daylight,Normal,Vehicle with vehicle collision,2,1,Going straight,Driver or rider,Female,Under 18,3.0,Driving carelessly,Slight Injury
2024-10-05 10:35:00,Wednesday,31-50,Male,Unknown,Unknown,Automobile,Owner,Unknown,No defect,Residential areas,Two-way (divided with broken lines road marking),Tangent road with flat terrain,Crossing,Asphalt roads,Dry,Daylight,Normal,Vehicle with vehicle collision,2,1,Going straight,Driver or rider,Male,31-50,3.0,No priority to vehicle,Slight Injury
2024-10-05 17:05:00,Tuesday,18-30,Male,Junior high school,Above 10yr,Public (> 45 seats),Owner,Unknown,No defect,Other,Double carriageway (median),Tangent road with flat terrain,Y Shape,Asphalt roads,Dry,Daylight,Normal,Vehicle with vehicle collision,2,1,Going straight,Passenger,Male,31-50,3.0,Moving Backward,Slight Injury
2024-10-05 17:05:00,Tuesday,18-30,Male,Junior high school,2-5yr,Lorry (41-100Q),Owner,Unknown,No defect,Hospital areas,One way,Tangent road with flat terrain,Y Shape,Asphalt roads,Dry,Daylight,Normal,Collision with pedestrians,2,1,Going straight,Passenger,Male,31-50,3.0,Changing lane to the left,Slight Injury
2024-10-05 11:00:00,Wednesday,Over 51,Male,Junior high school,5-10yr,Public (> 45 seats),Governmental,Unknown,No defect,Other,Undivided Two way,Tangent road with flat terrain,Crossing,Earth roads,Dry,Daylight,Normal,Rollover,2,1,Turnover,,,,,Overturning,Slight Injury
2024-10-05 11:00:00,Wednesday,31-50,Male,Junior high school,2-5yr,Other,Owner,Unknown,No defect,Other,Undivided Two way,Tangent road with flat terrain,Crossing,Asphalt roads,Dry,Daylight,Normal,Vehicle with vehicle collision,2,1,Going straight,Driver or rider,Male,18-30,3.0,No distancing,Slight Injury
2024-10-05 18:10:00,Wednesday,31-50,Male,Junior high school,1-2yr,Other,Owner,Unknown,No defect,Recreational areas,One way,Tangent road with mild grade and flat terrain,Y Shape,Other,Dry,Daylight,Normal,Rollover,2,1,Going straight,Passenger,Male,Under 18,3.0,Driving carelessly,Serious Injury
2024-10-05 18:10:00,Wednesday,31-50,Male,Junior high school,5-10yr,Automobile,Owner,Unknown,No defect,Other,Undivided Two way,Tangent road with flat terrain,Y Shape,Other,Dry,Daylight,Normal,Vehicle with vehicle collision,2,1,Moving Backward,Driver or rider,Male,18-30,2.0,No distancing,Serious Injury
2024-10-05 15:25:00,Tuesday,31-50,Male,Junior high school,2-5yr,Automobile,Owner,Unknown,No defect,Other,Undivided Two way,Tangent road with flat terrain,No junction,Asphalt roads,Dry,Daylight,Normal,Vehicle with vehicle collision,2,1,Going straight,Passenger,Male,18-30,2.0,Changing lane to the left,Slight Injury
2024-10-05 15:25:00,Tuesday,18-30,Male,Elementary school,5-10yr,Lorry (41-100Q),Owner,Unknown,No defect,Other,Undivided Two way,Tangent road with flat terrain,No junction,Earth roads,Dry,Daylight,Normal,Vehicle with vehicle collision,2,1,Moving Backward,,,,,No priority to pedestrian,Slight Injury
2024-10-05 19:00:00,Thursday,Over 51,Male,Above high school,5-10yr,Automobile,Owner,Below 1yr,No defect,Office areas,Two-way (divided with broken lines road marking),Tangent road with flat terrain,No junction,Asphalt roads,Dry,Daylight,Normal,Fall from vehicles,2,1,Going straight,Driver or rider,Male,Under 18,3.0,No distancing,Slight Injury
2024-10-05 19:00:00,Thursday,Unknown,Female,Junior high school,2-5yr,Public (13-45 seats),Owner,2-5yrs,No defect,Other,Two-way (divided with broken lines road marking),Tangent road with mild grade and flat terrain,No junction,Asphalt roads,Dry,Daylight,Normal,Vehicle with vehicle collision,2,1,Going straight,,,,,No distancing,Slight Injury
2024-10-05 08:21:00,Thursday,18-30,Male,Junior high school,2-5yr,Automobile,Owner,Unknown,No defect,Residential areas,Two-way (divided with broken lines road marking),Tangent road with flat terrain,Y Shape,Earth roads,Wet or damp,Daylight,Raining,Collision with roadside objects,2,1,Going straight,Driver or rider,Male,Under 18,3.0,Changing lane to the left,Slight Injury
2024-10-05 08:21:00,Thursday,18-30,Male,Junior high school,2-5yr,Public (> 45 seats),Owner,5-10yrs,No defect,Other,Undivided Two way,Tangent road with flat terrain,Y Shape,Asphalt roads,Wet or damp,Daylight,Raining,Vehicle with vehicle collision,2,1,Going straight,,,,,No distancing,Slight Injury
2024-10-05 08:30:00,Thursday,18-30,Male,Junior high school,5-10yr,Lorry (41-100Q),Owner,Unknown,No defect,Other,Undivided Two way,Tangent road with flat terrain,Crossing,Asphalt roads,Dry,Daylight,Normal,Vehicle with vehicle collision,2,1,U-Turn,Passenger,Female,Over 51,3.0,Changing lane to the left,Slight Injury
2024-10-05 08:30:00,Thursday,18-30,Male,Junior high school,1-2yr,Automobile,Owner,Unknown,Unknown,Church areas,Undivided Two way,Tangent road with flat terrain,Crossing,Asphalt roads,Dry,Daylight,Normal,Vehicle with vehicle collision,2,1,Going straight,Pedestrian,Female,Under 18,3.0,No distancing,Slight Injury
2024-10-05 18:21:00,Sunday,18-30,Male,Junior high school,2-5yr,Lorry (11-40Q),Owner,1-2yr,5,Office areas,Undivided Two way,Tangent road with flat terrain,Y Shape,Asphalt roads,Dry,Daylight,Normal,Collision with pedestrians,2,1,Going straight,Driver or rider,Male,31-50,2.0,No distancing,Slight Injury
2024-10-05 18:21:00,Sunday,Over 51,Male,High school,2-5yr,Public (13-45 seats),Owner,Above 10yr,No defect,School areas,Other,Tangent road with flat terrain,Y Shape,Asphalt roads,Dry,Daylight,Normal,Vehicle with vehicle collision,2,1,Going straight,,,,,No distancing,Slight Injury
2024-10-05 18:40:00,Saturday,31-50,Male,Unknown,Unknown,Public (13-45 seats),Owner,2-5yrs,No defect,Other,Undivided Two way,Tangent road with flat terrain,Y Shape,Asphalt roads,Dry,Daylight,Normal,Vehicle with vehicle collision,2,1,Going straight,Driver or rider,Male,Under 18,3.0,Changing lane to the left,Slight Injury
2024-10-05 18:40:00,Saturday,18-30,Male,Junior high school,1-2yr,Other,Owner,1-2yr,No defect,Office areas,Undivided Two way,Tangent road with flat terrain,Y Shape,Asphalt roads,Dry,Daylight,Normal,Vehicle with vehicle collision,2,1,Going straight,Passenger,Male,Under 18,3.0,Changing lane to the right,Slight Injury
2024-10-05 04:02:00,Sunday,Unknown,Male,Junior high school,Below 1yr,Long lorry,Owner,1-2yr,No defect,Residential areas,Other,Steep grade downward with mountainous terrain,Crossing,Asphalt roads,Dry,Darkness - lights lit,Normal,Rollover,2,3,Going straight,,,,,Moving Backward,Slight Injury
2024-10-05 04:02:00,Sunday,Unknown,Male,High school,1-2yr,Lorry (41-100Q),Owner,1-2yr,No defect,Industrial areas,One way,Tangent road with flat terrain,Crossing,Asphalt roads,Dry,Darkness - lights lit,Normal,Collision with roadside objects,2,3,Stopping,Passenger,Male,18-30,3.0,Changing lane to the right,Slight Injury
2024-10-05 04:02:00,Sunday,Unknown,Male,Above high school,1-2yr,Lorry (11-40Q),Owner,2-5yrs,No defect,Other,Undivided Two way,Tangent road with flat terrain,Crossing,Asphalt roads,Dry,Darkness - lights lit,Normal,Vehicle with vehicle collision,2,3,Turnover,,,,,No distancing,Slight Injury
2024-10-05 04:02:00,Sunday,31-50,Male,Junior high school,Above 10yr,Lorry (41-100Q),Owner,1-2yr,No defect,Residential areas,Undivided Two way,Tangent road with flat terrain,Crossing,Asphalt roads,Dry,Darkness - lights lit,Normal,Vehicle with vehicle collision,2,3,Getting off,,,,,Overtaking,Slight Injury
2024-10-05 12:47:00,Saturday,31-50,Male,High school,1-2yr,Public (12 seats),Owner,1-2yr,No defect,Recreational areas,Two-way (divided with broken lines road marking),Tangent road with flat terrain,No junction,Asphalt roads,Dry,Daylight,Normal,Collision with roadside objects,1,1,Moving Backward,,,,,Other,Slight Injury
2024-10-05 09:20:00,Friday,31-50,Male,Junior high school,2-5yr,Other,Owner,Unknown,7,Office areas,Other,Tangent road with flat terrain,Y Shape,Asphalt roads with some distress,Dry,Daylight,Normal,Vehicle with vehicle collision,1,1,Moving Backward,Driver or rider,Female,18-30,3.0,Other,Slight Injury
2024-10-05 14:23:00,Sunday,18-30,Male,Above high school,2-5yr,Taxi,Owner,Unknown,No defect,Outside rural areas,Two-way (divided with broken lines road marking),Tangent road with flat terrain,No junction,Asphalt roads,Dry,Daylight,Normal,Vehicle with vehicle collision,2,1,Going straight,Passenger,Male,Under 18,3.0,Changing lane to the right,Slight Injury
2024-10-05 14:23:00,Sunday,Unknown,Male,High school,Above 10yr,Other,Owner,1-2yr,No defect,Outside rural areas,Two-way (divided with broken lines road marking),Tangent road with flat terrain,No junction,Asphalt roads,Dry,Daylight,Normal,Vehicle with vehicle collision,2,1,Turnover,Passenger,Female,Under 18,3.0,No priority to pedestrian,Slight Injury
2024-10-05 14:32:00,Monday,31-50,Male,Elementary school,5-10yr,Automobile,Owner,1-2yr,No defect,Outside rural areas,Undivided Two way,Tangent road with flat terrain,Crossing,Asphalt roads,Dry,Daylight,Normal,Rollover,2,4,Going straight,Passenger,Male,Under 18,3.0,No priority to vehicle,Slight Injury
2024-10-05 14:32:00,Monday,31-50,Male,High school,1-2yr,Other,Governmental,Below 1yr,No defect,Outside rural areas,Undivided Two way,Tangent road with flat terrain,Crossing,Asphalt roads,Dry,Daylight,Normal,Rollover,2,4,Going straight,Driver or rider,Female,18-30,3.0,Changing lane to the left,Slight Injury
2024-10-05 14:32:00,Monday,Over 51,Male,High school,5-10yr,Lorry (41-100Q),Owner,Unknown,No defect,Outside rural areas,Other,Steep grade downward with mountainous terrain,Crossing,Asphalt roads,Dry,Daylight,Normal,Collision with pedestrians,2,4,U-Turn,,,,,Changing lane to the left,Slight Injury
2024-10-05 14:32:00,Monday,Over 51,Male,High school,2-5yr,Automobile,Owner,Unknown,No defect,School areas,Other,Steep grade downward with mountainous terrain,Crossing,Asphalt roads,Dry,Daylight,Normal,Vehicle with vehicle collision,2,4,Going straight,,,,,Overtaking,Slight Injury
2024-10-05 08:40:00,Wednesday,18-30,Male,Junior high school,1-2yr,Automobile,Owner,Above 10yr,No defect,Outside rural areas,Two-way (divided with broken lines road marking),Tangent road with flat terrain,Y Shape,Asphalt roads,Dry,Daylight,Normal,Vehicle with vehicle collision,2,1,Going straight,Driver or rider,Female,18-30,3.0,No distancing,Slight Injury
2024-10-05 08:40:00,Wednesday,Unknown,Male,Above high school,Above 10yr,Lorry (41-100Q),Owner,Unknown,No defect,Outside rural areas,Undivided Two way,Tangent road with flat terrain,Y Shape,Asphalt roads,Dry,Daylight,Normal,Vehicle with vehicle collision,2,1,U-Turn,,,,,No priority to vehicle,Slight Injury
2024-10-05 18:33:00,Tuesday,18-30,Male,Above high school,2-5yr,Automobile,Owner,Unknown,No defect,Outside rural areas,Two-way (divided with broken lines road marking),Escarpments,Crossing,Asphalt roads,Dry,Daylight,Normal,Collision with pedestrians,2,1,Stopping,Driver or rider,Female,18-30,3.0,Changing lane to the right,Slight Injury
2024-10-05 18:33:00,Tuesday,18-30,Male,Elementary school,5-10yr,Automobile,Owner,2-5yrs,No defect,Outside rural areas,Two-way (divided with broken lines road marking),Tangent road with mountainous terrain and,Crossing,Asphalt roads,Dry,Daylight,Normal,Collision with pedestrians,2,1,Going straight,Passenger,Female,31-50,3.0,Changing lane to the left,Slight Injury
2024-10-05 10:50:00,Thursday,18-30,Male,Elementary school,1-2yr,Automobile,Owner,2-5yrs,No defect,Office areas,Undivided Two way,Tangent road with mountainous terrain and,Y Shape,Asphalt roads,Dry,Daylight,Normal,Vehicle with vehicle collision,2,1,Moving Backward,,,,,No distancing,Slight Injury
2024-10-05 10:50:00,Thursday,Unknown,Male,Junior high school,Unknown,Taxi,Owner,2-5yrs,No defect,Outside rural areas,Undivided Two way,Tangent road with mountainous terrain and,Y Shape,Asphalt roads,Dry,Daylight,Normal,Vehicle with vehicle collision,2,1,Getting off,Driver or rider,Female,31-50,3.0,Driving carelessly,Slight Injury
2024-10-05 17:25:00,Wednesday,31-50,Male,Unknown,Unknown,Other,Owner,Unknown,No defect,Outside rural areas,Undivided Two way,Tangent road with mountainous terrain and,O Shape,Asphalt roads,Dry,Daylight,Normal,Vehicle with vehicle collision,2,1,Going straight,Driver or rider,Female,Under 18,3.0,No priority to pedestrian,Slight Injury
2024-10-05 17:25:00,Wednesday,31-50,Male,Elementary school,5-10yr,Other,Owner,2-5yrs,No defect,Outside rural areas,Undivided Two way,Tangent road with flat terrain,O Shape,Asphalt roads,Dry,Daylight,Normal,Collision with roadside objects,2,1,Going straight,,,,,Driving carelessly,Slight Injury
2024-10-05 09:20:00,Wednesday,31-50,Male,Junior high school,2-5yr,Automobile,Owner,Unknown,No defect,Office areas,Undivided Two way,Tangent road with flat terrain,Y Shape,Asphalt roads,Dry,Daylight,Normal,Vehicle with vehicle collision,2,1,Turnover,Driver or rider,Male,18-30,2.0,Moving Backward,Slight Injury
2024-10-05 09:20:00,Wednesday,31-50,Male,Junior high school,5-10yr,Pick up upto 10Q,Owner,Unknown,No defect,Recreational areas,Undivided Two way,Tangent road with flat terrain,Y Shape,Asphalt roads,Dry,Daylight,Normal,Collision with roadside objects,2,1,Moving Backward,,,,,No distancing,Slight Injury
2024-10-05 11:00:00,Wednesday,31-50,Male,High school,2-5yr,Other,Owner,Above 10yr,No defect,Office areas,Undivided Two way,Tangent road with flat terrain,Y Shape,Asphalt roads,Dry,Daylight,Normal,Vehicle with vehicle collision,2,1,Going straight,,,,,No distancing,Slight Injury
2024-10-05 11:00:00,Wednesday,18-30,Male,Junior high school,1-2yr,Automobile,Owner,2-5yrs,No defect,Other,Two-way (divided with broken lines road marking),Tangent road with mild grade and flat terrain,Y Shape,Asphalt roads,Dry,Daylight,Normal,Vehicle with vehicle collision,2,1,Moving Backward,Passenger,Female,Under 18,3.0,No distancing,Slight Injury
2024-10-05 11:35:00,Tuesday,18-30,Male,Junior high school,1-2yr,Public (12 seats),Owner,Above 10yr,No defect,Residential areas,Two-way (divided with broken lines road marking),Tangent road with flat terrain,Y Shape,Asphalt roads,Dry,Daylight,Normal,Collision with roadside objects,2,1,Going straight,Passenger,Female,Under 18,3.0,Changing lane to the left,Slight Injury
2024-10-05 11:35:00,Tuesday,Unknown,Male,Junior high school,5-10yr,Public (13-45 seats),Owner,Above 10yr,No defect,Residential areas,Other,Tangent road with flat terrain,Y Shape,Gravel roads,Dry,Daylight,Normal,Vehicle with vehicle collision,2,1,Other,,,,,Changing lane to the left,Slight Injury
2024-10-05 12:30:00,Tuesday,31-50,Male,Illiterate,Unknown,Lorry (11-40Q),Owner,Unknown,No defect,Residential areas,Undivided Two way,Tangent road with flat terrain,Y Shape,Asphalt roads,Dry,Daylight,Normal,Vehicle with vehicle collision,2,1,Going straight,Pedestrian,Female,18-30,3.0,Moving Backward,Serious Injury
2024-10-05 12:30:00,Tuesday,Unknown,Male,Junior high school,5-10yr,Stationwagen,Owner,Above 10yr,No defect,Other,Undivided Two way,Tangent road with flat terrain,Y Shape,Asphalt roads,Dry,Daylight,Normal,Collision with roadside objects,2,1,Other,Pedestrian,Male,Under 18,3.0,Changing lane to the right,Serious Injury
2024-10-05 18:35:00,Thursday,31-50,Male,Junior high school,1-2yr,Ridden horse,Owner,Unknown,No defect,Office areas,Two-way (divided with broken lines road marking),Tangent road with flat terrain,No junction,Asphalt roads,Dry,Darkness - lights lit,Normal,Collision with roadside objects,2,1,Going straight,Passenger,Female,Over 51,3.0,No priority to vehicle,Slight Injury
2024-10-05 18:35:00,Thursday,31-50,Male,Junior high school,2-5yr,Stationwagen,Owner,Unknown,Unknown,Other,Two-way (divided with broken lines road marking),Tangent road with flat terrain,No junction,Asphalt roads,Dry,Darkness - lights lit,Normal,Vehicle with vehicle collision,2,1,Other,Driver or rider,Female,31-50,3.0,Moving Backward,Slight Injury
2024-10-05 16:30:00,Saturday,31-50,Male,Junior high school,Above 10yr,Automobile,Owner,Above 10yr,Unknown,Other,Other,Tangent road with flat terrain,No junction,Asphalt roads,Dry,Daylight,Normal,Vehicle with vehicle collision,2,1,Going straight,Passenger,Male,Over 51,3.0,Driving carelessly,Slight Injury
2024-10-05 16:30:00,Saturday,18-30,Male,Junior high school,5-10yr,Automobile,Owner,5-10yrs,Unknown,Office areas,Two-way (divided with broken lines road marking),Tangent road with flat terrain,No junction,Asphalt roads,Dry,Daylight,Normal,Vehicle with vehicle collision,2,1,Going straight,Pedestrian,Male,Over 51,2.0,Driving carelessly,Slight Injury
2024-10-05 21:25:00,Saturday,31-50,Male,High school,1-2yr,Other,Owner,Below 1yr,Unknown,Church areas,Other,Tangent road with flat terrain,Crossing,Asphalt roads,Dry,Darkness - lights lit,Normal,Vehicle with vehicle collision,2,1,Going straight,,,,,Driving under the influence of drugs,Slight Injury
2024-10-05 21:25:00,Saturday,18-30,Male,Junior high school,Above 10yr,Taxi,Owner,Unknown,No defect,Other,Two-way (divided with broken lines road marking),Tangent road with flat terrain,Crossing,Asphalt roads,Dry,Darkness - lights lit,Normal,Vehicle with vehicle collision,2,1,Going straight,Driver or rider,Female,18-30,3.0,No priority to pedestrian,Slight Injury
2024-10-05 21:20:00,Saturday,31-50,Male,Junior high school,1-2yr,Automobile,Owner,Unknown,Unknown,Other,One way,Tangent road with flat terrain,Y Shape,Asphalt roads,Dry,Darkness - lights lit,Normal,Vehicle with vehicle collision,1,1,Going straight,,,,,No priority to vehicle,Slight Injury
2024-10-05 08:43:00,Tuesday,Over 51,Male,Junior high school,2-5yr,Stationwagen,Owner,Unknown,Unknown,Office areas,Double carriageway (median),Tangent road with flat terrain,Y Shape,Asphalt roads,Dry,Daylight,Normal,Vehicle with vehicle collision,1,1,Other,Driver or rider,Female,Over 51,3.0,Driving carelessly,Slight Injury
2024-10-05 16:49:00,Tuesday,18-30,Male,Junior high school,Above 10yr,Automobile,Owner,Unknown,Unknown,Office areas,One way,Tangent road with mild grade and flat terrain,Y Shape,Asphalt roads,Dry,Daylight,Normal,Vehicle with vehicle collision,2,1,Other,Passenger,Male,Over 51,3.0,Moving Backward,Slight Injury
2024-10-05 16:49:00,Tuesday,Unknown,Male,Junior high school,2-5yr,Public (12 seats),Owner,Unknown,Unknown,Office areas,Undivided Two way,Tangent road with flat terrain,Y Shape,Asphalt roads,Dry,Daylight,Normal,Vehicle with vehicle collision,2,1,Going straight,Driver or rider,Male,31-50,2.0,Driving carelessly,Slight Injury
2024-10-05 15:30:00,Thursday,31-50,Male,Elementary school,5-10yr,Other,Owner,Unknown,No defect,Office areas,Double carriageway (median),Tangent road with flat terrain,Crossing,Asphalt roads,Dry,Daylight,Normal,Vehicle with vehicle collision,2,1,Going straight,Passenger,Female,18-30,2.0,No priority to vehicle,Slight Injury
2024-10-05 15:30:00,Thursday,18-30,Male,Unknown,Unknown,Automobile,Owner,Unknown,Unknown,Other,Two-way (divided with broken lines road marking),Tangent road with flat terrain,Crossing,Asphalt roads,Dry,Daylight,Normal,Vehicle with vehicle collision,2,1,Getting off,Driver or rider,Male,18-30,2.0,Changing lane to the right,Slight Injury
2024-10-05 18:57:00,Thursday,18-30,Male,Elementary school,1-2yr,Lorry (41-100Q),Owner,Below 1yr,Unknown,Office areas,Undivided Two way,Tangent road with flat terrain,Crossing,Gravel roads,Dry,Darkness - lights lit,Normal,Vehicle with vehicle collision,2,1,Going straight,Passenger,Female,Under 18,1.0,Changing lane to the left,Slight Injury