Time,Day_of_week,Age_band_of_driver,Sex_of_driver,Educational_level,Driving_experience,Type_of_vehicle,Owner_of_vehicle,Service_year_of_vehicle,Defect_of_vehicle,Area_accident_occured,Lanes_or_Medians,Road_allignment,Types_of_Junction,Road_surface_type,Road_surface_conditions,Light_conditions,Weather_conditions,Type_of_collision,Number_of_vehicles_involved,Number_of_casualties,Vehicle_movement,Casualty_class,Sex_of_casualty,Age_band_of_casualty,Casualty_severity,Cause_of_accident,Accident_severity
2024-10-05 18:57:00,Thursday,18-30,Unknown,Elementary school,5-10yr,Other,Owner,Unknown,Unknown,Other,Other,Tangent road with flat terrain,Crossing,Asphalt roads,Dry,Darkness - lights lit,Normal,Vehicle with vehicle collision,2,1,Going straight,,,,,No priority to vehicle,Slight Injury
2024-10-05 17:00:00,Thursday,Unknown,Male,Elementary school,5-10yr,Public (> 45 seats),Owner,Unknown,Unknown,Other,Double carriageway (median),Tangent road with flat terrain,No junction,Asphalt roads,Dry,Daylight,Normal,Vehicle with vehicle collision,2,1,Going straight,Driver or rider,Female,31-50,3.0,Driving carelessly,Serious Injury
2024-10-05 17:00:00,Thursday,Over 51,Male,Junior high school,1-2yr,Other,Governmental,Unknown,Unknown,Other,Two-way (divided with broken lines road marking),Tangent road with flat terrain,No junction,Asphalt roads,Dry,Daylight,Normal,Vehicle with vehicle collision,2,1,Going straight,,,,,Moving Backward,Serious Injury
2024-10-05 16:50:00,Friday,Over 51,Male,Junior high school,5-10yr,Public (12 seats),Owner,Unknown,Unknown,Office areas,Other,Tangent road with flat terrain,Y Shape,Asphalt roads,Dry,Darkness - lights lit,Normal,Vehicle with vehicle collision,2,1,Going straight,,,,,No distancing,Slight Injury
2024-10-05 16:50:00,Friday,18-30,Male,Junior high school,5-10yr,Public (12 seats),Owner,Unknown,Unknown,Office areas,Other,Tangent road with flat terrain,Y Shape,Earth roads,Dry,Darkness - lights lit,Normal,Vehicle with vehicle collision,2,1,Getting off,Driver or rider,Male,31-50,3.0,Changing lane to the left,Slight Injury
2024-10-05 08:03:00,Monday,31-50,Male,Junior high school,2-5yr,Automobile,Owner,Unknown,Unknown,Office areas,Two-way (divided with broken lines road marking),Tangent road with flat terrain,No junction,Asphalt roads,Dry,Daylight,Normal,Vehicle with vehicle collision,2,1,Going straight,Pedestrian,Female,Over 51,1.0,Changing lane to the left,Slight Injury
2024-10-05 08:03:00,Monday,31-50,Male,Junior high school,1-2yr,Other,Governmental,Unknown,No defect,Office areas,Two-way (divided with broken lines road marking),Tangent road with flat terrain,No junction,Asphalt roads,Dry,Daylight,Normal,Collision with roadside objects,2,1,Going straight,Driver or rider,Female,31-50,3.0,No distancing,Slight Injury
2024-10-05 16:40:00,Monday,31-50,Male,Junior high school,5-10yr,Automobile,Owner,2-5yrs,Unknown,Church areas,Undivided Two way,Tangent road with flat terrain,Y Shape,Other,Dry,Daylight,Normal,Vehicle with vehicle collision,2,1,Other,Passenger,Female,Under 18,3.0,Changing lane to the left,Slight Injury
2024-10-05 16:40:00,Monday,31-50,Male,Junior high school,Below 1yr,Lorry (41-100Q),Governmental,Unknown,Unknown,Office areas,Two-way (divided with broken lines road marking),Tangent road with flat terrain,Y Shape,Gravel roads,Dry,Daylight,Normal,Collision with pedestrians,2,1,Going straight,Pedestrian,Male,Under 18,3.0,Driving carelessly,Slight Injury
2024-10-05 07:40:00,Monday,18-30,Male,Junior high school,5-10yr,Public (12 seats),Governmental,Unknown,Unknown,Residential areas,Two-way (divided with broken lines road marking),Tangent road with flat terrain,Crossing,Asphalt roads,Dry,Daylight,Normal,Vehicle with vehicle collision,2,1,Going straight,Driver or rider,Female,18-30,3.0,Changing lane to the left,Slight Injury
2024-10-05 07:40:00,Monday,Unknown,Male,Junior high school,5-10yr,Lorry (11-40Q),Owner,Unknown,Unknown,School areas,Two-way (divided with broken lines road marking),Tangent road with flat terrain,Crossing,Other,Dry,Daylight,Normal,Collision with roadside objects,2,1,Going straight,,,,,No distancing,Slight Injury
2024-10-05 04:46:00,Tuesday,Under 18,Male,Unknown,5-10yr,Automobile,Owner,Unknown,Unknown,Office areas,Undivided Two way,Tangent road with flat terrain,Crossing,Asphalt roads,Dry,Darkness - lights lit,Normal,Vehicle with vehicle collision,2,1,Going straight,,,,,Changing lane to the right,Slight Injury
2024-10-05 04:46:00,Tuesday,31-50,Male,Junior high school,5-10yr,Automobile,Owner,5-10yrs,Unknown,Other,Undivided Two way,Tangent road with flat terrain,Crossing,Earth roads,Dry,Darkness - lights lit,Normal,Vehicle with vehicle collision,2,1,Going straight,Driver or rider,Male,Over 51,2.0,No distancing,Slight Injury
2024-10-05 14:19:00,Tuesday,31-50,Male,High school,2-5yr,Automobile,Owner,Unknown,Unknown,Other,Double carriageway (median),Tangent road with flat terrain,Y Shape,Asphalt roads,Dry,Daylight,Normal,Vehicle with vehicle collision,2,1,Reversing,Pedestrian,Male,Over 51,3.0,Driving to the left,Slight Injury
2024-10-05 14:19:00,Tuesday,31-50,Male,Above high school,5-10yr,Bajaj,Governmental,Unknown,No defect,Other,Double carriageway (median),Tangent road with flat terrain,Y Shape,Asphalt roads,Dry,Daylight,Normal,Vehicle with vehicle collision,2,1,Other,,,,,No distancing,Slight Injury
2024-10-05 18:15:00,Tuesday,18-30,Male,Junior high school,Above 10yr,Public (12 seats),Owner,5-10yrs,No defect,Other,Two-way (divided with broken lines road marking),Tangent road with flat terrain,O Shape,Asphalt roads,Dry,Daylight,Normal,Vehicle with vehicle collision,2,1,Going straight,,,,,Overtaking,Slight Injury
2024-10-05 18:15:00,Tuesday,Unknown,Male,Junior high school,Below 1yr,Lorry (11-40Q),Owner,Unknown,No defect,Office areas,Double carriageway (median),Tangent road with mild grade and flat terrain,O Shape,Asphalt roads,Dry,Daylight,Normal,Rollover,2,1,Going straight,Driver or rider,Male,18-30,1.0,Driving under the influence of drugs,Slight Injury
2024-10-05 07:50:00,Tuesday,31-50,Male,Elementary school,5-10yr,Automobile,Owner,Unknown,Unknown,Office areas,Two-way (divided with broken lines road marking),Tangent road with flat terrain,Crossing,Asphalt roads,Dry,Daylight,Normal,Collision with roadside objects,2,1,Going straight,Driver or rider,Male,Under 18,2.0,No priority to pedestrian,Slight Injury
2024-10-05 07:50:00,Tuesday,18-30,Male,Elementary school,2-5yr,Public (> 45 seats),Owner,Unknown,Unknown,Office areas,Other,Tangent road with mild grade and flat terrain,Crossing,Earth roads,Dry,Daylight,Normal,Vehicle with vehicle collision,2,1,Going straight,,,,,Moving Backward,Slight Injury
2024-10-05 08:20:00,Wednesday,18-30,Male,Junior high school,2-5yr,Lorry (41-100Q),Owner,Unknown,Unknown,Office areas,Other,Tangent road with mild grade and flat terrain,No junction,Asphalt roads,Dry,Daylight,Normal,Collision with roadside objects,2,1,Going straight,,,,,Changing lane to the right,Slight Injury
2024-10-05 08:20:00,Wednesday,31-50,Male,Junior high school,1-2yr,Public (> 45 seats),Owner,Unknown,Unknown,Office areas,One way,Tangent road with flat terrain,No junction,Asphalt roads,Dry,Daylight,Normal,Vehicle with vehicle collision,2,1,Going straight,,,,,Changing lane to the left,Slight Injury
2024-10-05 15:30:00,Wednesday,18-30,Male,Junior high school,2-5yr,Other,Other,Unknown,Unknown,Office areas,Two-way (divided with broken lines road marking),Tangent road with flat terrain,Y Shape,Asphalt roads,Dry,Daylight,Normal,Vehicle with vehicle collision,1,1,Going straight,Driver or rider,Male,18-30,3.0,Changing lane to the right,Slight Injury
2024-10-05 16:47:00,Wednesday,Over 51,Male,Junior high school,2-5yr,Other,Owner,Unknown,Unknown,Office areas,Other,Tangent road with flat terrain,Crossing,Asphalt roads,Dry,Daylight,Normal,Vehicle with vehicle collision,2,1,Going straight,,,,,Driving under the influence of drugs,Slight Injury
2024-10-05 16:47:00,Wednesday,31-50,Male,Junior high school,Above 10yr,Automobile,Owner,5-10yrs,Unknown,Other,Undivided Two way,Tangent road with flat terrain,Crossing,Asphalt roads,Dry,Daylight,Normal,Vehicle with vehicle collision,2,1,Going straight,Driver or rider,Male,31-50,3.0,No priority to vehicle,Slight Injury
2024-10-05 23:50:00,Wednesday,18-30,Male,High school,Below 1yr,Automobile,Owner,Unknown,No defect,Other,Two-way (divided with broken lines road marking),Tangent road with flat terrain,Y Shape,Asphalt roads,Dry,Darkness - lights lit,Normal,Vehicle with vehicle collision,1,1,Moving Backward,,,,,No priority to vehicle,Slight Injury
2024-10-05 14:30:00,Wednesday,31-50,Male,Junior high school,2-5yr,Lorry (41-100Q),Other,2-5yrs,No defect,Residential areas,Two-way (divided with broken lines road marking),Tangent road with flat terrain,Y Shape,Asphalt roads,Dry,Daylight,Normal,Collision with roadside objects,1,1,Moving Backward,Pedestrian,Male,Over 51,3.0,Changing lane to the left,Slight Injury
2024-10-05 08:10:00,Friday,31-50,Male,High school,Above 10yr,Automobile,Owner,Unknown,No defect,Other,Two-way (divided with broken lines road marking),Tangent road with flat terrain,Y Shape,Asphalt roads,Dry,Daylight,Normal,Vehicle with vehicle collision,2,1,Turnover,Pedestrian,Female,Over 51,3.0,Changing lane to the right,Slight Injury
2024-10-05 08:10:00,Friday,18-30,Male,Junior high school,Above 10yr,Public (13-45 seats),Owner,5-10yrs,No defect,Other,Two-way (divided with broken lines road marking),Tangent road with flat terrain,Y Shape,Asphalt roads,Dry,Daylight,Normal,Collision with roadside objects,2,1,Other,Pedestrian,Male,Under 18,3.0,Changing lane to the right,Slight Injury
2024-10-05 21:12:00,Wednesday,Over 51,Male,High school,5-10yr,Automobile,Governmental,Unknown,No defect,Other,Two-way (divided with broken lines road marking),Tangent road with flat terrain,Crossing,Asphalt roads,Wet or damp,Darkness - lights lit,Raining,Vehicle with vehicle collision,2,2,Other,Driver or rider,Male,18-30,3.0,Changing lane to the left,Slight Injury
2024-10-05 21:12:00,Wednesday,Over 51,Male,Junior high school,Above 10yr,Public (> 45 seats),Owner,5-10yrs,Unknown,Other,Undivided Two way,Tangent road with flat terrain,Crossing,Asphalt roads,Wet or damp,Darkness - lights lit,Raining,Vehicle with vehicle collision,2,2,Going straight,Passenger,Male,18-30,3.0,Changing lane to the left,Slight Injury
2024-10-05 21:12:00,Wednesday,Unknown,Male,Junior high school,1-2yr,Lorry (41-100Q),Owner,Unknown,Unknown,Industrial areas,Undivided Two way,Tangent road with flat terrain,Crossing,Earth roads,Wet or damp,Darkness - lights lit,Raining,Vehicle with vehicle collision,2,2,Going straight,,,,,Getting off the vehicle improperly,Slight Injury
2024-10-05 19:10:00,Saturday,18-30,Male,Junior high school,2-5yr,Automobile,Owner,5-10yrs,Unknown,Industrial areas,Undivided Two way,Tangent road with flat terrain,Crossing,Asphalt roads,Dry,Darkness - lights lit,Normal,Vehicle with vehicle collision,2,1,Other,Driver or rider,Female,18-30,2.0,Overtaking,Slight Injury
2024-10-05 19:10:00,Saturday,Unknown,Male,Elementary school,2-5yr,Lorry (11-40Q),Owner,Unknown,No defect,Church areas,Double carriageway (median),Tangent road with flat terrain,Crossing,Asphalt roads,Dry,Darkness - lights lit,Normal,Vehicle with vehicle collision,2,1,Other,,,,,Changing lane to the left,Slight Injury
2024-10-05 11:56:00,Sunday,18-30,Male,Elementary school,5-10yr,Public (13-45 seats),Owner,Unknown,No defect,Other,Undivided Two way,Tangent road with flat terrain,Y Shape,Asphalt roads,Dry,Daylight,Normal,Vehicle with vehicle collision,2,1,Going straight,Driver or rider,Male,31-50,3.0,Driving under the influence of drugs,Slight Injury
2024-10-05 11:56:00,Sunday,Over 51,Male,Junior high school,5-10yr,Public (13-45 seats),Owner,Above 10yr,Unknown,Other,Undivided Two way,Tangent road with flat terrain,Y Shape,Asphalt roads,Dry,Daylight,Normal,Vehicle with vehicle collision,2,1,Reversing,Driver or rider,Male,Over 51,3.0,Driving carelessly,Slight Injury
2024-10-05 19:08:00,Friday,18-30,Male,High school,5-10yr,Other,Owner,Unknown,No defect,Office areas,Undivided Two way,Tangent road with flat terrain,No junction,Other,Dry,Darkness - lights lit,Normal,Vehicle with vehicle collision,1,1,Other,,,,,Moving Backward,Slight Injury
2024-10-05 07:14:00,Friday,18-30,Male,Junior high school,Above 10yr,Long lorry,Owner,Unknown,No defect,Office areas,Undivided Two way,Tangent road with flat terrain,Crossing,Gravel roads,Dry,Daylight,Normal,Vehicle with vehicle collision,2,1,Turnover,,,,,No distancing,Slight Injury
2024-10-05 07:14:00,Friday,31-50,Male,Junior high school,Below 1yr,Lorry (41-100Q),Governmental,Below 1yr,Unknown,Residential areas,Two-way (divided with broken lines road marking),Tangent road with flat terrain,Crossing,Gravel roads,Dry,Daylight,Normal,Vehicle with vehicle collision,2,1,Going straight,Driver or rider,Male,Under 18,3.0,No priority to vehicle,Slight Injury
2024-10-05 14:30:00,Friday,Unknown,Male,Junior high school,Below 1yr,Lorry (11-40Q),Owner,Unknown,No defect,Industrial areas,Undivided Two way,Tangent road with flat terrain,No junction,Asphalt roads,Dry,Daylight,Normal,Vehicle with vehicle collision,2,1,Going straight,,,,,Overturning,Slight Injury
2024-10-05 14:30:00,Friday,31-50,Male,Junior high school,Above 10yr,Lorry (41-100Q),Owner,Unknown,No defect,Office areas,Undivided Two way,Tangent road with flat terrain,No junction,Asphalt roads,Dry,Daylight,Normal,Rollover,2,1,Going straight,Driver or rider,Male,Under 18,2.0,Changing lane to the left,Slight Injury
2024-10-05 07:55:00,Monday,18-30,Male,High school,5-10yr,Public (12 seats),Owner,Unknown,No defect,Other,Undivided Two way,Tangent road with flat terrain,Crossing,Earth roads,Dry,Daylight,Normal,Collision with roadside objects,2,1,Going straight,Driver or rider,Male,18-30,3.0,No distancing,Slight Injury
2024-10-05 07:55:00,Monday,18-30,Male,Elementary school,5-10yr,Other,Owner,Unknown,Unknown,Other,Two-way (divided with broken lines road marking),Tangent road with flat terrain,Crossing,Asphalt roads,Dry,Daylight,Normal,Vehicle with vehicle collision,2,1,Going straight,Driver or rider,Male,18-30,3.0,Moving Backward,Slight Injury
2024-10-05 13:35:00,Monday,31-50,Male,Junior high school,2-5yr,Taxi,Owner,Unknown,No defect,Residential areas,Undivided Two way,Tangent road with flat terrain,Y Shape,Asphalt roads,Dry,Daylight,Normal,Vehicle with vehicle collision,2,1,Going straight,,,,,No priority to vehicle,Serious Injury
2024-10-05 13:35:00,Monday,Over 51,Male,Junior high school,2-5yr,Other,Owner,Unknown,Unknown,Office areas,Two-way (divided with broken lines road marking),Tangent road with flat terrain,Y Shape,Asphalt roads,Dry,Daylight,Normal,Collision with roadside objects,2,1,Going straight,Driver or rider,Male,Under 18,3.0,No priority to vehicle,Serious Injury
2024-10-05 12:37:00,Saturday,31-50,Male,Above high school,5-10yr,Automobile,Organization,Unknown,Unknown,Residential areas,Other,Tangent road with flat terrain,Y Shape,Asphalt roads,Dry,Daylight,Normal,Vehicle with vehicle collision,1,1,Going straight,Pedestrian,Female,31-50,3.0,No distancing,Slight Injury
2024-10-05 11:25:00,Friday,Unknown,Male,Junior high school,2-5yr,Other,Owner,Unknown,Unknown,Office areas,Two-way (divided with broken lines road marking),Tangent road with flat terrain,Crossing,Earth roads,Dry,Daylight,Normal,Vehicle with vehicle collision,1,1,Going straight,,,,,No distancing,Slight Injury
2024-10-05 18:23:00,Wednesday,31-50,Male,Unknown,Unknown,Lorry (41-100Q),Other,Unknown,Unknown,Church areas,Two-way (divided with broken lines road marking),Tangent road with flat terrain,Y Shape,Asphalt roads,Dry,Darkness - lights lit,Normal,Vehicle with vehicle collision,1,1,Other,Driver or rider,Male,Under 18,3.0,Overtaking,Slight Injury
2024-10-05 21:09:00,Wednesday,31-50,Male,Junior high school,2-5yr,Automobile,Organization,5-10yrs,Unknown,Residential areas,Two-way (divided with broken lines road marking),Tangent road with flat terrain,Crossing,Asphalt roads,Dry,Darkness - lights lit,Normal,Rollover,2,1,Going straight,,,,,Driving under the influence of drugs,Slight Injury
2024-10-05 21:09:00,Wednesday,18-30,Male,Junior high school,5-10yr,Automobile,Owner,Above 10yr,Unknown,School areas,Other,Tangent road with flat terrain,Crossing,Asphalt roads,Dry,Darkness - lights lit,Normal,Rollover,2,1,Going straight,Driver or rider,Female,18-30,3.0,Changing lane to the right,Slight Injury
2024-10-05 15:23:00,Wednesday,31-50,Male,Junior high school,2-5yr,Lorry (41-100Q),Owner,5-10yrs,Unknown,Hospital areas,Other,Steep grade downward with mountainous terrain,Y Shape,Asphalt roads,Wet or damp,Daylight,Raining,Collision with pedestrians,3,1,Moving Backward,Driver or rider,Male,Over 51,3.0,Changing lane to the left,Serious Injury
2024-10-05 15:23:00,Wednesday,31-50,Male,Elementary school,1-2yr,Automobile,Owner,2-5yrs,Unknown,Other,Undivided Two way,Tangent road with flat terrain,Y Shape,Asphalt roads,Wet or damp,Daylight,Raining,Vehicle with vehicle collision,3,1,Going straight,,,,,Driving carelessly,Serious Injury
2024-10-05 15:23:00,Wednesday,Over 51,Male,High school,Unknown,Automobile,Owner,Unknown,Unknown,School areas,Double carriageway (median),Tangent road with flat terrain,Y Shape,Asphalt roads,Wet or damp,Daylight,Raining,Vehicle with vehicle collision,3,1,Moving Backward,Driver or rider,Male,Over 51,2.0,Moving Backward,Serious Injury
2024-10-05 12:30:00,Wednesday,31-50,Male,Junior high school,1-2yr,Automobile,Owner,Above 10yr,No defect,Other,Other,Tangent road with flat terrain,No junction,Asphalt roads,Dry,Daylight,Normal,Vehicle with vehicle collision,2,1,Other,Driver or rider,Male,Under 18,3.0,Moving Backward,Slight Injury
2024-10-05 12:30:00,Wednesday,Unknown,Male,Junior high school,2-5yr,Taxi,Owner,5-10yrs,Unknown,Industrial areas,Undivided Two way,Tangent road with flat terrain,No junction,Asphalt roads,Dry,Daylight,Normal,Collision with pedestrians,2,1,Going straight,,,,,Changing lane to the right,Slight Injury
2024-10-05 17:30:00,Tuesday,31-50,Male,Junior high school,1-2yr,Other,Owner,Unknown,No defect,Church areas,Two-way (divided with broken lines road marking),Tangent road with flat terrain,No junction,Asphalt roads,Dry,Daylight,Normal,Collision with pedestrians,2,1,Reversing,Driver or rider,Male,18-30,3.0,No priority to vehicle,Slight Injury
2024-10-05 17:30:00,Tuesday,Unknown,Male,Elementary school,Above 10yr,Other,Owner,Unknown,No defect,Office areas,Two-way (divided with broken lines road marking),Tangent road with flat terrain,No junction,Asphalt roads,Dry,Daylight,Normal,Vehicle with vehicle collision,2,1,Going straight,,,,,Driving at high speed,Slight Injury
2024-10-05 03:56:00,Sunday,31-50,Male,Junior high school,2-5yr,Automobile,Owner,Unknown,No defect,Other,Two-way (divided with broken lines road marking),Tangent road with flat terrain,Crossing,Earth roads,Dry,Darkness - lights lit,Normal,Vehicle with vehicle collision,2,1,Other,Pedestrian,Male,Under 18,2.0,Driving under the influence of drugs,Slight Injury
2024-10-05 03:56:00,Sunday,31-50,Male,Junior high school,2-5yr,Pick up upto 10Q,Owner,Unknown,No defect,Office areas,Double carriageway (median),Tangent road with flat terrain,Crossing,Asphalt roads,Dry,Darkness - lights lit,Normal,Vehicle with vehicle collision,2,1,Other,Pedestrian,Male,Under 18,3.0,Changing lane to the right,Slight Injury
2024-10-05 10:40:00,Sunday,Over 51,Male,Junior high school,2-5yr,Other,Owner,Unknown,No defect,Office areas,Double carriageway (median),Tangent road with flat terrain,Y Shape,Asphalt roads,Dry,Daylight,Normal,Collision with roadside objects,2,1,Other,,,,,Driving carelessly,Slight Injury
2024-10-05 10:40:00,Sunday,31-50,Male,Junior high school,2-5yr,Automobile,Governmental,Unknown,No defect,Office areas,Double carriageway (median),Tangent road with flat terrain,Y Shape,Asphalt roads,Dry,Daylight,Normal,Vehicle with vehicle collision,2,1,Stopping,Driver or rider,Male,31-50,3.0,No distancing,Slight Injury
2024-10-05 18:41:00,Thursday,31-50,Male,Elementary school,2-5yr,Public (12 seats),Owner,Unknown,No defect,Residential areas,Double carriageway (median),Tangent road with flat terrain,Crossing,Asphalt roads,Dry,Darkness - lights lit,Normal,Collision with roadside objects,2,1,Other,Driver or rider,Female,18-30,3.0,Changing lane to the left,Slight Injury
2024-10-05 18:41:00,Thursday,18-30,Male,Junior high school,2-5yr,Public (13-45 seats),Owner,Unknown,No defect,Office areas,Double carriageway (median),Tangent road with flat terrain,Crossing,Earth roads,Dry,Darkness - lights lit,Normal,Vehicle with vehicle collision,2,1,Other,Passenger,Female,Under 18,3.0,No distancing,Slight Injury
2024-10-05 22:10:00,Thursday,18-30,Male,Elementary school,5-10yr,Lorry (11-40Q),Owner,2-5yrs,Unknown,Other,Undivided Two way,Tangent road with flat terrain,No junction,Asphalt roads,Dry,Darkness - lights lit,Normal,Vehicle with vehicle collision,1,1,Other,Passenger,Female,Under 18,3.0,No distancing,Slight Injury
2024-10-05 20:41:00,Monday,31-50,Male,Elementary school,2-5yr,Stationwagen,Owner,2-5yrs,Unknown,Industrial areas,One way,Other,Crossing,Asphalt roads,Dry,Darkness - lights lit,Normal,Collision with roadside objects,2,1,Going straight,Driver or rider,Female,Over 51,3.0,Getting off the vehicle improperly,Slight Injury
2024-10-05 20:41:00,Monday,18-30,Male,Junior high school,Above 10yr,Automobile,Owner,Unknown,No defect,Other,One way,Tangent road with flat terrain,Crossing,Asphalt roads,Dry,Darkness - lights lit,Normal,Vehicle with vehicle collision,2,1,Going straight,Passenger,Male,Over 51,3.0,Overtaking,Slight Injury
2024-10-05 00:15:00,Friday,31-50,Male,Junior high school,Above 10yr,Public (> 45 seats),Owner,Unknown,No defect,Office areas,Double carriageway (median),Tangent road with flat terrain,No junction,Asphalt roads,Wet or damp,Darkness - lights lit,Raining,Vehicle with vehicle collision,1,1,Going straight,Passenger,Male,31-50,3.0,Driving carelessly,Serious Injury
2024-10-05 02:15:00,Saturday,31-50,Male,High school,Above 10yr,Lorry (41-100Q),Governmental,Unknown,Unknown,Office areas,Two-way (divided with broken lines road marking),Tangent road with flat terrain,Y Shape,Asphalt roads,Dry,Darkness - lights lit,Normal,Collision with roadside objects,1,1,Going straight,,,,,Driving under the influence of drugs,Serious Injury
2024-10-05 14:40:00,Saturday,Over 51,Male,Junior high school,5-10yr,Public (> 45 seats),Governmental,Unknown,No defect,Other,Double carriageway (median),Tangent road with flat terrain,Crossing,Asphalt roads,Dry,Daylight,Normal,Collision with roadside objects,2,1,Going straight,,,,,Moving Backward,Slight Injury
2024-10-05 14:40:00,Saturday,31-50,Male,Junior high school,2-5yr,Other,Owner,Unknown,Unknown,Other,Other,Tangent road with flat terrain,Crossing,Asphalt roads,Dry,Daylight,Normal,Vehicle with vehicle collision,2,1,Going straight,,,,,Overturning,Slight Injury
2024-10-05 15:20:00,Monday,18-30,Male,Elementary school,1-2yr,Other,Owner,Unknown,Unknown,Office areas,Double carriageway (median),Tangent road with flat terrain,No junction,Asphalt roads,Dry,Daylight,Normal,Vehicle with vehicle collision,3,1,Going straight,Driver or rider,Male,Under 18,3.0,Driving under the influence of drugs,Slight Injury
2024-10-05 15:20:00,Monday,18-30,Male,Junior high school,2-5yr,Automobile,Owner,Unknown,No defect,Office areas,Two-way (divided with broken lines road marking),Tangent road with flat terrain,No junction,Other,Dry,Daylight,Normal,Vehicle with vehicle collision,3,1,Going straight,Driver or rider,Male,18-30,2.0,Changing lane to the right,Slight Injury
2024-10-05 15:20:00,Monday,Over 51,Male,Junior high school,5-10yr,Automobile,Owner,5-10yrs,Unknown,Office areas,Undivided Two way,Tangent road with flat terrain,No junction,Asphalt roads,Dry,Daylight,Normal,Vehicle with vehicle collision,3,1,Going straight,,,,,Changing lane to the left,Slight Injury
2024-10-05 19:25:00,Saturday,18-30,Male,Unknown,Unknown,Lorry (41-100Q),Owner,Unknown,Unknown,Other,Undivided Two way,Tangent road with flat terrain,Crossing,Asphalt roads,Dry,Darkness - lights lit,Normal,Vehicle with vehicle collision,2,1,Going straight,,,,,No distancing,Slight Injury
2024-10-05 19:25:00,Saturday,18-30,Male,Elementary school,5-10yr,Automobile,Owner,Unknown,No defect,Other,Undivided Two way,Tangent road with flat terrain,Crossing,Asphalt roads,Dry,Darkness - lights lit,Normal,Vehicle with vehicle collision,2,1,Going straight,Driver or rider,Male,31-50,3.0,No distancing,Slight Injury
2024-10-05 07:00:00,Friday,18-30,Male,High school,Above 10yr,Public (13-45 seats),Owner,Unknown,No defect,Recreational areas,Undivided Two way,Tangent road with flat terrain,Y Shape,Asphalt roads,Dry,Daylight,Normal,Vehicle with vehicle collision,2,1,Reversing,,,,,No priority to vehicle,Slight Injury
2024-10-05 07:00:00,Friday,Unknown,Male,Junior high school,Above 10yr,Automobile,Owner,Unknown,No defect,Church areas,Undivided Two way,Tangent road with flat terrain,Y Shape,Asphalt roads,Dry,Daylight,Normal,Vehicle with vehicle collision,2,1,Going straight,Driver or rider,Male,31-50,3.0,Moving Backward,Slight Injury
2024-10-05 11:40:00,Tuesday,Unknown,Male,Junior high school,1-2yr,Public (> 45 seats),Other,1-2yr,No defect,Recreational areas,Other,Tangent road with flat terrain,Y Shape,Asphalt roads,Dry,Daylight,Normal,Vehicle with vehicle collision,1,1,Other,Pedestrian,Male,Over 51,3.0,Moving Backward,Slight Injury
2024-10-05 22:39:00,Wednesday,Over 51,Male,High school,Unknown,Lorry (41-100Q),Owner,5-10yrs,No defect,School areas,Other,Tangent road with flat terrain,Y Shape,Asphalt roads,Dry,Darkness - lights lit,Normal,Vehicle with vehicle collision,1,1,Other,Passenger,Female,18-30,3.0,Getting off the vehicle improperly,Slight Injury
2024-10-05 19:30:00,Tuesday,18-30,Male,Junior high school,2-5yr,Automobile,Owner,Unknown,No defect,Church areas,Double carriageway (median),Tangent road with flat terrain,Y Shape,Earth roads,Dry,Darkness - lights lit,Normal,Vehicle with vehicle collision,2,1,Getting off,,,,,Changing lane to the left,Slight Injury
2024-10-05 19:30:00,Tuesday,Unknown,Female,Junior high school,5-10yr,Lorry (11-40Q),Owner,5-10yrs,Unknown,Office areas,Other,Tangent road with flat terrain,Y Shape,Asphalt roads,Dry,Darkness - lights lit,Normal,Vehicle with vehicle collision,2,1,Going straight,Driver or rider,Female,31-50,3.0,Changing lane to the left,Slight Injury
2024-10-05 12:07:00,Tuesday,31-50,Male,Junior high school,2-5yr,Public (13-45 seats),Owner,2-5yrs,Unknown,Residential areas,One way,Steep grade downward with mountainous terrain,No junction,Asphalt roads,Dry,Daylight,Normal,Vehicle with vehicle collision,2,1,Going straight,Passenger,Male,Under 18,3.0,No priority to vehicle,Slight Injury
2024-10-05 12:07:00,Tuesday,31-50,Male,Junior high school,Above 10yr,Public (13-45 seats),Owner,Unknown,No defect,Other,One way,Tangent road with flat terrain,No junction,Asphalt roads,Dry,Daylight,Normal,Vehicle with vehicle collision,2,1,Going straight,Driver or rider,Female,Over 51,3.0,Changing lane to the right,Slight Injury
2024-10-05 22:40:00,Friday,18-30,Male,Elementary school,5-10yr,Other,Owner,Unknown,No defect,Other,Undivided Two way,Tangent road with flat terrain,Y Shape,Asphalt roads,Dry,Darkness - lights lit,Normal,Vehicle with vehicle collision,2,1,Going straight,,,,,Changing lane to the right,Slight Injury
2024-10-05 22:40:00,Friday,Unknown,Male,Junior high school,5-10yr,Long lorry,Governmental,1-2yr,No defect,Industrial areas,One way,Tangent road with flat terrain,Y Shape,Asphalt roads,Dry,Darkness - lights lit,Normal,Vehicle with vehicle collision,2,1,Turnover,Driver or rider,Female,Under 18,3.0,Driving carelessly,Slight Injury
2024-10-05 16:00:00,Sunday,18-30,Male,Above high school,1-2yr,Lorry (41-100Q),Governmental,1-2yr,No defect,Church areas,Other,Steep grade downward with mountainous terrain,Y Shape,Asphalt roads,Dry,Daylight,Normal,Vehicle with vehicle collision,3,1,Entering a junction,Pedestrian,Male,Under 18,3.0,Changing lane to the left,Slight Injury