Time,Day_of_week,Age_band_of_driver,Sex_of_driver,Educational_level,Driving_experience,Type_of_vehicle,Owner_of_vehicle,Service_year_of_vehicle,Defect_of_vehicle,Area_accident_occured,Lanes_or_Medians,Road_allignment,Types_of_Junction,Road_surface_type,Road_surface_conditions,Light_conditions,Weather_conditions,Type_of_collision,Number_of_vehicles_involved,Number_of_casualties,Vehicle_movement,Casualty_class,Sex_of_casualty,Age_band_of_casualty,Casualty_severity,Cause_of_accident,Accident_severity
2024-10-05 16:00:00,Sunday,Unknown,Male,Elementary school,Above 10yr,Lorry (11-40Q),Organization,1-2yr,No defect,Office areas,Other,Tangent road with flat terrain,Y Shape,Asphalt roads,Dry,Daylight,Normal,Vehicle with vehicle collision,3,1,Entering a junction,,,,,Changing lane to the right,Slight Injury
2024-10-05 16:00:00,Sunday,Unknown,Female,Elementary school,5-10yr,Lorry (41-100Q),Owner,Unknown,No defect,Office areas,Undivided Two way,Tangent road with flat terrain,Y Shape,Asphalt roads,Dry,Daylight,Normal,Collision with roadside objects,3,1,Entering a junction,Driver or rider,Male,Under 18,3.0,Driving under the influence of drugs,Slight Injury
2024-10-05 20:55:00,Sunday,31-50,Male,Elementary school,2-5yr,Public (12 seats),Owner,Unknown,Unknown,Office areas,Double carriageway (median),Tangent road with flat terrain,Y Shape,Asphalt roads,Dry,Darkness - lights lit,Normal,Vehicle with vehicle collision,1,1,Entering a junction,,,,,Driving carelessly,Serious Injury
2024-10-05 08:50:00,Sunday,Over 51,Male,Elementary school,2-5yr,Other,Owner,2-5yrs,Unknown,Other,Two-way (divided with broken lines road marking),Tangent road with flat terrain,Crossing,Asphalt roads,Dry,Daylight,Normal,Collision with pedestrians,2,1,Other,Driver or rider,Male,18-30,3.0,No distancing,Slight Injury
2024-10-05 08:50:00,Sunday,18-30,Male,Junior high school,5-10yr,Taxi,Owner,Unknown,Unknown,Office areas,Undivided Two way,Tangent road with flat terrain,Crossing,Asphalt roads,Dry,Daylight,Normal,Vehicle with vehicle collision,2,1,Entering a junction,,,,,No priority to vehicle,Slight Injury
2024-10-05 21:41:00,Friday,18-30,Male,Junior high school,1-2yr,Other,Owner,Unknown,No defect,Other,Double carriageway (median),Tangent road with flat terrain,Y Shape,Asphalt roads,Dry,Darkness - lights lit,Normal,Collision with roadside objects,2,2,Turnover,,,,,No priority to vehicle,Slight Injury
2024-10-05 21:41:00,Friday,18-30,Male,Junior high school,5-10yr,Automobile,Owner,Above 10yr,No defect,Industrial areas,Two-way (divided with broken lines road marking),Tangent road with flat terrain,Y Shape,Asphalt roads,Dry,Darkness - lights lit,Normal,Vehicle with vehicle collision,2,2,Entering a junction,Driver or rider,Female,18-30,3.0,No priority to vehicle,Slight Injury
2024-10-05 21:41:00,Friday,18-30,Male,Junior high school,5-10yr,Other,Owner,Unknown,No defect,Residential areas,Other,Tangent road with flat terrain,Y Shape,Asphalt roads,Dry,Darkness - lights lit,Normal,Vehicle with vehicle collision,2,2,Entering a junction,Pedestrian,Female,Over 51,3.0,Changing lane to the left,Slight Injury
2024-10-05 11:36:00,Friday,31-50,Male,Above high school,5-10yr,Lorry (41-100Q),Owner,Unknown,No defect,Other,Two-way (divided with broken lines road marking),Tangent road with flat terrain,Crossing,Asphalt roads,Dry,Daylight,Normal,Vehicle with vehicle collision,2,1,Entering a junction,,,,,Moving Backward,Slight Injury
2024-10-05 11:36:00,Friday,18-30,Male,Junior high school,Above 10yr,Automobile,Owner,5-10yrs,Unknown,Other,One way,Tangent road with flat terrain,Crossing,Earth roads,Dry,Daylight,Normal,Vehicle with vehicle collision,2,1,Entering a junction,Driver or rider,Male,Over 51,3.0,Driving carelessly,Slight Injury
2024-10-05 14:15:00,Friday,18-30,Male,Elementary school,2-5yr,Automobile,Owner,1-2yr,No defect,Other,One way,Tangent road with flat terrain,Y Shape,Asphalt roads,Dry,Daylight,Normal,Vehicle with vehicle collision,1,1,Entering a junction,Passenger,Male,31-50,3.0,Driving under the influence of drugs,Slight Injury
2024-10-05 16:30:00,Wednesday,Unknown,Male,Junior high school,5-10yr,Lorry (41-100Q),Owner,Unknown,Unknown,Other,Undivided Two way,Tangent road with flat terrain,Y Shape,Other,Dry,Daylight,Normal,Rollover,1,1,Other,Driver or rider,Female,Over 51,3.0,Changing lane to the right,Serious Injury
2024-10-05 21:23:00,Saturday,18-30,Male,Unknown,Unknown,Automobile,Other,Unknown,Unknown,Other,Two-way (divided with broken lines road marking),Tangent road with flat terrain,Crossing,Asphalt roads,Wet or damp,Darkness - lights lit,Normal,Collision with roadside objects,2,1,Going straight,Passenger,Male,Over 51,3.0,No priority to vehicle,Slight Injury
2024-10-05 21:23:00,Saturday,Unknown,Male,Junior high school,5-10yr,Automobile,Governmental,Below 1yr,No defect,Residential areas,Other,Steep grade downward with mountainous terrain,Crossing,Asphalt roads,Wet or damp,Darkness - lights lit,Normal,Vehicle with vehicle collision,2,1,Going straight,Driver or rider,Male,31-50,3.0,Changing lane to the right,Slight Injury
2024-10-05 14:58:00,Monday,31-50,Male,Junior high school,Unknown,Automobile,Owner,Unknown,No defect,Office areas,Two-way (divided with broken lines road marking),Tangent road with flat terrain,No junction,Asphalt roads,Dry,Daylight,Normal,Vehicle with vehicle collision,2,1,Other,Passenger,Female,Over 51,3.0,Driving to the left,Slight Injury
2024-10-05 14:58:00,Monday,31-50,Male,Junior high school,Unknown,Taxi,Owner,Unknown,Unknown,Office areas,Two-way (divided with broken lines road marking),Tangent road with flat terrain,No junction,Asphalt roads,Dry,Daylight,Normal,Collision with roadside objects,2,1,Going straight,Passenger,Male,Over 51,3.0,Moving Backward,Slight Injury
2024-10-05 09:30:00,Monday,31-50,Male,Junior high school,1-2yr,Other,Owner,Unknown,No defect,Other,Two-way (divided with broken lines road marking),Tangent road with flat terrain,Y Shape,Asphalt roads,Dry,Daylight,Normal,Vehicle with vehicle collision,1,1,Going straight,,,,,No priority to vehicle,Slight Injury
2024-10-05 17:45:00,Wednesday,31-50,Male,Above high school,5-10yr,Other,Owner,Above 10yr,No defect,Other,One way,Tangent road with flat terrain,Crossing,Asphalt roads,Dry,Darkness - lights lit,Normal,Vehicle with vehicle collision,2,1,Going straight,Driver or rider,Male,31-50,3.0,No distancing,Slight Injury
2024-10-05 17:45:00,Wednesday,18-30,Male,Junior high school,2-5yr,Automobile,Owner,Unknown,No defect,Office areas,Two-way (divided with broken lines road marking),Tangent road with flat terrain,Crossing,Asphalt roads,Dry,Darkness - lights lit,Normal,Vehicle with vehicle collision,2,1,Going straight,Driver or rider,Male,Under 18,3.0,Driving carelessly,Slight Injury
2024-10-05 19:15:00,Thursday,Unknown,Male,Junior high school,5-10yr,Pick up upto 10Q,Owner,2-5yrs,Unknown,Office areas,Undivided Two way,Tangent road with flat terrain,Y Shape,Asphalt roads,Wet or damp,Darkness - lights lit,Raining,Vehicle with vehicle collision,1,1,Going straight,,,,,Changing lane to the left,Slight Injury
2024-10-05 10:41:00,Friday,31-50,Male,High school,2-5yr,Other,Owner,Unknown,No defect,Other,Two-way (divided with broken lines road marking),Tangent road with flat terrain,Crossing,Asphalt roads,Dry,Daylight,Normal,Vehicle with vehicle collision,1,1,Reversing,,,,,No priority to vehicle,Slight Injury
2024-10-05 21:15:00,Friday,31-50,Male,Junior high school,Above 10yr,Automobile,Owner,Unknown,No defect,Other,Two-way (divided with broken lines road marking),Tangent road with flat terrain,Y Shape,Gravel roads,Dry,Darkness - lights lit,Normal,Vehicle with vehicle collision,2,1,Moving Backward,Driver or rider,Male,31-50,2.0,No priority to vehicle,Slight Injury
2024-10-05 21:15:00,Friday,18-30,Male,Junior high school,Below 1yr,Public (12 seats),Governmental,Unknown,Unknown,Residential areas,Two-way (divided with broken lines road marking),Tangent road with flat terrain,Y Shape,Asphalt roads,Dry,Darkness - lights lit,Normal,Collision with pedestrians,2,1,Overtaking,Pedestrian,Female,31-50,2.0,No distancing,Slight Injury
2024-10-05 21:05:00,Sunday,31-50,Male,Junior high school,Below 1yr,Public (13-45 seats),Owner,1-2yr,No defect,Other,Undivided Two way,Tangent road with flat terrain,Crossing,Asphalt roads,Dry,Darkness - lights lit,Raining and Windy,Vehicle with vehicle collision,2,1,Going straight,Driver or rider,Male,31-50,3.0,Driving to the left,Slight Injury
2024-10-05 21:05:00,Sunday,Unknown,Female,Unknown,Unknown,Lorry (11-40Q),Owner,Unknown,No defect,Office areas,Undivided Two way,Tangent road with flat terrain,Crossing,Asphalt roads,Dry,Darkness - lights lit,Raining and Windy,Collision with roadside objects,2,1,Going straight,Driver or rider,Male,Over 51,3.0,Driving carelessly,Slight Injury
2024-10-05 21:30:00,Saturday,Under 18,Male,Junior high school,2-5yr,Stationwagen,Owner,2-5yrs,No defect,Office areas,Undivided Two way,Tangent road with flat terrain,Crossing,Asphalt roads,Dry,Darkness - lights lit,Normal,Vehicle with vehicle collision,2,2,Going straight,Passenger,Female,Over 51,3.0,Driving carelessly,Slight Injury
2024-10-05 21:30:00,Saturday,18-30,Male,Unknown,Unknown,Ridden horse,Other,Unknown,Unknown,Other,Undivided Two way,Tangent road with flat terrain,Crossing,Asphalt roads,Dry,Darkness - lights lit,Normal,Vehicle with vehicle collision,2,2,Going straight,,,,,Changing lane to the right,Slight Injury
2024-10-05 16:55:00,Wednesday,Unknown,Male,Elementary school,No Licence,Stationwagen,Owner,Unknown,Unknown,Other,Other,Tangent road with flat terrain,No junction,Asphalt roads,Dry,Daylight,Normal,Vehicle with vehicle collision,1,1,Going straight,Driver or rider,Female,18-30,3.0,Driving carelessly,Slight Injury
2024-10-05 12:15:00,Monday,18-30,Male,Junior high school,Above 10yr,Automobile,Owner,Above 10yr,Unknown,Other,Undivided Two way,Tangent road with flat terrain,Y Shape,Asphalt roads,Dry,Daylight,Normal,Vehicle with vehicle collision,2,1,Going straight,Pedestrian,Female,31-50,3.0,Changing lane to the left,Slight Injury
2024-10-05 12:15:00,Monday,31-50,Male,Junior high school,Above 10yr,Automobile,Owner,Unknown,No defect,Office areas,Other,Tangent road with flat terrain,Y Shape,Asphalt roads,Dry,Daylight,Normal,Vehicle with vehicle collision,2,1,Going straight,Driver or rider,Male,18-30,2.0,Driving carelessly,Slight Injury
2024-10-05 17:35:00,Wednesday,Over 51,Male,Junior high school,Above 10yr,Other,Owner,Above 10yr,No defect,Office areas,Two-way (divided with broken lines road marking),Tangent road with flat terrain,Crossing,Asphalt roads,Dry,Darkness - lights lit,Normal,Vehicle with vehicle collision,2,1,Going straight,,,,,Driving carelessly,Slight Injury
2024-10-05 17:35:00,Wednesday,31-50,Male,Junior high school,Above 10yr,Taxi,Owner,Unknown,No defect,Other,Two-way (divided with broken lines road marking),Steep grade downward with mountainous terrain,Crossing,Asphalt roads,Dry,Darkness - lights lit,Normal,Vehicle with vehicle collision,2,1,Going straight,,,,,Driving under the influence of drugs,Slight Injury
2024-10-05 09:51:00,Tuesday,31-50,Male,Junior high school,5-10yr,Automobile,Owner,Above 10yr,No defect,Church areas,Other,Tangent road with flat terrain,Crossing,Asphalt roads,Dry,Daylight,Normal,Vehicle with vehicle collision,2,1,Going straight,Driver or rider,Male,31-50,3.0,Driving carelessly,Slight Injury
2024-10-05 09:51:00,Tuesday,31-50,Male,Junior high school,Below 1yr,Stationwagen,Governmental,Unknown,No defect,Industrial areas,Undivided Two way,Tangent road with flat terrain,Crossing,Asphalt roads,Dry,Daylight,Normal,Vehicle with vehicle collision,2,1,Going straight,Pedestrian,Male,Under 18,1.0,No distancing,Slight Injury
2024-10-05 16:20:00,Wednesday,31-50,Male,Junior high school,2-5yr,Automobile,Organization,2-5yrs,Unknown,Other,Undivided Two way,Tangent road with flat terrain,Y Shape,Asphalt roads,Dry,Daylight,Normal,Collision with roadside objects,2,1,Other,Driver or rider,Male,Under 18,3.0,Driving carelessly,Slight Injury
2024-10-05 16:20:00,Wednesday,18-30,Male,Junior high school,Unknown,Public (12 seats),Owner,5-10yrs,No defect,Other,Two-way (divided with broken lines road marking),Tangent road with flat terrain,Y Shape,Asphalt roads,Dry,Daylight,Normal,Vehicle with vehicle collision,2,1,Going straight,,,,,Driving to the left,Slight Injury
2024-10-05 02:19:00,Thursday,Unknown,Female,Above high school,1-2yr,Other,Owner,1-2yr,Unknown,Office areas,Undivided Two way,Tangent road with mountainous terrain and,Y Shape,Asphalt roads,Dry,Darkness - lights lit,Normal,Collision with roadside objects,1,1,Moving Backward,,,,,Overtaking,Slight Injury
2024-10-05 18:00:00,Wednesday,18-30,Male,Junior high school,1-2yr,Automobile,Owner,Unknown,No defect,Other,One way,Tangent road with flat terrain,Y Shape,Asphalt roads,Wet or damp,Darkness - lights lit,Raining,Vehicle with vehicle collision,2,1,Other,Driver or rider,Male,18-30,3.0,No distancing,Slight Injury
2024-10-05 18:00:00,Wednesday,Unknown,Unknown,Junior high school,1-2yr,Lorry (41-100Q),Owner,Unknown,No defect,Recreational areas,Undivided Two way,Steep grade downward with mountainous terrain,Y Shape,Asphalt roads,Wet or damp,Darkness - lights lit,Raining,Vehicle with vehicle collision,2,1,Going straight,Passenger,Female,18-30,3.0,Driving carelessly,Slight Injury
2024-10-05 12:00:00,Sunday,18-30,Male,Unknown,5-10yr,Other,Governmental,Unknown,No defect,Other,Two-way (divided with broken lines road marking),Steep grade downward with mountainous terrain,No junction,Other,Dry,Daylight,Normal,Other,1,1,Going straight,Driver or rider,Male,18-30,3.0,No priority to vehicle,Slight Injury
2024-10-05 19:31:00,Thursday,18-30,Male,Junior high school,Above 10yr,Public (> 45 seats),Governmental,5-10yrs,No defect,Church areas,Two-way (divided with broken lines road marking),Tangent road with flat terrain,No junction,Asphalt roads,Wet or damp,Darkness - lights lit,Raining,Collision with pedestrians,2,1,Going straight,,,,,No priority to vehicle,Slight Injury
2024-10-05 19:31:00,Thursday,Unknown,Male,Junior high school,Above 10yr,Other,Owner,Unknown,Unknown,Residential areas,Undivided Two way,Tangent road with flat terrain,No junction,Asphalt roads,Wet or damp,Darkness - lights lit,Raining,Vehicle with vehicle collision,2,1,Going straight,Driver or rider,Male,31-50,3.0,No priority to vehicle,Slight Injury
2024-10-05 15:33:00,Thursday,Unknown,Male,Junior high school,5-10yr,Public (12 seats),Owner,5-10yrs,No defect,Office areas,Two-way (divided with broken lines road marking),Other,Crossing,Asphalt roads,Dry,Daylight,Normal,Vehicle with vehicle collision,2,1,Going straight,,,,,No priority to vehicle,Slight Injury
2024-10-05 15:33:00,Thursday,Unknown,Male,Junior high school,2-5yr,Public (12 seats),Owner,2-5yrs,No defect,Other,Two-way (divided with broken lines road marking),Tangent road with flat terrain,Crossing,Asphalt roads,Dry,Daylight,Normal,Vehicle with vehicle collision,2,1,Going straight,Pedestrian,Male,Over 51,3.0,No distancing,Slight Injury
2024-10-05 14:50:00,Friday,Over 51,Male,Junior high school,Below 1yr,Automobile,Governmental,2-5yrs,Unknown,Office areas,Undivided Two way,Tangent road with flat terrain,Y Shape,Asphalt roads,Dry,Daylight,Normal,Collision with pedestrians,1,1,Going straight,Pedestrian,Male,Under 18,3.0,Moving Backward,Slight Injury
2024-10-05 10:50:00,Saturday,31-50,Male,Junior high school,1-2yr,Other,Owner,Unknown,Unknown,Office areas,Other,Tangent road with flat terrain,Y Shape,Asphalt roads,Wet or damp,Daylight,Windy,Collision with roadside objects,1,1,Going straight,Pedestrian,Female,Under 18,3.0,No distancing,Slight Injury
2024-10-05 18:52:00,Saturday,31-50,Male,Junior high school,5-10yr,Automobile,Owner,Unknown,No defect,Other,One way,Escarpments,No junction,Asphalt roads,Wet or damp,Darkness - lights lit,Normal,Other,1,1,Going straight,,,,,Changing lane to the left,Slight Injury
2024-10-05 16:50:00,Saturday,18-30,Male,Junior high school,Below 1yr,Lorry (41-100Q),Owner,Unknown,No defect,Residential areas,Undivided Two way,Tangent road with flat terrain,Y Shape,Other,Dry,Darkness - lights lit,Normal,Vehicle with vehicle collision,2,1,Other,Driver or rider,Male,18-30,2.0,Changing lane to the left,Slight Injury
2024-10-05 16:50:00,Saturday,31-50,Male,Elementary school,5-10yr,Public (12 seats),Owner,Unknown,No defect,Recreational areas,One way,Tangent road with flat terrain,Y Shape,Asphalt roads,Dry,Darkness - lights lit,Normal,Other,2,1,Reversing,Pedestrian,Male,Under 18,3.0,No priority to pedestrian,Slight Injury
2024-10-05 09:55:00,Saturday,31-50,Male,Junior high school,2-5yr,Lorry (11-40Q),Owner,Unknown,No defect,Church areas,Undivided Two way,Tangent road with flat terrain,Y Shape,Asphalt roads,Dry,Daylight,Normal,Other,1,1,Other,Driver or rider,Female,Under 18,3.0,Moving Backward,Slight Injury
2024-10-05 09:10:00,Friday,31-50,Male,Junior high school,5-10yr,Automobile,Owner,Unknown,No defect,Other,One way,Tangent road with flat terrain,No junction,Asphalt roads,Wet or damp,Daylight,Raining,Other,2,1,Other,Driver or rider,Female,18-30,3.0,Changing lane to the left,Slight Injury
2024-10-05 09:10:00,Friday,31-50,Male,Elementary school,5-10yr,Automobile,Owner,Unknown,No defect,Other,Undivided Two way,Tangent road with flat terrain,No junction,Asphalt roads,Wet or damp,Daylight,Raining,Vehicle with vehicle collision,2,1,Reversing,Pedestrian,Male,Over 51,3.0,No distancing,Slight Injury
2024-10-05 18:09:00,Monday,Over 51,Male,Junior high school,Above 10yr,Automobile,Owner,Unknown,No defect,Other,Two-way (divided with broken lines road marking),Tangent road with flat terrain,Crossing,Asphalt roads,Dry,Darkness - lights lit,Normal,Vehicle with vehicle collision,2,2,Going straight,Pedestrian,Female,31-50,3.0,No priority to vehicle,Slight Injury
2024-10-05 18:09:00,Monday,18-30,Male,Junior high school,1-2yr,Bajaj,Governmental,Unknown,No defect,Residential areas,Other,Tangent road with flat terrain,Crossing,Asphalt roads,Dry,Darkness - lights lit,Normal,Collision with roadside objects,2,2,Going straight,,,,,Changing lane to the right,Slight Injury
2024-10-05 18:09:00,Monday,18-30,Male,High school,Below 1yr,Public (12 seats),Owner,Above 10yr,No defect,School areas,Other,Tangent road with flat terrain,Crossing,Asphalt roads,Dry,Darkness - lights lit,Normal,Collision with roadside objects,2,2,Going straight,Driver or rider,Male,18-30,3.0,No distancing,Slight Injury
2024-10-05 12:55:00,Monday,31-50,Male,Elementary school,Above 10yr,Lorry (11-40Q),Owner,Above 10yr,No defect,Church areas,Two-way (divided with broken lines road marking),Tangent road with flat terrain,Y Shape,Asphalt roads,Dry,Daylight,Normal,Vehicle with vehicle collision,1,1,Going straight,Pedestrian,Male,Over 51,2.0,No distancing,Slight Injury
2024-10-05 18:00:00,Tuesday,18-30,Male,High school,1-2yr,Other,Owner,Above 10yr,No defect,Other,Other,Tangent road with flat terrain,Y Shape,Other,Dry,Darkness - lights lit,Normal,Vehicle with vehicle collision,2,1,Turnover,Passenger,Female,31-50,3.0,Getting off the vehicle improperly,Slight Injury
2024-10-05 18:00:00,Tuesday,18-30,Male,Junior high school,2-5yr,Other,Owner,Below 1yr,Unknown,Other,Two-way (divided with broken lines road marking),Tangent road with flat terrain,Y Shape,Other,Dry,Darkness - lights lit,Normal,Vehicle with vehicle collision,2,1,Going straight,Passenger,Female,31-50,3.0,No priority to pedestrian,Slight Injury
2024-10-05 11:30:00,Tuesday,31-50,Male,Unknown,5-10yr,Automobile,Owner,2-5yrs,Unknown,Office areas,Undivided Two way,Tangent road with flat terrain,Y Shape,Asphalt roads,Dry,Daylight,Normal,Vehicle with vehicle collision,1,1,Going straight,,,,,Changing lane to the left,Slight Injury
2024-10-05 10:30:00,Wednesday,31-50,Male,High school,2-5yr,Lorry (11-40Q),Owner,2-5yrs,Unknown,Office areas,Two-way (divided with broken lines road marking),Tangent road with flat terrain,Y Shape,Asphalt roads,Dry,Daylight,Normal,Vehicle with vehicle collision,1,1,Going straight,Pedestrian,Male,Over 51,3.0,No distancing,Slight Injury
2024-10-05 18:36:00,Thursday,31-50,Male,High school,Above 10yr,Lorry (41-100Q),Owner,2-5yrs,No defect,Other,Undivided Two way,Tangent road with flat terrain,Other,Asphalt roads,Dry,Darkness - lights lit,Normal,Rollover,2,1,Going straight,Driver or rider,Male,31-50,3.0,Driving carelessly,Slight Injury
2024-10-05 18:36:00,Thursday,31-50,Male,Junior high school,1-2yr,Pick up upto 10Q,Owner,Below 1yr,No defect,Hospital areas,Undivided Two way,Tangent road with flat terrain,Other,Asphalt roads,Dry,Darkness - lights lit,Normal,Vehicle with vehicle collision,2,1,Going straight,,,,,No distancing,Slight Injury
2024-10-05 18:35:00,Sunday,18-30,Male,Elementary school,1-2yr,Lorry (11-40Q),Owner,2-5yrs,Unknown,Other,Undivided Two way,Tangent road with flat terrain,Y Shape,Asphalt roads with some distress,Dry,Darkness - lights lit,Normal,Collision with roadside objects,1,1,Moving Backward,,,,,Changing lane to the right,Slight Injury
2024-10-05 09:13:00,Friday,Over 51,Male,High school,1-2yr,Stationwagen,Owner,Unknown,Unknown,Other,Two-way (divided with broken lines road marking),Tangent road with flat terrain,Y Shape,Other,Dry,Daylight,Normal,Collision with pedestrians,2,1,Going straight,Driver or rider,Female,Over 51,3.0,Overtaking,Slight Injury
2024-10-05 09:13:00,Friday,31-50,Male,Above high school,5-10yr,Other,Owner,Unknown,Unknown,Other,Undivided Two way,Tangent road with flat terrain,Y Shape,Asphalt roads,Dry,Daylight,Normal,Vehicle with vehicle collision,2,1,Going straight,,,,,Driving carelessly,Slight Injury
2024-10-05 13:15:00,Friday,18-30,Male,Unknown,Unknown,Other,Other,Unknown,Unknown,Other,Double carriageway (median),Tangent road with flat terrain,Crossing,Asphalt roads,Wet or damp,Daylight,Windy,Vehicle with vehicle collision,1,1,Turnover,,,,,Moving Backward,Slight Injury
2024-10-05 00:19:00,Sunday,Unknown,Male,Junior high school,5-10yr,Lorry (11-40Q),Governmental,Unknown,No defect,Other,Two-way (divided with broken lines road marking),Tangent road with mild grade and flat terrain,No junction,Asphalt roads,Dry,Darkness - lights lit,Normal,Vehicle with vehicle collision,1,1,Going straight,Driver or rider,Male,18-30,2.0,No distancing,Slight Injury
2024-10-05 13:30:00,Monday,Unknown,Male,Elementary school,5-10yr,Other,Owner,Above 10yr,No defect,Hospital areas,Two-way (divided with broken lines road marking),Tangent road with flat terrain,Crossing,Asphalt roads,Dry,Daylight,Normal,Vehicle with vehicle collision,2,3,Going straight,,,,,Overtaking,Slight Injury
2024-10-05 13:30:00,Monday,Unknown,Male,Elementary school,5-10yr,Automobile,Other,Above 10yr,No defect,Other,Two-way (divided with broken lines road marking),Tangent road with flat terrain,Crossing,Earth roads,Dry,Daylight,Normal,Vehicle with vehicle collision,2,3,Going straight,Driver or rider,Male,18-30,3.0,Driving carelessly,Slight Injury
2024-10-05 13:30:00,Monday,Under 18,Male,High school,5-10yr,Lorry (41-100Q),Owner,Unknown,No defect,Other,One way,Tangent road with flat terrain,Crossing,Asphalt roads,Dry,Daylight,Normal,Vehicle with vehicle collision,2,3,Going straight,Passenger,Female,18-30,3.0,Driving carelessly,Slight Injury
2024-10-05 15:53:00,Monday,31-50,Male,Junior high school,5-10yr,Other,Owner,2-5yrs,No defect,Other,Two-way (divided with broken lines road marking),Tangent road with mild grade and flat terrain,Y Shape,Asphalt roads,Dry,Darkness - lights lit,Normal,Vehicle with vehicle collision,2,1,Going straight,Pedestrian,Female,Under 18,3.0,Moving Backward,Slight Injury
2024-10-05 15:53:00,Monday,18-30,Male,Junior high school,1-2yr,Lorry (41-100Q),Owner,Unknown,Unknown,Office areas,Two-way (divided with broken lines road marking),Tangent road with flat terrain,Y Shape,Asphalt roads,Dry,Darkness - lights lit,Normal,Collision with roadside objects,2,1,Going straight,Driver or rider,Male,18-30,3.0,Driving carelessly,Slight Injury
2024-10-05 17:12:00,Thursday,Unknown,Female,Junior high school,2-5yr,Automobile,Owner,Unknown,Unknown,Residential areas,Two-way (divided with broken lines road marking),Tangent road with flat terrain,No junction,Asphalt roads,Dry,Darkness - lights lit,Normal,Rollover,2,1,Moving Backward,Driver or rider,Male,Over 51,3.0,Driving to the left,Slight Injury
2024-10-05 17:12:00,Thursday,31-50,Male,Junior high school,5-10yr,Pick up upto 10Q,Owner,2-5yrs,No defect,Other,Two-way (divided with broken lines road marking),Tangent road with flat terrain,No junction,Asphalt roads,Dry,Darkness - lights lit,Normal,Vehicle with vehicle collision,2,1,Going straight,,,,,Changing lane to the left,Slight Injury
2024-10-05 17:40:00,Monday,31-50,Male,Junior high school,Above 10yr,Lorry (41-100Q),Owner,Unknown,Unknown,Residential areas,Two-way (divided with broken lines road marking),Tangent road with flat terrain,Y Shape,Asphalt roads,Dry,Darkness - lights lit,Normal,Collision with pedestrians,2,1,Going straight,Driver or rider,Female,31-50,3.0,No distancing,Slight Injury
2024-10-05 17:40:00,Monday,Unknown,Male,High school,5-10yr,Public (13-45 seats),Owner,Unknown,Unknown,Other,Undivided Two way,Tangent road with flat terrain,Y Shape,Asphalt roads,Dry,Darkness - lights lit,Normal,Vehicle with vehicle collision,2,1,Going straight,Pedestrian,Male,Over 51,2.0,No distancing,Slight Injury
2024-10-05 05:17:00,Wednesday,18-30,Male,High school,2-5yr,Long lorry,Owner,2-5yrs,Unknown,Residential areas,Double carriageway (median),Tangent road with flat terrain,Y Shape,Asphalt roads,Wet or damp,Darkness - lights lit,Other,Vehicle with vehicle collision,2,2,Going straight,Driver or rider,Male,18-30,3.0,Changing lane to the right,Slight Injury
2024-10-05 05:17:00,Wednesday,18-30,Male,Junior high school,5-10yr,Automobile,Owner,Unknown,Unknown,Office areas,Two-way (divided with broken lines road marking),Tangent road with flat terrain,Y Shape,Asphalt roads,Wet or damp,Darkness - lights lit,Other,Collision with pedestrians,2,2,Moving Backward,Driver or rider,Female,18-30,3.0,Driving under the influence of drugs,Slight Injury
2024-10-05 17:55:00,Wednesday,31-50,Male,Elementary school,2-5yr,Automobile,Owner,5-10yrs,Unknown,Office areas,Two-way (divided with broken lines road marking),Tangent road with mild grade and flat terrain,Y Shape,Asphalt roads,Wet or damp,Darkness - lights lit,Normal,Collision with pedestrians,1,1,Going straight,Pedestrian,Female,Over 51,2.0,Changing lane to the right,Slight Injury
2024-10-05 07:30:00,Friday,18-30,Male,Elementary school,5-10yr,Other,Owner,Unknown,Unknown,Office areas,Double carriageway (median),Tangent road with flat terrain,No junction,Asphalt roads,Dry,Daylight,Normal,Vehicle with vehicle collision,2,1,Other,Pedestrian,Female,Over 51,3.0,Changing lane to the left,Slight Injury
2024-10-05 07:30:00,Friday,Unknown,Male,Junior high school,1-2yr,Other,Owner,Unknown,Unknown,Recreational areas,Two-way (divided with broken lines road marking),Tangent road with flat terrain,No junction,Gravel roads,Dry,Daylight,Normal,Vehicle with vehicle collision,2,1,Other,Driver or rider,Male,18-30,3.0,Moving Backward,Slight Injury
2024-10-05 18:50:00,Tuesday,18-30,Male,Junior high school,5-10yr,Long lorry,Owner,Unknown,Unknown,Other,Two-way (divided with broken lines road marking),Tangent road with flat terrain,Crossing,Asphalt roads,Dry,Darkness - lights lit,Normal,Vehicle with vehicle collision,2,1,Going straight,Driver or rider,Male,31-50,3.0,No distancing,Slight Injury
2024-10-05 18:50:00,Tuesday,Unknown,Male,Unknown,Unknown,Public (12 seats),Owner,Unknown,Unknown,Other,Other,Tangent road with flat terrain,Crossing,Asphalt roads,Dry,Darkness - lights lit,Normal,Vehicle with vehicle collision,2,1,Going straight,Pedestrian,Female,Over 51,2.0,Changing lane to the right,Slight Injury
2024-10-05 15:50:00,Thursday,31-50,Male,Elementary school,Above 10yr,Public (12 seats),Owner,5-10yrs,Unknown,Other,Two-way (divided with broken lines road marking),Tangent road with flat terrain,Y Shape,Asphalt roads,Dry,Daylight,Normal,Vehicle with vehicle collision,1,2,Going straight,Pedestrian,Male,Over 51,3.0,Moving Backward,Slight Injury