Time,Day_of_week,Age_band_of_driver,Sex_of_driver,Educational_level,Driving_experience,Type_of_vehicle,Owner_of_vehicle,Service_year_of_vehicle,Defect_of_vehicle,Area_accident_occured,Lanes_or_Medians,Road_allignment,Types_of_Junction,Road_surface_type,Road_surface_conditions,Light_conditions,Weather_conditions,Type_of_collision,Number_of_vehicles_involved,Number_of_casualties,Vehicle_movement,Casualty_class,Sex_of_casualty,Age_band_of_casualty,Casualty_severity,Cause_of_accident,Accident_severity
2024-10-05 15:50:00,Thursday,31-50,Male,Elementary school,Below 1yr,Other,Owner,Unknown,Unknown,Other,Double carriageway (median),Tangent road with flat terrain,Y Shape,Asphalt roads,Dry,Daylight,Normal,Collision with roadside objects,1,2,Going straight,Passenger,Female,Over 51,3.0,No distancing,Slight Injury
2024-10-05 06:30:00,Tuesday,31-50,Male,Junior high school,2-5yr,Other,Owner,2-5yrs,No defect,Other,Undivided Two way,Tangent road with mountainous terrain and,Crossing,Asphalt roads,Wet or damp,Darkness - lights lit,Raining,Vehicle with vehicle collision,2,1,Other,,,,,Driving to the left,Slight Injury
2024-10-05 06:30:00,Tuesday,31-50,Male,Elementary school,1-2yr,Other,Owner,2-5yrs,No defect,Office areas,Two-way (divided with broken lines road marking),Tangent road with flat terrain,Crossing,Asphalt roads,Wet or damp,Darkness - lights lit,Raining,Vehicle with vehicle collision,2,1,Going straight,Pedestrian,Male,18-30,3.0,Driving to the left,Slight Injury
2024-10-05 20:10:00,Monday,Unknown,Male,Junior high school,5-10yr,Public (12 seats),Owner,Above 10yr,No defect,Office areas,Two-way (divided with broken lines road marking),Tangent road with flat terrain,Y Shape,Asphalt roads,Wet or damp,Darkness - lights lit,Normal,Vehicle with vehicle collision,1,1,Getting off,,,,,Moving Backward,Slight Injury
2024-10-05 23:07:00,Thursday,Unknown,Female,Junior high school,2-5yr,Lorry (41-100Q),Owner,Unknown,No defect,Office areas,One way,Tangent road with flat terrain,Crossing,Asphalt roads,Dry,Darkness - lights lit,Normal,Vehicle with vehicle collision,2,1,Going straight,Driver or rider,Male,Over 51,3.0,Moving Backward,Slight Injury
2024-10-05 23:07:00,Thursday,18-30,Male,Junior high school,2-5yr,Other,Owner,Above 10yr,No defect,Residential areas,Double carriageway (median),Tangent road with flat terrain,Crossing,Asphalt roads,Dry,Darkness - lights lit,Normal,Vehicle with vehicle collision,2,1,Going straight,Pedestrian,Male,31-50,2.0,Overtaking,Slight Injury
2024-10-05 16:10:00,Sunday,Unknown,Female,High school,2-5yr,Public (12 seats),Governmental,Below 1yr,No defect,Recreational areas,Two-way (divided with broken lines road marking),Tangent road with flat terrain,Y Shape,Asphalt roads,Dry,Daylight,Normal,Vehicle with vehicle collision,1,1,Going straight,,,,,Driving carelessly,Slight Injury
2024-10-05 15:45:00,Saturday,31-50,Male,Junior high school,Above 10yr,Other,Owner,Unknown,No defect,Church areas,Double carriageway (median),Tangent road with flat terrain,Y Shape,Asphalt roads,Dry,Darkness - lights lit,Normal,Vehicle with vehicle collision,2,1,Going straight,Driver or rider,Male,31-50,3.0,Changing lane to the left,Slight Injury
2024-10-05 15:45:00,Saturday,31-50,Male,Junior high school,2-5yr,Lorry (11-40Q),Owner,Unknown,No defect,Office areas,Undivided Two way,Tangent road with flat terrain,Y Shape,Asphalt roads,Dry,Darkness - lights lit,Normal,Vehicle with vehicle collision,2,1,Going straight,,,,,Driving under the influence of drugs,Slight Injury
2024-10-05 09:48:00,Saturday,Unknown,Male,Junior high school,1-2yr,Other,Owner,Unknown,No defect,Other,Two-way (divided with broken lines road marking),Tangent road with flat terrain,No junction,Asphalt roads,Dry,Daylight,Normal,Vehicle with vehicle collision,1,1,Going straight,Driver or rider,Male,31-50,3.0,No distancing,Slight Injury
2024-10-05 22:00:00,Saturday,31-50,Male,Junior high school,2-5yr,Other,Owner,Unknown,Unknown,Residential areas,Other,Steep grade downward with mountainous terrain,Y Shape,Asphalt roads,Dry,Darkness - no lighting,Normal,Vehicle with vehicle collision,2,1,Moving Backward,,,,,Moving Backward,Slight Injury
2024-10-05 22:00:00,Saturday,31-50,Male,Junior high school,5-10yr,Other,Owner,Unknown,No defect,School areas,Other,Tangent road with flat terrain,Y Shape,Asphalt roads,Dry,Darkness - no lighting,Normal,Vehicle with vehicle collision,2,1,Going straight,Driver or rider,Female,18-30,3.0,Changing lane to the left,Slight Injury
2024-10-05 11:05:00,Friday,Over 51,Male,Junior high school,1-2yr,Pick up upto 10Q,Owner,1-2yr,No defect,Office areas,Two-way (divided with broken lines road marking),Tangent road with flat terrain,Y Shape,Asphalt roads,Dry,Daylight,Normal,Vehicle with vehicle collision,2,1,Other,Driver or rider,Female,31-50,3.0,Changing lane to the right,Slight Injury
2024-10-05 11:05:00,Friday,18-30,Male,Elementary school,1-2yr,Automobile,Owner,Above 10yr,No defect,Other,Other,Tangent road with flat terrain,Y Shape,Asphalt roads,Dry,Daylight,Normal,Vehicle with vehicle collision,2,1,Going straight,Passenger,Male,Under 18,3.0,No distancing,Slight Injury
2024-10-05 15:00:00,Thursday,Unknown,Male,Junior high school,2-5yr,Other,Owner,Unknown,No defect,Other,Two-way (divided with broken lines road marking),Tangent road with flat terrain,Y Shape,Asphalt roads,Dry,Daylight,Normal,Vehicle with vehicle collision,2,1,Going straight,,,,,Driving at high speed,Slight Injury
2024-10-05 15:00:00,Thursday,18-30,Male,Junior high school,Above 10yr,Lorry (41-100Q),Organization,2-5yrs,Unknown,Office areas,Two-way (divided with broken lines road marking),Tangent road with mountainous terrain and,Y Shape,Asphalt roads,Dry,Daylight,Normal,Vehicle with vehicle collision,2,1,Going straight,Driver or rider,Male,18-30,2.0,Changing lane to the right,Slight Injury
2024-10-05 18:55:00,Monday,Unknown,Male,Junior high school,Below 1yr,Public (13-45 seats),Owner,Unknown,Unknown,Office areas,Two-way (divided with broken lines road marking),Tangent road with flat terrain,No junction,Asphalt roads,Dry,Darkness - lights lit,Normal,Collision with roadside objects,2,1,Going straight,,,,,No priority to vehicle,Slight Injury
2024-10-05 18:55:00,Monday,18-30,Male,Junior high school,Above 10yr,Automobile,Owner,5-10yrs,Unknown,Other,Undivided Two way,Tangent road with flat terrain,No junction,Asphalt roads,Dry,Darkness - lights lit,Normal,Vehicle with vehicle collision,2,1,Other,,,,,No distancing,Slight Injury
2024-10-05 22:40:00,Tuesday,31-50,Male,Elementary school,5-10yr,Pick up upto 10Q,Owner,5-10yrs,No defect,Office areas,Two-way (divided with broken lines road marking),Tangent road with flat terrain,Crossing,Asphalt roads,Dry,Darkness - lights lit,Normal,Vehicle with vehicle collision,2,1,Moving Backward,Driver or rider,Male,Over 51,3.0,Turnover,Slight Injury
2024-10-05 22:40:00,Tuesday,18-30,Male,Elementary school,Above 10yr,Lorry (41-100Q),Owner,2-5yrs,No defect,Industrial areas,Two-way (divided with broken lines road marking),Tangent road with flat terrain,Crossing,Asphalt roads,Dry,Darkness - lights lit,Normal,Vehicle with vehicle collision,2,1,Other,,,,,No distancing,Slight Injury
2024-10-05 22:10:00,Friday,Under 18,Male,Junior high school,1-2yr,Public (12 seats),Owner,Unknown,No defect,Office areas,Undivided Two way,Tangent road with flat terrain,Crossing,Asphalt roads,Dry,Darkness - lights lit,Normal,Vehicle with vehicle collision,2,1,Going straight,,,,,Changing lane to the right,Slight Injury
2024-10-05 22:10:00,Friday,Unknown,Male,Unknown,Unknown,Other,Owner,Unknown,Unknown,Other,Undivided Two way,Tangent road with flat terrain,Crossing,Earth roads,Dry,Darkness - lights lit,Normal,Collision with pedestrians,2,1,Going straight,Driver or rider,Female,31-50,3.0,No distancing,Slight Injury
2024-10-05 19:44:00,Thursday,31-50,Male,High school,5-10yr,Lorry (41-100Q),Owner,Above 10yr,Unknown,Other,Two-way (divided with broken lines road marking),Tangent road with flat terrain,Crossing,Asphalt roads,Dry,Darkness - no lighting,Normal,Vehicle with vehicle collision,2,1,Other,Driver or rider,Female,Under 18,3.0,Changing lane to the left,Slight Injury
2024-10-05 19:44:00,Thursday,31-50,Male,Elementary school,2-5yr,Pick up upto 10Q,Owner,Unknown,Unknown,Office areas,Two-way (divided with broken lines road marking),Tangent road with flat terrain,Crossing,Other,Dry,Darkness - no lighting,Normal,Vehicle with vehicle collision,2,1,Going straight,Driver or rider,Male,18-30,3.0,Driving carelessly,Slight Injury
2024-10-05 17:51:00,Sunday,Over 51,Male,Unknown,Unknown,Other,Owner,Above 10yr,No defect,Residential areas,Other,Tangent road with flat terrain,Crossing,Other,Wet or damp,Darkness - lights lit,Raining,Vehicle with vehicle collision,2,1,Going straight,Driver or rider,Female,31-50,3.0,Changing lane to the right,Slight Injury
2024-10-05 17:51:00,Sunday,18-30,Male,Unknown,Unknown,Lorry (41-100Q),Owner,5-10yrs,No defect,Office areas,Undivided Two way,Tangent road with flat terrain,Crossing,Asphalt roads,Wet or damp,Darkness - lights lit,Raining,Vehicle with vehicle collision,2,1,Going straight,Passenger,Male,31-50,3.0,No priority to vehicle,Slight Injury
2024-10-05 03:10:00,Friday,31-50,Male,High school,1-2yr,Ridden horse,Owner,Unknown,No defect,Recreational areas,Other,Other,No junction,Earth roads,Dry,Darkness - lights lit,Normal,Vehicle with vehicle collision,2,1,Going straight,Pedestrian,Male,Over 51,2.0,No distancing,Serious Injury
2024-10-05 03:10:00,Friday,31-50,Male,Junior high school,1-2yr,Automobile,Governmental,Unknown,No defect,Office areas,Other,Tangent road with mild grade and flat terrain,No junction,Asphalt roads,Dry,Darkness - lights lit,Normal,Vehicle with vehicle collision,2,1,Going straight,Passenger,Female,Under 18,3.0,No priority to pedestrian,Serious Injury
2024-10-05 02:08:00,Saturday,31-50,Male,Junior high school,1-2yr,Automobile,Owner,5-10yrs,No defect,Industrial areas,Other,Tangent road with flat terrain,Y Shape,Asphalt roads,Wet or damp,Darkness - lights lit,Other,Vehicle with vehicle collision,1,1,Going straight,,,,,No priority to pedestrian,Slight Injury
2024-10-05 08:30:00,Sunday,31-50,Male,Junior high school,Above 10yr,Stationwagen,Other,Unknown,Unknown,Other,Other,Other,Crossing,Earth roads,Wet or damp,Daylight,Normal,Vehicle with vehicle collision,1,1,Going straight,Driver or rider,Female,Over 51,3.0,No priority to vehicle,Slight Injury
2024-10-05 07:30:00,Tuesday,18-30,Male,Junior high school,1-2yr,Other,Owner,Unknown,No defect,Residential areas,Undivided Two way,Tangent road with flat terrain,Crossing,Asphalt roads,Dry,Daylight,Normal,Collision with pedestrians,2,1,Other,Driver or rider,Male,31-50,3.0,Changing lane to the left,Slight Injury
2024-10-05 07:30:00,Tuesday,Unknown,Male,High school,Above 10yr,Lorry (41-100Q),Governmental,Above 10yr,No defect,Residential areas,Other,Tangent road with flat terrain,Crossing,Asphalt roads,Dry,Daylight,Normal,Vehicle with vehicle collision,2,1,Going straight,,,,,Changing lane to the left,Slight Injury
2024-10-05 16:10:00,Monday,18-30,Male,Junior high school,Above 10yr,Lorry (41-100Q),Owner,1-2yr,No defect,Industrial areas,Other,Tangent road with flat terrain,Y Shape,Asphalt roads,Wet or damp,Darkness - lights lit,Raining,Vehicle with vehicle collision,2,1,Going straight,Driver or rider,Female,31-50,3.0,No distancing,Slight Injury
2024-10-05 16:10:00,Monday,31-50,Male,Junior high school,1-2yr,Long lorry,Owner,2-5yrs,No defect,Residential areas,Undivided Two way,Tangent road with flat terrain,Y Shape,Asphalt roads,Wet or damp,Darkness - lights lit,Raining,Vehicle with vehicle collision,2,1,Going straight,Driver or rider,Male,Over 51,2.0,No priority to vehicle,Slight Injury
2024-10-05 09:00:00,Tuesday,31-50,Male,Junior high school,1-2yr,Stationwagen,Owner,Unknown,No defect,Residential areas,Other,Tangent road with flat terrain,Crossing,Asphalt roads,Dry,Daylight,Normal,Vehicle with vehicle collision,1,1,Going straight,Driver or rider,Female,18-30,3.0,No distancing,Slight Injury
2024-10-05 15:42:00,Tuesday,Over 51,Male,High school,2-5yr,Public (12 seats),Owner,Unknown,No defect,Office areas,Undivided Two way,Tangent road with flat terrain,Crossing,Asphalt roads,Dry,Daylight,Normal,Collision with roadside objects,1,1,Going straight,Driver or rider,Male,31-50,3.0,No distancing,Slight Injury
2024-10-05 05:30:00,Thursday,31-50,Male,Junior high school,2-5yr,Automobile,Owner,2-5yrs,No defect,Office areas,Double carriageway (median),Escarpments,Other,Asphalt roads,Dry,Darkness - lights lit,Normal,Vehicle with vehicle collision,2,2,Going straight,Pedestrian,Female,Under 18,2.0,Changing lane to the right,Slight Injury
2024-10-05 05:30:00,Thursday,18-30,Male,Junior high school,1-2yr,Public (12 seats),Owner,Above 10yr,No defect,Office areas,Other,Tangent road with flat terrain,Other,Asphalt roads,Dry,Darkness - lights lit,Normal,Vehicle with vehicle collision,2,2,Moving Backward,Pedestrian,Male,Over 51,3.0,Changing lane to the left,Slight Injury
2024-10-05 20:45:00,Thursday,Under 18,Male,Elementary school,5-10yr,Lorry (41-100Q),Owner,1-2yr,No defect,Office areas,Undivided Two way,Escarpments,Crossing,Asphalt roads,Wet or damp,Darkness - lights lit,Raining,Vehicle with vehicle collision,2,1,Going straight,,,,,No distancing,Slight Injury
2024-10-05 20:45:00,Thursday,31-50,Male,Junior high school,5-10yr,Automobile,Owner,Unknown,No defect,Office areas,One way,Tangent road with flat terrain,Crossing,Asphalt roads,Wet or damp,Darkness - lights lit,Raining,Vehicle with vehicle collision,2,1,Going straight,Driver or rider,Male,Over 51,3.0,Overturning,Slight Injury
2024-10-05 20:30:00,Thursday,31-50,Male,Junior high school,1-2yr,Lorry (41-100Q),Owner,Unknown,No defect,Office areas,Undivided Two way,Tangent road with flat terrain,Y Shape,Asphalt roads,Wet or damp,Darkness - lights lit,Raining,Vehicle with vehicle collision,1,1,Going straight,Driver or rider,Male,31-50,2.0,No priority to vehicle,Slight Injury
2024-10-05 00:55:00,Friday,31-50,Male,Elementary school,5-10yr,Lorry (41-100Q),Owner,Unknown,No defect,Office areas,Other,Tangent road with flat terrain,Y Shape,Asphalt roads,Dry,Darkness - lights lit,Normal,Vehicle with vehicle collision,2,1,Going straight,,,,,Moving Backward,Slight Injury
2024-10-05 00:55:00,Friday,31-50,Male,Junior high school,2-5yr,Pick up upto 10Q,Owner,Above 10yr,No defect,Residential areas,Other,Tangent road with flat terrain,Y Shape,Asphalt roads with some distress,Dry,Darkness - lights lit,Normal,Vehicle with vehicle collision,2,1,Going straight,,,,,Driving under the influence of drugs,Slight Injury
2024-10-05 02:31:00,Sunday,Unknown,Male,Elementary school,5-10yr,Other,Owner,5-10yrs,No defect,Residential areas,One way,Tangent road with flat terrain,Crossing,Asphalt roads,Dry,Darkness - lights lit,Normal,Collision with roadside objects,3,5,Going straight,Driver or rider,Female,31-50,3.0,Moving Backward,Slight Injury
2024-10-05 02:31:00,Sunday,Over 51,Male,Junior high school,Above 10yr,Automobile,Owner,Unknown,No defect,Other,One way,Tangent road with flat terrain,Crossing,Asphalt roads,Dry,Darkness - lights lit,Normal,Vehicle with vehicle collision,3,5,Going straight,Passenger,Female,Over 51,3.0,Changing lane to the right,Slight Injury
2024-10-05 02:31:00,Sunday,Over 51,Male,Junior high school,Above 10yr,Automobile,Owner,5-10yrs,No defect,Church areas,Undivided Two way,Tangent road with flat terrain,Crossing,Asphalt roads,Dry,Darkness - lights lit,Normal,Vehicle with vehicle collision,3,5,Going straight,Passenger,Female,Under 18,3.0,Overspeed,Slight Injury
2024-10-05 02:31:00,Sunday,Over 51,Male,Elementary school,2-5yr,Lorry (11-40Q),Owner,Unknown,No defect,Recreational areas,Other,Tangent road with flat terrain,Crossing,Asphalt roads,Dry,Darkness - lights lit,Normal,Vehicle with vehicle collision,3,5,Going straight,Driver or rider,Male,31-50,2.0,Driving under the influence of drugs,Slight Injury
2024-10-05 02:31:00,Sunday,Over 51,Male,Elementary school,5-10yr,Bajaj,Owner,Unknown,Unknown,Industrial areas,Undivided Two way,Tangent road with flat terrain,Crossing,Asphalt roads,Dry,Darkness - lights lit,Normal,Vehicle with vehicle collision,3,5,Going straight,Driver or rider,Female,18-30,3.0,Driving carelessly,Slight Injury
2024-10-05 02:31:00,Sunday,Unknown,Female,Junior high school,1-2yr,Automobile,Other,Unknown,Unknown,Residential areas,Other,Other,Crossing,Asphalt roads,Dry,Darkness - lights lit,Normal,Rollover,3,5,Going straight,Pedestrian,Male,Under 18,3.0,No distancing,Slight Injury
2024-10-05 14:50:00,Saturday,31-50,Male,Elementary school,Above 10yr,Lorry (41-100Q),Owner,Above 10yr,No defect,Residential areas,Other,Tangent road with rolling terrain,Y Shape,Asphalt roads,Dry,Daylight,Normal,Vehicle with vehicle collision,2,1,Going straight,Pedestrian,Male,31-50,2.0,No priority to vehicle,Slight Injury
2024-10-05 14:50:00,Saturday,18-30,Male,Junior high school,5-10yr,Lorry (11-40Q),Owner,2-5yrs,No defect,Office areas,Double carriageway (median),Tangent road with flat terrain,Y Shape,Asphalt roads,Dry,Daylight,Normal,Vehicle with vehicle collision,2,1,Other,Driver or rider,Male,31-50,3.0,Overspeed,Slight Injury
2024-10-05 16:20:00,Saturday,18-30,Male,Junior high school,2-5yr,Lorry (11-40Q),Owner,2-5yrs,No defect,Market areas,Undivided Two way,Tangent road with flat terrain,No junction,Asphalt roads,Dry,Darkness - lights lit,Normal,Collision with roadside objects,2,1,Going straight,Driver or rider,Female,31-50,3.0,Driving under the influence of drugs,Slight Injury
2024-10-05 16:20:00,Saturday,Unknown,Male,Elementary school,Above 10yr,Automobile,Other,Unknown,Unknown,Other,Other,Tangent road with flat terrain,No junction,Asphalt roads,Dry,Darkness - lights lit,Normal,Vehicle with vehicle collision,2,1,Going straight,,,,,Changing lane to the right,Slight Injury
2024-10-05 11:09:00,Sunday,18-30,Male,Junior high school,2-5yr,Other,Owner,Unknown,No defect,Industrial areas,Other,Tangent road with flat terrain,No junction,Asphalt roads,Dry,Daylight,Normal,Vehicle with vehicle collision,2,1,Going straight,Driver or rider,Male,Over 51,3.0,Changing lane to the right,Slight Injury
2024-10-05 11:09:00,Sunday,31-50,Male,Elementary school,Above 10yr,Automobile,Owner,Unknown,No defect,Residential areas,Two-way (divided with solid lines road marking),Tangent road with flat terrain,No junction,Asphalt roads,Dry,Daylight,Normal,Vehicle with vehicle collision,2,1,Going straight,Passenger,Female,Under 18,3.0,Changing lane to the right,Slight Injury
2024-10-05 19:20:00,Sunday,Over 51,Male,Junior high school,Above 10yr,Public (13-45 seats),Governmental,Below 1yr,No defect,Residential areas,Undivided Two way,Tangent road with flat terrain,Crossing,Asphalt roads,Wet or damp,Darkness - lights unlit,Raining,Collision with roadside objects,2,1,Going straight,Driver or rider,Female,31-50,3.0,Changing lane to the right,Slight Injury
2024-10-05 19:20:00,Sunday,Under 18,Male,Junior high school,2-5yr,Public (12 seats),Owner,5-10yrs,No defect,Other,Undivided Two way,Tangent road with flat terrain,Crossing,Asphalt roads,Wet or damp,Darkness - lights unlit,Raining,Collision with roadside objects,2,1,Going straight,,,,,Moving Backward,Slight Injury
2024-10-05 17:10:00,Monday,18-30,Male,Junior high school,Above 10yr,Other,Governmental,Unknown,No defect,Residential areas,Other,Tangent road with flat terrain,Y Shape,Asphalt roads,Wet or damp,Darkness - lights lit,Windy,Vehicle with vehicle collision,2,1,Going straight,Driver or rider,Female,31-50,3.0,No distancing,Slight Injury
2024-10-05 17:10:00,Monday,Unknown,Male,Junior high school,Above 10yr,Automobile,Owner,1-2yr,No defect,Rural village areas,Undivided Two way,Gentle horizontal curve,Y Shape,Asphalt roads,Wet or damp,Darkness - lights lit,Windy,Vehicle with vehicle collision,2,1,Other,Pedestrian,Female,Over 51,1.0,Overspeed,Slight Injury
2024-10-05 03:08:00,Saturday,18-30,Male,Junior high school,Below 1yr,Automobile,Owner,2-5yrs,No defect,Rural village areas,Undivided Two way,Gentle horizontal curve,No junction,Asphalt roads,Dry,Darkness - lights lit,Normal,Collision with roadside objects,2,1,Going straight,,,,,No distancing,Slight Injury
2024-10-05 03:08:00,Saturday,Unknown,Male,Junior high school,Above 10yr,Public (13-45 seats),Owner,Unknown,No defect,Office areas,Double carriageway (median),Tangent road with flat terrain,No junction,Asphalt roads,Dry,Darkness - lights lit,Normal,Collision with roadside objects,2,1,Going straight,Driver or rider,Male,Under 18,2.0,Driving carelessly,Slight Injury
2024-10-05 16:40:00,Tuesday,Over 51,Male,High school,Above 10yr,Public (13-45 seats),Owner,2-5yrs,No defect,Residential areas,Undivided Two way,Gentle horizontal curve,Y Shape,Asphalt roads,Wet or damp,Darkness - lights lit,Normal,Vehicle with vehicle collision,1,1,Going straight,,,,,No distancing,Slight Injury
2024-10-05 08:25:00,Tuesday,31-50,Male,Junior high school,5-10yr,Automobile,Owner,Unknown,Unknown,Residential areas,Other,Tangent road with flat terrain,Y Shape,Gravel roads,Dry,Daylight,Normal,Vehicle with vehicle collision,2,1,Going straight,Driver or rider,Male,18-30,3.0,No distancing,Slight Injury
2024-10-05 08:25:00,Tuesday,Unknown,Male,Elementary school,Unknown,Other,Owner,Unknown,7,Outside rural areas,Other,Tangent road with flat terrain,Y Shape,Asphalt roads,Dry,Daylight,Normal,Vehicle with vehicle collision,2,1,Going straight,Pedestrian,Male,31-50,3.0,No distancing,Slight Injury
2024-10-05 17:30:00,Wednesday,31-50,Male,Junior high school,5-10yr,Pick up upto 10Q,Owner,Above 10yr,Unknown,Residential areas,Other,Tangent road with flat terrain,Y Shape,Asphalt roads,Dry,Darkness - lights lit,Normal,Collision with roadside objects,1,1,Going straight,Pedestrian,Female,31-50,2.0,Changing lane to the right,Slight Injury
2024-10-05 21:30:00,Thursday,Unknown,Female,Junior high school,5-10yr,Lorry (41-100Q),Owner,5-10yrs,5,Church areas,Other,Tangent road with flat terrain,Y Shape,Asphalt roads,Dry,Darkness - lights lit,Normal,Vehicle with vehicle collision,1,1,Going straight,,,,,No distancing,Slight Injury
2024-10-05 01:02:00,Friday,Under 18,Male,Junior high school,Below 1yr,Automobile,Owner,Unknown,No defect,Office areas,Undivided Two way,Tangent road with flat terrain,Crossing,Asphalt roads,Dry,Darkness - lights lit,Normal,Collision with roadside-parked vehicles,2,1,Going straight,Driver or rider,Female,Over 51,3.0,No priority to vehicle,Slight Injury
2024-10-05 01:02:00,Friday,Unknown,Male,Junior high school,5-10yr,Automobile,Owner,Unknown,No defect,Office areas,Two-way (divided with broken lines road marking),Tangent road with mountainous terrain and,Crossing,Asphalt roads,Dry,Darkness - lights lit,Normal,Vehicle with vehicle collision,2,1,Going straight,Passenger,Female,18-30,3.0,Changing lane to the left,Slight Injury
2024-10-05 12:27:00,Sunday,Under 18,Male,Elementary school,2-5yr,Lorry (41-100Q),Governmental,Unknown,No defect,Office areas,Two-way (divided with broken lines road marking),Escarpments,Crossing,Asphalt roads,Dry,Daylight,Normal,Collision with roadside objects,1,2,Moving Backward,Passenger,Female,31-50,3.0,Moving Backward,Slight Injury
2024-10-05 12:27:00,Sunday,Under 18,Male,Junior high school,2-5yr,Other,Owner,2-5yrs,Unknown,Other,Undivided Two way,Tangent road with mountainous terrain and,Crossing,Asphalt roads,Dry,Daylight,Normal,Vehicle with vehicle collision,1,2,Going straight,,,,,Driving carelessly,Slight Injury
2024-10-05 20:50:00,Sunday,Under 18,Male,Elementary school,2-5yr,Other,Owner,2-5yrs,Unknown,Other,Undivided Two way,Tangent road with flat terrain,Y Shape,Asphalt roads,Dry,Darkness - lights lit,Normal,Vehicle with vehicle collision,2,1,Going straight,Driver or rider,Female,31-50,3.0,Changing lane to the left,Slight Injury
2024-10-05 20:50:00,Sunday,Unknown,Female,Junior high school,2-5yr,Automobile,Owner,Unknown,No defect,Residential areas,Two-way (divided with broken lines road marking),Tangent road with flat terrain,Y Shape,Asphalt roads,Dry,Darkness - lights lit,Normal,Vehicle with vehicle collision,2,1,Going straight,Passenger,Female,Under 18,3.0,No priority to pedestrian,Slight Injury
2024-10-05 18:00:00,Tuesday,Over 51,Male,Junior high school,Above 10yr,Automobile,Owner,Unknown,Unknown,Other,Two-way (divided with broken lines road marking),Tangent road with flat terrain,Y Shape,Asphalt roads,Dry,Darkness - lights lit,Normal,Vehicle with vehicle collision,2,1,Going straight,Passenger,Female,Under 18,3.0,No distancing,Slight Injury
2024-10-05 18:00:00,Tuesday,Unknown,Male,Junior high school,2-5yr,Automobile,Owner,Below 1yr,Unknown,Other,Undivided Two way,Tangent road with mild grade and flat terrain,Y Shape,Asphalt roads,Dry,Darkness - lights lit,Normal,Vehicle with vehicle collision,2,1,Moving Backward,,,,,No distancing,Slight Injury
2024-10-05 01:55:00,Saturday,Unknown,Male,Junior high school,1-2yr,Automobile,Owner,5-10yrs,Unknown,Other,Two-way (divided with broken lines road marking),Tangent road with flat terrain,Crossing,Asphalt roads,Dry,Darkness - lights lit,Normal,Collision with roadside-parked vehicles,4,1,Going straight,Driver or rider,Male,Over 51,3.0,Overturning,Slight Injury
2024-10-05 01:55:00,Saturday,18-30,Male,Junior high school,2-5yr,Lorry (41-100Q),Governmental,5-10yrs,No defect,Other,Undivided Two way,Tangent road with flat terrain,Crossing,Asphalt roads,Dry,Darkness - lights lit,Normal,Collision with roadside-parked vehicles,4,1,Other,Passenger,Female,Over 51,3.0,No distancing,Slight Injury
2024-10-05 01:55:00,Saturday,18-30,Male,Junior high school,1-2yr,Other,Owner,2-5yrs,No defect,Other,Double carriageway (median),Tangent road with mild grade and flat terrain,Crossing,Asphalt roads,Dry,Darkness - lights lit,Normal,Collision with animals,4,1,Other,,,,,Drunk driving,Slight Injury
2024-10-05 01:55:00,Saturday,Unknown,Male,Junior high school,5-10yr,Pick up upto 10Q,Owner,Unknown,No defect,Other,Two-way (divided with broken lines road marking),Tangent road with flat terrain,Crossing,Gravel roads,Dry,Darkness - lights lit,Normal,Collision with animals,4,1,Going straight,Pedestrian,Male,Under 18,3.0,Moving Backward,Slight Injury
2024-10-05 10:05:00,Monday,Over 51,Male,Junior high school,5-10yr,Stationwagen,Owner,2-5yrs,Unknown,Church areas,Two-way (divided with broken lines road marking),Tangent road with flat terrain,No junction,Asphalt roads,Dry,Daylight,Normal,Collision with animals,1,1,Going straight,Pedestrian,Male,Over 51,3.0,No priority to pedestrian,Slight Injury
2024-10-05 21:27:00,Monday,31-50,Male,Elementary school,2-5yr,Other,Owner,5-10yrs,Unknown,Other,Undivided Two way,Tangent road with flat terrain,Y Shape,Asphalt roads,Dry,Darkness - lights lit,Normal,Collision with animals,1,1,Going straight,,,,,Changing lane to the left,Slight Injury
2024-10-05 17:52:00,Wednesday,31-50,Male,Elementary school,Below 1yr,Pick up upto 10Q,Organization,2-5yrs,Unknown,Industrial areas,Two-way (divided with broken lines road marking),Tangent road with flat terrain,No junction,Asphalt roads,Dry,Darkness - lights lit,Normal,Collision with animals,1,2,Going straight,,,,,Changing lane to the left,Slight Injury
2024-10-05 17:52:00,Wednesday,31-50,Male,Unknown,Unknown,Stationwagen,Owner,Unknown,No defect,Residential areas,Double carriageway (median),Tangent road with flat terrain,No junction,Asphalt roads,Dry,Darkness - lights lit,Normal,Collision with animals,1,2,Other,Driver or rider,Female,18-30,3.0,Getting off the vehicle improperly,Slight Injury
2024-10-05 07:30:00,Thursday,18-30,Male,Junior high school,Above 10yr,Lorry (41-100Q),Governmental,Above 10yr,No defect,Other,Two-way (divided with broken lines road marking),Tangent road with flat terrain,No junction,Earth roads,Dry,Daylight,Normal,Collision with animals,1,1,Going straight,Driver or rider,Male,Under 18,3.0,No distancing,Slight Injury