Time,Day_of_week,Age_band_of_driver,Sex_of_driver,Educational_level,Driving_experience,Type_of_vehicle,Owner_of_vehicle,Service_year_of_vehicle,Defect_of_vehicle,Area_accident_occured,Lanes_or_Medians,Road_allignment,Types_of_Junction,Road_surface_type,Road_surface_conditions,Light_conditions,Weather_conditions,Type_of_collision,Number_of_vehicles_involved,Number_of_casualties,Vehicle_movement,Casualty_class,Sex_of_casualty,Age_band_of_casualty,Casualty_severity,Cause_of_accident,Accident_severity
2024-10-05 17:30:00,Saturday,31-50,Male,High school,1-2yr,Automobile,Owner,Unknown,No defect,Office areas,Two-way (divided with broken lines road marking),Tangent road with flat terrain,Y Shape,Asphalt roads,Dry,Darkness - lights lit,Normal,Collision with animals,4,1,Getting off,Passenger,Male,Under 18,2.0,Changing lane to the right,Slight Injury
2024-10-05 17:30:00,Saturday,31-50,Male,Junior high school,5-10yr,Other,Owner,Unknown,No defect,Industrial areas,Other,Tangent road with flat terrain,Y Shape,Asphalt roads,Dry,Darkness - lights lit,Normal,Collision with animals,4,1,Going straight,,,,,Changing lane to the right,Slight Injury
2024-10-05 17:30:00,Saturday,18-30,Male,Junior high school,1-2yr,Automobile,Owner,1-2yr,No defect,Industrial areas,Double carriageway (median),Tangent road with flat terrain,Y Shape,Other,Dry,Darkness - lights lit,Normal,Collision with animals,4,1,Going straight,,,,,Moving Backward,Slight Injury
2024-10-05 17:30:00,Saturday,Unknown,Male,Junior high school,Above 10yr,Automobile,Owner,Unknown,No defect,Other,Two-way (divided with broken lines road marking),Tangent road with flat terrain,Y Shape,Gravel roads,Dry,Darkness - lights lit,Normal,Collision with animals,4,1,Going straight,Driver or rider,Male,31-50,3.0,Driving at high speed,Slight Injury
2024-10-05 16:01:00,Sunday,Over 51,Male,Junior high school,Below 1yr,Turbo,Organization,Above 10yr,Unknown,Hospital areas,Two-way (divided with broken lines road marking),Tangent road with flat terrain,Y Shape,Asphalt roads,Wet or damp,Darkness - lights lit,Raining,Collision with animals,3,3,Going straight,Passenger,Female,31-50,3.0,Changing lane to the left,Slight Injury
2024-10-05 16:01:00,Sunday,Over 51,Male,Elementary school,2-5yr,Other,Owner,Unknown,Unknown,Office areas,One way,Tangent road with flat terrain,Y Shape,Other,Wet or damp,Darkness - lights lit,Raining,Other,3,3,Going straight,,,,,Changing lane to the right,Slight Injury
2024-10-05 16:01:00,Sunday,18-30,Male,Junior high school,5-10yr,Stationwagen,Owner,2-5yrs,No defect,Church areas,Undivided Two way,Tangent road with flat terrain,Y Shape,Asphalt roads,Wet or damp,Darkness - lights lit,Raining,Rollover,3,3,Going straight,Pedestrian,Female,31-50,3.0,No distancing,Slight Injury
2024-10-05 16:01:00,Sunday,18-30,Male,Elementary school,5-10yr,Automobile,Organization,5-10yrs,No defect,Hospital areas,Undivided Two way,Tangent road with mountainous terrain and,Y Shape,Earth roads,Wet or damp,Darkness - lights lit,Raining,Collision with animals,3,3,Moving Backward,Pedestrian,Male,18-30,3.0,Changing lane to the right,Slight Injury
2024-10-05 14:30:00,Saturday,18-30,Male,Junior high school,1-2yr,Automobile,Owner,Above 10yr,No defect,Office areas,Other,Tangent road with flat terrain,Y Shape,Asphalt roads,Dry,Daylight,Normal,Rollover,2,1,Going straight,,,,,Changing lane to the right,Slight Injury
2024-10-05 14:30:00,Saturday,Under 18,Male,Junior high school,5-10yr,Automobile,Owner,2-5yrs,No defect,Other,Two-way (divided with broken lines road marking),Escarpments,Y Shape,Asphalt roads,Dry,Daylight,Normal,Collision with animals,2,1,Other,Driver or rider,Male,31-50,3.0,No distancing,Slight Injury
2024-10-05 09:18:00,Friday,31-50,Male,Unknown,Unknown,Pick up upto 10Q,Owner,1-2yr,Unknown,Office areas,Undivided Two way,Tangent road with flat terrain,O Shape,Asphalt roads,Dry,Daylight,Normal,Collision with animals,1,1,Going straight,,,,,Changing lane to the right,Serious Injury
2024-10-05 08:05:00,Friday,31-50,Male,High school,2-5yr,Lorry (41-100Q),Owner,2-5yrs,Unknown,Office areas,Two-way (divided with broken lines road marking),Tangent road with mountainous terrain and,Y Shape,Asphalt roads,Dry,Daylight,Normal,Vehicle with vehicle collision,1,1,Going straight,Driver or rider,Male,31-50,3.0,Driving carelessly,Slight Injury
2024-10-05 02:09:00,Friday,31-50,Male,Junior high school,1-2yr,Lorry (41-100Q),Owner,Unknown,No defect,Other,Double carriageway (median),Steep grade downward with mountainous terrain,Crossing,Asphalt roads,Dry,Darkness - lights lit,Normal,Fall from vehicles,2,1,Going straight,,,,,Driving carelessly,Slight Injury
2024-10-05 02:09:00,Friday,31-50,Male,Junior high school,5-10yr,Automobile,Owner,1-2yr,No defect,Office areas,Undivided Two way,Tangent road with mild grade and flat terrain,Crossing,Earth roads,Dry,Darkness - lights lit,Normal,Collision with roadside-parked vehicles,2,1,Going straight,Driver or rider,Male,31-50,2.0,Changing lane to the right,Slight Injury
2024-10-05 00:03:00,Friday,31-50,Male,Junior high school,2-5yr,Lorry (41-100Q),Owner,Unknown,No defect,Residential areas,Undivided Two way,Tangent road with flat terrain,Y Shape,Asphalt roads,Dry,Darkness - lights lit,Normal,Collision with roadside-parked vehicles,2,1,Other,,,,,Overturning,Slight Injury
2024-10-05 00:03:00,Friday,Over 51,Male,Junior high school,No Licence,Lorry (41-100Q),Owner,Unknown,Unknown,Other,Two-way (divided with broken lines road marking),Tangent road with flat terrain,Y Shape,Asphalt roads,Dry,Darkness - lights lit,Normal,Rollover,2,1,Moving Backward,Driver or rider,Male,Under 18,3.0,Changing lane to the right,Slight Injury
2024-10-05 15:20:00,Sunday,18-30,Male,Junior high school,Above 10yr,Lorry (41-100Q),Owner,2-5yrs,Unknown,Office areas,Double carriageway (median),Tangent road with flat terrain,Y Shape,Asphalt roads,Dry,Daylight,Normal,Collision with animals,2,1,Other,,,,,Moving Backward,Slight Injury
2024-10-05 15:20:00,Sunday,Unknown,Male,Junior high school,Above 10yr,Lorry (41-100Q),Owner,5-10yrs,Unknown,Office areas,Undivided Two way,Tangent road with mountainous terrain and,Y Shape,Asphalt roads,Dry,Daylight,Normal,Collision with animals,2,1,Going straight,Passenger,Male,18-30,3.0,No distancing,Slight Injury
2024-10-05 11:50:00,Thursday,18-30,Male,Junior high school,5-10yr,Automobile,Other,Unknown,Unknown,Office areas,Other,Tangent road with flat terrain,Y Shape,Asphalt roads,Dry,Daylight,Normal,Fall from vehicles,2,1,Going straight,Pedestrian,Male,18-30,3.0,Overturning,Slight Injury
2024-10-05 11:50:00,Thursday,Unknown,Male,High school,2-5yr,Automobile,Owner,5-10yrs,No defect,Other,Two-way (divided with broken lines road marking),Tangent road with mild grade and flat terrain,Y Shape,Asphalt roads,Dry,Daylight,Normal,Collision with roadside-parked vehicles,2,1,Other,Pedestrian,Male,Under 18,2.0,Driving carelessly,Slight Injury
2024-10-05 23:01:00,Saturday,18-30,Male,High school,2-5yr,Automobile,Owner,Unknown,No defect,Church areas,Undivided Two way,Tangent road with flat terrain,No junction,Asphalt roads,Dry,Darkness - lights lit,Normal,Collision with animals,1,1,Going straight,,,,,Changing lane to the right,Slight Injury
2024-10-05 19:50:00,Monday,18-30,Male,Junior high school,Below 1yr,Public (13-45 seats),Owner,Unknown,No defect,Industrial areas,Undivided Two way,Tangent road with flat terrain,No junction,Asphalt roads,Dry,Darkness - lights lit,Normal,Collision with animals,1,1,Going straight,Driver or rider,Male,31-50,2.0,Driving at high speed,Slight Injury
2024-10-05 18:10:00,Tuesday,31-50,Male,Junior high school,Above 10yr,Automobile,Owner,1-2yr,No defect,Office areas,Double carriageway (median),Tangent road with flat terrain,O Shape,Asphalt roads,Dry,Darkness - lights lit,Normal,Collision with pedestrians,2,1,Going straight,,,,,Changing lane to the left,Slight Injury
2024-10-05 18:10:00,Tuesday,Unknown,Male,Junior high school,Above 10yr,Public (13-45 seats),Owner,Unknown,No defect,Church areas,Undivided Two way,Tangent road with flat terrain,O Shape,Asphalt roads,Dry,Darkness - lights lit,Normal,Vehicle with vehicle collision,2,1,Going straight,Passenger,Male,31-50,2.0,Driving carelessly,Slight Injury
2024-10-05 18:50:00,Thursday,Over 51,Male,Elementary school,2-5yr,Public (13-45 seats),Owner,Unknown,Unknown,Office areas,Undivided Two way,Tangent road with flat terrain,Crossing,Asphalt roads,Dry,Darkness - lights lit,Normal,Vehicle with vehicle collision,2,1,Going straight,,,,,No distancing,Slight Injury
2024-10-05 18:50:00,Thursday,Unknown,Male,Junior high school,2-5yr,Automobile,Owner,Unknown,No defect,Office areas,Other,Tangent road with flat terrain,Crossing,Earth roads,Dry,Darkness - lights lit,Normal,Collision with pedestrians,2,1,Going straight,Driver or rider,Male,31-50,2.0,Moving Backward,Slight Injury
2024-10-05 17:00:00,Wednesday,Over 51,Male,Unknown,Above 10yr,Lorry (11-40Q),Owner,Unknown,Unknown,Residential areas,Two-way (divided with broken lines road marking),Tangent road with flat terrain,No junction,Asphalt roads,Dry,Darkness - lights lit,Normal,Vehicle with vehicle collision,2,1,Going straight,,,,,No priority to pedestrian,Slight Injury
2024-10-05 17:00:00,Wednesday,18-30,Male,Elementary school,5-10yr,Automobile,Owner,5-10yrs,Unknown,Office areas,Two-way (divided with broken lines road marking),Tangent road with flat terrain,No junction,Asphalt roads,Dry,Darkness - lights lit,Normal,Collision with roadside objects,2,1,Other,Driver or rider,Male,31-50,2.0,Moving Backward,Slight Injury
2024-10-05 11:50:00,Wednesday,18-30,Male,Junior high school,Below 1yr,Lorry (41-100Q),Owner,5-10yrs,Unknown,Residential areas,Undivided Two way,Tangent road with flat terrain,Y Shape,Asphalt roads,Dry,Daylight,Normal,Vehicle with vehicle collision,2,1,Going straight,Pedestrian,Male,Under 18,3.0,Changing lane to the right,Slight Injury
2024-10-05 11:50:00,Wednesday,18-30,Male,Elementary school,Below 1yr,Other,Owner,2-5yrs,Unknown,Office areas,Double carriageway (median),Tangent road with flat terrain,Y Shape,Asphalt roads,Dry,Daylight,Normal,Vehicle with vehicle collision,2,1,Going straight,Driver or rider,Male,31-50,2.0,No distancing,Slight Injury
2024-10-05 14:39:00,Thursday,31-50,Male,Junior high school,Below 1yr,Pick up upto 10Q,Owner,2-5yrs,No defect,Office areas,Double carriageway (median),Tangent road with flat terrain,Y Shape,Other,Dry,Daylight,Normal,Vehicle with vehicle collision,1,1,Going straight,,,,,Drunk driving,Slight Injury
2024-10-05 21:00:00,Friday,Under 18,Male,Junior high school,5-10yr,Lorry (11-40Q),Other,Unknown,No defect,Other,Two-way (divided with broken lines road marking),Tangent road with flat terrain,No junction,Gravel roads,Dry,Darkness - lights lit,Normal,Rollover,2,1,Going straight,,,,,Changing lane to the right,Slight Injury
2024-10-05 21:00:00,Friday,31-50,Male,Junior high school,5-10yr,Motorcycle,Owner,Unknown,No defect,Other,Two-way (divided with broken lines road marking),Tangent road with flat terrain,No junction,Gravel roads,Dry,Darkness - lights lit,Normal,Vehicle with vehicle collision,2,1,Going straight,Driver or rider,Male,18-30,2.0,Driving carelessly,Slight Injury
2024-10-05 17:30:00,Sunday,Over 51,Male,High school,5-10yr,Pick up upto 10Q,Owner,Above 10yr,No defect,Residential areas,Two-way (divided with broken lines road marking),Tangent road with flat terrain,Y Shape,Asphalt roads,Dry,Darkness - lights lit,Normal,Vehicle with vehicle collision,2,1,Going straight,Driver or rider,Female,Over 51,3.0,Driving to the left,Slight Injury
2024-10-05 17:30:00,Sunday,Unknown,Male,Junior high school,5-10yr,Lorry (11-40Q),Owner,Unknown,Unknown,Church areas,Two-way (divided with broken lines road marking),Tangent road with flat terrain,Y Shape,Asphalt roads,Dry,Darkness - lights lit,Normal,Vehicle with vehicle collision,2,1,Moving Backward,Driver or rider,Male,31-50,3.0,Changing lane to the right,Slight Injury
2024-10-05 00:56:00,Monday,18-30,Male,Junior high school,2-5yr,Lorry (11-40Q),Governmental,Unknown,No defect,Church areas,Double carriageway (median),Tangent road with flat terrain,Crossing,Earth roads,Dry,Darkness - lights lit,Normal,Collision with pedestrians,2,1,Going straight,Driver or rider,Female,31-50,3.0,Changing lane to the right,Serious Injury
2024-10-05 00:56:00,Monday,31-50,Male,Elementary school,5-10yr,Automobile,Owner,2-5yrs,No defect,Residential areas,Double carriageway (median),Tangent road with flat terrain,Crossing,Asphalt roads,Dry,Darkness - lights lit,Normal,Vehicle with vehicle collision,2,1,Going straight,Driver or rider,Female,31-50,3.0,Driving carelessly,Serious Injury
2024-10-05 17:00:00,Monday,18-30,Male,Junior high school,2-5yr,Automobile,Owner,Unknown,No defect,Office areas,Two-way (divided with broken lines road marking),Tangent road with mild grade and flat terrain,Y Shape,Asphalt roads,Wet or damp,Darkness - lights lit,Other,Collision with roadside objects,2,1,Going straight,Passenger,Male,Under 18,3.0,Changing lane to the left,Slight Injury
2024-10-05 17:00:00,Monday,Unknown,Male,Junior high school,Below 1yr,Other,Owner,5-10yrs,No defect,Office areas,Two-way (divided with broken lines road marking),Tangent road with mild grade and flat terrain,Y Shape,Asphalt roads,Wet or damp,Darkness - lights lit,Other,Vehicle with vehicle collision,2,1,Going straight,Passenger,Female,Under 18,1.0,No priority to vehicle,Slight Injury
2024-10-05 14:20:00,Tuesday,18-30,Male,Elementary school,2-5yr,Other,Owner,2-5yrs,Unknown,Residential areas,Two-way (divided with broken lines road marking),Tangent road with flat terrain,Y Shape,Asphalt roads,Dry,Daylight,Normal,Rollover,2,1,Going straight,Passenger,Female,Under 18,3.0,Driving carelessly,Slight Injury
2024-10-05 14:20:00,Tuesday,Under 18,Male,Junior high school,2-5yr,Automobile,Owner,5-10yrs,Unknown,Church areas,Other,Tangent road with flat terrain,Y Shape,Earth roads,Dry,Daylight,Normal,Vehicle with vehicle collision,2,1,Going straight,Driver or rider,Male,Under 18,3.0,Changing lane to the right,Slight Injury
2024-10-05 01:30:00,Wednesday,18-30,Male,Junior high school,2-5yr,Taxi,Owner,Unknown,Unknown,Other,Two-way (divided with broken lines road marking),Tangent road with flat terrain,Crossing,Asphalt roads,Wet or damp,Darkness - lights lit,Other,Vehicle with vehicle collision,2,1,Going straight,,,,,Driving carelessly,Slight Injury
2024-10-05 01:30:00,Wednesday,18-30,Male,Junior high school,5-10yr,Other,Owner,Unknown,Unknown,Office areas,Two-way (divided with broken lines road marking),Tangent road with flat terrain,Crossing,Asphalt roads,Wet or damp,Darkness - lights lit,Other,Vehicle with vehicle collision,2,1,Getting off,,,,,Driving under the influence of drugs,Slight Injury
2024-10-05 13:45:00,Sunday,18-30,Male,Junior high school,5-10yr,Taxi,Owner,Unknown,Unknown,Other,Two-way (divided with broken lines road marking),Tangent road with flat terrain,Crossing,Asphalt roads,Dry,Daylight,Normal,Vehicle with vehicle collision,3,1,Going straight,Driver or rider,Female,18-30,3.0,No distancing,Slight Injury
2024-10-05 13:45:00,Sunday,31-50,Male,Junior high school,Unknown,Lorry (11-40Q),Owner,Unknown,Unknown,Other,Two-way (divided with broken lines road marking),Tangent road with flat terrain,Crossing,Asphalt roads,Dry,Daylight,Normal,Vehicle with vehicle collision,3,1,Going straight,,,,,Changing lane to the left,Slight Injury
2024-10-05 13:45:00,Sunday,31-50,Male,Junior high school,5-10yr,Automobile,Owner,Unknown,Unknown,Other,Other,Tangent road with flat terrain,Crossing,Asphalt roads,Dry,Daylight,Normal,Collision with roadside objects,3,1,Turnover,Driver or rider,Male,31-50,3.0,No priority to vehicle,Slight Injury
2024-10-05 16:20:00,Sunday,31-50,Male,Junior high school,2-5yr,Other,Governmental,2-5yrs,Unknown,Residential areas,Two-way (divided with broken lines road marking),Other,No junction,Asphalt roads,Dry,Daylight,Normal,Vehicle with vehicle collision,1,1,Moving Backward,,,,,Moving Backward,Slight Injury
2024-10-05 11:30:00,Wednesday,Over 51,Male,Junior high school,Below 1yr,Automobile,Owner,Below 1yr,Unknown,Church areas,Undivided Two way,Tangent road with flat terrain,Crossing,Asphalt roads,Dry,Daylight,Normal,Vehicle with vehicle collision,2,1,Going straight,,,,,Moving Backward,Slight Injury
2024-10-05 11:30:00,Wednesday,Unknown,Male,Junior high school,1-2yr,Automobile,Other,Unknown,Unknown,Other,Undivided Two way,Tangent road with flat terrain,Crossing,Asphalt roads,Dry,Daylight,Normal,Collision with roadside objects,2,1,Moving Backward,Driver or rider,Male,Over 51,2.0,No distancing,Slight Injury
2024-10-05 16:00:00,Thursday,Under 18,Male,Junior high school,Below 1yr,Automobile,Owner,Unknown,Unknown,Other,One way,Tangent road with flat terrain,Crossing,Asphalt roads,Dry,Daylight,Normal,Collision with roadside objects,2,1,Going straight,Passenger,Female,Over 51,3.0,Changing lane to the right,Slight Injury
2024-10-05 16:00:00,Thursday,31-50,Male,Junior high school,Above 10yr,Automobile,Owner,Unknown,No defect,Residential areas,Two-way (divided with broken lines road marking),Tangent road with flat terrain,Crossing,Asphalt roads,Dry,Daylight,Normal,Vehicle with vehicle collision,2,1,Other,,,,,Changing lane to the right,Slight Injury
2024-10-05 12:48:00,Tuesday,31-50,Male,Junior high school,Below 1yr,Lorry (41-100Q),Owner,Unknown,Unknown,Office areas,One way,Tangent road with flat terrain,Crossing,Earth roads,Dry,Daylight,Normal,Vehicle with vehicle collision,2,1,Going straight,Driver or rider,Male,18-30,3.0,Moving Backward,Slight Injury
2024-10-05 12:48:00,Tuesday,Unknown,Male,Junior high school,2-5yr,Other,Owner,Unknown,No defect,Industrial areas,Two-way (divided with broken lines road marking),Tangent road with flat terrain,Crossing,Asphalt roads,Dry,Daylight,Normal,Vehicle with vehicle collision,2,1,Other,Passenger,Female,18-30,3.0,Driving carelessly,Slight Injury
2024-10-05 05:10:00,Monday,31-50,Male,Junior high school,1-2yr,Pick up upto 10Q,Governmental,Unknown,No defect,Residential areas,Double carriageway (median),Tangent road with flat terrain,Crossing,Asphalt roads,Dry,Darkness - lights lit,Normal,Vehicle with vehicle collision,1,1,Going straight,,,,,Driving under the influence of drugs,Slight Injury
2024-10-05 10:35:00,Wednesday,Unknown,Female,Elementary school,5-10yr,Pick up upto 10Q,Owner,Unknown,No defect,Office areas,Other,Tangent road with flat terrain,Y Shape,Asphalt roads,Dry,Daylight,Normal,Collision with roadside objects,1,1,Other,Driver or rider,Female,18-30,3.0,No distancing,Slight Injury
2024-10-05 10:35:00,Tuesday,Unknown,Male,Junior high school,Below 1yr,Automobile,Owner,2-5yrs,Unknown,Other,Other,Tangent road with flat terrain,Crossing,Asphalt roads,Dry,Daylight,Normal,Vehicle with vehicle collision,2,2,Going straight,Driver or rider,Male,Over 51,3.0,No distancing,Slight Injury
2024-10-05 10:35:00,Tuesday,18-30,Male,Junior high school,Below 1yr,Long lorry,Owner,Unknown,Unknown,Church areas,Other,Tangent road with flat terrain,Crossing,Earth roads,Dry,Daylight,Normal,Vehicle with vehicle collision,2,2,Going straight,Pedestrian,Male,Under 18,2.0,No priority to vehicle,Slight Injury
2024-10-05 08:45:00,Friday,Over 51,Male,Writing & reading,Below 1yr,Automobile,Owner,Above 10yr,Unknown,Industrial areas,Other,Tangent road with flat terrain,Y Shape,Asphalt roads,Dry,Daylight,Normal,Vehicle with vehicle collision,2,1,Going straight,,,,,Driving to the left,Slight Injury
2024-10-05 08:45:00,Friday,31-50,Male,Junior high school,1-2yr,Public (13-45 seats),Owner,Unknown,No defect,Recreational areas,One way,Tangent road with flat terrain,Y Shape,Asphalt roads,Dry,Daylight,Normal,Vehicle with vehicle collision,2,1,Going straight,Driver or rider,Male,31-50,3.0,No priority to vehicle,Slight Injury
2024-10-05 20:14:00,Monday,18-30,Male,Elementary school,5-10yr,Lorry (41-100Q),Owner,Unknown,No defect,Market areas,Undivided Two way,Tangent road with flat terrain,Crossing,Asphalt roads,Dry,Darkness - lights lit,Normal,Vehicle with vehicle collision,2,2,Going straight,Passenger,Female,31-50,3.0,No priority to vehicle,Slight Injury
2024-10-05 20:14:00,Monday,18-30,Male,Junior high school,2-5yr,Public (13-45 seats),Owner,Unknown,No defect,Other,Two-way (divided with broken lines road marking),Tangent road with flat terrain,Crossing,Asphalt roads,Dry,Darkness - lights lit,Normal,Vehicle with vehicle collision,2,2,Other,,,,,No priority to vehicle,Slight Injury
2024-10-05 20:14:00,Monday,Unknown,Male,Junior high school,Below 1yr,Other,Owner,Unknown,Unknown,Other,Two-way (divided with broken lines road marking),Tangent road with flat terrain,Crossing,Asphalt roads,Dry,Darkness - lights lit,Normal,Collision with roadside objects,2,2,Other,Driver or rider,Male,18-30,3.0,No distancing,Slight Injury
2024-10-05 12:38:00,Friday,18-30,Male,Writing & reading,5-10yr,Lorry (41-100Q),Owner,Unknown,No defect,Industrial areas,Two-way (divided with broken lines road marking),Other,No junction,Asphalt roads,Dry,Daylight,Normal,Vehicle with vehicle collision,1,1,Going straight,,,,,Moving Backward,Slight Injury
2024-10-05 10:05:00,Thursday,31-50,Male,Writing & reading,5-10yr,Lorry (41-100Q),Governmental,2-5yrs,Unknown,Other,Two-way (divided with broken lines road marking),Tangent road with flat terrain,Y Shape,Asphalt roads,Dry,Daylight,Normal,Collision with pedestrians,2,1,Going straight,Driver or rider,Male,18-30,3.0,Changing lane to the right,Slight Injury
2024-10-05 10:05:00,Thursday,31-50,Male,Junior high school,5-10yr,Long lorry,Governmental,Unknown,Unknown,Office areas,Other,Tangent road with flat terrain,Y Shape,Asphalt roads,Dry,Daylight,Normal,Collision with roadside objects,2,1,Getting off,Pedestrian,Female,18-30,3.0,Driving carelessly,Slight Injury
2024-10-05 00:02:00,Monday,31-50,Male,Junior high school,2-5yr,Pick up upto 10Q,Owner,Unknown,Unknown,Other,Other,Tangent road with flat terrain,Y Shape,Other,Dry,Darkness - lights lit,Normal,Collision with roadside objects,2,1,Going straight,,,,,Changing lane to the left,Slight Injury
2024-10-05 00:02:00,Monday,Unknown,Male,Junior high school,Above 10yr,Pick up upto 10Q,Owner,Unknown,Unknown,Office areas,Two-way (divided with broken lines road marking),Tangent road with flat terrain,Y Shape,Asphalt roads,Dry,Darkness - lights lit,Normal,Vehicle with vehicle collision,2,1,Going straight,Passenger,Male,31-50,3.0,No distancing,Slight Injury
2024-10-05 17:25:00,Monday,Under 18,Male,Junior high school,5-10yr,Lorry (41-100Q),Owner,Unknown,Unknown,Office areas,Undivided Two way,Tangent road with flat terrain,Y Shape,Asphalt roads,Dry,Darkness - lights lit,Normal,Rollover,2,1,Going straight,Passenger,Female,Over 51,3.0,Changing lane to the right,Slight Injury
2024-10-05 17:25:00,Monday,18-30,Male,Junior high school,Above 10yr,Lorry (41-100Q),Organization,Unknown,Unknown,Other,Other,Tangent road with flat terrain,Y Shape,Asphalt roads,Dry,Darkness - lights lit,Normal,Vehicle with vehicle collision,2,1,Going straight,Driver or rider,Male,18-30,3.0,Driving under the influence of drugs,Slight Injury
2024-10-05 23:20:00,Saturday,31-50,Male,Junior high school,2-5yr,Automobile,Governmental,2-5yrs,Unknown,Other,Other,Tangent road with flat terrain,Y Shape,Asphalt roads,Dry,Darkness - lights lit,Normal,Vehicle with vehicle collision,1,1,Going straight,Driver or rider,Female,18-30,3.0,No distancing,Serious Injury
2024-10-05 16:00:00,Friday,Over 51,Male,Junior high school,Below 1yr,Other,Owner,Unknown,No defect,Other,Undivided Two way,Tangent road with flat terrain,Y Shape,Asphalt roads,Dry,Daylight,Normal,Vehicle with vehicle collision,1,1,Getting off,Passenger,Male,Under 18,3.0,Overturning,Slight Injury
2024-10-05 07:30:00,Sunday,Unknown,Female,Junior high school,Below 1yr,Other,Owner,Above 10yr,Unknown,Other,Other,Tangent road with flat terrain,Y Shape,Asphalt roads,Dry,Daylight,Normal,Vehicle with vehicle collision,1,1,Going straight,Pedestrian,Female,18-30,3.0,No distancing,Slight Injury
2024-10-05 06:45:00,Friday,18-30,Male,Junior high school,5-10yr,Other,Other,Unknown,Unknown,Residential areas,Undivided Two way,Tangent road with flat terrain,Y Shape,Asphalt roads,Dry,Darkness - lights lit,Normal,Vehicle with vehicle collision,2,1,Going straight,,,,,Changing lane to the right,Slight Injury
2024-10-05 06:45:00,Friday,31-50,Male,Junior high school,2-5yr,Automobile,Owner,2-5yrs,No defect,Church areas,Undivided Two way,Tangent road with flat terrain,Y Shape,Earth roads,Dry,Darkness - lights lit,Normal,Vehicle with vehicle collision,2,1,Other,Driver or rider,Male,31-50,2.0,No priority to vehicle,Slight Injury
2024-10-05 17:18:00,Tuesday,18-30,Male,Elementary school,Below 1yr,Pick up upto 10Q,Owner,2-5yrs,Unknown,Office areas,Double carriageway (median),Tangent road with flat terrain,No junction,Asphalt roads,Dry,Darkness - lights lit,Normal,Vehicle with vehicle collision,2,1,Going straight,Pedestrian,Male,Over 51,3.0,Changing lane to the right,Slight Injury
2024-10-05 17:18:00,Tuesday,18-30,Male,Junior high school,2-5yr,Automobile,Owner,2-5yrs,Unknown,Church areas,Other,Tangent road with flat terrain,No junction,Asphalt roads,Dry,Darkness - lights lit,Normal,Vehicle with vehicle collision,2,1,Going straight,Driver or rider,Female,18-30,3.0,Changing lane to the left,Slight Injury
2024-10-05 11:20:00,Sunday,31-50,Male,Junior high school,5-10yr,Public (12 seats),Owner,2-5yrs,Unknown,Other,Two-way (divided with broken lines road marking),Tangent road with flat terrain,Y Shape,Asphalt roads,Dry,Daylight,Normal,Collision with roadside objects,1,1,Going straight,,,,,No distancing,Slight Injury
2024-10-05 16:51:00,Thursday,18-30,Male,High school,Above 10yr,Automobile,Owner,Unknown,Unknown,Other,Other,Tangent road with flat terrain,Y Shape,Asphalt roads,Dry,Daylight,Normal,Vehicle with vehicle collision,2,1,Going straight,Driver or rider,Female,18-30,3.0,No priority to pedestrian,Slight Injury
2024-10-05 16:51:00,Thursday,31-50,Male,High school,Above 10yr,Other,Owner,1-2yr,Unknown,School areas,Other,Steep grade downward with mountainous terrain,Y Shape,Asphalt roads,Dry,Daylight,Normal,Vehicle with vehicle collision,2,1,Going straight,Driver or rider,Female,18-30,3.0,Driving carelessly,Slight Injury
2024-10-05 14:47:00,Tuesday,18-30,Male,Junior high school,5-10yr,Public (12 seats),Owner,5-10yrs,Unknown,Office areas,Two-way (divided with broken lines road marking),Tangent road with mild grade and flat terrain,Y Shape,Asphalt roads,Dry,Daylight,Normal,Vehicle with vehicle collision,2,1,Reversing,Driver or rider,Male,31-50,3.0,No distancing,Slight Injury
2024-10-05 14:47:00,Tuesday,Unknown,Female,Elementary school,1-2yr,Stationwagen,Owner,Below 1yr,Unknown,Other,Other,Steep grade downward with mountainous terrain,Y Shape,Asphalt roads,Dry,Daylight,Normal,Vehicle with vehicle collision,2,1,Other,Driver or rider,Female,31-50,3.0,Driving carelessly,Slight Injury
2024-10-05 14:45:00,Thursday,Unknown,Male,Elementary school,5-10yr,Lorry (41-100Q),Owner,Unknown,Unknown,Office areas,Undivided Two way,Tangent road with flat terrain,Y Shape,Asphalt roads,Dry,Daylight,Normal,Collision with pedestrians,2,1,Going straight,,,,,Driving carelessly,Slight Injury
2024-10-05 14:45:00,Thursday,Unknown,Male,Junior high school,5-10yr,Lorry (41-100Q),Owner,Unknown,Unknown,Other,Undivided Two way,Tangent road with flat terrain,Y Shape,Asphalt roads,Dry,Daylight,Normal,Vehicle with vehicle collision,2,1,Going straight,Driver or rider,Male,31-50,3.0,Moving Backward,Slight Injury
2024-10-05 23:01:00,Wednesday,Unknown,Female,Junior high school,1-2yr,Lorry (41-100Q),Owner,2-5yrs,Unknown,Other,Two-way (divided with broken lines road marking),Tangent road with flat terrain,Crossing,Asphalt roads,Dry,Darkness - lights lit,Normal,Vehicle with vehicle collision,2,1,Going straight,,,,,Overtaking,Slight Injury
2024-10-05 23:01:00,Wednesday,18-30,Male,Junior high school,5-10yr,Automobile,Owner,Unknown,Unknown,Office areas,Undivided Two way,Tangent road with flat terrain,Crossing,Asphalt roads,Dry,Darkness - lights lit,Normal,Vehicle with vehicle collision,2,1,Going straight,Driver or rider,Male,31-50,3.0,No priority to vehicle,Slight Injury