Time,Day_of_week,Age_band_of_driver,Sex_of_driver,Educational_level,Driving_experience,Type_of_vehicle,Owner_of_vehicle,Service_year_of_vehicle,Defect_of_vehicle,Area_accident_occured,Lanes_or_Medians,Road_allignment,Types_of_Junction,Road_surface_type,Road_surface_conditions,Light_conditions,Weather_conditions,Type_of_collision,Number_of_vehicles_involved,Number_of_casualties,Vehicle_movement,Casualty_class,Sex_of_casualty,Age_band_of_casualty,Casualty_severity,Cause_of_accident,Accident_severity
2024-10-05 18:16:00,Wednesday,18-30,Male,High school,Above 10yr,Lorry (41-100Q),Owner,Unknown,No defect,Other,Double carriageway (median),Tangent road with flat terrain,Crossing,Asphalt roads,Dry,Darkness - lights lit,Normal,Vehicle with vehicle collision,2,1,Going straight,Passenger,Female,18-30,3.0,No priority to vehicle,Serious Injury
2024-10-05 18:16:00,Wednesday,31-50,Male,Unknown,Below 1yr,Other,Owner,Unknown,Unknown,Church areas,Other,Tangent road with flat terrain,Crossing,Asphalt roads,Dry,Darkness - lights lit,Normal,Vehicle with vehicle collision,2,1,Going straight,Driver or rider,Male,18-30,3.0,Changing lane to the left,Serious Injury
2024-10-05 07:25:00,Monday,31-50,Male,Writing & reading,5-10yr,Public (12 seats),Owner,Unknown,No defect,Office areas,Two-way (divided with broken lines road marking),Tangent road with flat terrain,No junction,Asphalt roads,Dry,Daylight,Normal,Vehicle with vehicle collision,2,1,Going straight,Pedestrian,Male,Under 18,3.0,No priority to vehicle,Slight Injury
2024-10-05 07:25:00,Monday,31-50,Male,Above high school,Above 10yr,Automobile,Owner,Above 10yr,No defect,Office areas,Two-way (divided with broken lines road marking),Tangent road with flat terrain,No junction,Asphalt roads,Dry,Daylight,Normal,Collision with roadside objects,2,1,Going straight,Passenger,Female,18-30,3.0,No distancing,Slight Injury
2024-10-05 16:55:00,Monday,31-50,Male,High school,Below 1yr,Stationwagen,Owner,2-5yrs,Unknown,Other,Undivided Two way,Tangent road with mountainous terrain and,Y Shape,Earth roads,Wet or damp,Darkness - lights lit,Raining,Vehicle with vehicle collision,1,2,Going straight,,,,,Moving Backward,Serious Injury
2024-10-05 16:55:00,Monday,31-50,Male,Junior high school,1-2yr,Automobile,Owner,2-5yrs,Unknown,Residential areas,Undivided Two way,Tangent road with flat terrain,Y Shape,Asphalt roads,Wet or damp,Darkness - lights lit,Raining,Vehicle with vehicle collision,1,2,Moving Backward,,,,,Changing lane to the right,Serious Injury
2024-10-05 19:39:00,Friday,31-50,Male,Junior high school,Above 10yr,Lorry (41-100Q),Owner,Unknown,No defect,Residential areas,Undivided Two way,Tangent road with flat terrain,Y Shape,Other,Dry,Darkness - lights lit,Normal,Vehicle with vehicle collision,2,1,Moving Backward,Driver or rider,Male,Under 18,2.0,No distancing,Slight Injury
2024-10-05 19:39:00,Friday,18-30,Male,Junior high school,Above 10yr,Other,Owner,5-10yrs,7,Other,Two-way (divided with broken lines road marking),Tangent road with flat terrain,Y Shape,Asphalt roads,Dry,Darkness - lights lit,Normal,Vehicle with vehicle collision,2,1,Turnover,,,,,Overtaking,Slight Injury
2024-10-05 02:05:00,Sunday,Unknown,Female,Junior high school,Above 10yr,Pick up upto 10Q,Owner,Unknown,7,Other,Other,Tangent road with flat terrain,Y Shape,Asphalt roads,Dry,Darkness - lights lit,Normal,Vehicle with vehicle collision,1,1,Other,Driver or rider,Male,31-50,3.0,No distancing,Slight Injury
2024-10-05 11:45:00,Friday,18-30,Male,Junior high school,No Licence,Other,Owner,Unknown,No defect,Office areas,Other,Steep grade downward with mountainous terrain,Crossing,Asphalt roads,Dry,Daylight,Normal,Vehicle with vehicle collision,1,1,Other,Driver or rider,Female,18-30,3.0,Changing lane to the left,Slight Injury
2024-10-05 17:53:00,Wednesday,Unknown,Female,Junior high school,1-2yr,Lorry (41-100Q),Governmental,Unknown,No defect,School areas,Double carriageway (median),Tangent road with flat terrain,Y Shape,Asphalt roads,Dry,Darkness - lights lit,Normal,Vehicle with vehicle collision,1,1,Going straight,,,,,Driving under the influence of drugs,Slight Injury
2024-10-05 16:40:00,Monday,18-30,Male,Illiterate,1-2yr,Automobile,Owner,Unknown,No defect,Other,Two-way (divided with broken lines road marking),Steep grade downward with mountainous terrain,No junction,Asphalt roads,Dry,Darkness - lights lit,Normal,Vehicle with vehicle collision,2,1,Going straight,Pedestrian,Male,18-30,3.0,No distancing,Slight Injury
2024-10-05 16:40:00,Monday,31-50,Male,Junior high school,Below 1yr,Public (13-45 seats),Owner,5-10yrs,No defect,Other,Two-way (divided with broken lines road marking),Tangent road with rolling terrain,No junction,Asphalt roads,Dry,Darkness - lights lit,Normal,Rollover,2,1,Other,Pedestrian,Male,Over 51,3.0,No distancing,Slight Injury
2024-10-05 12:10:00,Friday,18-30,Male,Junior high school,1-2yr,Automobile,Governmental,Unknown,No defect,Church areas,Two-way (divided with broken lines road marking),Tangent road with flat terrain,Y Shape,Asphalt roads,Dry,Daylight,Normal,Vehicle with vehicle collision,2,1,Other,Pedestrian,Female,Over 51,2.0,Changing lane to the right,Slight Injury
2024-10-05 12:10:00,Friday,Unknown,Female,Junior high school,2-5yr,Lorry (41-100Q),Other,Unknown,Unknown,Office areas,Other,Tangent road with mild grade and flat terrain,Y Shape,Asphalt roads,Dry,Daylight,Normal,Vehicle with vehicle collision,2,1,Going straight,Pedestrian,Female,Under 18,2.0,Changing lane to the left,Slight Injury
2024-10-05 12:03:00,Thursday,Over 51,Male,Unknown,5-10yr,Public (12 seats),Owner,Unknown,Unknown,Other,Two-way (divided with broken lines road marking),Tangent road with mild grade and flat terrain,Crossing,Asphalt roads,Wet or damp,Daylight,Normal,Vehicle with vehicle collision,1,1,Reversing,Driver or rider,Male,18-30,3.0,Moving Backward,Serious Injury
2024-10-05 23:25:00,Thursday,31-50,Male,Unknown,Above 10yr,Motorcycle,Governmental,Unknown,No defect,Residential areas,Double carriageway (median),Tangent road with flat terrain,Other,Gravel roads,Dry,Darkness - lights lit,Normal,Collision with roadside objects,1,1,Other,Passenger,Male,18-30,3.0,No distancing,Slight Injury
2024-10-05 08:38:00,Thursday,18-30,Male,Junior high school,2-5yr,Public (12 seats),Owner,Unknown,Unknown,Office areas,Two-way (divided with broken lines road marking),Tangent road with flat terrain,Y Shape,Asphalt roads,Dry,Daylight,Normal,Vehicle with vehicle collision,2,1,Turnover,Passenger,Female,Under 18,3.0,No distancing,Slight Injury
2024-10-05 08:38:00,Thursday,31-50,Male,Elementary school,Above 10yr,Lorry (41-100Q),Owner,Unknown,Unknown,Office areas,Undivided Two way,Tangent road with flat terrain,Y Shape,Asphalt roads,Dry,Daylight,Normal,Vehicle with vehicle collision,2,1,Going straight,Driver or rider,Female,31-50,3.0,Driving carelessly,Slight Injury
2024-10-05 08:57:00,Tuesday,18-30,Male,Writing & reading,5-10yr,Automobile,Owner,Below 1yr,Unknown,Office areas,Two-way (divided with broken lines road marking),Tangent road with flat terrain,No junction,Asphalt roads,Dry,Daylight,Normal,Vehicle with vehicle collision,2,1,Going straight,,,,,Moving Backward,Slight Injury
2024-10-05 08:57:00,Tuesday,18-30,Male,Unknown,Unknown,Lorry (41-100Q),Organization,1-2yr,Unknown,Church areas,Other,Tangent road with flat terrain,No junction,Asphalt roads,Dry,Daylight,Normal,Collision with roadside objects,2,1,Going straight,Driver or rider,Male,31-50,2.0,No distancing,Slight Injury
2024-10-05 13:18:00,Thursday,18-30,Male,Junior high school,5-10yr,Stationwagen,Owner,Unknown,Unknown,Office areas,Two-way (divided with broken lines road marking),Tangent road with flat terrain,Y Shape,Asphalt roads,Dry,Daylight,Normal,Vehicle with vehicle collision,2,1,Going straight,Driver or rider,Male,18-30,3.0,Changing lane to the right,Slight Injury
2024-10-05 13:18:00,Thursday,18-30,Male,Junior high school,Below 1yr,Pick up upto 10Q,Owner,1-2yr,Unknown,Office areas,Two-way (divided with broken lines road marking),Tangent road with mild grade and flat terrain,Y Shape,Asphalt roads,Dry,Daylight,Normal,Vehicle with vehicle collision,2,1,Going straight,,,,,Driving carelessly,Slight Injury
2024-10-05 08:30:00,Thursday,18-30,Male,Junior high school,2-5yr,Automobile,Owner,Unknown,Unknown,Office areas,Two-way (divided with broken lines road marking),Tangent road with mild grade and flat terrain,Y Shape,Asphalt roads,Dry,Daylight,Normal,Vehicle with vehicle collision,2,1,Going straight,Pedestrian,Male,Under 18,2.0,Driving to the left,Slight Injury
2024-10-05 08:30:00,Thursday,31-50,Male,Elementary school,2-5yr,Automobile,Owner,5-10yrs,No defect,Office areas,Two-way (divided with broken lines road marking),Tangent road with flat terrain,Y Shape,Asphalt roads,Dry,Daylight,Normal,Vehicle with vehicle collision,2,1,Going straight,,,,,Changing lane to the right,Slight Injury
2024-10-05 18:46:00,Friday,31-50,Male,Junior high school,2-5yr,Other,Owner,Unknown,No defect,Other,Two-way (divided with broken lines road marking),Tangent road with flat terrain,Y Shape,Asphalt roads,Dry,Darkness - lights lit,Normal,Collision with roadside objects,2,1,Going straight,Driver or rider,Male,31-50,3.0,Driving carelessly,Slight Injury
2024-10-05 18:46:00,Friday,31-50,Male,Junior high school,2-5yr,Other,Owner,Unknown,No defect,Residential areas,Double carriageway (median),Tangent road with flat terrain,Y Shape,Asphalt roads,Dry,Darkness - lights lit,Normal,Vehicle with vehicle collision,2,1,Going straight,Driver or rider,Female,Over 51,3.0,Changing lane to the right,Slight Injury
2024-10-05 22:31:00,Wednesday,Unknown,Female,Junior high school,5-10yr,Automobile,Owner,Unknown,No defect,Church areas,Undivided Two way,Tangent road with flat terrain,Crossing,Asphalt roads,Dry,Darkness - lights lit,Normal,Vehicle with vehicle collision,2,1,Other,Driver or rider,Female,Over 51,3.0,No priority to vehicle,Slight Injury
2024-10-05 22:31:00,Wednesday,31-50,Male,Junior high school,5-10yr,Public (13-45 seats),Owner,Unknown,No defect,Other,Two-way (divided with broken lines road marking),Tangent road with flat terrain,Crossing,Asphalt roads,Dry,Darkness - lights lit,Normal,Vehicle with vehicle collision,2,1,Going straight,Pedestrian,Female,Under 18,3.0,Changing lane to the right,Slight Injury
2024-10-05 10:25:00,Wednesday,31-50,Male,Junior high school,Above 10yr,Public (13-45 seats),Owner,Unknown,No defect,Recreational areas,Two-way (divided with broken lines road marking),Tangent road with flat terrain,Crossing,Asphalt roads,Dry,Daylight,Other,Vehicle with vehicle collision,2,1,Going straight,,,,,Turnover,Slight Injury
2024-10-05 10:25:00,Wednesday,18-30,Male,Elementary school,5-10yr,Automobile,Other,Unknown,Unknown,Other,Other,Tangent road with flat terrain,Crossing,Asphalt roads,Dry,Daylight,Other,Vehicle with vehicle collision,2,1,Moving Backward,Driver or rider,Male,31-50,3.0,No priority to vehicle,Slight Injury
2024-10-05 08:50:00,Tuesday,31-50,Male,Junior high school,5-10yr,Public (12 seats),Owner,Unknown,No defect,Industrial areas,Undivided Two way,Tangent road with mild grade and flat terrain,Y Shape,Asphalt roads,Dry,Daylight,Normal,Collision with pedestrians,2,1,Going straight,Driver or rider,Female,31-50,3.0,Driving at high speed,Serious Injury
2024-10-05 08:50:00,Tuesday,31-50,Male,Junior high school,Above 10yr,Public (12 seats),Owner,Unknown,No defect,Other,Two-way (divided with broken lines road marking),Tangent road with flat terrain,Y Shape,Asphalt roads,Dry,Daylight,Normal,Vehicle with vehicle collision,2,1,Moving Backward,Passenger,Female,18-30,3.0,No distancing,Serious Injury
2024-10-05 01:00:00,Friday,31-50,Male,Elementary school,Unknown,Lorry (41-100Q),Owner,Unknown,Unknown,Other,Other,Tangent road with flat terrain,Y Shape,Asphalt roads,Wet or damp,Darkness - lights lit,Normal,Vehicle with vehicle collision,2,1,Other,Passenger,Female,31-50,2.0,No distancing,Slight Injury
2024-10-05 01:00:00,Friday,18-30,Male,Junior high school,5-10yr,Automobile,Owner,5-10yrs,No defect,Church areas,Other,Tangent road with flat terrain,Y Shape,Other,Wet or damp,Darkness - lights lit,Normal,Collision with roadside objects,2,1,Going straight,,,,,Driving carelessly,Slight Injury
2024-10-05 17:25:00,Wednesday,18-30,Male,Junior high school,5-10yr,Pick up upto 10Q,Owner,5-10yrs,No defect,Church areas,Undivided Two way,Tangent road with flat terrain,Y Shape,Asphalt roads,Dry,Darkness - lights lit,Normal,Vehicle with vehicle collision,2,1,Reversing,Passenger,Female,31-50,3.0,Driving carelessly,Slight Injury
2024-10-05 17:25:00,Wednesday,18-30,Male,Junior high school,Below 1yr,Pick up upto 10Q,Owner,Unknown,No defect,Other,Two-way (divided with broken lines road marking),Tangent road with flat terrain,Y Shape,Asphalt roads,Dry,Darkness - lights lit,Normal,Vehicle with vehicle collision,2,1,Going straight,Driver or rider,Female,31-50,3.0,Moving Backward,Slight Injury
2024-10-05 20:15:00,Saturday,Unknown,Female,Unknown,Unknown,Lorry (41-100Q),Owner,Unknown,No defect,Other,One way,Tangent road with flat terrain,Y Shape,Asphalt roads,Dry,Darkness - lights lit,Normal,Collision with pedestrians,2,1,Other,Driver or rider,Male,18-30,3.0,No distancing,Slight Injury
2024-10-05 20:15:00,Saturday,18-30,Male,Junior high school,5-10yr,Automobile,Governmental,2-5yrs,Unknown,Recreational areas,Two-way (divided with broken lines road marking),Tangent road with flat terrain,Y Shape,Asphalt roads,Dry,Darkness - lights lit,Normal,Vehicle with vehicle collision,2,1,Other,,,,,Changing lane to the right,Slight Injury
2024-10-05 07:58:00,Wednesday,18-30,Male,Junior high school,5-10yr,Stationwagen,Owner,2-5yrs,Unknown,Other,Undivided Two way,Tangent road with flat terrain,Y Shape,Asphalt roads,Dry,Daylight,Normal,Vehicle with vehicle collision,2,1,Other,,,,,Overtaking,Slight Injury
2024-10-05 07:58:00,Wednesday,Over 51,Male,Junior high school,Above 10yr,Motorcycle,Owner,5-10yrs,Unknown,Office areas,Undivided Two way,Tangent road with flat terrain,Y Shape,Asphalt roads,Dry,Daylight,Normal,Collision with pedestrians,2,1,Stopping,Driver or rider,Male,31-50,3.0,No distancing,Slight Injury
2024-10-05 07:47:00,Wednesday,18-30,Male,High school,Above 10yr,Other,Owner,5-10yrs,No defect,Church areas,Two-way (divided with broken lines road marking),Tangent road with flat terrain,Crossing,Asphalt roads,Dry,Daylight,Other,Collision with pedestrians,2,1,Other,Passenger,Male,Over 51,3.0,Overtaking,Serious Injury
2024-10-05 07:47:00,Wednesday,31-50,Male,Junior high school,Above 10yr,Other,Owner,2-5yrs,Unknown,Office areas,Two-way (divided with broken lines road marking),Tangent road with flat terrain,Crossing,Other,Dry,Daylight,Other,Collision with pedestrians,2,1,Other,,,,,Moving Backward,Serious Injury
2024-10-05 07:25:00,Tuesday,31-50,Male,Junior high school,Above 10yr,Automobile,Other,Unknown,No defect,Office areas,Undivided Two way,Tangent road with mountainous terrain and,No junction,Asphalt roads,Dry,Daylight,Normal,Collision with roadside objects,3,1,Other,,,,,No distancing,Serious Injury
2024-10-05 07:25:00,Tuesday,Over 51,Male,Junior high school,Above 10yr,Automobile,Owner,2-5yrs,No defect,Other,Undivided Two way,Tangent road with flat terrain,No junction,Asphalt roads,Dry,Daylight,Normal,Vehicle with vehicle collision,3,1,Going straight,Driver or rider,Female,18-30,3.0,No distancing,Serious Injury
2024-10-05 07:25:00,Tuesday,18-30,Male,Junior high school,Above 10yr,Other,Governmental,Unknown,Unknown,Residential areas,Two-way (divided with broken lines road marking),Tangent road with flat terrain,No junction,Asphalt roads,Dry,Daylight,Normal,Vehicle with vehicle collision,3,1,Going straight,,,,,No priority to vehicle,Serious Injury
2024-10-05 17:55:00,Tuesday,18-30,Male,Junior high school,5-10yr,Public (> 45 seats),Owner,2-5yrs,No defect,Office areas,Two-way (divided with broken lines road marking),Tangent road with mild grade and flat terrain,Crossing,Asphalt roads,Dry,Darkness - lights lit,Normal,Vehicle with vehicle collision,2,1,Going straight,Driver or rider,Male,31-50,3.0,No priority to vehicle,Slight Injury
2024-10-05 17:55:00,Tuesday,Unknown,Female,Junior high school,2-5yr,Automobile,Owner,2-5yrs,Unknown,Residential areas,Other,Tangent road with flat terrain,Crossing,Asphalt roads,Dry,Darkness - lights lit,Normal,Vehicle with vehicle collision,2,1,Going straight,,,,,Changing lane to the left,Slight Injury
2024-10-05 01:00:00,Friday,Unknown,Female,Junior high school,Below 1yr,Other,Owner,Unknown,No defect,Residential areas,Two-way (divided with broken lines road marking),Tangent road with flat terrain,Other,Asphalt roads,Dry,Darkness - lights lit,Normal,Vehicle with vehicle collision,1,1,Going straight,Driver or rider,Male,18-30,2.0,No distancing,Slight Injury
2024-10-05 14:15:00,Thursday,31-50,Male,Junior high school,Below 1yr,Automobile,Owner,Unknown,No defect,Other,Double carriageway (median),Tangent road with flat terrain,Crossing,Asphalt roads,Dry,Daylight,Normal,Vehicle with vehicle collision,1,1,Going straight,Driver or rider,Male,18-30,2.0,Driving under the influence of drugs,Slight Injury
2024-10-05 06:14:00,Friday,31-50,Male,Junior high school,2-5yr,Other,Owner,Unknown,No defect,Hospital areas,One way,Tangent road with flat terrain,Y Shape,Asphalt roads,Dry,Darkness - lights lit,Normal,Collision with pedestrians,2,1,Going straight,,,,,Changing lane to the left,Slight Injury
2024-10-05 06:14:00,Friday,Unknown,Female,Elementary school,Below 1yr,Lorry (41-100Q),Governmental,Unknown,No defect,Other,Undivided Two way,Tangent road with flat terrain,Y Shape,Other,Dry,Darkness - lights lit,Normal,Collision with roadside objects,2,1,Going straight,Driver or rider,Male,18-30,3.0,Changing lane to the right,Slight Injury
2024-10-05 13:25:00,Thursday,Over 51,Male,Junior high school,Below 1yr,Pick up upto 10Q,Owner,Unknown,No defect,Other,Undivided Two way,Tangent road with flat terrain,Y Shape,Other,Dry,Daylight,Normal,Vehicle with vehicle collision,2,1,Going straight,,,,,Driving to the left,Slight Injury
2024-10-05 13:25:00,Thursday,18-30,Male,Junior high school,Unknown,Public (13-45 seats),Owner,Unknown,No defect,Recreational areas,One way,Tangent road with mild grade and flat terrain,Y Shape,Asphalt roads,Dry,Daylight,Normal,Vehicle with vehicle collision,2,1,Going straight,Driver or rider,Male,31-50,3.0,Driving at high speed,Slight Injury
2024-10-05 15:10:00,Thursday,18-30,Male,Unknown,5-10yr,Automobile,Owner,Unknown,No defect,Other,Undivided Two way,Tangent road with flat terrain,Crossing,Asphalt roads,Dry,Daylight,Normal,Vehicle with vehicle collision,1,1,Going straight,,,,,Overtaking,Slight Injury
2024-10-05 10:36:00,Tuesday,18-30,Male,Writing & reading,Below 1yr,Pick up upto 10Q,Owner,Unknown,No defect,Other,Undivided Two way,Tangent road with flat terrain,No junction,Asphalt roads,Dry,Daylight,Normal,Vehicle with vehicle collision,1,2,Reversing,Pedestrian,Female,18-30,3.0,Changing lane to the right,Serious Injury
2024-10-05 10:36:00,Tuesday,18-30,Male,Junior high school,Below 1yr,Automobile,Owner,Unknown,No defect,Other,Undivided Two way,Tangent road with flat terrain,No junction,Asphalt roads,Dry,Daylight,Normal,With Train,1,2,Going straight,Pedestrian,Male,31-50,3.0,Changing lane to the right,Serious Injury
2024-10-05 13:53:00,Saturday,18-30,Male,Junior high school,1-2yr,Lorry (41-100Q),Owner,Below 1yr,No defect,Office areas,Two-way (divided with broken lines road marking),Tangent road with flat terrain,Y Shape,Asphalt roads with some distress,Dry,Daylight,Normal,Vehicle with vehicle collision,1,1,Other,,,,,Moving Backward,Slight Injury
2024-10-05 13:23:00,Monday,18-30,Male,Elementary school,Above 10yr,Automobile,Owner,2-5yrs,No defect,Other,Two-way (divided with broken lines road marking),Tangent road with mild grade and flat terrain,Y Shape,Other,Dry,Daylight,Normal,Vehicle with vehicle collision,2,1,Other,Driver or rider,Male,31-50,2.0,Moving Backward,Slight Injury
2024-10-05 13:23:00,Monday,18-30,Male,Elementary school,Above 10yr,Lorry (41-100Q),Owner,Unknown,No defect,Residential areas,Two-way (divided with broken lines road marking),Tangent road with flat terrain,Y Shape,Asphalt roads,Dry,Daylight,Normal,Vehicle with vehicle collision,2,1,Getting off,Driver or rider,Male,Under 18,3.0,Changing lane to the left,Slight Injury
2024-10-05 12:45:00,Saturday,18-30,Male,Elementary school,Below 1yr,Lorry (41-100Q),Owner,5-10yrs,No defect,Other,Undivided Two way,Tangent road with flat terrain,Crossing,Asphalt roads,Dry,Daylight,Normal,Vehicle with vehicle collision,1,2,Going straight,Driver or rider,Male,Under 18,3.0,Moving Backward,Slight Injury
2024-10-05 12:45:00,Saturday,18-30,Male,High school,2-5yr,Lorry (41-100Q),Owner,Unknown,No defect,Other,Undivided Two way,Tangent road with flat terrain,Crossing,Asphalt roads,Dry,Daylight,Normal,Vehicle with vehicle collision,1,2,Going straight,,,,,No distancing,Slight Injury
2024-10-05 09:30:00,Friday,31-50,Male,Junior high school,2-5yr,Public (13-45 seats),Owner,Unknown,Unknown,Church areas,Undivided Two way,Tangent road with flat terrain,Other,Asphalt roads,Dry,Daylight,Normal,Vehicle with vehicle collision,2,1,Going straight,Driver or rider,Female,Under 18,3.0,Moving Backward,Slight Injury
2024-10-05 09:30:00,Friday,18-30,Male,Above high school,Above 10yr,Automobile,Owner,1-2yr,5,Office areas,Undivided Two way,Tangent road with flat terrain,Other,Earth roads,Dry,Daylight,Normal,Vehicle with vehicle collision,2,1,Going straight,Passenger,Female,Over 51,3.0,Changing lane to the right,Slight Injury
2024-10-05 17:57:00,Tuesday,Unknown,Female,Junior high school,2-5yr,Other,Owner,Above 10yr,No defect,School areas,Other,Tangent road with flat terrain,Y Shape,Asphalt roads,Wet or damp,Darkness - lights lit,Normal,Vehicle with vehicle collision,1,1,Turnover,Driver or rider,Male,18-30,3.0,Changing lane to the left,Slight Injury
2024-10-05 08:40:00,Tuesday,Unknown,Female,Junior high school,2-5yr,Other,Owner,2-5yrs,No defect,Other,Undivided Two way,Tangent road with flat terrain,Y Shape,Asphalt roads,Dry,Daylight,Normal,Vehicle with vehicle collision,1,1,Entering a junction,,,,,No priority to vehicle,Slight Injury
2024-10-05 15:50:00,Tuesday,Unknown,Female,High school,1-2yr,Other,Owner,1-2yr,No defect,Office areas,Undivided Two way,Tangent road with flat terrain,Y Shape,Asphalt roads,Dry,Daylight,Normal,Collision with pedestrians,1,1,Entering a junction,Driver or rider,Male,31-50,3.0,No distancing,Slight Injury
2024-10-05 23:05:00,Thursday,Over 51,Male,Junior high school,5-10yr,Automobile,Owner,1-2yr,No defect,Residential areas,Other,Steep grade downward with mountainous terrain,Y Shape,Asphalt roads,Dry,Darkness - lights lit,Normal,Collision with roadside objects,1,1,Entering a junction,,,,,No priority to vehicle,Slight Injury
2024-10-05 22:22:00,Saturday,31-50,Male,Junior high school,Below 1yr,Other,Owner,1-2yr,No defect,Industrial areas,One way,Tangent road with flat terrain,Crossing,Asphalt roads,Dry,Darkness - lights lit,Normal,Collision with roadside objects,1,1,Entering a junction,Driver or rider,Male,Over 51,3.0,Driving under the influence of drugs,Slight Injury
2024-10-05 19:50:00,Wednesday,31-50,Male,Junior high school,Below 1yr,Lorry (41-100Q),Owner,2-5yrs,No defect,Other,Undivided Two way,Tangent road with flat terrain,Other,Asphalt roads,Dry,Darkness - lights lit,Normal,Vehicle with vehicle collision,2,1,Other,,,,,Changing lane to the right,Slight Injury
2024-10-05 19:50:00,Wednesday,18-30,Male,Elementary school,Unknown,Public (12 seats),Owner,1-2yr,No defect,Residential areas,Undivided Two way,Tangent road with flat terrain,Other,Asphalt roads,Dry,Darkness - lights lit,Normal,Vehicle with vehicle collision,2,1,Entering a junction,Driver or rider,Male,31-50,3.0,No distancing,Slight Injury
2024-10-05 21:35:00,Saturday,18-30,Male,Junior high school,Below 1yr,Lorry (41-100Q),Owner,1-2yr,No defect,Recreational areas,Two-way (divided with broken lines road marking),Tangent road with flat terrain,Y Shape,Asphalt roads,Wet or damp,Darkness - lights lit,Raining,Vehicle with vehicle collision,1,1,Turnover,Driver or rider,Female,31-50,3.0,No distancing,Slight Injury
2024-10-05 17:25:00,Thursday,Unknown,Female,Junior high school,1-2yr,Public (12 seats),Owner,Unknown,7,Office areas,Other,Tangent road with flat terrain,Crossing,Asphalt roads,Dry,Daylight,Normal,Vehicle with vehicle collision,1,1,Entering a junction,Passenger,Male,18-30,3.0,Changing lane to the left,Serious Injury
2024-10-05 11:45:00,Saturday,31-50,Male,Elementary school,2-5yr,Lorry (41-100Q),Owner,Unknown,No defect,Outside rural areas,Two-way (divided with broken lines road marking),Tangent road with flat terrain,Y Shape,Asphalt roads,Dry,Daylight,Other,Vehicle with vehicle collision,2,1,Entering a junction,Driver or rider,Male,Under 18,3.0,Changing lane to the right,Slight Injury
2024-10-05 11:45:00,Saturday,18-30,Male,High school,1-2yr,Other,Owner,1-2yr,No defect,Outside rural areas,Two-way (divided with broken lines road marking),Tangent road with flat terrain,Y Shape,Asphalt roads,Dry,Daylight,Other,Collision with roadside objects,2,1,Entering a junction,Passenger,Female,Under 18,3.0,Changing lane to the right,Slight Injury
2024-10-05 08:40:00,Tuesday,18-30,Male,Junior high school,5-10yr,Lorry (41-100Q),Owner,1-2yr,No defect,Outside rural areas,Undivided Two way,Tangent road with flat terrain,Y Shape,Gravel roads,Dry,Daylight,Normal,Vehicle with vehicle collision,2,1,Entering a junction,Pedestrian,Male,Under 18,3.0,Driving under the influence of drugs,Slight Injury
2024-10-05 08:40:00,Tuesday,18-30,Male,Junior high school,Below 1yr,Other,Governmental,Below 1yr,No defect,Outside rural areas,Undivided Two way,Tangent road with flat terrain,Y Shape,Asphalt roads,Dry,Daylight,Normal,Vehicle with vehicle collision,2,1,Entering a junction,Pedestrian,Male,Under 18,3.0,Moving Backward,Slight Injury
2024-10-05 10:00:00,Tuesday,18-30,Male,High school,Above 10yr,Public (> 45 seats),Owner,Unknown,No defect,Outside rural areas,Other,Steep grade downward with mountainous terrain,No junction,Asphalt roads,Dry,Daylight,Normal,Vehicle with vehicle collision,2,1,Other,Pedestrian,Female,18-30,3.0,Changing lane to the left,Slight Injury
2024-10-05 10:00:00,Tuesday,18-30,Male,Elementary school,5-10yr,Lorry (41-100Q),Owner,Unknown,No defect,School areas,Other,Steep grade downward with mountainous terrain,No junction,Asphalt roads,Dry,Daylight,Normal,Vehicle with vehicle collision,2,1,Going straight,,,,,No priority to pedestrian,Slight Injury
2024-10-05 19:07:00,Thursday,18-30,Male,Elementary school,Below 1yr,Other,Owner,Above 10yr,No defect,Outside rural areas,Two-way (divided with broken lines road marking),Tangent road with flat terrain,Crossing,Asphalt roads,Dry,Darkness - lights lit,Normal,Vehicle with vehicle collision,2,1,Going straight,Driver or rider,Male,31-50,3.0,No distancing,Slight Injury
2024-10-05 19:07:00,Thursday,Unknown,Male,Junior high school,5-10yr,Other,Owner,Unknown,No defect,Outside rural areas,Undivided Two way,Tangent road with flat terrain,Crossing,Asphalt roads,Dry,Darkness - lights lit,Normal,Vehicle with vehicle collision,2,1,Other,Passenger,Female,31-50,3.0,No distancing,Slight Injury
2024-10-05 11:20:00,Friday,31-50,Male,Elementary school,5-10yr,Automobile,Owner,Unknown,No defect,Outside rural areas,Two-way (divided with broken lines road marking),Escarpments,Y Shape,Asphalt roads,Dry,Daylight,Normal,Collision with pedestrians,2,1,Going straight,,,,,Changing lane to the left,Slight Injury
2024-10-05 11:20:00,Friday,Unknown,Unknown,Junior high school,2-5yr,Lorry (41-100Q),Owner,2-5yrs,No defect,Outside rural areas,Two-way (divided with broken lines road marking),Tangent road with mountainous terrain and,Y Shape,Asphalt roads,Dry,Daylight,Normal,Collision with pedestrians,2,1,Going straight,Driver or rider,Female,31-50,2.0,Changing lane to the right,Slight Injury
2024-10-05 11:00:00,Wednesday,31-50,Male,Junior high school,Above 10yr,Pick up upto 10Q,Owner,2-5yrs,No defect,Office areas,Undivided Two way,Tangent road with mountainous terrain and,Y Shape,Asphalt roads,Dry,Daylight,Normal,Collision with roadside objects,1,1,Going straight,Pedestrian,Female,Under 18,2.0,Driving carelessly,Slight Injury