Time,Day_of_week,Age_band_of_driver,Sex_of_driver,Educational_level,Driving_experience,Type_of_vehicle,Owner_of_vehicle,Service_year_of_vehicle,Defect_of_vehicle,Area_accident_occured,Lanes_or_Medians,Road_allignment,Types_of_Junction,Road_surface_type,Road_surface_conditions,Light_conditions,Weather_conditions,Type_of_collision,Number_of_vehicles_involved,Number_of_casualties,Vehicle_movement,Casualty_class,Sex_of_casualty,Age_band_of_casualty,Casualty_severity,Cause_of_accident,Accident_severity
2024-10-05 15:29:00,Monday,31-50,Male,Junior high school,Above 10yr,Lorry (41-100Q),Owner,Unknown,No defect,Residential areas,Double carriageway (median),Tangent road with flat terrain,Crossing,Asphalt roads,Dry,Daylight,Normal,Collision with roadside objects,2,4,Going straight,Driver or rider,Female,31-50,3.0,Other,Slight Injury
2024-10-05 15:29:00,Monday,31-50,Male,Junior high school,Above 10yr,Other,Owner,Unknown,No defect,Office areas,Double carriageway (median),Tangent road with flat terrain,Crossing,Asphalt roads,Dry,Daylight,Normal,Collision with roadside objects,2,4,Going straight,Passenger,Female,Under 18,3.0,No distancing,Slight Injury
2024-10-05 15:29:00,Monday,31-50,Male,Unknown,Unknown,Automobile,Owner,2-5yrs,Unknown,Other,Undivided Two way,Tangent road with flat terrain,Crossing,Asphalt roads,Dry,Daylight,Normal,Collision with roadside objects,2,4,Going straight,Passenger,Female,Under 18,3.0,No priority to vehicle,Slight Injury
2024-10-05 15:29:00,Monday,31-50,Male,Elementary school,Above 10yr,Stationwagen,Owner,2-5yrs,Unknown,Industrial areas,One way,Other,Crossing,Asphalt roads,Dry,Daylight,Normal,Vehicle with vehicle collision,2,4,Going straight,Passenger,Male,Under 18,3.0,Overtaking,Slight Injury
2024-10-05 12:18:00,Friday,31-50,Male,Unknown,Unknown,Other,Owner,Unknown,No defect,Other,One way,Tangent road with flat terrain,Crossing,Asphalt roads,Dry,Daylight,Normal,Vehicle with vehicle collision,2,1,Going straight,Passenger,Male,Under 18,3.0,No priority to pedestrian,Slight Injury
2024-10-05 12:18:00,Friday,18-30,Male,Junior high school,5-10yr,Other,Owner,Unknown,No defect,Office areas,Double carriageway (median),Tangent road with flat terrain,Crossing,Asphalt roads,Dry,Daylight,Normal,Vehicle with vehicle collision,2,1,Going straight,Driver or rider,Male,18-30,3.0,No distancing,Slight Injury
2024-10-05 06:03:00,Friday,18-30,Male,Junior high school,Above 10yr,Automobile,Governmental,Unknown,Unknown,Office areas,Two-way (divided with broken lines road marking),Tangent road with flat terrain,Crossing,Asphalt roads,Wet or damp,Daylight,Raining,Vehicle with vehicle collision,1,2,Going straight,,,,,Changing lane to the right,Slight Injury
2024-10-05 06:03:00,Friday,18-30,Male,High school,Above 10yr,Stationwagen,Governmental,Unknown,No defect,Other,Double carriageway (median),Tangent road with flat terrain,Crossing,Asphalt roads,Wet or damp,Daylight,Raining,Collision with pedestrians,1,2,Going straight,Driver or rider,Male,18-30,3.0,Driving carelessly,Slight Injury
2024-10-05 10:50:00,Tuesday,18-30,Male,Unknown,Unknown,Automobile,Owner,Unknown,Unknown,Other,Other,Tangent road with flat terrain,Y Shape,Asphalt roads,Dry,Daylight,Normal,Collision with pedestrians,2,1,Going straight,,,,,Changing lane to the right,Slight Injury
2024-10-05 10:50:00,Tuesday,Unknown,Female,Elementary school,5-10yr,Other,Owner,Unknown,Unknown,Office areas,Double carriageway (median),Tangent road with flat terrain,Y Shape,Asphalt roads,Dry,Daylight,Normal,Vehicle with vehicle collision,2,1,Going straight,Driver or rider,Male,31-50,2.0,Overtaking,Slight Injury
2024-10-05 19:20:00,Monday,31-50,Male,Elementary school,Above 10yr,Other,Owner,Unknown,No defect,Office areas,Two-way (divided with broken lines road marking),Tangent road with flat terrain,Y Shape,Asphalt roads,Dry,Daylight,Normal,Vehicle with vehicle collision,2,1,Reversing,,,,,Other,Slight Injury
2024-10-05 19:20:00,Monday,31-50,Male,Junior high school,Below 1yr,Automobile,Owner,5-10yrs,Unknown,Office areas,Undivided Two way,Tangent road with flat terrain,Y Shape,Asphalt roads,Dry,Daylight,Normal,Vehicle with vehicle collision,2,1,Going straight,Driver or rider,Male,31-50,3.0,Driving to the left,Slight Injury
2024-10-05 17:05:00,Monday,31-50,Male,Junior high school,2-5yr,Lorry (41-100Q),Owner,Unknown,Unknown,Other,Undivided Two way,Tangent road with flat terrain,No junction,Asphalt roads,Dry,Daylight,Normal,Vehicle with vehicle collision,1,1,Turnover,,,,,Driving at high speed,Serious Injury
2024-10-05 12:15:00,Tuesday,18-30,Male,Junior high school,2-5yr,Lorry (41-100Q),Owner,Unknown,No defect,Other,Undivided Two way,Tangent road with flat terrain,Crossing,Asphalt roads,Dry,Daylight,Normal,Vehicle with vehicle collision,2,1,Going straight,Passenger,Male,Over 51,3.0,Other,Slight Injury
2024-10-05 12:15:00,Tuesday,Unknown,Male,High school,5-10yr,Lorry (41-100Q),Owner,Unknown,No defect,Recreational areas,Undivided Two way,Tangent road with flat terrain,Crossing,Asphalt roads,Dry,Daylight,Normal,Vehicle with vehicle collision,2,1,Going straight,Driver or rider,Male,18-30,3.0,Changing lane to the right,Slight Injury
2024-10-05 08:35:00,Monday,Unknown,Female,Junior high school,Unknown,Automobile,Owner,Unknown,No defect,Church areas,Undivided Two way,Tangent road with flat terrain,Crossing,Asphalt roads,Dry,Daylight,Normal,Vehicle with vehicle collision,1,1,Going straight,Passenger,Female,Under 18,2.0,No distancing,Slight Injury
2024-10-05 08:30:00,Monday,18-30,Male,Unknown,Below 1yr,Automobile,Other,1-2yr,No defect,Recreational areas,Other,Tangent road with flat terrain,Y Shape,Asphalt roads,Wet or damp,Daylight,Other,Vehicle with vehicle collision,2,1,Going straight,,,,,Other,Slight Injury
2024-10-05 08:30:00,Monday,18-30,Male,Elementary school,Above 10yr,Public (13-45 seats),Owner,5-10yrs,No defect,School areas,Other,Tangent road with flat terrain,Y Shape,Asphalt roads,Wet or damp,Daylight,Other,Vehicle with vehicle collision,2,1,Reversing,Driver or rider,Male,Over 51,3.0,No priority to vehicle,Slight Injury
2024-10-05 09:10:00,Wednesday,18-30,Male,Elementary school,Below 1yr,Public (13-45 seats),Owner,Unknown,No defect,Church areas,Double carriageway (median),Tangent road with flat terrain,Y Shape,Asphalt roads,Dry,Daylight,Normal,Vehicle with vehicle collision,1,1,Going straight,,,,,Changing lane to the left,Serious Injury
2024-10-05 07:29:00,Thursday,31-50,Male,Junior high school,5-10yr,Lorry (41-100Q),Owner,5-10yrs,Unknown,Office areas,Other,Tangent road with flat terrain,Y Shape,Earth roads,Dry,Daylight,Normal,Collision with roadside objects,1,1,Turnover,Driver or rider,Male,Over 51,3.0,No priority to pedestrian,Slight Injury
2024-10-05 17:46:00,Wednesday,18-30,Male,Junior high school,5-10yr,Lorry (41-100Q),Owner,2-5yrs,Unknown,Residential areas,One way,Steep grade downward with mountainous terrain,Y Shape,Asphalt roads,Dry,Daylight,Normal,Rollover,2,1,Going straight,,,,,Overtaking,Slight Injury
2024-10-05 17:46:00,Wednesday,Over 51,Male,Unknown,Unknown,Public (12 seats),Owner,Unknown,No defect,Other,One way,Tangent road with flat terrain,Y Shape,Asphalt roads,Dry,Daylight,Normal,Vehicle with vehicle collision,2,1,Going straight,Driver or rider,Male,Over 51,3.0,Driving carelessly,Slight Injury
2024-10-05 08:40:00,Monday,Unknown,Female,Junior high school,1-2yr,Other,Owner,Unknown,No defect,Other,Undivided Two way,Tangent road with flat terrain,Y Shape,Asphalt roads,Dry,Daylight,Normal,Vehicle with vehicle collision,1,1,Going straight,Passenger,Male,Over 51,3.0,No priority to vehicle,Slight Injury
2024-10-05 07:30:00,Monday,Under 18,Male,High school,5-10yr,Lorry (41-100Q),Governmental,1-2yr,No defect,Industrial areas,One way,Tangent road with flat terrain,No junction,Asphalt roads,Dry,Daylight,Normal,Vehicle with vehicle collision,2,1,Going straight,Driver or rider,Male,Under 18,3.0,No priority to pedestrian,Slight Injury
2024-10-05 07:30:00,Monday,Unknown,Female,Junior high school,5-10yr,Automobile,Governmental,1-2yr,No defect,Church areas,Other,Steep grade downward with mountainous terrain,No junction,Asphalt roads,Dry,Daylight,Normal,Vehicle with vehicle collision,2,1,Going straight,Passenger,Female,31-50,3.0,Changing lane to the right,Slight Injury
2024-10-05 14:15:00,Saturday,31-50,Male,Junior high school,5-10yr,Other,Organization,1-2yr,No defect,Office areas,Other,Tangent road with flat terrain,Y Shape,Asphalt roads,Dry,Daylight,Normal,Vehicle with vehicle collision,2,1,Getting off,,,,,Driving carelessly,Serious Injury
2024-10-05 14:15:00,Saturday,Unknown,Female,Junior high school,5-10yr,Motorcycle,Owner,Unknown,No defect,Office areas,Undivided Two way,Tangent road with flat terrain,Y Shape,Asphalt roads,Dry,Daylight,Normal,Collision with roadside objects,2,1,Moving Backward,Driver or rider,Male,18-30,3.0,Changing lane to the right,Serious Injury
2024-10-05 21:00:00,Friday,31-50,Male,Junior high school,Above 10yr,Automobile,Owner,Unknown,Unknown,Office areas,Double carriageway (median),Tangent road with flat terrain,Y Shape,Gravel roads,Dry,Darkness - lights lit,Normal,Collision with roadside objects,2,1,Going straight,Passenger,Female,Under 18,3.0,Changing lane to the right,Serious Injury
2024-10-05 21:00:00,Friday,18-30,Male,Junior high school,5-10yr,Automobile,Owner,2-5yrs,Unknown,Other,Two-way (divided with broken lines road marking),Tangent road with flat terrain,Y Shape,Asphalt roads,Dry,Darkness - lights lit,Normal,Vehicle with vehicle collision,2,1,Turnover,Driver or rider,Male,Under 18,2.0,Changing lane to the left,Serious Injury
2024-10-05 21:50:00,Wednesday,18-30,Male,Junior high school,No Licence,Lorry (41-100Q),Owner,Unknown,Unknown,Office areas,Undivided Two way,Tangent road with flat terrain,Crossing,Asphalt roads,Dry,Darkness - lights lit,Normal,Collision with roadside objects,2,1,Going straight,,,,,Overturning,Slight Injury
2024-10-05 21:50:00,Wednesday,31-50,Male,Above high school,Below 1yr,Automobile,Owner,Unknown,No defect,Other,Double carriageway (median),Tangent road with flat terrain,Crossing,Asphalt roads,Dry,Darkness - lights lit,Normal,Vehicle with vehicle collision,2,1,Other,Driver or rider,Female,Over 51,2.0,Driving carelessly,Slight Injury
2024-10-05 12:22:00,Tuesday,18-30,Male,Elementary school,5-10yr,Public (> 45 seats),Owner,Above 10yr,No defect,Industrial areas,Two-way (divided with broken lines road marking),Tangent road with flat terrain,Y Shape,Other,Dry,Daylight,Normal,Vehicle with vehicle collision,1,1,Going straight,,,,,No distancing,Slight Injury
2024-10-05 21:55:00,Thursday,31-50,Male,Elementary school,5-10yr,Lorry (41-100Q),Owner,Unknown,No defect,Residential areas,Other,Tangent road with flat terrain,Y Shape,Asphalt roads,Dry,Darkness - lights lit,Normal,Vehicle with vehicle collision,1,1,Going straight,Driver or rider,Male,Under 18,3.0,Driving carelessly,Serious Injury
2024-10-05 15:35:00,Saturday,31-50,Male,Junior high school,5-10yr,Public (> 45 seats),Owner,Unknown,No defect,Other,Two-way (divided with broken lines road marking),Tangent road with flat terrain,Y Shape,Asphalt roads,Dry,Daylight,Normal,Vehicle with vehicle collision,2,1,Going straight,,,,,Changing lane to the left,Slight Injury
2024-10-05 15:35:00,Saturday,Unknown,Female,High school,5-10yr,Lorry (41-100Q),Owner,5-10yrs,Unknown,Other,One way,Tangent road with flat terrain,Y Shape,Asphalt roads,Dry,Daylight,Normal,Vehicle with vehicle collision,2,1,Going straight,Driver or rider,Male,31-50,3.0,No priority to vehicle,Slight Injury
2024-10-05 10:23:00,Wednesday,31-50,Male,Junior high school,5-10yr,Lorry (41-100Q),Owner,1-2yr,No defect,Other,One way,Tangent road with flat terrain,No junction,Asphalt roads,Dry,Daylight,Normal,Vehicle with vehicle collision,2,1,Turnover,Driver or rider,Male,31-50,3.0,Changing lane to the right,Slight Injury
2024-10-05 10:23:00,Wednesday,31-50,Male,Junior high school,2-5yr,Lorry (41-100Q),Owner,Unknown,Unknown,Other,Undivided Two way,Tangent road with flat terrain,No junction,Asphalt roads,Dry,Daylight,Normal,Collision with pedestrians,2,1,Turnover,Passenger,Male,Over 51,3.0,No distancing,Slight Injury
2024-10-05 12:30:00,Wednesday,Under 18,Male,Writing & reading,5-10yr,Public (12 seats),Owner,Above 10yr,No defect,Residential areas,Other,Tangent road with flat terrain,Y Shape,Asphalt roads,Dry,Daylight,Normal,Vehicle with vehicle collision,1,1,Going straight,Passenger,Female,18-30,3.0,Moving Backward,Slight Injury
2024-10-05 01:05:00,Saturday,31-50,Male,Junior high school,Above 10yr,Public (12 seats),Owner,5-10yrs,No defect,Office areas,Undivided Two way,Tangent road with flat terrain,Crossing,Asphalt roads,Dry,Darkness - no lighting,Other,Collision with roadside objects,1,1,Getting off,,,,,Moving Backward,Slight Injury
2024-10-05 09:30:00,Monday,Unknown,Female,Junior high school,1-2yr,Stationwagen,Owner,Unknown,No defect,Recreational areas,Other,Other,Y Shape,Asphalt roads,Dry,Daylight,Normal,Vehicle with vehicle collision,1,1,Getting off,,,,,No distancing,Slight Injury
2024-10-05 15:25:00,Saturday,Unknown,Male,Writing & reading,Below 1yr,Lorry (41-100Q),Governmental,Unknown,No defect,Office areas,Other,Tangent road with mild grade and flat terrain,Y Shape,Asphalt roads,Dry,Daylight,Normal,Collision with roadside objects,1,1,Going straight,Driver or rider,Male,31-50,3.0,No distancing,Slight Injury
2024-10-05 08:33:00,Saturday,18-30,Male,Elementary school,1-2yr,Automobile,Owner,5-10yrs,No defect,Industrial areas,Other,Tangent road with flat terrain,Crossing,Asphalt roads,Dry,Daylight,Normal,Vehicle with vehicle collision,3,1,Overtaking,,,,,No distancing,Slight Injury
2024-10-05 08:33:00,Saturday,31-50,Male,Junior high school,5-10yr,Pick up upto 10Q,Other,Unknown,Unknown,Other,Other,Other,Crossing,Asphalt roads,Dry,Daylight,Normal,Vehicle with vehicle collision,3,1,Reversing,Passenger,Female,31-50,3.0,No priority to pedestrian,Slight Injury
2024-10-05 08:33:00,Saturday,31-50,Male,Elementary school,Above 10yr,Automobile,Owner,Unknown,No defect,Residential areas,Undivided Two way,Tangent road with flat terrain,Crossing,Asphalt roads,Dry,Daylight,Normal,Collision with pedestrians,3,1,Going straight,Driver or rider,Female,31-50,3.0,Driving carelessly,Slight Injury
2024-10-05 08:55:00,Tuesday,18-30,Male,Junior high school,5-10yr,Public (13-45 seats),Governmental,Above 10yr,No defect,Residential areas,Other,Tangent road with flat terrain,Y Shape,Asphalt roads,Dry,Daylight,Normal,Vehicle with vehicle collision,1,1,Getting off,Driver or rider,Female,18-30,3.0,Changing lane to the right,Serious Injury
2024-10-05 10:30:00,Saturday,Unknown,Male,Elementary school,2-5yr,Public (> 45 seats),Owner,1-2yr,No defect,Industrial areas,Other,Tangent road with flat terrain,No junction,Asphalt roads,Dry,Daylight,Normal,Vehicle with vehicle collision,1,1,Getting off,,,,,Changing lane to the left,Slight Injury
2024-10-05 18:20:00,Wednesday,18-30,Male,Junior high school,2-5yr,Stationwagen,Owner,2-5yrs,No defect,Residential areas,Undivided Two way,Tangent road with flat terrain,Y Shape,Gravel roads,Dry,Daylight,Other,Vehicle with vehicle collision,2,1,Reversing,Driver or rider,Female,31-50,2.0,Driving carelessly,Slight Injury
2024-10-05 18:20:00,Wednesday,Over 51,Male,Junior high school,Above 10yr,Other,Owner,Unknown,No defect,Residential areas,Other,Tangent road with flat terrain,Y Shape,Asphalt roads,Dry,Daylight,Other,Vehicle with vehicle collision,2,1,Turnover,,,,,Driving carelessly,Slight Injury
2024-10-05 16:00:00,Tuesday,Unknown,Male,Junior high school,2-5yr,Lorry (41-100Q),Owner,Unknown,No defect,Office areas,Undivided Two way,Tangent road with flat terrain,No junction,Asphalt roads,Dry,Daylight,Normal,Collision with pedestrians,1,1,Moving Backward,Driver or rider,Female,18-30,3.0,No distancing,Slight Injury
2024-10-05 17:52:00,Saturday,18-30,Male,Junior high school,Below 1yr,Stationwagen,Owner,2-5yrs,No defect,Office areas,Double carriageway (median),Escarpments,Y Shape,Asphalt roads,Dry,Daylight,Normal,Vehicle with vehicle collision,2,2,Going straight,,,,,Other,Slight Injury
2024-10-05 17:52:00,Saturday,31-50,Male,Junior high school,2-5yr,Lorry (41-100Q),Owner,Above 10yr,No defect,Office areas,Other,Tangent road with flat terrain,Y Shape,Other,Dry,Daylight,Normal,Vehicle with vehicle collision,2,2,Going straight,Driver or rider,Female,31-50,3.0,Changing lane to the right,Slight Injury
2024-10-05 15:15:00,Friday,18-30,Male,Junior high school,Above 10yr,Public (12 seats),Owner,1-2yr,No defect,Office areas,Undivided Two way,Escarpments,Y Shape,Asphalt roads,Dry,Daylight,Normal,Vehicle with vehicle collision,2,1,Going straight,,,,,Changing lane to the right,Slight Injury
2024-10-05 15:15:00,Friday,31-50,Male,Junior high school,2-5yr,Lorry (41-100Q),Owner,Unknown,No defect,Office areas,One way,Tangent road with flat terrain,Y Shape,Other,Dry,Daylight,Normal,Vehicle with vehicle collision,2,1,Going straight,Driver or rider,Male,18-30,3.0,No distancing,Slight Injury
2024-10-05 06:16:00,Friday,31-50,Male,Elementary school,Above 10yr,Other,Owner,Unknown,No defect,Office areas,Undivided Two way,Tangent road with flat terrain,Y Shape,Asphalt roads,Dry,Daylight,Normal,Collision with roadside objects,2,1,Reversing,,,,,No distancing,Slight Injury
2024-10-05 06:16:00,Friday,18-30,Male,Elementary school,Above 10yr,Stationwagen,Owner,Unknown,No defect,Office areas,Other,Tangent road with flat terrain,Y Shape,Asphalt roads,Dry,Daylight,Normal,Vehicle with vehicle collision,2,1,Going straight,Pedestrian,Female,Over 51,2.0,Overturning,Slight Injury
2024-10-05 07:45:00,Monday,18-30,Male,Elementary school,Above 10yr,Automobile,Owner,Above 10yr,No defect,Residential areas,Other,Tangent road with flat terrain,Crossing,Asphalt roads,Dry,Daylight,Normal,Vehicle with vehicle collision,2,1,Going straight,,,,,Driving at high speed,Slight Injury
2024-10-05 07:45:00,Monday,31-50,Male,Junior high school,Above 10yr,Public (> 45 seats),Owner,5-10yrs,No defect,Residential areas,One way,Tangent road with flat terrain,Crossing,Asphalt roads,Dry,Daylight,Normal,Vehicle with vehicle collision,2,1,Going straight,Driver or rider,Male,18-30,3.0,No priority to vehicle,Slight Injury
2024-10-05 17:35:00,Friday,31-50,Male,Junior high school,Below 1yr,Other,Owner,Unknown,No defect,Other,One way,Tangent road with flat terrain,Y Shape,Asphalt roads,Dry,Daylight,Normal,Vehicle with vehicle collision,1,1,Going straight,,,,,No priority to pedestrian,Slight Injury
2024-10-05 17:50:00,Friday,31-50,Male,Elementary school,5-10yr,Lorry (41-100Q),Owner,5-10yrs,No defect,Church areas,Undivided Two way,Tangent road with flat terrain,No junction,Asphalt roads,Dry,Daylight,Normal,Collision with roadside objects,2,1,Getting off,Driver or rider,Male,Over 51,3.0,No priority to vehicle,Slight Injury
2024-10-05 17:50:00,Friday,Unknown,Male,Junior high school,2-5yr,Automobile,Owner,Unknown,No defect,Recreational areas,Other,Tangent road with flat terrain,No junction,Asphalt roads,Dry,Daylight,Normal,Vehicle with vehicle collision,2,1,Going straight,Pedestrian,Female,Over 51,2.0,Other,Slight Injury
2024-10-05 07:05:00,Wednesday,Unknown,Female,Junior high school,Above 10yr,Public (> 45 seats),Owner,Unknown,Unknown,Industrial areas,Undivided Two way,Tangent road with flat terrain,Y Shape,Asphalt roads,Dry,Daylight,Normal,Vehicle with vehicle collision,1,1,Going straight,,,,,Other,Slight Injury
2024-10-05 20:21:00,Friday,18-30,Male,Junior high school,Below 1yr,Other,Other,Unknown,Unknown,Residential areas,Other,Other,Y Shape,Asphalt roads,Dry,Daylight,Normal,Vehicle with vehicle collision,2,1,Going straight,Driver or rider,Female,31-50,3.0,Moving Backward,Serious Injury
2024-10-05 20:21:00,Friday,Over 51,Male,Junior high school,2-5yr,Automobile,Owner,Above 10yr,No defect,Residential areas,Other,Tangent road with rolling terrain,Y Shape,Asphalt roads,Dry,Daylight,Normal,Vehicle with vehicle collision,2,1,Going straight,Driver or rider,Female,18-30,3.0,No distancing,Serious Injury
2024-10-05 08:05:00,Thursday,18-30,Male,Junior high school,Above 10yr,Pick up upto 10Q,Owner,2-5yrs,No defect,Office areas,Double carriageway (median),Tangent road with flat terrain,Crossing,Asphalt roads,Dry,Daylight,Normal,Vehicle with vehicle collision,2,1,Reversing,Driver or rider,Female,31-50,3.0,Moving Backward,Slight Injury
2024-10-05 08:05:00,Thursday,18-30,Male,Writing & reading,2-5yr,Public (12 seats),Owner,2-5yrs,No defect,Market areas,Undivided Two way,Tangent road with flat terrain,Crossing,Asphalt roads,Dry,Daylight,Normal,Vehicle with vehicle collision,2,1,Moving Backward,Driver or rider,Female,18-30,3.0,No priority to vehicle,Slight Injury
2024-10-05 17:00:00,Sunday,31-50,Male,Junior high school,2-5yr,Lorry (41-100Q),Other,Unknown,Unknown,Other,Other,Tangent road with flat terrain,Crossing,Asphalt roads,Dry,Daylight,Normal,Vehicle with vehicle collision,1,2,Going straight,Passenger,Male,Under 18,3.0,Driving carelessly,Slight Injury
2024-10-05 17:00:00,Sunday,31-50,Male,High school,2-5yr,Lorry (41-100Q),Owner,Unknown,No defect,Industrial areas,Other,Tangent road with flat terrain,Crossing,Asphalt roads,Dry,Daylight,Normal,Vehicle with vehicle collision,1,2,Going straight,Driver or rider,Male,Under 18,3.0,No distancing,Slight Injury
2024-10-05 08:45:00,Sunday,18-30,Male,Junior high school,1-2yr,Lorry (41-100Q),Owner,Unknown,No defect,Residential areas,Two-way (divided with solid lines road marking),Tangent road with flat terrain,Y Shape,Asphalt roads,Dry,Daylight,Normal,Vehicle with vehicle collision,1,1,Going straight,Passenger,Male,Under 18,3.0,Other,Slight Injury
2024-10-05 08:48:00,Wednesday,Over 51,Male,High school,5-10yr,Public (13-45 seats),Governmental,Below 1yr,No defect,Residential areas,Undivided Two way,Tangent road with flat terrain,Y Shape,Asphalt roads,Dry,Daylight,Normal,Vehicle with vehicle collision,1,1,Going straight,Driver or rider,Female,Under 18,3.0,Changing lane to the right,Slight Injury
2024-10-05 09:50:00,Tuesday,18-30,Male,Elementary school,2-5yr,Lorry (41-100Q),Owner,5-10yrs,No defect,Other,Undivided Two way,Tangent road with flat terrain,Other,Asphalt roads,Dry,Daylight,Normal,Vehicle with vehicle collision,2,1,Going straight,,,,,No distancing,Slight Injury
2024-10-05 09:50:00,Tuesday,31-50,Male,Junior high school,1-2yr,Lorry (41-100Q),Governmental,Unknown,No defect,Residential areas,Other,Tangent road with flat terrain,Other,Asphalt roads,Dry,Daylight,Normal,Collision with roadside objects,2,1,Going straight,Driver or rider,Female,31-50,2.0,Driving carelessly,Slight Injury
2024-10-05 12:30:00,Monday,31-50,Male,Elementary school,1-2yr,Motorcycle,Owner,1-2yr,No defect,Rural village areas,Undivided Two way,Gentle horizontal curve,Y Shape,Asphalt roads,Dry,Daylight,Normal,Collision with roadside objects,3,1,Turnover,,,,,No distancing,Slight Injury
2024-10-05 12:30:00,Monday,Unknown,Male,High school,No Licence,Lorry (41-100Q),Owner,2-5yrs,No defect,Rural village areas,Undivided Two way,Gentle horizontal curve,Y Shape,Asphalt roads,Dry,Daylight,Normal,Collision with roadside objects,3,1,Going straight,,,,,No priority to vehicle,Slight Injury
2024-10-05 12:30:00,Monday,18-30,Male,Junior high school,5-10yr,Ridden horse,Owner,Unknown,No defect,Office areas,Double carriageway (median),Tangent road with flat terrain,Y Shape,Asphalt roads,Dry,Daylight,Normal,Collision with pedestrians,3,1,Other,Driver or rider,Male,31-50,3.0,Changing lane to the right,Slight Injury
2024-10-05 08:38:00,Tuesday,18-30,Male,Junior high school,1-2yr,Automobile,Owner,2-5yrs,No defect,Residential areas,Undivided Two way,Gentle horizontal curve,Crossing,Earth roads,Dry,Daylight,Normal,Vehicle with vehicle collision,1,1,Going straight,,,,,No priority to pedestrian,Serious Injury
2024-10-05 10:30:00,Monday,31-50,Male,Junior high school,2-5yr,Lorry (41-100Q),Owner,Unknown,Unknown,Residential areas,Other,Tangent road with flat terrain,No junction,Asphalt roads,Dry,Daylight,Normal,Vehicle with vehicle collision,2,1,Going straight,Passenger,Female,Under 18,3.0,No priority to vehicle,Slight Injury
2024-10-05 10:30:00,Monday,Unknown,Male,Junior high school,5-10yr,Pick up upto 10Q,Owner,Unknown,7,Outside rural areas,Other,Tangent road with flat terrain,No junction,Asphalt roads,Dry,Daylight,Normal,Collision with pedestrians,2,1,Going straight,,,,,Changing lane to the left,Slight Injury
2024-10-05 18:04:00,Saturday,31-50,Male,Unknown,Unknown,Public (> 45 seats),Owner,Above 10yr,Unknown,Residential areas,Other,Tangent road with flat terrain,Y Shape,Asphalt roads,Dry,Daylight,Normal,Vehicle with vehicle collision,1,2,Going straight,Driver or rider,Male,18-30,2.0,Turnover,Slight Injury
2024-10-05 18:04:00,Saturday,31-50,Male,Unknown,Unknown,Stationwagen,Owner,5-10yrs,5,Church areas,Other,Tangent road with flat terrain,Y Shape,Asphalt roads,Dry,Daylight,Normal,Vehicle with vehicle collision,1,2,Going straight,Pedestrian,Female,Under 18,3.0,Driving to the left,Slight Injury
2024-10-05 07:45:00,Wednesday,31-50,Male,Junior high school,2-5yr,Automobile,Owner,Unknown,No defect,Office areas,Undivided Two way,Tangent road with flat terrain,Crossing,Asphalt roads,Dry,Daylight,Normal,Vehicle with vehicle collision,2,1,Moving Backward,,,,,Driving carelessly,Slight Injury
2024-10-05 07:45:00,Wednesday,Unknown,Male,Junior high school,Above 10yr,Public (12 seats),Owner,Unknown,No defect,Office areas,Two-way (divided with broken lines road marking),Tangent road with mountainous terrain and,Crossing,Asphalt roads,Dry,Daylight,Normal,Vehicle with vehicle collision,2,1,Moving Backward,Driver or rider,Female,18-30,3.0,Driving to the left,Slight Injury
2024-10-05 07:27:00,Tuesday,31-50,Male,Junior high school,Above 10yr,Automobile,Governmental,Unknown,No defect,Office areas,Two-way (divided with broken lines road marking),Escarpments,Y Shape,Asphalt roads,Dry,Daylight,Normal,Vehicle with vehicle collision,2,1,Moving Backward,Passenger,Male,Under 18,3.0,Driving carelessly,Slight Injury
2024-10-05 07:27:00,Tuesday,31-50,Male,Unknown,Unknown,Automobile,Owner,2-5yrs,Unknown,Other,Undivided Two way,Tangent road with mountainous terrain and,Y Shape,Asphalt roads,Dry,Daylight,Normal,Vehicle with vehicle collision,2,1,Other,Passenger,Male,Under 18,3.0,No priority to pedestrian,Slight Injury
2024-10-05 10:05:00,Monday,31-50,Male,Elementary school,Above 10yr,Automobile,Owner,2-5yrs,Unknown,Other,Undivided Two way,Tangent road with flat terrain,Y Shape,Asphalt roads,Dry,Daylight,Normal,Collision with roadside objects,1,1,Going straight,,,,,Driving carelessly,Slight Injury
2024-10-05 14:35:00,Monday,31-50,Male,Unknown,Unknown,Lorry (41-100Q),Owner,Unknown,No defect,Residential areas,Two-way (divided with broken lines road marking),Tangent road with flat terrain,No junction,Asphalt roads,Dry,Daylight,Normal,Collision with pedestrians,1,1,Other,Driver or rider,Male,31-50,3.0,Changing lane to the right,Slight Injury
2024-10-05 18:43:00,Wednesday,31-50,Male,Junior high school,5-10yr,Automobile,Owner,Unknown,Unknown,Other,Two-way (divided with broken lines road marking),Tangent road with flat terrain,No junction,Gravel roads,Dry,Daylight,Normal,Vehicle with vehicle collision,2,1,Turnover,,,,,Moving Backward,Slight Injury
2024-10-05 18:43:00,Wednesday,18-30,Male,Junior high school,Above 10yr,Automobile,Owner,Below 1yr,Unknown,Other,Undivided Two way,Tangent road with mild grade and flat terrain,No junction,Asphalt roads,Dry,Daylight,Normal,Vehicle with vehicle collision,2,1,Getting off,,,,,Driving carelessly,Slight Injury
2024-10-05 08:47:00,Wednesday,18-30,Male,High school,Above 10yr,Public (12 seats),Owner,5-10yrs,Unknown,Other,Two-way (divided with broken lines road marking),Tangent road with flat terrain,Y Shape,Earth roads,Dry,Daylight,Normal,Collision with roadside objects,2,1,Going straight,Driver or rider,Male,18-30,3.0,Changing lane to the right,Slight Injury
2024-10-05 08:47:00,Wednesday,Over 51,Male,Unknown,Unknown,Taxi,Governmental,5-10yrs,No defect,Other,Undivided Two way,Tangent road with flat terrain,Y Shape,Asphalt roads,Dry,Daylight,Normal,Vehicle with vehicle collision,2,1,Going straight,Pedestrian,Male,Over 51,1.0,Driving carelessly,Slight Injury