Time,Day_of_week,Age_band_of_driver,Sex_of_driver,Educational_level,Driving_experience,Type_of_vehicle,Owner_of_vehicle,Service_year_of_vehicle,Defect_of_vehicle,Area_accident_occured,Lanes_or_Medians,Road_allignment,Types_of_Junction,Road_surface_type,Road_surface_conditions,Light_conditions,Weather_conditions,Type_of_collision,Number_of_vehicles_involved,Number_of_casualties,Vehicle_movement,Casualty_class,Sex_of_casualty,Age_band_of_casualty,Casualty_severity,Cause_of_accident,Accident_severity
2024-10-05 00:30:00,Tuesday,31-50,Male,Junior high school,Above 10yr,Automobile,Owner,Unknown,No defect,School areas,Other,Tangent road with flat terrain,Y Shape,Asphalt roads with some distress,Dry,Darkness - lights lit,Normal,Vehicle with vehicle collision,2,1,Going straight,Driver or rider,Male,18-30,3.0,Overturning,Slight Injury
2024-10-05 09:16:00,Monday,31-50,Male,Elementary school,5-10yr,Stationwagen,Governmental,Unknown,No defect,School areas,Undivided Two way,Tangent road with flat terrain,No junction,Asphalt roads,Dry,Daylight,Normal,Vehicle with vehicle collision,1,1,Getting off,,,,,No distancing,Slight Injury
2024-10-05 22:50:00,Tuesday,18-30,Male,Elementary school,Above 10yr,Other,Owner,Unknown,No defect,Office areas,Two-way (divided with broken lines road marking),Tangent road with flat terrain,Y Shape,Asphalt roads,Dry,Darkness - lights lit,Normal,Vehicle with vehicle collision,2,1,Going straight,Driver or rider,Male,Under 18,3.0,Driving carelessly,Slight Injury
2024-10-05 22:50:00,Tuesday,Unknown,Male,Junior high school,1-2yr,Other,Owner,Unknown,No defect,Office areas,Two-way (divided with broken lines road marking),Tangent road with flat terrain,Y Shape,Asphalt roads,Dry,Darkness - lights lit,Normal,Vehicle with vehicle collision,2,1,Going straight,Pedestrian,Male,Over 51,2.0,No distancing,Slight Injury
2024-10-05 07:12:00,Tuesday,31-50,Male,Unknown,Unknown,Ridden horse,Governmental,Above 10yr,No defect,School areas,Two-way (divided with broken lines road marking),Tangent road with flat terrain,Crossing,Asphalt roads,Dry,Daylight,Normal,Vehicle with vehicle collision,2,1,Going straight,Driver or rider,Male,18-30,3.0,Changing lane to the left,Serious Injury
2024-10-05 07:12:00,Tuesday,31-50,Unknown,High school,5-10yr,Other,Owner,1-2yr,No defect,Other,Two-way (divided with broken lines road marking),Tangent road with flat terrain,Crossing,Gravel roads,Dry,Daylight,Normal,Vehicle with vehicle collision,2,1,Going straight,Pedestrian,Male,31-50,2.0,No priority to pedestrian,Serious Injury
2024-10-05 09:53:00,Tuesday,18-30,Male,Elementary school,2-5yr,Other,Owner,Above 10yr,No defect,Other,Two-way (divided with broken lines road marking),Tangent road with flat terrain,Crossing,Asphalt roads,Dry,Daylight,Normal,Vehicle with vehicle collision,3,1,Going straight,,,,,No distancing,Slight Injury
2024-10-05 09:53:00,Tuesday,Under 18,Male,Unknown,Unknown,Lorry (41-100Q),Owner,Below 1yr,No defect,Other,Undivided Two way,Tangent road with flat terrain,Crossing,Asphalt roads,Dry,Daylight,Normal,Vehicle with vehicle collision,3,1,Going straight,Driver or rider,Female,18-30,3.0,No distancing,Slight Injury
2024-10-05 09:53:00,Tuesday,Unknown,Female,Unknown,Unknown,Lorry (41-100Q),Owner,Above 10yr,No defect,Other,Two-way (divided with broken lines road marking),Tangent road with flat terrain,Crossing,Asphalt roads,Dry,Daylight,Normal,Vehicle with vehicle collision,3,1,Moving Backward,Pedestrian,Male,5,3.0,Changing lane to the left,Slight Injury
2024-10-05 09:12:00,Wednesday,Over 51,Male,High school,1-2yr,Lorry (41-100Q),Owner,Unknown,No defect,Residential areas,Undivided Two way,Tangent road with flat terrain,Crossing,Asphalt roads,Dry,Daylight,Normal,Vehicle with vehicle collision,1,1,Going straight,,,,,No distancing,Slight Injury
2024-10-05 15:28:00,Wednesday,31-50,Male,Junior high school,1-2yr,Stationwagen,Governmental,1-2yr,No defect,Other,Undivided Two way,Tangent road with flat terrain,No junction,Asphalt roads,Dry,Daylight,Normal,Vehicle with vehicle collision,1,1,Other,Driver or rider,Male,31-50,3.0,Changing lane to the left,Slight Injury
2024-10-05 17:30:00,Wednesday,Over 51,Male,Junior high school,1-2yr,Lorry (41-100Q),Owner,1-2yr,No defect,Other,Undivided Two way,Tangent road with flat terrain,Y Shape,Asphalt roads,Dry,Daylight,Normal,Vehicle with vehicle collision,1,1,Going straight,,,,,No distancing,Slight Injury
2024-10-05 18:15:00,Wednesday,18-30,Male,Junior high school,Above 10yr,Automobile,Owner,Unknown,No defect,Industrial areas,Undivided Two way,Tangent road with flat terrain,Y Shape,Asphalt roads,Dry,Darkness - lights lit,Normal,Vehicle with vehicle collision,2,1,Going straight,Driver or rider,Male,Under 18,3.0,No distancing,Slight Injury
2024-10-05 18:15:00,Wednesday,18-30,Male,Junior high school,1-2yr,Automobile,Owner,Unknown,No defect,Recreational areas,Undivided Two way,Tangent road with flat terrain,Y Shape,Asphalt roads,Dry,Darkness - lights lit,Normal,Vehicle with vehicle collision,2,1,Going straight,,,,,No distancing,Slight Injury
2024-10-05 18:40:00,Wednesday,18-30,Male,High school,Above 10yr,Pick up upto 10Q,Owner,Above 10yr,No defect,Church areas,Two-way (divided with broken lines road marking),Tangent road with flat terrain,Crossing,Asphalt roads,Dry,Darkness - lights lit,Normal,Collision with roadside objects,2,1,Going straight,Driver or rider,Male,Under 18,3.0,Changing lane to the left,Slight Injury
2024-10-05 18:40:00,Wednesday,18-30,Male,Junior high school,Above 10yr,Taxi,Owner,Unknown,Unknown,Office areas,Two-way (divided with broken lines road marking),Tangent road with flat terrain,Crossing,Asphalt roads,Dry,Darkness - lights lit,Normal,Vehicle with vehicle collision,2,1,Other,,,,,Changing lane to the right,Slight Injury
2024-10-05 12:40:00,Friday,31-50,Male,Junior high school,1-2yr,Other,Owner,Unknown,Unknown,Other,Two-way (divided with broken lines road marking),Tangent road with flat terrain,No junction,Asphalt roads,Dry,Daylight,Normal,Vehicle with vehicle collision,1,1,Moving Backward,Driver or rider,Female,18-30,3.0,Moving Backward,Slight Injury
2024-10-05 08:00:00,Friday,Over 51,Male,Junior high school,1-2yr,Automobile,Owner,Unknown,Unknown,Office areas,Undivided Two way,Tangent road with flat terrain,No junction,Asphalt roads,Dry,Daylight,Normal,Vehicle with vehicle collision,2,1,Other,Pedestrian,Female,18-30,2.0,Changing lane to the right,Slight Injury
2024-10-05 08:00:00,Friday,18-30,Male,High school,2-5yr,Other,Owner,Unknown,Unknown,Office areas,Two-way (divided with broken lines road marking),Tangent road with flat terrain,No junction,Asphalt roads,Dry,Daylight,Normal,Vehicle with vehicle collision,2,1,Going straight,Driver or rider,Male,18-30,3.0,No distancing,Slight Injury
2024-10-05 13:41:00,Thursday,31-50,Male,Junior high school,2-5yr,Long lorry,Owner,Unknown,Unknown,Other,Two-way (divided with broken lines road marking),Tangent road with flat terrain,No junction,Earth roads,Dry,Daylight,Normal,Collision with pedestrians,1,1,Going straight,,,,,Overtaking,Slight Injury
2024-10-05 15:45:00,Thursday,18-30,Male,Junior high school,1-2yr,Public (12 seats),Owner,Above 10yr,Unknown,Residential areas,Undivided Two way,Tangent road with flat terrain,No junction,Asphalt roads,Dry,Daylight,Normal,Vehicle with vehicle collision,2,2,Other,,,,,Other,Slight Injury
2024-10-05 15:45:00,Thursday,31-50,Male,Elementary school,5-10yr,Pick up upto 10Q,Owner,Above 10yr,Unknown,Office areas,Other,Tangent road with mountainous terrain and,No junction,Other,Dry,Daylight,Normal,Vehicle with vehicle collision,2,2,Going straight,Passenger,Female,18-30,3.0,Other,Slight Injury
2024-10-05 10:55:00,Thursday,31-50,Male,Junior high school,5-10yr,Other,Owner,Above 10yr,No defect,Residential areas,Other,Tangent road with flat terrain,Y Shape,Other,Dry,Daylight,Normal,Vehicle with vehicle collision,1,1,Going straight,Pedestrian,Female,31-50,3.0,Changing lane to the right,Slight Injury
2024-10-05 10:35:00,Friday,31-50,Male,Junior high school,1-2yr,Other,Other,Unknown,Unknown,School areas,Two-way (divided with broken lines road marking),Tangent road with flat terrain,Y Shape,Asphalt roads,Dry,Daylight,Normal,Vehicle with vehicle collision,2,1,Going straight,,,,,No priority to pedestrian,Slight Injury
2024-10-05 10:35:00,Friday,31-50,Male,Elementary school,5-10yr,Lorry (41-100Q),Owner,Above 10yr,No defect,Office areas,Two-way (divided with broken lines road marking),Sharp reverse curve,Y Shape,Earth roads,Dry,Daylight,Normal,Vehicle with vehicle collision,2,1,Going straight,Driver or rider,Female,18-30,3.0,No priority to vehicle,Slight Injury
2024-10-05 10:18:00,Friday,18-30,Male,Junior high school,2-5yr,Automobile,Owner,5-10yrs,No defect,Other,Other,Tangent road with flat terrain,Y Shape,Asphalt roads,Dry,Daylight,Normal,Vehicle with vehicle collision,1,1,Going straight,Driver or rider,Male,Over 51,3.0,Changing lane to the left,Slight Injury
2024-10-05 11:30:00,Friday,31-50,Male,Elementary school,5-10yr,Pick up upto 10Q,Owner,Above 10yr,No defect,Other,Undivided Two way,Tangent road with flat terrain,No junction,Asphalt roads,Dry,Daylight,Normal,Vehicle with vehicle collision,3,1,Going straight,,,,,Changing lane to the left,Slight Injury
2024-10-05 11:30:00,Friday,31-50,Male,Junior high school,Above 10yr,Lorry (41-100Q),Owner,Above 10yr,No defect,Church areas,Other,Tangent road with flat terrain,No junction,Earth roads,Dry,Daylight,Normal,Vehicle with vehicle collision,3,1,Going straight,Passenger,Female,Over 51,3.0,Overtaking,Slight Injury
2024-10-05 11:30:00,Friday,Unknown,Female,Junior high school,Above 10yr,Lorry (41-100Q),Owner,Unknown,No defect,Office areas,Two-way (divided with broken lines road marking),Tangent road with flat terrain,No junction,Asphalt roads,Dry,Daylight,Normal,Collision with pedestrians,3,1,Other,Driver or rider,Male,18-30,3.0,No distancing,Slight Injury
2024-10-05 15:45:00,Friday,18-30,Male,Elementary school,2-5yr,Long lorry,Owner,Unknown,No defect,Other,Two-way (divided with broken lines road marking),Tangent road with flat terrain,No junction,Asphalt roads,Dry,Daylight,Normal,Vehicle with vehicle collision,1,1,Going straight,Driver or rider,Male,18-30,3.0,No priority to vehicle,Slight Injury
2024-10-05 14:10:00,Friday,Unknown,Male,Elementary school,5-10yr,Public (> 45 seats),Owner,Unknown,No defect,Office areas,Two-way (divided with broken lines road marking),Tangent road with mild grade and flat terrain,Other,Asphalt roads,Dry,Daylight,Normal,Vehicle with vehicle collision,1,1,Going straight,Pedestrian,Male,31-50,2.0,Changing lane to the right,Slight Injury
2024-10-05 17:15:00,Friday,Unknown,Male,Junior high school,1-2yr,Public (> 45 seats),Owner,Unknown,No defect,Office areas,Two-way (divided with broken lines road marking),Tangent road with flat terrain,Y Shape,Asphalt roads,Dry,Daylight,Normal,Vehicle with vehicle collision,1,1,Going straight,Driver or rider,Female,18-30,3.0,Changing lane to the left,Slight Injury
2024-10-05 06:55:00,Saturday,31-50,Male,Elementary school,Above 10yr,Automobile,Owner,Above 10yr,No defect,Office areas,Two-way (divided with broken lines road marking),Sharp reverse curve,Y Shape,Asphalt roads,Dry,Daylight,Normal,Vehicle with vehicle collision,2,1,Going straight,,,,,No distancing,Slight Injury
2024-10-05 06:55:00,Saturday,31-50,Male,Junior high school,5-10yr,Automobile,Owner,Above 10yr,No defect,Church areas,Undivided Two way,Sharp reverse curve,Y Shape,Asphalt roads,Dry,Daylight,Normal,Collision with roadside objects,2,1,Going straight,Pedestrian,Male,31-50,3.0,Driving carelessly,Slight Injury
2024-10-05 08:42:00,Saturday,Over 51,Male,Junior high school,2-5yr,Automobile,Owner,Above 10yr,No defect,Office areas,Undivided Two way,Gentle horizontal curve,No junction,Asphalt roads,Dry,Daylight,Normal,Vehicle with vehicle collision,2,1,Going straight,,,,,No priority to pedestrian,Slight Injury
2024-10-05 08:42:00,Saturday,31-50,Male,Elementary school,Above 10yr,Other,Owner,5-10yrs,No defect,Other,Double carriageway (median),Gentle horizontal curve,No junction,Asphalt roads,Dry,Daylight,Normal,Vehicle with vehicle collision,2,1,Moving Backward,Driver or rider,Male,5,3.0,Driving carelessly,Slight Injury
2024-10-05 14:52:00,Saturday,Over 51,Male,Junior high school,2-5yr,Public (12 seats),Owner,Unknown,Unknown,Other,Two-way (divided with broken lines road marking),Tangent road with flat terrain,Crossing,Asphalt roads,Dry,Daylight,Normal,Vehicle with vehicle collision,2,1,Going straight,Driver or rider,Male,18-30,2.0,Moving Backward,Slight Injury
2024-10-05 14:52:00,Saturday,18-30,Male,Elementary school,Above 10yr,Automobile,Owner,5-10yrs,No defect,Church areas,Other,Tangent road with mountainous terrain and,Crossing,Asphalt roads,Dry,Daylight,Normal,Vehicle with vehicle collision,2,1,Going straight,Driver or rider,Male,5,3.0,No distancing,Slight Injury
2024-10-05 01:50:00,Sunday,18-30,Male,Junior high school,Above 10yr,Stationwagen,Owner,1-2yr,Unknown,School areas,Undivided Two way,Tangent road with flat terrain,Y Shape,Asphalt roads,Dry,Darkness - lights lit,Normal,Vehicle with vehicle collision,2,1,Going straight,Pedestrian,Male,Over 51,3.0,No distancing,Slight Injury
2024-10-05 01:50:00,Sunday,Unknown,Male,Junior high school,2-5yr,Automobile,Other,Unknown,Unknown,Church areas,Two-way (divided with broken lines road marking),Tangent road with flat terrain,Y Shape,Asphalt roads,Dry,Darkness - lights lit,Normal,Vehicle with vehicle collision,2,1,Going straight,,,,,No distancing,Slight Injury
2024-10-05 23:45:00,Saturday,18-30,Male,Junior high school,Above 10yr,Automobile,Owner,Above 10yr,Unknown,Office areas,Undivided Two way,Tangent road with flat terrain,No junction,Asphalt roads with some distress,Dry,Darkness - lights lit,Normal,Vehicle with vehicle collision,2,1,Going straight,Driver or rider,Male,5,3.0,Changing lane to the left,Slight Injury
2024-10-05 23:45:00,Saturday,18-30,Male,Junior high school,Above 10yr,Automobile,Owner,2-5yrs,No defect,Other,Other,Tangent road with flat terrain,No junction,Asphalt roads,Dry,Darkness - lights lit,Normal,Collision with roadside objects,2,1,Going straight,,,,,Changing lane to the left,Slight Injury
2024-10-05 12:15:00,Sunday,Over 51,Male,Junior high school,Below 1yr,Other,Owner,Above 10yr,Unknown,Church areas,Two-way (divided with broken lines road marking),Steep grade upward with mountainous terrain,Y Shape,Asphalt roads,Dry,Daylight,Normal,Vehicle with vehicle collision,2,2,Going straight,Driver or rider,Male,18-30,3.0,Moving Backward,Slight Injury
2024-10-05 12:15:00,Sunday,Unknown,Male,Junior high school,Above 10yr,Other,Governmental,1-2yr,No defect,Other,Double carriageway (median),Tangent road with flat terrain,Y Shape,Asphalt roads,Dry,Daylight,Normal,Vehicle with vehicle collision,2,2,Going straight,Pedestrian,Female,31-50,2.0,Changing lane to the right,Slight Injury
2024-10-05 19:15:00,Sunday,Unknown,Male,High school,Above 10yr,Pick up upto 10Q,Governmental,Above 10yr,Unknown,Other,Double carriageway (median),Tangent road with flat terrain,Crossing,Asphalt roads,Dry,Darkness - lights lit,Normal,Vehicle with vehicle collision,1,1,Going straight,,,,,No priority to vehicle,Slight Injury
2024-10-05 21:33:00,Friday,Unknown,Female,Junior high school,5-10yr,Turbo,Organization,5-10yrs,No defect,Office areas,Two-way (divided with broken lines road marking),Gentle horizontal curve,Crossing,Asphalt roads,Dry,Darkness - lights lit,Normal,Vehicle with vehicle collision,2,1,Going straight,Driver or rider,Male,5,3.0,Moving Backward,Slight Injury
2024-10-05 21:33:00,Friday,18-30,Male,Elementary school,Unknown,Pick up upto 10Q,Organization,Above 10yr,No defect,Other,Two-way (divided with broken lines road marking),Tangent road with flat terrain,Crossing,Asphalt roads,Dry,Darkness - lights lit,Normal,Rollover,2,1,Going straight,,,,,Driving carelessly,Slight Injury
2024-10-05 17:25:00,Monday,31-50,Male,Junior high school,5-10yr,Other,Owner,2-5yrs,No defect,Other,Two-way (divided with broken lines road marking),Tangent road with flat terrain,Crossing,Asphalt roads,Dry,Daylight,Normal,Vehicle with vehicle collision,1,1,Going straight,Driver or rider,Male,31-50,3.0,Driving carelessly,Slight Injury
2024-10-05 22:40:00,Monday,31-50,Male,Junior high school,5-10yr,Stationwagen,Governmental,Unknown,No defect,Residential areas,Two-way (divided with broken lines road marking),Tangent road with flat terrain,No junction,Asphalt roads,Wet or damp,Darkness - lights lit,Other,Vehicle with vehicle collision,1,1,Other,,,,,Driving under the influence of drugs,Slight Injury
2024-10-05 17:15:00,Saturday,18-30,Male,Junior high school,Below 1yr,Pick up upto 10Q,Owner,2-5yrs,No defect,Office areas,Two-way (divided with broken lines road marking),Tangent road with flat terrain,Crossing,Asphalt roads,Dry,Daylight,Normal,Collision with roadside objects,2,1,Going straight,Driver or rider,Male,Under 18,3.0,No priority to pedestrian,Slight Injury
2024-10-05 17:15:00,Saturday,Unknown,Male,Junior high school,5-10yr,Lorry (41-100Q),Owner,2-5yrs,No defect,Church areas,One way,Tangent road with flat terrain,Crossing,Asphalt roads,Dry,Daylight,Normal,Vehicle with vehicle collision,2,1,Going straight,,,,,No priority to vehicle,Slight Injury
2024-10-05 12:04:00,Tuesday,31-50,Male,Elementary school,2-5yr,Lorry (41-100Q),Owner,1-2yr,No defect,Other,Undivided Two way,Tangent road with flat terrain,No junction,Asphalt roads,Dry,Daylight,Normal,Vehicle with vehicle collision,1,1,Going straight,,,,,Driving carelessly,Slight Injury
2024-10-05 17:13:00,Tuesday,18-30,Male,Junior high school,2-5yr,Automobile,Owner,Above 10yr,Unknown,Market areas,Other,Steep grade downward with mountainous terrain,Y Shape,Asphalt roads,Wet or damp,Daylight,Raining,Vehicle with vehicle collision,1,2,Going straight,Driver or rider,Male,18-30,3.0,Moving Backward,Slight Injury
2024-10-05 17:13:00,Tuesday,18-30,Male,Elementary school,2-5yr,Automobile,Owner,Above 10yr,Unknown,Other,Two-way (divided with broken lines road marking),Tangent road with mountainous terrain and,Y Shape,Asphalt roads,Wet or damp,Daylight,Raining,Collision with roadside objects,1,2,Going straight,Passenger,Female,31-50,3.0,Driving carelessly,Slight Injury
2024-10-05 18:44:00,Sunday,31-50,Male,Junior high school,2-5yr,Pick up upto 10Q,Owner,Unknown,No defect,Other,Undivided Two way,Tangent road with mountainous terrain and,Y Shape,Asphalt roads,Dry,Darkness - lights lit,Normal,Collision with roadside objects,2,1,Going straight,Pedestrian,Female,18-30,3.0,No priority to vehicle,Slight Injury
2024-10-05 18:44:00,Sunday,Unknown,Male,Junior high school,Above 10yr,Pick up upto 10Q,Owner,Unknown,No defect,Church areas,Undivided Two way,Tangent road with flat terrain,Y Shape,Asphalt roads,Dry,Darkness - lights lit,Normal,Vehicle with vehicle collision,2,1,Going straight,,,,,Changing lane to the right,Slight Injury
2024-10-05 18:10:00,Wednesday,31-50,Male,Junior high school,2-5yr,Lorry (41-100Q),Governmental,1-2yr,No defect,Residential areas,Undivided Two way,Tangent road with flat terrain,Other,Asphalt roads,Dry,Daylight,Normal,Vehicle with vehicle collision,2,1,Other,Driver or rider,Male,18-30,3.0,Changing lane to the left,Slight Injury
2024-10-05 18:10:00,Wednesday,Unknown,Male,Junior high school,1-2yr,Public (12 seats),Owner,Unknown,No defect,Other,Undivided Two way,Tangent road with flat terrain,Other,Asphalt roads,Dry,Daylight,Normal,Collision with roadside objects,2,1,Going straight,Pedestrian,Female,31-50,3.0,No priority to vehicle,Slight Injury
2024-10-05 15:27:00,Tuesday,Unknown,Male,Junior high school,2-5yr,Other,Owner,Unknown,No defect,Other,Two-way (divided with broken lines road marking),Tangent road with flat terrain,Crossing,Asphalt roads,Dry,Daylight,Normal,Collision with roadside objects,1,1,Going straight,Driver or rider,Female,18-30,3.0,Driving carelessly,Slight Injury
2024-10-05 21:38:00,Wednesday,18-30,Male,Junior high school,1-2yr,Stationwagen,Owner,Unknown,No defect,Other,Double carriageway (median),Tangent road with flat terrain,No junction,Asphalt roads,Dry,Darkness - lights lit,Normal,Vehicle with vehicle collision,2,1,Going straight,,,,,Moving Backward,Slight Injury
2024-10-05 21:38:00,Wednesday,Unknown,Female,Junior high school,5-10yr,Automobile,Owner,Unknown,No defect,Recreational areas,Two-way (divided with broken lines road marking),Tangent road with flat terrain,No junction,Gravel roads,Dry,Darkness - lights lit,Normal,Collision with pedestrians,2,1,Going straight,,,,,No distancing,Slight Injury
2024-10-05 12:20:00,Wednesday,31-50,Male,Junior high school,5-10yr,Automobile,Owner,Unknown,No defect,Recreational areas,One way,Tangent road with flat terrain,Y Shape,Asphalt roads,Dry,Daylight,Normal,Vehicle with vehicle collision,1,1,Going straight,Driver or rider,Male,31-50,3.0,Changing lane to the left,Slight Injury
2024-10-05 11:00:00,Thursday,18-30,Male,Elementary school,2-5yr,Lorry (41-100Q),Owner,Unknown,No defect,Other,Two-way (divided with broken lines road marking),Tangent road with flat terrain,No junction,Asphalt roads,Wet or damp,Daylight,Raining,Vehicle with vehicle collision,1,1,Going straight,,,,,Changing lane to the left,Slight Injury
2024-10-05 07:58:00,Thursday,31-50,Male,Elementary school,Below 1yr,Stationwagen,Organization,1-2yr,No defect,Office areas,Two-way (divided with broken lines road marking),Tangent road with flat terrain,Crossing,Asphalt roads,Wet or damp,Daylight,Raining,Vehicle with vehicle collision,2,1,Going straight,Driver or rider,Male,18-30,3.0,No distancing,Slight Injury
2024-10-05 07:58:00,Thursday,31-50,Male,Unknown,Unknown,Lorry (41-100Q),Owner,2-5yrs,No defect,Residential areas,Two-way (divided with broken lines road marking),Tangent road with flat terrain,Crossing,Asphalt roads,Wet or damp,Daylight,Raining,Vehicle with vehicle collision,2,1,Going straight,,,,,Changing lane to the left,Slight Injury
2024-10-05 00:31:00,Friday,Over 51,Male,Junior high school,Above 10yr,Public (> 45 seats),Owner,2-5yrs,No defect,Other,Two-way (divided with broken lines road marking),Tangent road with flat terrain,Crossing,Asphalt roads,Dry,Darkness - lights lit,Normal,Vehicle with vehicle collision,2,1,Going straight,Driver or rider,Male,18-30,3.0,Driving carelessly,Slight Injury
2024-10-05 00:31:00,Friday,18-30,Male,High school,1-2yr,Automobile,Other,1-2yr,Unknown,Residential areas,Undivided Two way,Steep grade downward with mountainous terrain,Crossing,Asphalt roads,Dry,Darkness - lights lit,Normal,Collision with roadside objects,2,1,Moving Backward,Passenger,Female,18-30,3.0,Changing lane to the left,Slight Injury
2024-10-05 15:43:00,Thursday,31-50,Male,Junior high school,5-10yr,Automobile,Owner,Unknown,No defect,Church areas,Double carriageway (median),Tangent road with flat terrain,Y Shape,Asphalt roads,Dry,Daylight,Normal,Collision with roadside objects,1,1,Going straight,Driver or rider,Male,18-30,3.0,No distancing,Slight Injury
2024-10-05 20:40:00,Friday,Unknown,Female,Junior high school,1-2yr,Automobile,Owner,2-5yrs,Unknown,Other,One way,Tangent road with flat terrain,No junction,Asphalt roads,Dry,Darkness - lights lit,Normal,Vehicle with vehicle collision,1,1,Going straight,,,,,Changing lane to the right,Slight Injury
2024-10-05 20:39:00,Friday,Over 51,Male,Junior high school,Above 10yr,Other,Owner,5-10yrs,No defect,Office areas,Two-way (divided with broken lines road marking),Tangent road with mountainous terrain and,Other,Asphalt roads,Dry,Darkness - lights lit,Normal,Vehicle with vehicle collision,1,1,Going straight,Passenger,Female,Over 51,3.0,No distancing,Slight Injury
2024-10-05 09:16:00,Friday,31-50,Male,Junior high school,Below 1yr,Lorry (41-100Q),Owner,2-5yrs,Unknown,Other,Undivided Two way,Tangent road with flat terrain,No junction,Asphalt roads,Dry,Daylight,Normal,Vehicle with vehicle collision,2,1,Going straight,Pedestrian,Female,Over 51,3.0,Driving to the left,Slight Injury
2024-10-05 09:16:00,Friday,31-50,Male,Elementary school,2-5yr,Lorry (41-100Q),Owner,Unknown,Unknown,Recreational areas,Two-way (divided with broken lines road marking),Steep grade downward with mountainous terrain,No junction,Asphalt roads,Dry,Daylight,Normal,Vehicle with vehicle collision,2,1,Moving Backward,Driver or rider,Male,18-30,3.0,No distancing,Slight Injury
2024-10-05 12:45:00,Saturday,Over 51,Male,Junior high school,5-10yr,Automobile,Owner,Unknown,No defect,Other,Undivided Two way,Tangent road with flat terrain,Crossing,Asphalt roads,Dry,Daylight,Normal,Vehicle with vehicle collision,1,1,Going straight,,,,,Overtaking,Slight Injury
2024-10-05 14:50:00,Saturday,Over 51,Male,Elementary school,5-10yr,Stationwagen,Owner,1-2yr,No defect,Office areas,Two-way (divided with broken lines road marking),Tangent road with flat terrain,Crossing,Asphalt roads,Dry,Daylight,Normal,Vehicle with vehicle collision,4,2,Other,,,,,Driving under the influence of drugs,Slight Injury
2024-10-05 14:50:00,Saturday,Over 51,Male,Junior high school,1-2yr,Public (12 seats),Governmental,Unknown,No defect,Residential areas,Undivided Two way,Tangent road with flat terrain,Crossing,Asphalt roads,Dry,Daylight,Normal,Vehicle with vehicle collision,4,2,Other,Driver or rider,Female,31-50,3.0,No priority to pedestrian,Slight Injury
2024-10-05 14:50:00,Saturday,Over 51,Male,Junior high school,5-10yr,Public (12 seats),Owner,Unknown,No defect,Office areas,One way,Tangent road with flat terrain,Crossing,Gravel roads,Dry,Daylight,Normal,Vehicle with vehicle collision,4,2,Going straight,Driver or rider,Male,18-30,2.0,Moving Backward,Slight Injury
2024-10-05 14:50:00,Saturday,31-50,Male,Unknown,Unknown,Automobile,Owner,Unknown,No defect,Office areas,Two-way (divided with broken lines road marking),Tangent road with flat terrain,Crossing,Asphalt roads,Dry,Daylight,Normal,Vehicle with vehicle collision,4,2,Going straight,,,,,Changing lane to the right,Slight Injury
2024-10-05 15:26:00,Saturday,18-30,Male,High school,2-5yr,Public (12 seats),Owner,Unknown,No defect,Church areas,Double carriageway (median),Tangent road with flat terrain,Y Shape,Asphalt roads,Dry,Daylight,Normal,Vehicle with vehicle collision,2,2,Going straight,Pedestrian,Female,Under 18,3.0,Changing lane to the left,Slight Injury
2024-10-05 15:26:00,Saturday,Over 51,Male,Junior high school,1-2yr,Public (12 seats),Owner,Unknown,No defect,Church areas,Undivided Two way,Tangent road with flat terrain,Y Shape,Asphalt roads,Dry,Daylight,Normal,Other,2,2,Going straight,Passenger,Female,31-50,3.0,Changing lane to the right,Slight Injury
2024-10-05 16:15:00,Sunday,18-30,Male,Junior high school,5-10yr,Lorry (41-100Q),Owner,Unknown,No defect,Residential areas,Undivided Two way,Tangent road with flat terrain,No junction,Asphalt roads,Wet or damp,Daylight,Normal,Vehicle with vehicle collision,2,1,Other,,,,,Driving under the influence of drugs,Slight Injury
2024-10-05 16:15:00,Sunday,18-30,Male,Junior high school,2-5yr,Automobile,Owner,Unknown,No defect,Other,Undivided Two way,Tangent road with flat terrain,No junction,Earth roads,Wet or damp,Daylight,Normal,Collision with roadside objects,2,1,Going straight,,,,,No priority to vehicle,Slight Injury
2024-10-05 02:40:00,Sunday,18-30,Male,Junior high school,No Licence,Lorry (41-100Q),Owner,Unknown,Unknown,Other,Other,Tangent road with flat terrain,Crossing,Asphalt roads,Wet or damp,Darkness - lights lit,Normal,Vehicle with vehicle collision,2,1,Getting off,Driver or rider,Male,18-30,3.0,No priority to vehicle,Slight Injury
2024-10-05 02:40:00,Sunday,Unknown,Male,Junior high school,Above 10yr,Other,Owner,Unknown,No defect,Other,Undivided Two way,Tangent road with flat terrain,Crossing,Asphalt roads,Wet or damp,Darkness - lights lit,Normal,Vehicle with vehicle collision,2,1,Going straight,Driver or rider,Male,18-30,3.0,Changing lane to the left,Slight Injury
2024-10-05 18:01:00,Monday,18-30,Male,Junior high school,Above 10yr,Automobile,Owner,2-5yrs,Unknown,Residential areas,Undivided Two way,Tangent road with flat terrain,Y Shape,Other,Dry,Daylight,Normal,Vehicle with vehicle collision,2,1,Going straight,Driver or rider,Male,18-30,3.0,Changing lane to the right,Slight Injury