Time,Day_of_week,Age_band_of_driver,Sex_of_driver,Educational_level,Driving_experience,Type_of_vehicle,Owner_of_vehicle,Service_year_of_vehicle,Defect_of_vehicle,Area_accident_occured,Lanes_or_Medians,Road_allignment,Types_of_Junction,Road_surface_type,Road_surface_conditions,Light_conditions,Weather_conditions,Type_of_collision,Number_of_vehicles_involved,Number_of_casualties,Vehicle_movement,Casualty_class,Sex_of_casualty,Age_band_of_casualty,Casualty_severity,Cause_of_accident,Accident_severity
2024-10-05 08:48:00,Wednesday,18-30,Male,Junior high school,5-10yr,Lorry (11-40Q),Owner,5-10yrs,No defect,School areas,Other,Tangent road with flat terrain,Other,Asphalt roads,Wet or damp,Daylight,Raining,Collision with pedestrians,2,1,Overtaking,Driver or rider,Male,31-50,3.0,No priority to pedestrian,Slight Injury
2024-10-05 08:48:00,Wednesday,18-30,Male,Elementary school,1-2yr,Lorry (11-40Q),Owner,Above 10yr,No defect,Residential areas,Undivided Two way,Tangent road with flat terrain,Other,Asphalt roads,Wet or damp,Daylight,Raining,Rollover,2,1,Going straight,Driver or rider,Male,31-50,3.0,No priority to vehicle,Slight Injury
2024-10-05 08:47:00,Tuesday,31-50,Male,Junior high school,Unknown,Long lorry,Other,1-2yr,No defect,Other,Two-way (divided with broken lines road marking),Tangent road with flat terrain,Crossing,Asphalt roads,Wet or damp,Daylight,Raining,Vehicle with vehicle collision,2,3,Going straight,Passenger,Male,18-30,3.0,Changing lane to the left,Slight Injury
2024-10-05 08:47:00,Tuesday,31-50,Male,Elementary school,1-2yr,Turbo,Owner,Above 10yr,No defect,Office areas,Undivided Two way,Tangent road with flat terrain,Crossing,Asphalt roads,Wet or damp,Daylight,Raining,Rollover,2,3,Going straight,Passenger,Female,18-30,3.0,Changing lane to the left,Slight Injury
2024-10-05 08:47:00,Tuesday,31-50,Male,Junior high school,1-2yr,Long lorry,Owner,Above 10yr,No defect,Residential areas,Undivided Two way,Tangent road with flat terrain,Crossing,Asphalt roads,Wet or damp,Daylight,Raining,Vehicle with vehicle collision,2,3,Reversing,,,,,No distancing,Slight Injury
2024-10-05 22:20:00,Monday,18-30,Male,Above high school,1-2yr,Long lorry,Owner,Above 10yr,No defect,Other,One way,Steep grade downward with mountainous terrain,No junction,Asphalt roads,Dry,Darkness - lights lit,Normal,Vehicle with vehicle collision,2,1,Going straight,Driver or rider,Male,31-50,3.0,No priority to vehicle,Slight Injury
2024-10-05 22:20:00,Monday,Unknown,Female,Junior high school,5-10yr,Public (13-45 seats),Owner,Above 10yr,No defect,Residential areas,Two-way (divided with broken lines road marking),Tangent road with flat terrain,No junction,Asphalt roads,Dry,Darkness - lights lit,Normal,Vehicle with vehicle collision,2,1,Going straight,,,,,No distancing,Slight Injury
2024-10-05 15:00:00,Monday,Unknown,Female,Junior high school,5-10yr,Automobile,Owner,5-10yrs,No defect,Residential areas,Undivided Two way,Tangent road with flat terrain,Y Shape,Asphalt roads,Dry,Daylight,Normal,Fall from vehicles,1,1,Other,,,,,No distancing,Serious Injury
2024-10-05 11:57:00,Saturday,Over 51,Male,Elementary school,5-10yr,Automobile,Owner,Unknown,No defect,Residential areas,Two-way (divided with broken lines road marking),Tangent road with flat terrain,Y Shape,Asphalt roads,Dry,Daylight,Normal,Vehicle with vehicle collision,2,1,Entering a junction,Driver or rider,Male,18-30,3.0,Changing lane to the right,Slight Injury
2024-10-05 11:57:00,Saturday,18-30,Male,High school,Below 1yr,Pick up upto 10Q,Owner,1-2yr,No defect,Other,Other,Tangent road with flat terrain,Y Shape,Other,Dry,Daylight,Normal,Collision with roadside objects,2,1,Turnover,,,,,Changing lane to the left,Slight Injury
2024-10-05 11:54:00,Saturday,18-30,Male,Junior high school,Above 10yr,Other,Owner,5-10yrs,No defect,Other,Undivided Two way,Tangent road with flat terrain,No junction,Other,Dry,Daylight,Normal,Vehicle with vehicle collision,2,1,Going straight,Passenger,Female,31-50,3.0,No distancing,Slight Injury
2024-10-05 11:54:00,Saturday,18-30,Male,Junior high school,5-10yr,Stationwagen,Owner,5-10yrs,No defect,Other,One way,Tangent road with flat terrain,No junction,Asphalt roads,Dry,Daylight,Normal,Vehicle with vehicle collision,2,1,Going straight,Passenger,Male,Under 18,3.0,Overturning,Slight Injury
2024-10-05 21:00:00,Monday,18-30,Male,Junior high school,Below 1yr,Other,Owner,1-2yr,No defect,Hospital areas,Undivided Two way,Tangent road with flat terrain,Crossing,Asphalt roads,Dry,Darkness - lights lit,Normal,Vehicle with vehicle collision,2,1,Going straight,Pedestrian,Male,18-30,2.0,No priority to vehicle,Slight Injury
2024-10-05 21:00:00,Monday,Unknown,Male,Junior high school,Above 10yr,Automobile,Owner,2-5yrs,No defect,Residential areas,Undivided Two way,Tangent road with flat terrain,Crossing,Asphalt roads,Dry,Darkness - lights lit,Normal,Collision with pedestrians,2,1,Going straight,Driver or rider,Male,31-50,3.0,Moving Backward,Slight Injury
2024-10-05 14:23:00,Wednesday,31-50,Male,Junior high school,5-10yr,Automobile,Owner,5-10yrs,No defect,Residential areas,One way,Tangent road with flat terrain,No junction,Asphalt roads,Dry,Daylight,Normal,Vehicle with vehicle collision,1,2,Going straight,,,,,Driving under the influence of drugs,Slight Injury
2024-10-05 14:23:00,Wednesday,31-50,Male,Junior high school,Above 10yr,Long lorry,Owner,5-10yrs,No defect,Residential areas,Undivided Two way,Tangent road with flat terrain,No junction,Asphalt roads,Dry,Daylight,Normal,Vehicle with vehicle collision,1,2,Going straight,,,,,Moving Backward,Slight Injury
2024-10-05 08:30:00,Wednesday,31-50,Male,Junior high school,5-10yr,Public (13-45 seats),Owner,1-2yr,No defect,Other,Two-way (divided with broken lines road marking),Tangent road with flat terrain,Other,Asphalt roads,Wet or damp,Daylight,Raining,Vehicle with vehicle collision,2,1,Going straight,Driver or rider,Male,18-30,3.0,Changing lane to the right,Slight Injury
2024-10-05 08:30:00,Wednesday,18-30,Male,Junior high school,1-2yr,Public (13-45 seats),Owner,1-2yr,No defect,Office areas,Two-way (divided with broken lines road marking),Tangent road with flat terrain,Other,Asphalt roads,Wet or damp,Daylight,Raining,Rollover,2,1,Going straight,Driver or rider,Male,18-30,3.0,Overspeed,Slight Injury
2024-10-05 14:37:00,Saturday,18-30,Male,Junior high school,1-2yr,Lorry (11-40Q),Owner,2-5yrs,No defect,Other,Other,Tangent road with flat terrain,Other,Asphalt roads,Dry,Daylight,Normal,Collision with roadside objects,2,1,Getting off,,,,,Driving under the influence of drugs,Serious Injury
2024-10-05 14:37:00,Saturday,18-30,Male,Junior high school,1-2yr,Lorry (11-40Q),Owner,Unknown,No defect,Office areas,Double carriageway (median),Tangent road with flat terrain,Other,Asphalt roads,Dry,Daylight,Normal,Vehicle with vehicle collision,2,1,Getting off,Driver or rider,Male,31-50,3.0,Driving carelessly,Serious Injury
2024-10-05 15:51:00,Monday,18-30,Male,High school,2-5yr,Pick up upto 10Q,Owner,Unknown,No defect,Residential areas,Two-way (divided with broken lines road marking),Tangent road with flat terrain,Y Shape,Asphalt roads,Dry,Daylight,Normal,Vehicle with vehicle collision,1,2,Getting off,,,,,No distancing,Slight Injury
2024-10-05 15:51:00,Monday,18-30,Male,High school,Above 10yr,Automobile,Owner,Unknown,No defect,Office areas,Double carriageway (median),Gentle horizontal curve,Y Shape,Asphalt roads,Dry,Daylight,Normal,Collision with roadside objects,1,2,Moving Backward,Pedestrian,Male,18-30,3.0,No priority to vehicle,Slight Injury
2024-10-05 12:40:00,Saturday,Over 51,Male,Elementary school,2-5yr,Automobile,Owner,Unknown,No defect,Office areas,Double carriageway (median),Tangent road with flat terrain,Crossing,Asphalt roads,Dry,Daylight,Normal,Vehicle with vehicle collision,1,1,Going straight,Driver or rider,Male,Under 18,3.0,Overspeed,Serious Injury
2024-10-05 11:01:00,Wednesday,Over 51,Male,Junior high school,Above 10yr,Automobile,Organization,Unknown,No defect,Other,Double carriageway (median),Tangent road with flat terrain,Y Shape,Other,Wet or damp,Daylight,Raining,Vehicle with vehicle collision,2,1,Going straight,,,,,Driving under the influence of drugs,Slight Injury
2024-10-05 11:01:00,Wednesday,Over 51,Male,High school,2-5yr,Long lorry,Owner,Unknown,No defect,Office areas,Two-way (divided with broken lines road marking),Tangent road with flat terrain,Y Shape,Asphalt roads,Wet or damp,Daylight,Raining,Vehicle with vehicle collision,2,1,Waiting to go,Driver or rider,Male,18-30,3.0,Changing lane to the right,Slight Injury
2024-10-05 17:41:00,Wednesday,18-30,Male,Junior high school,No Licence,Long lorry,Owner,Unknown,No defect,Office areas,Other,Tangent road with flat terrain,Crossing,Asphalt roads,Wet or damp,Darkness - lights unlit,Normal,Rollover,2,1,Going straight,,,,,Changing lane to the right,Slight Injury
2024-10-05 17:41:00,Wednesday,Over 51,Male,Junior high school,1-2yr,Automobile,Governmental,Unknown,Unknown,Office areas,One way,Tangent road with flat terrain,Crossing,Asphalt roads,Wet or damp,Darkness - lights unlit,Normal,Rollover,2,1,Other,Driver or rider,Male,Under 18,3.0,Changing lane to the right,Slight Injury
2024-10-05 16:55:00,Thursday,18-30,Male,Junior high school,5-10yr,Stationwagen,Owner,Unknown,Unknown,Other,Undivided Two way,Tangent road with flat terrain,Y Shape,Asphalt roads,Dry,Daylight,Normal,Collision with pedestrians,1,1,Going straight,,,,,Changing lane to the right,Slight Injury
2024-10-05 10:30:00,Saturday,18-30,Male,Junior high school,1-2yr,Other,Owner,Unknown,Unknown,Residential areas,Other,Tangent road with flat terrain,Crossing,Asphalt roads,Wet or damp,Daylight,Raining,Vehicle with vehicle collision,1,1,Going straight,Pedestrian,Male,Over 51,3.0,Moving Backward,Slight Injury
2024-10-05 18:20:00,Wednesday,Under 18,Male,Junior high school,Above 10yr,Other,Owner,2-5yrs,No defect,Residential areas,Two-way (divided with broken lines road marking),Gentle horizontal curve,Y Shape,Asphalt roads,Dry,Daylight,Normal,Vehicle with vehicle collision,2,2,Going straight,Driver or rider,Male,5,3.0,No distancing,Serious Injury
2024-10-05 18:20:00,Wednesday,Under 18,Male,Junior high school,1-2yr,Special vehicle,Owner,5-10yrs,Unknown,Church areas,Two-way (divided with broken lines road marking),Tangent road with flat terrain,Y Shape,Asphalt roads,Dry,Daylight,Normal,Vehicle with vehicle collision,2,2,Going straight,Driver or rider,Male,18-30,3.0,Overspeed,Serious Injury
2024-10-05 17:22:00,Monday,31-50,Male,Junior high school,1-2yr,Lorry (41-100Q),Owner,5-10yrs,Unknown,Other,Two-way (divided with broken lines road marking),Tangent road with flat terrain,Other,Asphalt roads,Dry,Darkness - lights lit,Normal,Collision with pedestrians,1,1,Overtaking,,,,,No distancing,Slight Injury
2024-10-05 16:19:00,Friday,31-50,Male,Junior high school,2-5yr,Pick up upto 10Q,Owner,Unknown,Unknown,Residential areas,Two-way (divided with broken lines road marking),Tangent road with flat terrain,Other,Asphalt roads,Dry,Daylight,Normal,Collision with pedestrians,1,1,Going straight,Pedestrian,Female,Over 51,3.0,Driving carelessly,Slight Injury
2024-10-05 20:43:00,Sunday,Under 18,Male,High school,1-2yr,Lorry (11-40Q),Owner,2-5yrs,Unknown,Other,Undivided Two way,Tangent road with flat terrain,Y Shape,Other,Wet or damp,Darkness - lights lit,Raining,Vehicle with vehicle collision,2,1,Going straight,,,,,No distancing,Slight Injury
2024-10-05 20:43:00,Sunday,18-30,Male,Junior high school,1-2yr,Lorry (41-100Q),Owner,2-5yrs,Unknown,Residential areas,Undivided Two way,Tangent road with flat terrain,Y Shape,Asphalt roads,Wet or damp,Darkness - lights lit,Raining,Vehicle with vehicle collision,2,1,Going straight,Driver or rider,Female,31-50,2.0,No distancing,Slight Injury
2024-10-05 22:35:00,Wednesday,18-30,Male,Elementary school,Above 10yr,Motorcycle,Owner,2-5yrs,Unknown,Residential areas,Two-way (divided with broken lines road marking),Tangent road with flat terrain,No junction,Asphalt roads,Dry,Darkness - lights lit,Normal,Vehicle with vehicle collision,1,3,Turnover,Driver or rider,Male,18-30,3.0,No distancing,Slight Injury
2024-10-05 22:35:00,Wednesday,18-30,Male,Junior high school,Above 10yr,Automobile,Owner,5-10yrs,No defect,Other,Two-way (divided with broken lines road marking),Tangent road with flat terrain,No junction,Other,Dry,Darkness - lights lit,Normal,Collision with roadside objects,1,3,Going straight,,,,,Changing lane to the right,Slight Injury
2024-10-05 22:35:00,Wednesday,18-30,Male,Elementary school,Above 10yr,Automobile,Other,Unknown,Unknown,Other,Two-way (divided with broken lines road marking),Tangent road with flat terrain,No junction,Asphalt roads,Dry,Darkness - lights lit,Normal,Vehicle with vehicle collision,1,3,Going straight,Driver or rider,Male,31-50,3.0,No distancing,Slight Injury
2024-10-05 05:50:00,Wednesday,31-50,Male,Junior high school,Above 10yr,Automobile,Owner,Unknown,No defect,Other,Undivided Two way,Tangent road with flat terrain,No junction,Asphalt roads,Wet or damp,Darkness - lights lit,Raining,Collision with roadside objects,2,1,Getting off,Driver or rider,Male,31-50,3.0,No priority to vehicle,Slight Injury
2024-10-05 05:50:00,Wednesday,Unknown,Female,Junior high school,1-2yr,Stationwagen,Owner,Unknown,No defect,Other,Double carriageway (median),Tangent road with flat terrain,No junction,Asphalt roads,Wet or damp,Darkness - lights lit,Raining,Vehicle with vehicle collision,2,1,Moving Backward,Driver or rider,Male,18-30,3.0,Changing lane to the left,Slight Injury
2024-10-05 09:22:00,Monday,Over 51,Male,Junior high school,5-10yr,Other,Owner,Unknown,Unknown,Residential areas,Two-way (divided with broken lines road marking),Tangent road with flat terrain,No junction,Earth roads,Dry,Daylight,Normal,Vehicle with vehicle collision,2,1,Getting off,,,,,Moving Backward,Slight Injury
2024-10-05 09:22:00,Monday,18-30,Male,High school,2-5yr,Public (> 45 seats),Owner,2-5yrs,Unknown,Recreational areas,Undivided Two way,Tangent road with flat terrain,No junction,Asphalt roads,Dry,Daylight,Normal,Collision with roadside objects,2,1,Overtaking,Driver or rider,Male,18-30,3.0,Driving carelessly,Slight Injury
2024-10-05 09:26:00,Wednesday,Unknown,Male,Junior high school,2-5yr,Public (> 45 seats),Owner,Unknown,Unknown,Other,Other,Tangent road with flat terrain,Y Shape,Asphalt roads,Wet or damp,Daylight,Raining,Vehicle with vehicle collision,2,1,Going straight,,,,,Changing lane to the left,Slight Injury
2024-10-05 09:26:00,Wednesday,31-50,Unknown,Junior high school,5-10yr,Stationwagen,Owner,Unknown,Unknown,Office areas,Undivided Two way,Tangent road with flat terrain,Y Shape,Asphalt roads,Wet or damp,Daylight,Raining,Vehicle with vehicle collision,2,1,Going straight,Driver or rider,Female,18-30,3.0,No priority to pedestrian,Slight Injury
2024-10-05 13:40:00,Sunday,31-50,Male,Junior high school,5-10yr,Automobile,Other,Unknown,Unknown,Other,Undivided Two way,Tangent road with flat terrain,Y Shape,Asphalt roads,Dry,Daylight,Normal,Collision with roadside objects,3,2,Going straight,,,,,No distancing,Slight Injury
2024-10-05 13:40:00,Sunday,Over 51,Male,Junior high school,2-5yr,Bicycle,Owner,Unknown,Unknown,Office areas,Undivided Two way,Tangent road with flat terrain,Y Shape,Asphalt roads,Dry,Daylight,Normal,Collision with roadside objects,3,2,Reversing,Driver or rider,Male,Under 18,3.0,No distancing,Slight Injury
2024-10-05 13:40:00,Sunday,31-50,Male,High school,Above 10yr,Automobile,Owner,Unknown,Unknown,Office areas,One way,Tangent road with flat terrain,Y Shape,Asphalt roads,Dry,Daylight,Normal,Vehicle with vehicle collision,3,2,Getting off,,,,,Overturning,Slight Injury
2024-10-05 04:38:00,Saturday,18-30,Male,Elementary school,5-10yr,Lorry (41-100Q),Owner,Unknown,Unknown,Office areas,Undivided Two way,Tangent road with flat terrain,Crossing,Asphalt roads,Dry,Darkness - lights lit,Normal,Vehicle with vehicle collision,2,2,Going straight,Driver or rider,Male,18-30,3.0,No distancing,Slight Injury
2024-10-05 04:38:00,Saturday,Over 51,Male,Junior high school,Above 10yr,Automobile,Owner,Unknown,No defect,Other,Undivided Two way,Tangent road with flat terrain,Crossing,Asphalt roads,Dry,Darkness - lights lit,Normal,Vehicle with vehicle collision,2,2,Going straight,,,,,Drunk driving,Slight Injury
2024-10-05 02:32:00,Thursday,18-30,Male,Writing & reading,2-5yr,Public (13-45 seats),Governmental,Unknown,Unknown,Other,Double carriageway (median),Tangent road with flat terrain,Y Shape,Asphalt roads,Dry,Darkness - lights lit,Normal,Vehicle with vehicle collision,1,2,Going straight,,,,,Moving Backward,Serious Injury
2024-10-05 02:32:00,Thursday,18-30,Male,Junior high school,2-5yr,Special vehicle,Owner,Unknown,No defect,Office areas,Two-way (divided with solid lines road marking),Tangent road with flat terrain,Y Shape,Asphalt roads,Dry,Darkness - lights lit,Normal,Vehicle with vehicle collision,1,2,Reversing,Driver or rider,Male,18-30,3.0,No priority to pedestrian,Serious Injury
2024-10-05 19:00:00,Tuesday,Unknown,Female,High school,2-5yr,Automobile,Owner,Unknown,Unknown,Residential areas,Other,Tangent road with flat terrain,No junction,Asphalt roads,Wet or damp,Darkness - lights lit,Other,Vehicle with vehicle collision,2,1,Going straight,Pedestrian,Male,Under 18,3.0,Changing lane to the left,Slight Injury
2024-10-05 19:00:00,Tuesday,Under 18,Male,Junior high school,1-2yr,Public (13-45 seats),Governmental,2-5yrs,Unknown,Recreational areas,Undivided Two way,Tangent road with flat terrain,No junction,Asphalt roads,Wet or damp,Darkness - lights lit,Other,Vehicle with vehicle collision,2,1,Stopping,Driver or rider,Male,31-50,3.0,Changing lane to the left,Slight Injury
2024-10-05 13:38:00,Friday,Over 51,Male,High school,5-10yr,Other,Owner,1-2yr,No defect,Other,Other,Tangent road with flat terrain,No junction,Asphalt roads,Dry,Daylight,Normal,Vehicle with vehicle collision,1,1,Overtaking,,,,,Getting off the vehicle improperly,Slight Injury
2024-10-05 07:53:00,Thursday,18-30,Male,Elementary school,2-5yr,Lorry (41-100Q),Owner,Above 10yr,No defect,Residential areas,Other,Tangent road with flat terrain,Crossing,Asphalt roads,Wet or damp,Daylight,Raining,Vehicle with vehicle collision,2,3,Going straight,Passenger,Female,18-30,3.0,No distancing,Slight Injury
2024-10-05 07:53:00,Thursday,18-30,Male,Junior high school,1-2yr,Lorry (41-100Q),Owner,Unknown,No defect,Other,Other,Tangent road with flat terrain,Crossing,Asphalt roads,Wet or damp,Daylight,Raining,Vehicle with vehicle collision,2,3,Reversing,,,,,Changing lane to the right,Slight Injury
2024-10-05 07:53:00,Thursday,Over 51,Male,Elementary school,1-2yr,Public (12 seats),Owner,Unknown,Unknown,Other,Other,Tangent road with flat terrain,Crossing,Asphalt roads,Wet or damp,Daylight,Raining,Vehicle with vehicle collision,2,3,Going straight,Driver or rider,Male,Under 18,3.0,Changing lane to the right,Slight Injury
2024-10-05 20:13:00,Tuesday,31-50,Male,High school,No Licence,Lorry (41-100Q),Owner,5-10yrs,Unknown,Other,One way,Tangent road with flat terrain,No junction,Asphalt roads,Wet or damp,Darkness - lights lit,Raining,Vehicle with vehicle collision,1,1,Going straight,,,,,Moving Backward,Serious Injury
2024-10-05 16:28:00,Tuesday,Over 51,Male,Junior high school,5-10yr,Lorry (41-100Q),Owner,Unknown,No defect,Other,Two-way (divided with broken lines road marking),Tangent road with flat terrain,No junction,Earth roads,Wet or damp,Daylight,Raining,Vehicle with vehicle collision,3,1,Reversing,Driver or rider,Male,18-30,3.0,Driving at high speed,Slight Injury
2024-10-05 16:28:00,Tuesday,Under 18,Male,Junior high school,1-2yr,Public (12 seats),Owner,2-5yrs,No defect,Other,Other,Tangent road with flat terrain,No junction,Asphalt roads,Wet or damp,Daylight,Raining,Vehicle with vehicle collision,3,1,Going straight,,,,,Changing lane to the left,Slight Injury
2024-10-05 16:28:00,Tuesday,Unknown,Male,Junior high school,2-5yr,Public (> 45 seats),Owner,Unknown,No defect,School areas,Undivided Two way,Tangent road with flat terrain,No junction,Asphalt roads,Wet or damp,Daylight,Raining,Vehicle with vehicle collision,3,1,Waiting to go,Driver or rider,Male,31-50,3.0,Changing lane to the right,Slight Injury
2024-10-05 00:55:00,Saturday,18-30,Male,Junior high school,5-10yr,Automobile,Owner,Unknown,No defect,Office areas,Two-way (divided with broken lines road marking),Tangent road with flat terrain,Y Shape,Asphalt roads,Dry,Darkness - lights lit,Normal,Vehicle with vehicle collision,1,3,Going straight,,,,,No distancing,Serious Injury
2024-10-05 00:55:00,Saturday,18-30,Male,Unknown,Unknown,Pick up upto 10Q,Owner,Unknown,No defect,Office areas,Two-way (divided with broken lines road marking),Tangent road with flat terrain,Y Shape,Asphalt roads,Dry,Darkness - lights lit,Normal,Vehicle with vehicle collision,1,3,Going straight,Driver or rider,Male,18-30,3.0,Changing lane to the right,Serious Injury
2024-10-05 00:55:00,Saturday,18-30,Male,Unknown,Unknown,Stationwagen,Owner,5-10yrs,No defect,Office areas,Two-way (divided with broken lines road marking),Tangent road with flat terrain,Y Shape,Asphalt roads,Dry,Darkness - lights lit,Normal,Vehicle with vehicle collision,1,3,Going straight,Driver or rider,Female,31-50,3.0,Changing lane to the right,Serious Injury
2024-10-05 18:30:00,Monday,18-30,Male,Junior high school,2-5yr,Other,Owner,Unknown,No defect,School areas,Other,Tangent road with flat terrain,No junction,Asphalt roads,Dry,Darkness - lights lit,Normal,Collision with roadside objects,2,2,Going straight,,,,,No distancing,Serious Injury
2024-10-05 18:30:00,Monday,18-30,Male,Junior high school,Above 10yr,Other,Governmental,Unknown,No defect,School areas,Undivided Two way,Tangent road with flat terrain,No junction,Asphalt roads,Dry,Darkness - lights lit,Normal,Vehicle with vehicle collision,2,2,Getting off,Driver or rider,Male,18-30,3.0,Changing lane to the right,Serious Injury
2024-10-05 18:30:00,Monday,31-50,Male,Junior high school,Above 10yr,Automobile,Owner,Unknown,No defect,Office areas,Two-way (divided with broken lines road marking),Tangent road with flat terrain,No junction,Asphalt roads,Dry,Darkness - lights lit,Normal,Collision with pedestrians,2,2,Going straight,Pedestrian,Male,31-50,3.0,Driving carelessly,Serious Injury
2024-10-05 08:15:00,Tuesday,31-50,Male,Unknown,Unknown,Stationwagen,Owner,Unknown,No defect,Office areas,Two-way (divided with broken lines road marking),Tangent road with flat terrain,No junction,Asphalt roads,Dry,Daylight,Normal,Vehicle with vehicle collision,2,1,Going straight,Pedestrian,Male,18-30,3.0,Driving carelessly,Serious Injury
2024-10-05 08:15:00,Tuesday,31-50,Male,Elementary school,Above 10yr,Pick up upto 10Q,Governmental,Above 10yr,No defect,School areas,Two-way (divided with broken lines road marking),Tangent road with flat terrain,No junction,Asphalt roads,Dry,Daylight,Normal,Collision with roadside objects,2,1,Going straight,Driver or rider,Male,5,3.0,Changing lane to the right,Serious Injury
2024-10-05 18:26:00,Monday,18-30,Unknown,Unknown,Unknown,Lorry (41-100Q),Owner,1-2yr,No defect,Other,Two-way (divided with broken lines road marking),Tangent road with flat terrain,Crossing,Earth roads,Dry,Darkness - lights lit,Normal,Vehicle with vehicle collision,2,3,Reversing,,,,,Overturning,Slight Injury
2024-10-05 18:26:00,Monday,18-30,Male,Junior high school,5-10yr,Automobile,Owner,Above 10yr,No defect,Other,Two-way (divided with broken lines road marking),Tangent road with flat terrain,Crossing,Asphalt roads,Dry,Darkness - lights lit,Normal,Vehicle with vehicle collision,2,3,Turnover,,,,,Changing lane to the right,Slight Injury
2024-10-05 18:26:00,Monday,31-50,Male,Junior high school,Above 10yr,Other,Owner,Below 1yr,No defect,Other,Undivided Two way,Tangent road with flat terrain,Crossing,Asphalt roads,Dry,Darkness - lights lit,Normal,Vehicle with vehicle collision,2,3,Going straight,Driver or rider,Female,18-30,2.0,Moving Backward,Slight Injury
2024-10-05 00:10:00,Saturday,18-30,Male,High school,Above 10yr,Lorry (41-100Q),Owner,Above 10yr,No defect,Other,Two-way (divided with broken lines road marking),Tangent road with flat terrain,No junction,Asphalt roads,Dry,Darkness - lights lit,Normal,Vehicle with vehicle collision,3,3,Going straight,,,,,No distancing,Serious Injury
2024-10-05 00:10:00,Saturday,18-30,Male,Unknown,Unknown,Lorry (41-100Q),Owner,Unknown,No defect,Residential areas,Undivided Two way,Tangent road with flat terrain,No junction,Asphalt roads,Dry,Darkness - lights lit,Normal,Vehicle with vehicle collision,3,3,Going straight,Driver or rider,Male,18-30,3.0,Overturning,Serious Injury
2024-10-05 00:10:00,Saturday,31-50,Male,Elementary school,5-10yr,Lorry (41-100Q),Governmental,1-2yr,No defect,Other,Undivided Two way,Tangent road with flat terrain,No junction,Asphalt roads,Dry,Darkness - lights lit,Normal,Rollover,3,3,Going straight,,,,,Driving carelessly,Serious Injury
2024-10-05 00:10:00,Saturday,Over 51,Male,Elementary school,Above 10yr,Pick up upto 10Q,Owner,1-2yr,No defect,Other,Undivided Two way,Tangent road with flat terrain,No junction,Asphalt roads,Dry,Darkness - lights lit,Normal,Collision with roadside objects,3,3,Getting off,Driver or rider,Male,31-50,3.0,Changing lane to the right,Serious Injury
2024-10-05 00:10:00,Saturday,Over 51,Male,Junior high school,Below 1yr,Pick up upto 10Q,Owner,Unknown,No defect,Industrial areas,Undivided Two way,Tangent road with flat terrain,No junction,Asphalt roads,Dry,Darkness - lights lit,Normal,Vehicle with vehicle collision,3,3,Going straight,Pedestrian,Male,Under 18,3.0,Driving at high speed,Serious Injury
2024-10-05 00:10:00,Saturday,Unknown,Male,Junior high school,2-5yr,Automobile,Owner,Unknown,No defect,Recreational areas,Undivided Two way,Tangent road with flat terrain,No junction,Asphalt roads,Dry,Darkness - lights lit,Normal,Collision with roadside objects,3,3,Going straight,Driver or rider,Male,18-30,3.0,Changing lane to the left,Serious Injury
2024-10-05 08:13:00,Wednesday,31-50,Male,Junior high school,2-5yr,Other,Owner,Above 10yr,No defect,Church areas,Two-way (divided with broken lines road marking),Tangent road with flat terrain,Y Shape,Gravel roads,Wet or damp,Daylight,Raining and Windy,Vehicle with vehicle collision,2,2,Going straight,,,,,Driving carelessly,Slight Injury
2024-10-05 08:13:00,Wednesday,31-50,Male,High school,5-10yr,Other,Owner,Unknown,Unknown,Office areas,Two-way (divided with broken lines road marking),Tangent road with flat terrain,Y Shape,Asphalt roads,Wet or damp,Daylight,Raining and Windy,Vehicle with vehicle collision,2,2,Going straight,Driver or rider,Male,Under 18,3.0,No distancing,Slight Injury
2024-10-05 08:13:00,Wednesday,31-50,Male,Junior high school,Unknown,Automobile,Owner,Unknown,Unknown,Other,Two-way (divided with broken lines road marking),Tangent road with flat terrain,Y Shape,Asphalt roads,Wet or damp,Daylight,Raining and Windy,Vehicle with vehicle collision,2,2,Going straight,Passenger,Female,18-30,3.0,Moving Backward,Slight Injury
2024-10-05 17:46:00,Monday,18-30,Male,Unknown,Below 1yr,Motorcycle,Owner,Unknown,Unknown,Office areas,Undivided Two way,Tangent road with flat terrain,Y Shape,Asphalt roads,Wet or damp,Darkness - lights lit,Raining and Windy,Vehicle with vehicle collision,2,1,Going straight,,,,,No priority to pedestrian,Slight Injury
2024-10-05 17:46:00,Monday,31-50,Male,Elementary school,Above 10yr,Automobile,Owner,Unknown,Unknown,Office areas,Two-way (divided with broken lines road marking),Tangent road with flat terrain,Y Shape,Asphalt roads,Wet or damp,Darkness - lights lit,Raining and Windy,Vehicle with vehicle collision,2,1,Going straight,Passenger,Male,18-30,2.0,Moving Backward,Slight Injury
2024-10-05 02:40:00,Saturday,Unknown,Female,Elementary school,Below 1yr,Automobile,Owner,Unknown,Unknown,Other,Two-way (divided with broken lines road marking),Tangent road with flat terrain,No junction,Asphalt roads,Dry,Darkness - lights lit,Normal,Collision with roadside objects,1,2,Going straight,Pedestrian,Male,Over 51,3.0,Changing lane to the right,Slight Injury