Time,Day_of_week,Age_band_of_driver,Sex_of_driver,Educational_level,Driving_experience,Type_of_vehicle,Owner_of_vehicle,Service_year_of_vehicle,Defect_of_vehicle,Area_accident_occured,Lanes_or_Medians,Road_allignment,Types_of_Junction,Road_surface_type,Road_surface_conditions,Light_conditions,Weather_conditions,Type_of_collision,Number_of_vehicles_involved,Number_of_casualties,Vehicle_movement,Casualty_class,Sex_of_casualty,Age_band_of_casualty,Casualty_severity,Cause_of_accident,Accident_severity
2024-10-05 06:25:00,Sunday,31-50,Male,Junior high school,5-10yr,Automobile,Owner,Unknown,No defect,Other,Two-way (divided with broken lines road marking),Tangent road with flat terrain,Y Shape,Asphalt roads,Wet or damp,Darkness - lights lit,Raining and Windy,Vehicle with vehicle collision,1,2,Going straight,Driver or rider,Male,31-50,3.0,No priority to vehicle,Slight Injury
2024-10-05 06:25:00,Sunday,31-50,Male,Junior high school,5-10yr,Public (> 45 seats),Owner,2-5yrs,Unknown,Church areas,Two-way (divided with broken lines road marking),Tangent road with flat terrain,Y Shape,Earth roads,Wet or damp,Darkness - lights lit,Raining and Windy,Vehicle with vehicle collision,1,2,Going straight,Passenger,Female,Under 18,3.0,Driving at high speed,Slight Injury
2024-10-05 07:26:00,Monday,31-50,Male,Junior high school,Above 10yr,Stationwagen,Owner,5-10yrs,Unknown,Other,Undivided Two way,Tangent road with flat terrain,Other,Asphalt roads,Wet or damp,Darkness - lights lit,Normal,Vehicle with vehicle collision,1,1,Going straight,Driver or rider,Female,Over 51,3.0,No distancing,Slight Injury
2024-10-05 12:30:00,Wednesday,18-30,Male,Junior high school,5-10yr,Automobile,Organization,2-5yrs,Unknown,Industrial areas,Two-way (divided with broken lines road marking),Tangent road with flat terrain,Other,Asphalt roads,Dry,Daylight,Other,Vehicle with vehicle collision,1,1,Going straight,Passenger,Female,18-30,3.0,No distancing,Slight Injury
2024-10-05 14:30:00,Wednesday,31-50,Male,Junior high school,No Licence,Lorry (41-100Q),Owner,Unknown,No defect,Residential areas,Double carriageway (median),Tangent road with flat terrain,Crossing,Asphalt roads,Dry,Daylight,Normal,Vehicle with vehicle collision,2,1,Going straight,Driver or rider,Male,18-30,3.0,Driving carelessly,Slight Injury
2024-10-05 14:30:00,Wednesday,Over 51,Male,Above high school,Below 1yr,Other,Governmental,Above 10yr,No defect,Other,Two-way (divided with broken lines road marking),Tangent road with flat terrain,Crossing,Asphalt roads,Dry,Daylight,Normal,Vehicle with vehicle collision,2,1,Going straight,,,,,Driving carelessly,Slight Injury
2024-10-05 16:15:00,Tuesday,Unknown,Male,Elementary school,5-10yr,Public (13-45 seats),Owner,Unknown,No defect,Office areas,Two-way (divided with broken lines road marking),Tangent road with flat terrain,Y Shape,Asphalt roads,Dry,Daylight,Other,Vehicle with vehicle collision,1,1,Going straight,Driver or rider,Male,18-30,3.0,Moving Backward,Slight Injury
2024-10-05 12:25:00,Sunday,31-50,Male,Elementary school,5-10yr,Other,Owner,Unknown,No defect,Industrial areas,Other,Tangent road with flat terrain,No junction,Asphalt roads,Wet or damp,Daylight,Other,Collision with roadside objects,2,1,Going straight,,,,,No distancing,Slight Injury
2024-10-05 12:25:00,Sunday,Unknown,Female,Junior high school,5-10yr,Other,Owner,1-2yr,No defect,Industrial areas,Double carriageway (median),Tangent road with flat terrain,No junction,Asphalt roads,Wet or damp,Daylight,Other,Vehicle with vehicle collision,2,1,Going straight,Driver or rider,Male,18-30,3.0,Changing lane to the right,Slight Injury
2024-10-05 10:30:00,Tuesday,Unknown,Male,High school,5-10yr,Ridden horse,Owner,Unknown,No defect,Other,Two-way (divided with broken lines road marking),Tangent road with flat terrain,Y Shape,Asphalt roads,Dry,Daylight,Normal,Collision with roadside objects,1,1,Other,,,,,Overtaking,Slight Injury
2024-10-05 20:35:00,Friday,Unknown,Male,Junior high school,5-10yr,Lorry (41-100Q),Organization,Above 10yr,Unknown,Hospital areas,Two-way (divided with broken lines road marking),Tangent road with flat terrain,Y Shape,Asphalt roads,Dry,Darkness - lights lit,Normal,Vehicle with vehicle collision,2,2,Moving Backward,,,,,No distancing,Slight Injury
2024-10-05 20:35:00,Friday,31-50,Male,Junior high school,2-5yr,Lorry (41-100Q),Owner,Unknown,Unknown,Office areas,One way,Tangent road with flat terrain,Y Shape,Asphalt roads,Dry,Darkness - lights lit,Normal,Vehicle with vehicle collision,2,2,Going straight,Driver or rider,Male,31-50,3.0,Overtaking,Slight Injury
2024-10-05 20:35:00,Friday,31-50,Male,Writing & reading,5-10yr,Pick up upto 10Q,Owner,2-5yrs,No defect,Church areas,Undivided Two way,Tangent road with flat terrain,Y Shape,Asphalt roads,Dry,Darkness - lights lit,Normal,Other,2,2,Moving Backward,,,,,Moving Backward,Slight Injury
2024-10-05 14:25:00,Friday,Unknown,Male,Junior high school,Above 10yr,Lorry (11-40Q),Organization,5-10yrs,No defect,Hospital areas,Undivided Two way,Tangent road with mountainous terrain and,Y Shape,Asphalt roads,Wet or damp,Daylight,Raining,Collision with pedestrians,1,1,Going straight,Driver or rider,Male,31-50,3.0,No distancing,Slight Injury
2024-10-05 11:05:00,Wednesday,31-50,Male,Junior high school,1-2yr,Automobile,Owner,Above 10yr,No defect,Office areas,Other,Tangent road with flat terrain,No junction,Asphalt roads,Dry,Daylight,Normal,Vehicle with vehicle collision,1,2,Moving Backward,,,,,No distancing,Slight Injury
2024-10-05 11:05:00,Wednesday,31-50,Male,Writing & reading,Below 1yr,Automobile,Owner,2-5yrs,No defect,Other,Two-way (divided with broken lines road marking),Escarpments,No junction,Asphalt roads,Dry,Daylight,Normal,Vehicle with vehicle collision,1,2,Other,Driver or rider,Male,18-30,3.0,No priority to vehicle,Slight Injury
2024-10-05 15:20:00,Saturday,Unknown,Female,Elementary school,1-2yr,Pick up upto 10Q,Owner,1-2yr,Unknown,Office areas,Undivided Two way,Tangent road with flat terrain,No junction,Asphalt roads,Dry,Daylight,Normal,Vehicle with vehicle collision,1,1,Going straight,Driver or rider,Male,18-30,3.0,No priority to vehicle,Slight Injury
2024-10-05 19:00:00,Friday,18-30,Male,Junior high school,5-10yr,Automobile,Owner,2-5yrs,Unknown,Office areas,Two-way (divided with broken lines road marking),Tangent road with mountainous terrain and,No junction,Asphalt roads,Dry,Daylight,Normal,Collision with pedestrians,1,1,Going straight,,,,,Changing lane to the left,Serious Injury
2024-10-05 08:52:00,Friday,18-30,Male,Junior high school,1-2yr,Other,Owner,Unknown,No defect,Other,Double carriageway (median),Steep grade downward with mountainous terrain,No junction,Asphalt roads,Wet or damp,Daylight,Normal,Collision with roadside objects,2,1,Going straight,Driver or rider,Male,31-50,2.0,No distancing,Slight Injury
2024-10-05 08:52:00,Friday,31-50,Male,Elementary school,5-10yr,Lorry (41-100Q),Owner,1-2yr,No defect,Office areas,Undivided Two way,Tangent road with mild grade and flat terrain,No junction,Asphalt roads,Wet or damp,Daylight,Normal,Other,2,1,Going straight,,,,,Driving under the influence of drugs,Slight Injury
2024-10-05 12:00:00,Wednesday,Unknown,Female,Junior high school,2-5yr,Public (13-45 seats),Owner,Unknown,No defect,Residential areas,Undivided Two way,Tangent road with flat terrain,Y Shape,Asphalt roads,Dry,Daylight,Normal,Vehicle with vehicle collision,1,1,Other,,,,,Changing lane to the left,Slight Injury
2024-10-05 08:31:00,Monday,31-50,Male,Junior high school,Below 1yr,Pick up upto 10Q,Owner,Unknown,Unknown,Other,Two-way (divided with broken lines road marking),Tangent road with flat terrain,Y Shape,Asphalt roads,Dry,Daylight,Normal,Other,2,1,Going straight,Driver or rider,Male,31-50,3.0,Changing lane to the right,Slight Injury
2024-10-05 08:31:00,Monday,Under 18,Male,Writing & reading,5-10yr,Stationwagen,Owner,2-5yrs,Unknown,Office areas,Double carriageway (median),Tangent road with flat terrain,Y Shape,Earth roads,Dry,Daylight,Normal,Other,2,1,Moving Backward,,,,,Driving to the left,Slight Injury
2024-10-05 22:31:00,Tuesday,Under 18,Male,Writing & reading,5-10yr,Other,Owner,5-10yrs,Unknown,Office areas,Undivided Two way,Tangent road with mountainous terrain and,Y Shape,Asphalt roads,Dry,Darkness - lights lit,Normal,Other,2,1,Moving Backward,Driver or rider,Female,18-30,3.0,Driving at high speed,Serious Injury
2024-10-05 22:31:00,Tuesday,31-50,Male,Junior high school,5-10yr,Pick up upto 10Q,Other,Unknown,Unknown,Office areas,Other,Tangent road with flat terrain,Y Shape,Asphalt roads,Dry,Darkness - lights lit,Normal,Vehicle with vehicle collision,2,1,Moving Backward,,,,,Overtaking,Serious Injury
2024-10-05 18:20:00,Saturday,18-30,Male,Junior high school,2-5yr,Public (13-45 seats),Owner,5-10yrs,No defect,Other,Two-way (divided with broken lines road marking),Tangent road with mild grade and flat terrain,No junction,Other,Wet or damp,Darkness - lights lit,Raining,Vehicle with vehicle collision,1,1,Going straight,Driver or rider,Male,18-30,3.0,Changing lane to the right,Serious Injury
2024-10-05 10:19:00,Tuesday,18-30,Male,Junior high school,Above 10yr,Public (12 seats),Owner,Unknown,No defect,Church areas,Undivided Two way,Tangent road with flat terrain,Y Shape,Asphalt roads,Wet or damp,Daylight,Normal,Collision with roadside objects,2,2,Going straight,Driver or rider,Male,31-50,3.0,Changing lane to the right,Slight Injury
2024-10-05 10:19:00,Tuesday,31-50,Male,Junior high school,5-10yr,Lorry (41-100Q),Owner,Unknown,No defect,Industrial areas,Undivided Two way,Tangent road with flat terrain,Y Shape,Asphalt roads,Wet or damp,Daylight,Normal,Collision with roadside objects,2,2,Going straight,Passenger,Female,Over 51,3.0,Moving Backward,Slight Injury
2024-10-05 18:25:00,Wednesday,18-30,Male,Junior high school,Above 10yr,Pick up upto 10Q,Owner,1-2yr,No defect,Office areas,Double carriageway (median),Tangent road with flat terrain,Y Shape,Asphalt roads,Dry,Daylight,Normal,Vehicle with vehicle collision,1,1,Going straight,Driver or rider,Male,18-30,3.0,Moving Backward,Serious Injury
2024-10-05 12:30:00,Friday,Unknown,Male,Junior high school,2-5yr,Lorry (41-100Q),Owner,Unknown,No defect,Church areas,Undivided Two way,Tangent road with flat terrain,No junction,Asphalt roads,Wet or damp,Daylight,Raining,Vehicle with vehicle collision,2,1,Other,,,,,Changing lane to the left,Slight Injury
2024-10-05 12:30:00,Friday,Over 51,Male,Junior high school,Below 1yr,Pick up upto 10Q,Owner,Unknown,Unknown,Office areas,Undivided Two way,Tangent road with flat terrain,No junction,Asphalt roads,Wet or damp,Daylight,Raining,Vehicle with vehicle collision,2,1,Going straight,,,,,Moving Backward,Slight Injury
2024-10-05 15:15:00,Monday,31-50,Male,Junior high school,Below 1yr,Long lorry,Owner,Unknown,No defect,Office areas,Other,Tangent road with flat terrain,Other,Asphalt roads,Dry,Daylight,Other,Vehicle with vehicle collision,1,1,Going straight,Driver or rider,Male,18-30,3.0,No distancing,Slight Injury
2024-10-05 16:19:00,Monday,31-50,Male,Junior high school,5-10yr,Other,Owner,Unknown,Unknown,Residential areas,Two-way (divided with broken lines road marking),Tangent road with flat terrain,Crossing,Asphalt roads,Dry,Daylight,Normal,Vehicle with vehicle collision,2,2,Going straight,,,,,Moving Backward,Slight Injury
2024-10-05 16:19:00,Monday,31-50,Male,Junior high school,2-5yr,Other,Owner,5-10yrs,Unknown,Office areas,Two-way (divided with broken lines road marking),Tangent road with flat terrain,Crossing,Asphalt roads,Dry,Daylight,Normal,Rollover,2,2,Reversing,Driver or rider,Female,18-30,3.0,Changing lane to the right,Slight Injury
2024-10-05 16:19:00,Monday,31-50,Male,Elementary school,Below 1yr,Other,Owner,5-10yrs,Unknown,Residential areas,Undivided Two way,Tangent road with flat terrain,Crossing,Asphalt roads,Dry,Daylight,Normal,Vehicle with vehicle collision,2,2,Moving Backward,,,,,Changing lane to the left,Slight Injury
2024-10-05 17:15:00,Tuesday,Over 51,Male,Junior high school,2-5yr,Public (13-45 seats),Owner,2-5yrs,Unknown,Office areas,Double carriageway (median),Tangent road with flat terrain,Y Shape,Asphalt roads,Dry,Daylight,Normal,Collision with roadside objects,2,1,Going straight,Driver or rider,Female,Over 51,2.0,No priority to vehicle,Slight Injury
2024-10-05 17:15:00,Tuesday,18-30,Male,Junior high school,5-10yr,Special vehicle,Owner,2-5yrs,No defect,Office areas,Double carriageway (median),Tangent road with flat terrain,Y Shape,Asphalt roads,Dry,Daylight,Normal,Collision with pedestrians,2,1,Going straight,,,,,No distancing,Slight Injury
2024-10-05 18:30:00,Wednesday,31-50,Male,High school,Above 10yr,Lorry (41-100Q),Other,Unknown,No defect,Other,Two-way (divided with broken lines road marking),Tangent road with flat terrain,Y Shape,Asphalt roads,Wet or damp,Darkness - lights lit,Normal,Vehicle with vehicle collision,1,1,Reversing,Driver or rider,Male,18-30,3.0,No priority to vehicle,Slight Injury
2024-10-05 18:00:00,Tuesday,Unknown,Male,High school,Above 10yr,Lorry (41-100Q),Owner,Unknown,No defect,Other,Two-way (divided with broken lines road marking),Tangent road with flat terrain,Y Shape,Asphalt roads,Dry,Darkness - lights lit,Normal,Vehicle with vehicle collision,3,1,Going straight,,,,,Driving under the influence of drugs,Serious Injury
2024-10-05 18:00:00,Tuesday,31-50,Male,Junior high school,5-10yr,Public (> 45 seats),Owner,Above 10yr,No defect,Residential areas,Two-way (divided with broken lines road marking),Tangent road with flat terrain,Y Shape,Asphalt roads,Dry,Darkness - lights lit,Normal,Vehicle with vehicle collision,3,1,Reversing,Driver or rider,Male,31-50,3.0,Changing lane to the right,Serious Injury
2024-10-05 18:00:00,Tuesday,Unknown,Male,Elementary school,1-2yr,Automobile,Owner,Unknown,Unknown,Church areas,Two-way (divided with broken lines road marking),Tangent road with flat terrain,Y Shape,Asphalt roads,Dry,Darkness - lights lit,Normal,Vehicle with vehicle collision,3,1,Other,,,,,No distancing,Serious Injury
2024-10-05 08:40:00,Monday,Unknown,Male,Elementary school,5-10yr,Automobile,Governmental,Unknown,No defect,Church areas,Double carriageway (median),Tangent road with flat terrain,No junction,Asphalt roads,Dry,Daylight,Normal,Vehicle with vehicle collision,2,1,Other,Driver or rider,Male,31-50,3.0,No distancing,Slight Injury
2024-10-05 08:40:00,Monday,Unknown,Female,Junior high school,5-10yr,Automobile,Owner,2-5yrs,No defect,Residential areas,Double carriageway (median),Tangent road with flat terrain,No junction,Asphalt roads,Dry,Daylight,Normal,Vehicle with vehicle collision,2,1,Going straight,Driver or rider,Male,18-30,3.0,Changing lane to the left,Slight Injury
2024-10-05 19:30:00,Monday,Unknown,Male,Junior high school,1-2yr,Public (> 45 seats),Owner,Unknown,No defect,Office areas,Two-way (divided with broken lines road marking),Tangent road with mild grade and flat terrain,No junction,Asphalt roads,Wet or damp,Darkness - lights lit,Raining,Vehicle with vehicle collision,2,1,Going straight,,,,,Changing lane to the right,Slight Injury
2024-10-05 19:30:00,Monday,31-50,Male,Junior high school,5-10yr,Lorry (11-40Q),Owner,5-10yrs,No defect,Office areas,Two-way (divided with broken lines road marking),Tangent road with mild grade and flat terrain,No junction,Asphalt roads,Wet or damp,Darkness - lights lit,Raining,Collision with roadside objects,2,1,Going straight,,,,,Changing lane to the right,Slight Injury
2024-10-05 21:25:00,Monday,Unknown,Female,High school,Above 10yr,Pick up upto 10Q,Owner,2-5yrs,Unknown,Residential areas,Two-way (divided with broken lines road marking),Tangent road with flat terrain,Y Shape,Asphalt roads,Wet or damp,Darkness - lights lit,Raining,Rollover,2,1,Going straight,Driver or rider,Male,31-50,3.0,Driving under the influence of drugs,Slight Injury
2024-10-05 21:25:00,Monday,Under 18,Male,Unknown,Below 1yr,Lorry (11-40Q),Owner,5-10yrs,Unknown,Church areas,Other,Tangent road with flat terrain,Y Shape,Gravel roads,Wet or damp,Darkness - lights lit,Raining,Vehicle with vehicle collision,2,1,Going straight,,,,,Moving Backward,Slight Injury
2024-10-05 09:20:00,Tuesday,Unknown,Male,Writing & reading,5-10yr,Pick up upto 10Q,Owner,Unknown,Unknown,Other,Two-way (divided with broken lines road marking),Tangent road with flat terrain,No junction,Asphalt roads,Dry,Daylight,Normal,Collision with pedestrians,2,1,Going straight,Driver or rider,Male,31-50,3.0,Changing lane to the left,Slight Injury
2024-10-05 09:20:00,Tuesday,18-30,Male,Above high school,Above 10yr,Special vehicle,Owner,Unknown,Unknown,Office areas,Two-way (divided with broken lines road marking),Tangent road with flat terrain,No junction,Asphalt roads,Dry,Daylight,Normal,Vehicle with vehicle collision,2,1,Going straight,Driver or rider,Male,18-30,3.0,No priority to pedestrian,Slight Injury
2024-10-05 16:38:00,Wednesday,31-50,Male,High school,Below 1yr,Lorry (11-40Q),Owner,Unknown,Unknown,Other,Two-way (divided with broken lines road marking),Tangent road with flat terrain,Y Shape,Asphalt roads,Dry,Daylight,Normal,Vehicle with vehicle collision,2,2,Going straight,,,,,No distancing,Slight Injury
2024-10-05 16:38:00,Wednesday,31-50,Male,Junior high school,1-2yr,Other,Owner,Unknown,Unknown,Other,Two-way (divided with broken lines road marking),Tangent road with flat terrain,Y Shape,Asphalt roads,Dry,Daylight,Normal,Collision with pedestrians,2,2,Going straight,,,,,No distancing,Slight Injury
2024-10-05 16:38:00,Wednesday,Unknown,Female,Junior high school,Above 10yr,Other,Owner,Unknown,Unknown,Other,Other,Tangent road with flat terrain,Y Shape,Asphalt roads,Dry,Daylight,Normal,Collision with pedestrians,2,2,Going straight,Driver or rider,Male,18-30,3.0,Changing lane to the left,Slight Injury
2024-10-05 10:01:00,Friday,Over 51,Male,Junior high school,Above 10yr,Lorry (41-100Q),Governmental,2-5yrs,Unknown,Residential areas,Two-way (divided with broken lines road marking),Other,Y Shape,Asphalt roads,Dry,Daylight,Normal,Vehicle with vehicle collision,2,2,Going straight,,,,,Changing lane to the right,Serious Injury
2024-10-05 10:01:00,Friday,18-30,Male,Junior high school,Above 10yr,Other,Owner,Below 1yr,Unknown,Church areas,Undivided Two way,Tangent road with flat terrain,Y Shape,Asphalt roads,Dry,Daylight,Normal,Vehicle with vehicle collision,2,2,Going straight,Driver or rider,Male,31-50,3.0,Driving carelessly,Serious Injury
2024-10-05 10:01:00,Friday,18-30,Male,Junior high school,No Licence,Other,Other,Unknown,Unknown,Other,Undivided Two way,Tangent road with flat terrain,Y Shape,Asphalt roads,Dry,Daylight,Normal,Vehicle with vehicle collision,2,2,Going straight,Passenger,Female,Over 51,3.0,No distancing,Serious Injury
2024-10-05 11:30:00,Wednesday,31-50,Male,Junior high school,1-2yr,Automobile,Owner,Unknown,Unknown,Other,One way,Tangent road with flat terrain,Y Shape,Asphalt roads,Dry,Daylight,Normal,Vehicle with vehicle collision,4,2,Going straight,,,,,Changing lane to the left,Slight Injury
2024-10-05 11:30:00,Wednesday,18-30,Male,Illiterate,1-2yr,Other,Owner,Unknown,No defect,Residential areas,Two-way (divided with broken lines road marking),Tangent road with flat terrain,Y Shape,Asphalt roads,Dry,Daylight,Normal,Vehicle with vehicle collision,4,2,Going straight,Driver or rider,Female,31-50,3.0,Moving Backward,Slight Injury
2024-10-05 11:30:00,Wednesday,Over 51,Male,Junior high school,Below 1yr,Automobile,Owner,Unknown,Unknown,Office areas,One way,Tangent road with flat terrain,Y Shape,Asphalt roads,Dry,Daylight,Normal,Collision with roadside objects,4,2,Moving Backward,Pedestrian,Male,Over 51,3.0,No distancing,Slight Injury
2024-10-05 11:30:00,Wednesday,Unknown,Male,Junior high school,1-2yr,Public (13-45 seats),Owner,Unknown,No defect,Industrial areas,Two-way (divided with broken lines road marking),Tangent road with flat terrain,Y Shape,Asphalt roads,Dry,Daylight,Normal,Vehicle with vehicle collision,4,2,Going straight,Pedestrian,Female,Over 51,3.0,No priority to pedestrian,Slight Injury
2024-10-05 15:40:00,Tuesday,Unknown,Male,Junior high school,2-5yr,Lorry (41-100Q),Governmental,Unknown,No defect,Residential areas,Double carriageway (median),Tangent road with flat terrain,Y Shape,Asphalt roads,Dry,Daylight,Normal,Vehicle with vehicle collision,2,2,Going straight,,,,,Changing lane to the left,Slight Injury
2024-10-05 15:40:00,Tuesday,18-30,Male,Unknown,5-10yr,Other,Owner,Unknown,No defect,Office areas,Other,Tangent road with flat terrain,Y Shape,Asphalt roads,Dry,Daylight,Normal,Vehicle with vehicle collision,2,2,Going straight,Driver or rider,Male,18-30,3.0,No distancing,Slight Injury
2024-10-05 15:40:00,Tuesday,18-30,Male,Unknown,Above 10yr,Automobile,Owner,2-5yrs,Unknown,Other,Other,Tangent road with flat terrain,Y Shape,Asphalt roads,Dry,Daylight,Normal,Vehicle with vehicle collision,2,2,Other,Driver or rider,Male,Over 51,3.0,Driving carelessly,Slight Injury
2024-10-05 12:04:00,Sunday,31-50,Male,Junior high school,2-5yr,Other,Owner,Unknown,Unknown,Church areas,Other,Tangent road with flat terrain,Y Shape,Asphalt roads,Dry,Daylight,Normal,Vehicle with vehicle collision,2,2,Turnover,Passenger,Male,18-30,3.0,No priority to vehicle,Slight Injury
2024-10-05 12:04:00,Sunday,31-50,Male,Elementary school,Above 10yr,Lorry (41-100Q),Owner,Above 10yr,Unknown,Industrial areas,Other,Tangent road with flat terrain,Y Shape,Asphalt roads,Dry,Daylight,Normal,Vehicle with vehicle collision,2,2,Going straight,,,,,Changing lane to the right,Slight Injury
2024-10-05 10:21:00,Monday,18-30,Male,Writing & reading,5-10yr,Other,Owner,Unknown,No defect,Recreational areas,One way,Tangent road with flat terrain,No junction,Gravel roads,Dry,Daylight,Normal,Vehicle with vehicle collision,3,2,Going straight,Driver or rider,Male,18-30,3.0,Moving Backward,Slight Injury
2024-10-05 10:21:00,Monday,31-50,Male,Unknown,Unknown,Lorry (41-100Q),Owner,Unknown,No defect,Market areas,Undivided Two way,Tangent road with flat terrain,No junction,Asphalt roads,Dry,Daylight,Normal,Vehicle with vehicle collision,3,2,Going straight,,,,,No priority to vehicle,Slight Injury
2024-10-05 10:21:00,Monday,31-50,Male,Junior high school,5-10yr,Taxi,Owner,Unknown,No defect,Other,Two-way (divided with broken lines road marking),Tangent road with flat terrain,No junction,Gravel roads,Dry,Daylight,Normal,Vehicle with vehicle collision,3,2,Going straight,Driver or rider,Male,18-30,3.0,No priority to pedestrian,Slight Injury
2024-10-05 10:21:00,Monday,31-50,Male,Junior high school,Below 1yr,Lorry (41-100Q),Owner,Unknown,Unknown,Other,Two-way (divided with broken lines road marking),Tangent road with flat terrain,No junction,Asphalt roads,Dry,Daylight,Normal,Vehicle with vehicle collision,3,2,Going straight,,,,,Changing lane to the left,Slight Injury
2024-10-05 20:50:00,Monday,31-50,Male,Junior high school,2-5yr,Lorry (41-100Q),Owner,Unknown,No defect,Industrial areas,Two-way (divided with broken lines road marking),Other,Y Shape,Asphalt roads,Dry,Darkness - lights lit,Normal,Vehicle with vehicle collision,1,1,Going straight,Passenger,Male,18-30,3.0,Changing lane to the left,Fatal injury
2024-10-05 18:00:00,Friday,Unknown,Male,Elementary school,2-5yr,Other,Governmental,2-5yrs,Unknown,Other,Two-way (divided with broken lines road marking),Tangent road with flat terrain,Crossing,Asphalt roads,Wet or damp,Daylight,Other,Vehicle with vehicle collision,2,1,Going straight,,,,,Driving under the influence of drugs,Slight Injury
2024-10-05 18:00:00,Friday,31-50,Male,Junior high school,2-5yr,Stationwagen,Governmental,Unknown,Unknown,Office areas,Other,Tangent road with flat terrain,Crossing,Asphalt roads,Wet or damp,Daylight,Other,Vehicle with vehicle collision,2,1,Going straight,Driver or rider,Female,31-50,3.0,Moving Backward,Slight Injury
2024-10-05 19:30:00,Thursday,Unknown,Male,Junior high school,2-5yr,Stationwagen,Owner,Unknown,Unknown,Other,Other,Tangent road with flat terrain,Y Shape,Asphalt roads,Dry,Darkness - lights lit,Other,Vehicle with vehicle collision,2,1,Going straight,,,,,Changing lane to the right,Slight Injury
2024-10-05 19:30:00,Thursday,18-30,Male,Junior high school,5-10yr,Lorry (41-100Q),Owner,Unknown,Unknown,Office areas,Two-way (divided with broken lines road marking),Tangent road with flat terrain,Y Shape,Asphalt roads,Dry,Darkness - lights lit,Other,Vehicle with vehicle collision,2,1,Turnover,Driver or rider,Male,31-50,3.0,Changing lane to the right,Slight Injury
2024-10-05 07:20:00,Wednesday,18-30,Male,Junior high school,5-10yr,Lorry (41-100Q),Owner,Unknown,Unknown,Office areas,Undivided Two way,Tangent road with flat terrain,No junction,Asphalt roads,Dry,Daylight,Other,Collision with roadside objects,2,1,Other,Driver or rider,Female,18-30,3.0,No distancing,Serious Injury
2024-10-05 07:20:00,Wednesday,Unknown,Male,Junior high school,Above 10yr,Other,Organization,Unknown,Unknown,Other,Other,Tangent road with flat terrain,No junction,Asphalt roads,Dry,Daylight,Other,Vehicle with vehicle collision,2,1,Reversing,,,,,Moving Backward,Serious Injury
2024-10-05 15:45:00,Thursday,Unknown,Female,Elementary school,5-10yr,Automobile,Governmental,2-5yrs,Unknown,Other,Other,Tangent road with flat terrain,No junction,Asphalt roads,Dry,Daylight,Other,Vehicle with vehicle collision,2,1,Other,Driver or rider,Male,31-50,2.0,No distancing,Slight Injury
2024-10-05 15:45:00,Thursday,31-50,Male,Junior high school,5-10yr,Other,Owner,Unknown,No defect,Other,Undivided Two way,Tangent road with flat terrain,No junction,Asphalt roads,Dry,Daylight,Other,Vehicle with vehicle collision,2,1,Going straight,,,,,Driving carelessly,Slight Injury
2024-10-05 11:55:00,Friday,Over 51,Male,Junior high school,Above 10yr,Taxi,Owner,Above 10yr,Unknown,Other,Other,Tangent road with flat terrain,No junction,Asphalt roads,Wet or damp,Daylight,Raining,Vehicle with vehicle collision,1,1,Going straight,Passenger,Male,Over 51,3.0,No priority to pedestrian,Slight Injury
2024-10-05 19:00:00,Thursday,18-30,Male,Elementary school,Unknown,Lorry (41-100Q),Other,Unknown,Unknown,Residential areas,Undivided Two way,Tangent road with flat terrain,Crossing,Asphalt roads,Dry,Daylight,Normal,Collision with pedestrians,1,1,Turnover,Pedestrian,Female,Over 51,3.0,No priority to vehicle,Slight Injury
2024-10-05 19:00:00,Wednesday,31-50,Male,Junior high school,5-10yr,Other,Owner,2-5yrs,No defect,Church areas,Undivided Two way,Tangent road with flat terrain,Other,Asphalt roads,Dry,Daylight,Normal,Vehicle with vehicle collision,1,1,Other,Pedestrian,Female,18-30,3.0,Moving Backward,Slight Injury
2024-10-05 08:48:00,Tuesday,Unknown,Male,Junior high school,5-10yr,Automobile,Owner,2-5yrs,Unknown,Office areas,Double carriageway (median),Tangent road with flat terrain,Y Shape,Asphalt roads,Dry,Daylight,Normal,Vehicle with vehicle collision,2,1,Going straight,,,,,Changing lane to the right,Slight Injury
2024-10-05 08:48:00,Tuesday,Unknown,Female,Junior high school,Below 1yr,Public (> 45 seats),Owner,2-5yrs,Unknown,Church areas,Other,Tangent road with flat terrain,Y Shape,Asphalt roads,Dry,Daylight,Normal,Vehicle with vehicle collision,2,1,Going straight,Driver or rider,Male,18-30,3.0,No distancing,Slight Injury
2024-10-05 12:30:00,Wednesday,Over 51,Male,Unknown,Unknown,Stationwagen,Owner,2-5yrs,Unknown,Other,Two-way (divided with broken lines road marking),Tangent road with flat terrain,No junction,Asphalt roads,Dry,Daylight,Normal,Vehicle with vehicle collision,1,1,Other,,,,,Driving carelessly,Slight Injury
2024-10-05 16:00:00,Friday,18-30,Male,Junior high school,5-10yr,Automobile,Owner,Unknown,Unknown,Other,Other,Tangent road with flat terrain,No junction,Asphalt roads,Dry,Daylight,Normal,Vehicle with vehicle collision,1,1,Going straight,,,,,Changing lane to the left,Slight Injury
2024-10-05 09:30:00,Tuesday,Over 51,Male,Junior high school,5-10yr,Lorry (41-100Q),Owner,1-2yr,Unknown,School areas,Other,Steep grade downward with mountainous terrain,Y Shape,Asphalt roads,Wet or damp,Daylight,Other,Vehicle with vehicle collision,2,2,Turnover,Driver or rider,Male,Over 51,2.0,Moving Backward,Slight Injury