Time,Day_of_week,Age_band_of_driver,Sex_of_driver,Educational_level,Driving_experience,Type_of_vehicle,Owner_of_vehicle,Service_year_of_vehicle,Defect_of_vehicle,Area_accident_occured,Lanes_or_Medians,Road_allignment,Types_of_Junction,Road_surface_type,Road_surface_conditions,Light_conditions,Weather_conditions,Type_of_collision,Number_of_vehicles_involved,Number_of_casualties,Vehicle_movement,Casualty_class,Sex_of_casualty,Age_band_of_casualty,Casualty_severity,Cause_of_accident,Accident_severity
2024-10-05 09:30:00,Tuesday,31-50,Unknown,Junior high school,Above 10yr,Other,Owner,5-10yrs,Unknown,Office areas,Two-way (divided with broken lines road marking),Tangent road with mild grade and flat terrain,Y Shape,Asphalt roads,Wet or damp,Daylight,Other,Vehicle with vehicle collision,2,2,Going straight,Driver or rider,Male,31-50,3.0,No distancing,Slight Injury
2024-10-05 13:31:00,Sunday,31-50,Male,High school,Above 10yr,Public (13-45 seats),Owner,Below 1yr,Unknown,Other,Other,Steep grade downward with mountainous terrain,No junction,Asphalt roads,Dry,Daylight,Normal,Vehicle with vehicle collision,2,2,Turnover,,,,,Changing lane to the right,Slight Injury
2024-10-05 13:31:00,Sunday,31-50,Male,Junior high school,Above 10yr,Other,Owner,Unknown,Unknown,Office areas,Undivided Two way,Tangent road with flat terrain,No junction,Asphalt roads,Dry,Daylight,Normal,Collision with pedestrians,2,2,Going straight,Driver or rider,Male,31-50,3.0,No priority to vehicle,Slight Injury
2024-10-05 13:31:00,Sunday,Unknown,Male,Junior high school,Above 10yr,Other,Owner,Unknown,Unknown,Other,Undivided Two way,Tangent road with flat terrain,No junction,Asphalt roads,Dry,Daylight,Normal,Vehicle with vehicle collision,2,2,Moving Backward,,,,,Getting off the vehicle improperly,Slight Injury
2024-10-05 00:50:00,Saturday,Unknown,Female,Junior high school,Above 10yr,Ridden horse,Owner,2-5yrs,Unknown,Other,Two-way (divided with broken lines road marking),Tangent road with flat terrain,Other,Asphalt roads,Wet or damp,Darkness - lights lit,Raining,Vehicle with vehicle collision,2,1,Other,Driver or rider,Male,31-50,3.0,No distancing,Slight Injury
2024-10-05 00:50:00,Saturday,18-30,Male,Junior high school,Above 10yr,Lorry (41-100Q),Owner,Unknown,Unknown,Office areas,Undivided Two way,Tangent road with flat terrain,Other,Asphalt roads,Wet or damp,Darkness - lights lit,Raining,Vehicle with vehicle collision,2,1,Going straight,,,,,No distancing,Slight Injury
2024-10-05 17:15:00,Tuesday,31-50,Male,Junior high school,5-10yr,Lorry (41-100Q),Owner,Unknown,No defect,Other,Double carriageway (median),Tangent road with flat terrain,No junction,Asphalt roads,Dry,Daylight,Normal,Vehicle with vehicle collision,2,1,Going straight,,,,,Changing lane to the left,Slight Injury
2024-10-05 17:15:00,Tuesday,18-30,Male,Junior high school,2-5yr,Pick up upto 10Q,Owner,Unknown,Unknown,Church areas,Other,Tangent road with flat terrain,No junction,Asphalt roads,Dry,Daylight,Normal,Collision with roadside objects,2,1,Reversing,Driver or rider,Male,31-50,3.0,No priority to vehicle,Slight Injury
2024-10-05 13:20:00,Friday,Unknown,Male,Junior high school,Below 1yr,Lorry (11-40Q),Owner,Unknown,No defect,Office areas,Two-way (divided with broken lines road marking),Tangent road with flat terrain,No junction,Asphalt roads,Dry,Daylight,Other,Vehicle with vehicle collision,2,1,Reversing,,,,,Driving carelessly,Slight Injury
2024-10-05 13:20:00,Friday,31-50,Male,Junior high school,Below 1yr,Automobile,Owner,Above 10yr,No defect,Office areas,Two-way (divided with broken lines road marking),Tangent road with flat terrain,No junction,Asphalt roads,Dry,Daylight,Other,Vehicle with vehicle collision,2,1,Reversing,Driver or rider,Male,18-30,3.0,Changing lane to the right,Slight Injury
2024-10-05 19:45:00,Tuesday,Over 51,Male,Junior high school,2-5yr,Automobile,Owner,2-5yrs,Unknown,Other,Undivided Two way,Tangent road with mountainous terrain and,No junction,Asphalt roads,Dry,Daylight,Other,Vehicle with vehicle collision,2,1,Going straight,Pedestrian,Male,31-50,3.0,No distancing,Slight Injury
2024-10-05 19:45:00,Tuesday,18-30,Male,Elementary school,Below 1yr,Lorry (11-40Q),Owner,2-5yrs,Unknown,Residential areas,Undivided Two way,Tangent road with flat terrain,No junction,Asphalt roads,Dry,Daylight,Other,Vehicle with vehicle collision,2,1,Going straight,,,,,Changing lane to the right,Slight Injury
2024-10-05 19:35:00,Tuesday,Unknown,Female,Junior high school,Below 1yr,Motorcycle,Owner,Unknown,No defect,Residential areas,Undivided Two way,Tangent road with flat terrain,No junction,Asphalt roads,Dry,Daylight,Normal,Vehicle with vehicle collision,2,1,Going straight,Driver or rider,Male,18-30,3.0,No distancing,Slight Injury
2024-10-05 19:35:00,Tuesday,31-50,Male,Junior high school,Unknown,Lorry (41-100Q),Owner,5-10yrs,7,Other,Two-way (divided with broken lines road marking),Tangent road with flat terrain,No junction,Asphalt roads,Dry,Daylight,Normal,Vehicle with vehicle collision,2,1,Going straight,Passenger,Female,18-30,2.0,Driving under the influence of drugs,Slight Injury
2024-10-05 14:15:00,Sunday,31-50,Male,Unknown,5-10yr,Stationwagen,Owner,Unknown,7,Other,Other,Tangent road with flat terrain,No junction,Asphalt roads,Dry,Daylight,Normal,Vehicle with vehicle collision,2,1,Moving Backward,Pedestrian,Female,18-30,2.0,Changing lane to the left,Slight Injury
2024-10-05 14:15:00,Sunday,Unknown,Male,Writing & reading,Below 1yr,Automobile,Owner,Unknown,No defect,Office areas,Other,Steep grade downward with mountainous terrain,No junction,Asphalt roads,Dry,Daylight,Normal,Collision with roadside objects,2,1,Going straight,,,,,Getting off the vehicle improperly,Slight Injury
2024-10-05 21:30:00,Friday,Unknown,Male,Junior high school,Below 1yr,Other,Governmental,Unknown,No defect,School areas,Double carriageway (median),Tangent road with flat terrain,Crossing,Asphalt roads,Dry,Darkness - lights lit,Normal,Vehicle with vehicle collision,2,2,Moving Backward,Driver or rider,Male,31-50,3.0,Overloading,Slight Injury
2024-10-05 21:30:00,Friday,31-50,Male,Junior high school,1-2yr,Other,Owner,Unknown,No defect,Other,Two-way (divided with broken lines road marking),Steep grade downward with mountainous terrain,Crossing,Asphalt roads,Dry,Darkness - lights lit,Normal,Vehicle with vehicle collision,2,2,Moving Backward,,,,,Driving carelessly,Slight Injury
2024-10-05 21:30:00,Friday,31-50,Male,Elementary school,Above 10yr,Taxi,Owner,5-10yrs,No defect,Other,Two-way (divided with broken lines road marking),Tangent road with rolling terrain,Crossing,Asphalt roads,Dry,Darkness - lights lit,Normal,Vehicle with vehicle collision,2,2,Going straight,Driver or rider,Male,18-30,3.0,Overtaking,Slight Injury
2024-10-05 20:35:00,Saturday,Unknown,Female,Elementary school,Above 10yr,Automobile,Governmental,Unknown,No defect,Church areas,Two-way (divided with broken lines road marking),Tangent road with flat terrain,Y Shape,Asphalt roads,Dry,Daylight,Normal,Vehicle with vehicle collision,1,1,Other,,,,,No distancing,Slight Injury
2024-10-05 19:10:00,Thursday,Unknown,Male,Elementary school,Below 1yr,Long lorry,Other,Unknown,Unknown,Office areas,Other,Tangent road with mild grade and flat terrain,Y Shape,Asphalt roads,Dry,Daylight,Normal,Rollover,2,1,Going straight,,,,,Overturning,Slight Injury
2024-10-05 19:10:00,Thursday,18-30,Male,High school,2-5yr,Long lorry,Owner,Unknown,Unknown,Other,Two-way (divided with broken lines road marking),Tangent road with mild grade and flat terrain,Y Shape,Asphalt roads,Dry,Daylight,Normal,Vehicle with vehicle collision,2,1,Other,Driver or rider,Male,18-30,3.0,Driving carelessly,Slight Injury
2024-10-05 19:03:00,Sunday,31-50,Male,Junior high school,2-5yr,Lorry (41-100Q),Governmental,Unknown,No defect,Residential areas,Double carriageway (median),Tangent road with flat terrain,Y Shape,Asphalt roads,Dry,Darkness - lights lit,Normal,Vehicle with vehicle collision,2,1,Going straight,Driver or rider,Male,18-30,3.0,No priority to pedestrian,Serious Injury
2024-10-05 19:03:00,Sunday,Under 18,Male,Above high school,Above 10yr,Lorry (41-100Q),Owner,Unknown,Unknown,Office areas,Two-way (divided with broken lines road marking),Tangent road with flat terrain,Y Shape,Asphalt roads,Dry,Darkness - lights lit,Normal,Collision with roadside objects,2,1,Reversing,,,,,No distancing,Serious Injury
2024-10-05 14:50:00,Friday,18-30,Male,Junior high school,2-5yr,Lorry (11-40Q),Owner,Unknown,Unknown,Office areas,Undivided Two way,Tangent road with flat terrain,Crossing,Asphalt roads,Dry,Daylight,Normal,Vehicle with vehicle collision,2,1,Other,Passenger,Female,31-50,3.0,No priority to vehicle,Slight Injury
2024-10-05 14:50:00,Friday,31-50,Male,Junior high school,2-5yr,Automobile,Owner,Below 1yr,Unknown,Office areas,Two-way (divided with broken lines road marking),Tangent road with flat terrain,Crossing,Asphalt roads,Dry,Daylight,Normal,Vehicle with vehicle collision,2,1,Going straight,Driver or rider,Female,Over 51,3.0,Getting off the vehicle improperly,Slight Injury
2024-10-05 17:40:00,Wednesday,Over 51,Male,High school,1-2yr,Taxi,Organization,1-2yr,Unknown,Church areas,Other,Tangent road with flat terrain,Y Shape,Asphalt roads,Dry,Daylight,Normal,Vehicle with vehicle collision,2,2,Going straight,Driver or rider,Male,18-30,3.0,No priority to pedestrian,Slight Injury
2024-10-05 17:40:00,Wednesday,Under 18,Male,Junior high school,5-10yr,Other,Owner,Unknown,Unknown,Office areas,Two-way (divided with broken lines road marking),Tangent road with flat terrain,Y Shape,Asphalt roads,Dry,Daylight,Normal,Collision with roadside objects,2,2,Going straight,,,,,Changing lane to the right,Slight Injury
2024-10-05 17:40:00,Wednesday,Under 18,Male,Junior high school,Below 1yr,Automobile,Owner,1-2yr,Unknown,Office areas,Two-way (divided with broken lines road marking),Tangent road with mild grade and flat terrain,Y Shape,Asphalt roads,Dry,Daylight,Normal,Collision with roadside objects,2,2,Going straight,Driver or rider,Male,31-50,3.0,Moving Backward,Slight Injury
2024-10-05 21:20:00,Friday,Unknown,Female,Junior high school,Below 1yr,Automobile,Owner,Unknown,Unknown,Office areas,Two-way (divided with broken lines road marking),Tangent road with mild grade and flat terrain,Y Shape,Asphalt roads,Wet or damp,Daylight,Raining,Vehicle with vehicle collision,2,1,Going straight,,,,,Changing lane to the left,Slight Injury
2024-10-05 21:20:00,Friday,Over 51,Male,Elementary school,Unknown,Automobile,Owner,5-10yrs,No defect,Office areas,Two-way (divided with broken lines road marking),Tangent road with flat terrain,Y Shape,Asphalt roads,Wet or damp,Daylight,Raining,Vehicle with vehicle collision,2,1,Going straight,Driver or rider,Male,18-30,3.0,No distancing,Slight Injury
2024-10-05 16:00:00,Sunday,Under 18,Male,Junior high school,Below 1yr,Automobile,Owner,Unknown,No defect,Other,Two-way (divided with broken lines road marking),Tangent road with flat terrain,Y Shape,Asphalt roads,Dry,Daylight,Other,Collision with roadside objects,2,2,Other,,,,,Driving carelessly,Slight Injury
2024-10-05 16:00:00,Sunday,Under 18,Male,Junior high school,1-2yr,Public (> 45 seats),Owner,Unknown,No defect,Residential areas,Double carriageway (median),Tangent road with flat terrain,Y Shape,Asphalt roads,Dry,Daylight,Other,Collision with roadside objects,2,2,Going straight,Driver or rider,Male,18-30,3.0,Driving under the influence of drugs,Slight Injury
2024-10-05 16:00:00,Sunday,Unknown,Male,Elementary school,2-5yr,Lorry (11-40Q),Owner,Unknown,No defect,Church areas,Undivided Two way,Tangent road with flat terrain,Y Shape,Asphalt roads,Dry,Daylight,Other,Vehicle with vehicle collision,2,2,Going straight,,,,,Driving carelessly,Slight Injury
2024-10-05 12:09:00,Thursday,18-30,Male,High school,1-2yr,Lorry (41-100Q),Owner,Unknown,No defect,Other,Two-way (divided with broken lines road marking),Tangent road with flat terrain,No junction,Asphalt roads,Dry,Daylight,Normal,Vehicle with vehicle collision,1,1,Going straight,,,,,Driving carelessly,Slight Injury
2024-10-05 08:48:00,Friday,18-30,Male,Junior high school,5-10yr,Lorry (41-100Q),Owner,Unknown,No defect,Recreational areas,Two-way (divided with broken lines road marking),Tangent road with flat terrain,Y Shape,Asphalt roads,Dry,Daylight,Normal,Vehicle with vehicle collision,2,1,Going straight,Pedestrian,Male,Over 51,2.0,Changing lane to the right,Slight Injury
2024-10-05 08:48:00,Friday,Over 51,Male,Junior high school,Below 1yr,Stationwagen,Other,Unknown,Unknown,Other,Other,Tangent road with flat terrain,Y Shape,Asphalt roads,Dry,Daylight,Normal,Collision with roadside objects,2,1,Reversing,,,,,No distancing,Slight Injury
2024-10-05 08:56:00,Saturday,Under 18,Male,High school,Above 10yr,Other,Owner,Unknown,No defect,Industrial areas,Undivided Two way,Tangent road with mild grade and flat terrain,Y Shape,Asphalt roads,Dry,Daylight,Normal,Vehicle with vehicle collision,2,3,Going straight,Driver or rider,Male,18-30,3.0,Driving carelessly,Slight Injury
2024-10-05 08:56:00,Saturday,31-50,Male,Elementary school,5-10yr,Automobile,Owner,Unknown,No defect,Other,Two-way (divided with broken lines road marking),Tangent road with flat terrain,Y Shape,Asphalt roads,Dry,Daylight,Normal,Collision with roadside-parked vehicles,2,3,Going straight,Driver or rider,Male,18-30,3.0,No priority to pedestrian,Slight Injury
2024-10-05 08:56:00,Saturday,31-50,Male,Elementary school,Below 1yr,Pick up upto 10Q,Owner,Unknown,Unknown,Other,Other,Tangent road with flat terrain,Y Shape,Asphalt roads,Dry,Daylight,Normal,Vehicle with vehicle collision,2,3,Other,Passenger,Male,18-30,3.0,No distancing,Slight Injury
2024-10-05 19:17:00,Saturday,Under 18,Male,Junior high school,5-10yr,Motorcycle,Owner,5-10yrs,No defect,Church areas,Other,Tangent road with flat terrain,No junction,Asphalt roads,Wet or damp,Darkness - lights lit,Normal,Collision with roadside objects,2,1,Going straight,,,,,Moving Backward,Slight Injury
2024-10-05 19:17:00,Saturday,31-50,Male,Elementary school,5-10yr,Automobile,Owner,5-10yrs,No defect,Church areas,Undivided Two way,Tangent road with flat terrain,No junction,Asphalt roads,Wet or damp,Darkness - lights lit,Normal,Vehicle with vehicle collision,2,1,Going straight,,,,,Moving Backward,Slight Injury
2024-10-05 16:05:00,Monday,Unknown,Male,Junior high school,2-5yr,Pick up upto 10Q,Owner,Unknown,No defect,Other,Two-way (divided with broken lines road marking),Tangent road with flat terrain,Y Shape,Asphalt roads,Dry,Daylight,Normal,Vehicle with vehicle collision,1,1,Going straight,Driver or rider,Male,18-30,3.0,No priority to vehicle,Serious Injury
2024-10-05 21:30:00,Saturday,Unknown,Female,Junior high school,Above 10yr,Motorcycle,Owner,Unknown,No defect,Other,One way,Tangent road with flat terrain,No junction,Asphalt roads,Dry,Darkness - lights lit,Normal,Vehicle with vehicle collision,2,1,Turnover,Pedestrian,Female,18-30,3.0,No distancing,Slight Injury
2024-10-05 21:30:00,Saturday,18-30,Male,Junior high school,5-10yr,Stationwagen,Governmental,2-5yrs,Unknown,Recreational areas,Two-way (divided with broken lines road marking),Tangent road with flat terrain,No junction,Asphalt roads,Dry,Darkness - lights lit,Normal,Vehicle with vehicle collision,2,1,Going straight,Pedestrian,Male,31-50,2.0,Moving Backward,Slight Injury
2024-10-05 06:27:00,Monday,31-50,Male,High school,1-2yr,Lorry (41-100Q),Owner,2-5yrs,Unknown,Other,Undivided Two way,Tangent road with flat terrain,Y Shape,Asphalt roads,Dry,Daylight,Normal,Vehicle with vehicle collision,1,1,Going straight,Driver or rider,Male,18-30,3.0,Changing lane to the right,Slight Injury
2024-10-05 16:50:00,Tuesday,31-50,Male,Junior high school,Above 10yr,Taxi,Owner,5-10yrs,Unknown,Office areas,Undivided Two way,Tangent road with flat terrain,No junction,Asphalt roads,Dry,Daylight,Normal,Collision with roadside-parked vehicles,3,2,Reversing,,,,,Moving Backward,Slight Injury
2024-10-05 16:50:00,Tuesday,31-50,Male,Elementary school,2-5yr,Automobile,Owner,5-10yrs,No defect,Church areas,Two-way (divided with broken lines road marking),Tangent road with flat terrain,No junction,Asphalt roads,Dry,Daylight,Normal,Collision with roadside-parked vehicles,3,2,Other,,,,,Changing lane to the right,Slight Injury
2024-10-05 16:50:00,Tuesday,31-50,Male,Junior high school,5-10yr,Long lorry,Owner,2-5yrs,Unknown,Office areas,Two-way (divided with broken lines road marking),Tangent road with flat terrain,No junction,Asphalt roads,Dry,Daylight,Normal,Collision with animals,3,2,Going straight,Driver or rider,Male,31-50,3.0,Driving carelessly,Slight Injury
2024-10-05 16:50:00,Tuesday,31-50,Male,Junior high school,Below 1yr,Automobile,Other,Unknown,No defect,Office areas,Undivided Two way,Tangent road with mountainous terrain and,No junction,Asphalt roads,Dry,Daylight,Normal,Collision with animals,3,2,Going straight,Pedestrian,Male,18-30,3.0,Changing lane to the right,Slight Injury
2024-10-05 18:45:00,Tuesday,Under 18,Male,Junior high school,5-10yr,Public (12 seats),Owner,2-5yrs,No defect,Other,Undivided Two way,Tangent road with flat terrain,Crossing,Asphalt roads,Wet or damp,Daylight,Windy,Collision with animals,1,1,Moving Backward,Driver or rider,Male,31-50,3.0,No distancing,Slight Injury
2024-10-05 22:15:00,Sunday,Unknown,Female,High school,Above 10yr,Lorry (11-40Q),Governmental,Unknown,Unknown,Residential areas,Two-way (divided with broken lines road marking),Tangent road with flat terrain,Y Shape,Asphalt roads,Dry,Darkness - lights lit,Normal,Collision with animals,2,1,Reversing,,,,,Moving Backward,Slight Injury
2024-10-05 22:15:00,Sunday,31-50,Male,Junior high school,5-10yr,Pick up upto 10Q,Owner,2-5yrs,No defect,Office areas,Two-way (divided with broken lines road marking),Tangent road with mild grade and flat terrain,Y Shape,Asphalt roads,Dry,Darkness - lights lit,Normal,Collision with animals,2,1,Going straight,Driver or rider,Male,5,3.0,Driving carelessly,Slight Injury
2024-10-05 21:45:00,Monday,18-30,Male,Elementary school,1-2yr,Lorry (41-100Q),Owner,2-5yrs,Unknown,Residential areas,Other,Tangent road with flat terrain,No junction,Asphalt roads,Wet or damp,Darkness - lights lit,Other,Collision with animals,4,1,Going straight,Pedestrian,Female,31-50,3.0,No distancing,Slight Injury
2024-10-05 21:45:00,Monday,Unknown,Female,Junior high school,Unknown,Other,Owner,Unknown,No defect,Residential areas,Two-way (divided with broken lines road marking),Tangent road with flat terrain,No junction,Asphalt roads,Wet or damp,Darkness - lights lit,Other,Collision with animals,4,1,Moving Backward,Driver or rider,Male,31-50,3.0,No priority to vehicle,Slight Injury
2024-10-05 21:45:00,Monday,Unknown,Male,Above high school,1-2yr,Automobile,Owner,Unknown,No defect,Other,Double carriageway (median),Tangent road with flat terrain,No junction,Asphalt roads,Wet or damp,Darkness - lights lit,Other,Collision with animals,4,1,Going straight,,,,,Changing lane to the right,Slight Injury
2024-10-05 21:45:00,Monday,Unknown,Male,Junior high school,Above 10yr,Long lorry,Owner,Unknown,No defect,Hospital areas,One way,Tangent road with flat terrain,No junction,Asphalt roads,Wet or damp,Darkness - lights lit,Other,Collision with animals,4,1,Going straight,Driver or rider,Male,31-50,3.0,Moving Backward,Slight Injury
2024-10-05 14:41:00,Sunday,18-30,Male,Junior high school,1-2yr,Lorry (11-40Q),Governmental,Unknown,No defect,Other,Undivided Two way,Tangent road with flat terrain,Y Shape,Asphalt roads,Dry,Daylight,Normal,Collision with animals,1,1,Going straight,,,,,Driving under the influence of drugs,Serious Injury
2024-10-05 16:11:00,Sunday,31-50,Male,Junior high school,5-10yr,Long lorry,Owner,Unknown,No defect,Other,Undivided Two way,Tangent road with flat terrain,Y Shape,Asphalt roads,Dry,Daylight,Normal,Collision with animals,1,1,Going straight,Driver or rider,Male,Under 18,3.0,Changing lane to the right,Serious Injury
2024-10-05 22:14:00,Thursday,18-30,Male,Junior high school,2-5yr,Automobile,Owner,Unknown,No defect,Recreational areas,One way,Tangent road with mild grade and flat terrain,No junction,Asphalt roads,Wet or damp,Darkness - lights lit,Raining,Collision with animals,3,3,Going straight,Driver or rider,Male,18-30,3.0,No priority to vehicle,Serious Injury
2024-10-05 22:14:00,Thursday,18-30,Male,Unknown,Unknown,Taxi,Owner,Unknown,No defect,Other,Undivided Two way,Tangent road with flat terrain,No junction,Asphalt roads,Wet or damp,Darkness - lights lit,Raining,Other,3,3,Going straight,Pedestrian,Female,31-50,3.0,Changing lane to the left,Serious Injury
2024-10-05 22:14:00,Thursday,Under 18,Male,Junior high school,2-5yr,Taxi,Owner,Unknown,No defect,Other,Undivided Two way,Tangent road with flat terrain,No junction,Asphalt roads,Wet or damp,Darkness - lights lit,Raining,Rollover,3,3,Other,Driver or rider,Male,18-30,3.0,Driving carelessly,Serious Injury
2024-10-05 22:14:00,Thursday,Over 51,Male,Junior high school,2-5yr,Long lorry,Owner,Unknown,No defect,Other,Undivided Two way,Tangent road with flat terrain,No junction,Asphalt roads,Wet or damp,Darkness - lights lit,Raining,Collision with animals,3,3,Going straight,,,,,No priority to pedestrian,Serious Injury
2024-10-05 15:00:00,Tuesday,31-50,Male,Junior high school,Above 10yr,Lorry (11-40Q),Owner,Below 1yr,No defect,Office areas,Two-way (divided with broken lines road marking),Tangent road with flat terrain,Y Shape,Asphalt roads,Dry,Daylight,Other,Rollover,2,1,Reversing,,,,,No priority to pedestrian,Slight Injury
2024-10-05 15:00:00,Tuesday,18-30,Male,Junior high school,1-2yr,Lorry (11-40Q),Owner,2-5yrs,No defect,Other,Two-way (divided with broken lines road marking),Tangent road with mild grade and flat terrain,Y Shape,Asphalt roads,Dry,Daylight,Other,Collision with animals,2,1,Going straight,Driver or rider,Male,31-50,3.0,Changing lane to the right,Slight Injury
2024-10-05 15:40:00,Thursday,18-30,Male,Above high school,1-2yr,Long lorry,Owner,Unknown,No defect,Residential areas,Two-way (divided with broken lines road marking),Tangent road with flat terrain,No junction,Asphalt roads,Dry,Daylight,Other,Collision with animals,2,2,Going straight,,,,,Drunk driving,Slight Injury
2024-10-05 15:40:00,Thursday,31-50,Male,Above high school,No Licence,Turbo,Owner,5-10yrs,No defect,Other,Undivided Two way,Tangent road with flat terrain,No junction,Asphalt roads,Dry,Daylight,Other,Vehicle with vehicle collision,2,2,Going straight,Driver or rider,Male,31-50,3.0,Changing lane to the left,Slight Injury
2024-10-05 15:40:00,Thursday,31-50,Male,Junior high school,1-2yr,Long lorry,Owner,Unknown,No defect,Other,Undivided Two way,Tangent road with flat terrain,No junction,Asphalt roads,Dry,Daylight,Other,Fall from vehicles,2,2,Going straight,Driver or rider,Female,31-50,3.0,Changing lane to the left,Slight Injury
2024-10-05 11:22:00,Saturday,Under 18,Male,Junior high school,5-10yr,Long lorry,Owner,Unknown,Unknown,Church areas,Undivided Two way,Tangent road with flat terrain,No junction,Asphalt roads,Dry,Daylight,Normal,Collision with roadside-parked vehicles,2,1,Going straight,,,,,Driving to the left,Slight Injury
2024-10-05 11:22:00,Saturday,31-50,Male,Junior high school,Above 10yr,Public (13-45 seats),Owner,1-2yr,5,Office areas,Undivided Two way,Tangent road with flat terrain,No junction,Asphalt roads,Dry,Daylight,Normal,Collision with roadside-parked vehicles,2,1,Going straight,Pedestrian,Male,Under 18,3.0,Changing lane to the left,Slight Injury
2024-10-05 12:00:00,Saturday,Unknown,Male,Junior high school,Above 10yr,Automobile,Owner,Above 10yr,No defect,School areas,Other,Tangent road with flat terrain,O Shape,Asphalt roads,Dry,Daylight,Other,Rollover,2,1,Other,Driver or rider,Female,18-30,3.0,Driving under the influence of drugs,Slight Injury
2024-10-05 12:00:00,Saturday,Over 51,Male,Junior high school,5-10yr,Automobile,Owner,2-5yrs,No defect,Other,Undivided Two way,Tangent road with flat terrain,O Shape,Asphalt roads,Dry,Daylight,Other,Collision with animals,2,1,Moving Backward,,,,,No priority to pedestrian,Slight Injury
2024-10-05 13:35:00,Monday,18-30,Male,Elementary school,2-5yr,Pick up upto 10Q,Owner,1-2yr,No defect,Office areas,Undivided Two way,Tangent road with flat terrain,Y Shape,Asphalt roads,Dry,Daylight,Normal,Collision with animals,2,1,Other,Passenger,Female,31-50,3.0,Changing lane to the left,Serious Injury
2024-10-05 13:35:00,Monday,18-30,Male,Junior high school,2-5yr,Other,Owner,1-2yr,No defect,Residential areas,Other,Steep grade downward with mountainous terrain,Y Shape,Asphalt roads,Dry,Daylight,Normal,Fall from vehicles,2,1,Going straight,Driver or rider,Male,18-30,3.0,Moving Backward,Serious Injury
2024-10-05 15:32:00,Wednesday,18-30,Male,Junior high school,Below 1yr,Stationwagen,Owner,1-2yr,No defect,Industrial areas,One way,Tangent road with flat terrain,Y Shape,Asphalt roads,Dry,Daylight,Normal,Collision with roadside-parked vehicles,1,1,Going straight,,,,,No distancing,Slight Injury
2024-10-05 15:55:00,Tuesday,31-50,Unknown,Junior high school,2-5yr,Other,Owner,2-5yrs,No defect,Other,Undivided Two way,Tangent road with flat terrain,No junction,Asphalt roads,Wet or damp,Daylight,Raining,Collision with animals,2,2,Going straight,,,,,Changing lane to the right,Slight Injury
2024-10-05 15:55:00,Tuesday,18-30,Male,Junior high school,2-5yr,Automobile,Owner,1-2yr,No defect,Residential areas,Undivided Two way,Tangent road with flat terrain,No junction,Asphalt roads,Wet or damp,Daylight,Raining,Collision with animals,2,2,Other,Driver or rider,Male,5,3.0,No priority to vehicle,Slight Injury
2024-10-05 15:55:00,Tuesday,18-30,Male,Elementary school,5-10yr,Automobile,Owner,1-2yr,No defect,Recreational areas,Two-way (divided with broken lines road marking),Tangent road with flat terrain,No junction,Asphalt roads,Wet or damp,Daylight,Raining,Collision with pedestrians,2,2,Going straight,Pedestrian,Male,Over 51,3.0,Moving Backward,Slight Injury
2024-10-05 08:35:00,Monday,Unknown,Male,Junior high school,Above 10yr,Long lorry,Owner,Unknown,7,Office areas,Other,Tangent road with flat terrain,Other,Asphalt roads,Dry,Daylight,Other,Vehicle with vehicle collision,2,1,Other,Driver or rider,Male,31-50,3.0,Overtaking,Slight Injury
2024-10-05 08:35:00,Monday,18-30,Male,Unknown,Unknown,Public (13-45 seats),Owner,Unknown,No defect,Outside rural areas,Two-way (divided with broken lines road marking),Tangent road with flat terrain,Other,Asphalt roads,Dry,Daylight,Other,Vehicle with vehicle collision,2,1,Going straight,Pedestrian,Male,Under 18,3.0,Changing lane to the left,Slight Injury
2024-10-05 19:50:00,Friday,Unknown,Male,Junior high school,2-5yr,Public (13-45 seats),Owner,1-2yr,No defect,Outside rural areas,Two-way (divided with broken lines road marking),Tangent road with flat terrain,Y Shape,Asphalt roads,Dry,Daylight,Normal,Collision with pedestrians,2,1,Going straight,,,,,Changing lane to the right,Slight Injury
2024-10-05 19:50:00,Friday,Under 18,Male,Junior high school,5-10yr,Lorry (11-40Q),Owner,1-2yr,No defect,Outside rural areas,Undivided Two way,Tangent road with flat terrain,Y Shape,Asphalt roads,Dry,Daylight,Normal,Vehicle with vehicle collision,2,1,Going straight,Driver or rider,Male,31-50,3.0,Overtaking,Slight Injury
2024-10-05 07:15:00,Thursday,Over 51,Male,Above high school,2-5yr,Lorry (11-40Q),Governmental,Below 1yr,No defect,Outside rural areas,Undivided Two way,Tangent road with flat terrain,Other,Asphalt roads,Wet or damp,Daylight,Raining,Collision with roadside objects,1,1,Going straight,Passenger,Female,31-50,3.0,Overloading,Slight Injury
2024-10-05 15:11:00,Friday,18-30,Male,Unknown,Unknown,Pick up upto 10Q,Owner,Unknown,No defect,Outside rural areas,Other,Steep grade downward with mountainous terrain,No junction,Asphalt roads,Dry,Daylight,Normal,Vehicle with vehicle collision,1,1,Moving Backward,Driver or rider,Male,31-50,3.0,Other,Serious Injury
2024-10-05 17:45:00,Wednesday,Over 51,Male,Unknown,1-2yr,Automobile,Owner,Unknown,No defect,School areas,Other,Steep grade downward with mountainous terrain,Y Shape,Asphalt roads,Dry,Daylight,Other,Vehicle with vehicle collision,2,1,Moving Backward,,,,,No priority to vehicle,Slight Injury