Time,Day_of_week,Age_band_of_driver,Sex_of_driver,Educational_level,Driving_experience,Type_of_vehicle,Owner_of_vehicle,Service_year_of_vehicle,Defect_of_vehicle,Area_accident_occured,Lanes_or_Medians,Road_allignment,Types_of_Junction,Road_surface_type,Road_surface_conditions,Light_conditions,Weather_conditions,Type_of_collision,Number_of_vehicles_involved,Number_of_casualties,Vehicle_movement,Casualty_class,Sex_of_casualty,Age_band_of_casualty,Casualty_severity,Cause_of_accident,Accident_severity
2024-10-05 17:45:00,Wednesday,18-30,Male,Junior high school,2-5yr,Automobile,Owner,Above 10yr,No defect,Outside rural areas,Two-way (divided with broken lines road marking),Tangent road with flat terrain,Y Shape,Asphalt roads,Dry,Daylight,Other,Vehicle with vehicle collision,2,1,Going straight,,,,,Changing lane to the right,Slight Injury
2024-10-05 14:30:00,Friday,31-50,Male,Junior high school,Above 10yr,Automobile,Owner,Unknown,No defect,Outside rural areas,Undivided Two way,Tangent road with flat terrain,Y Shape,Other,Wet or damp,Daylight,Other,Rollover,2,1,Going straight,Driver or rider,Male,18-30,3.0,Moving Backward,Serious Injury
2024-10-05 14:30:00,Friday,18-30,Male,Junior high school,Below 1yr,Long lorry,Owner,Unknown,No defect,Outside rural areas,Two-way (divided with broken lines road marking),Escarpments,Y Shape,Asphalt roads,Wet or damp,Daylight,Other,Vehicle with vehicle collision,2,1,Turnover,Passenger,Female,18-30,3.0,Changing lane to the left,Serious Injury
2024-10-05 20:40:00,Sunday,18-30,Male,Junior high school,2-5yr,Long lorry,Owner,2-5yrs,No defect,Outside rural areas,Two-way (divided with broken lines road marking),Tangent road with mountainous terrain and,No junction,Asphalt roads,Dry,Daylight,Normal,Vehicle with vehicle collision,1,1,Going straight,Passenger,Female,Over 51,3.0,No priority to pedestrian,Slight Injury
2024-10-05 07:18:00,Thursday,Over 51,Male,Junior high school,Below 1yr,Automobile,Owner,2-5yrs,No defect,Office areas,Undivided Two way,Tangent road with mountainous terrain and,No junction,Asphalt roads,Wet or damp,Daylight,Normal,Vehicle with vehicle collision,2,1,Going straight,,,,,No distancing,Slight Injury
2024-10-05 07:18:00,Thursday,Over 51,Male,High school,5-10yr,Stationwagen,Owner,2-5yrs,No defect,Outside rural areas,Undivided Two way,Tangent road with mountainous terrain and,No junction,Asphalt roads,Wet or damp,Daylight,Normal,Collision with pedestrians,2,1,Going straight,Driver or rider,Male,18-30,3.0,No priority to vehicle,Slight Injury
2024-10-05 17:07:00,Wednesday,Over 51,Male,Above high school,1-2yr,Other,Owner,Unknown,No defect,Outside rural areas,Undivided Two way,Tangent road with mountainous terrain and,Y Shape,Asphalt roads,Dry,Daylight,Normal,Vehicle with vehicle collision,1,1,Going straight,Pedestrian,Female,18-30,3.0,No distancing,Slight Injury
2024-10-05 13:45:00,Thursday,Unknown,Male,Junior high school,Below 1yr,Other,Owner,2-5yrs,No defect,Outside rural areas,Undivided Two way,Tangent road with flat terrain,No junction,Asphalt roads,Dry,Daylight,Normal,Collision with roadside objects,2,1,Going straight,Driver or rider,Male,31-50,3.0,No distancing,Slight Injury
2024-10-05 13:45:00,Thursday,Over 51,Male,Unknown,Unknown,Special vehicle,Owner,Unknown,No defect,Office areas,Undivided Two way,Tangent road with flat terrain,No junction,Asphalt roads,Dry,Daylight,Normal,Vehicle with vehicle collision,2,1,Going straight,Driver or rider,Male,31-50,3.0,Moving Backward,Slight Injury
2024-10-05 18:40:00,Friday,31-50,Male,High school,Below 1yr,Lorry (41-100Q),Owner,Unknown,No defect,Recreational areas,Undivided Two way,Tangent road with flat terrain,Y Shape,Asphalt roads,Dry,Darkness - lights lit,Normal,Rollover,2,4,Going straight,,,,,Changing lane to the right,Slight Injury
2024-10-05 18:40:00,Friday,18-30,Male,High school,Below 1yr,Pick up upto 10Q,Owner,Above 10yr,No defect,Office areas,Undivided Two way,Tangent road with flat terrain,Y Shape,Asphalt roads,Dry,Darkness - lights lit,Normal,Vehicle with vehicle collision,2,4,Going straight,Driver or rider,Male,18-30,3.0,No priority to pedestrian,Slight Injury
2024-10-05 18:40:00,Friday,18-30,Male,Unknown,Unknown,Lorry (11-40Q),Owner,2-5yrs,No defect,Other,Two-way (divided with broken lines road marking),Tangent road with mild grade and flat terrain,Y Shape,Asphalt roads,Dry,Darkness - lights lit,Normal,Vehicle with vehicle collision,2,4,Other,,,,,Moving Backward,Slight Injury
2024-10-05 18:40:00,Friday,18-30,Male,High school,2-5yr,Lorry (41-100Q),Owner,Above 10yr,No defect,Residential areas,Two-way (divided with broken lines road marking),Tangent road with flat terrain,Y Shape,Asphalt roads,Dry,Darkness - lights lit,Normal,Vehicle with vehicle collision,2,4,Other,Driver or rider,Male,31-50,3.0,Getting off the vehicle improperly,Slight Injury
2024-10-05 06:53:00,Wednesday,18-30,Male,Junior high school,Above 10yr,Motorcycle,Owner,Above 10yr,No defect,Residential areas,Other,Tangent road with flat terrain,No junction,Asphalt roads,Wet or damp,Daylight,Raining and Windy,Vehicle with vehicle collision,1,1,Getting off,Driver or rider,Male,18-30,3.0,Overtaking,Slight Injury
2024-10-05 16:10:00,Monday,18-30,Male,Junior high school,Above 10yr,Automobile,Owner,Unknown,No defect,Residential areas,Undivided Two way,Tangent road with flat terrain,Y Shape,Asphalt roads,Dry,Daylight,Normal,Vehicle with vehicle collision,2,2,Going straight,Pedestrian,Female,Over 51,3.0,Overloading,Slight Injury
2024-10-05 16:10:00,Monday,18-30,Male,Junior high school,5-10yr,Automobile,Owner,Above 10yr,No defect,Other,Undivided Two way,Tangent road with flat terrain,Y Shape,Asphalt roads,Dry,Daylight,Normal,Collision with roadside objects,2,2,Going straight,Driver or rider,Female,5,3.0,Changing lane to the right,Slight Injury
2024-10-05 16:10:00,Monday,Over 51,Male,Junior high school,1-2yr,Automobile,Owner,Unknown,No defect,Office areas,Two-way (divided with broken lines road marking),Tangent road with flat terrain,Y Shape,Asphalt roads,Dry,Daylight,Normal,Vehicle with vehicle collision,2,2,Going straight,Passenger,Female,18-30,3.0,Improper parking,Slight Injury
2024-10-05 08:39:00,Monday,18-30,Male,Unknown,Below 1yr,Stationwagen,Owner,Unknown,Unknown,Other,Two-way (divided with broken lines road marking),Tangent road with flat terrain,Y Shape,Asphalt roads,Dry,Daylight,Normal,Vehicle with vehicle collision,1,1,Other,Driver or rider,Male,Under 18,3.0,Other,Slight Injury
2024-10-05 13:30:00,Tuesday,18-30,Male,Junior high school,Below 1yr,Other,Owner,Above 10yr,Unknown,Other,Other,Tangent road with flat terrain,Other,Asphalt roads,Dry,Daylight,Normal,Collision with roadside objects,2,1,Going straight,Passenger,Female,Under 18,3.0,Changing lane to the left,Slight Injury
2024-10-05 13:30:00,Tuesday,31-50,Male,High school,2-5yr,Public (> 45 seats),Owner,5-10yrs,Unknown,Office areas,Two-way (divided with broken lines road marking),Tangent road with flat terrain,Other,Asphalt roads,Dry,Daylight,Normal,Collision with roadside objects,2,1,Moving Backward,,,,,Changing lane to the right,Slight Injury
2024-10-05 19:10:00,Monday,31-50,Male,Junior high school,1-2yr,Public (> 45 seats),Owner,Below 1yr,Unknown,Church areas,Other,Tangent road with flat terrain,No junction,Asphalt roads,Dry,Daylight,Normal,Vehicle with vehicle collision,2,2,Other,,,,,No priority to pedestrian,Serious Injury
2024-10-05 19:10:00,Monday,18-30,Male,Junior high school,5-10yr,Stationwagen,Owner,Unknown,No defect,Other,Two-way (divided with broken lines road marking),Tangent road with flat terrain,No junction,Asphalt roads,Dry,Daylight,Normal,Vehicle with vehicle collision,2,2,Going straight,Driver or rider,Male,31-50,3.0,Overspeed,Serious Injury
2024-10-05 17:15:00,Thursday,Unknown,Male,Elementary school,2-5yr,Automobile,Owner,Unknown,Unknown,Other,One way,Tangent road with flat terrain,No junction,Asphalt roads,Dry,Daylight,Normal,Vehicle with vehicle collision,2,1,Going straight,Driver or rider,Male,31-50,3.0,Changing lane to the left,Slight Injury
2024-10-05 17:15:00,Thursday,18-30,Male,Elementary school,5-10yr,Bicycle,Owner,Unknown,Unknown,Office areas,Double carriageway (median),Tangent road with flat terrain,No junction,Asphalt roads,Dry,Daylight,Normal,Vehicle with vehicle collision,2,1,Going straight,,,,,No priority to vehicle,Slight Injury
2024-10-05 10:25:00,Sunday,18-30,Male,Junior high school,Above 10yr,Automobile,Owner,Unknown,Unknown,Office areas,One way,Tangent road with mild grade and flat terrain,No junction,Asphalt roads,Dry,Daylight,Normal,Collision with roadside objects,2,4,Other,Driver or rider,Male,18-30,3.0,Changing lane to the right,Slight Injury
2024-10-05 10:25:00,Sunday,18-30,Male,Junior high school,5-10yr,Lorry (41-100Q),Owner,Unknown,Unknown,Office areas,Undivided Two way,Tangent road with flat terrain,No junction,Asphalt roads,Dry,Daylight,Normal,Vehicle with vehicle collision,2,4,Going straight,Driver or rider,Male,18-30,3.0,No distancing,Slight Injury
2024-10-05 10:25:00,Sunday,18-30,Male,High school,5-10yr,Automobile,Owner,Unknown,No defect,Office areas,Double carriageway (median),Tangent road with flat terrain,No junction,Asphalt roads,Dry,Daylight,Normal,Vehicle with vehicle collision,2,4,Going straight,Driver or rider,Male,31-50,3.0,No priority to pedestrian,Slight Injury
2024-10-05 10:25:00,Sunday,31-50,Male,Junior high school,5-10yr,Public (13-45 seats),Owner,Unknown,Unknown,Other,Two-way (divided with broken lines road marking),Tangent road with flat terrain,No junction,Asphalt roads,Dry,Daylight,Normal,Vehicle with vehicle collision,2,4,Going straight,Driver or rider,Male,18-30,3.0,No distancing,Slight Injury
2024-10-05 20:40:00,Thursday,Under 18,Male,Junior high school,Above 10yr,Special vehicle,Owner,Below 1yr,Unknown,Office areas,Undivided Two way,Tangent road with flat terrain,Y Shape,Asphalt roads,Wet or damp,Darkness - lights lit,Raining,Vehicle with vehicle collision,2,5,Going straight,,,,,No priority to vehicle,Slight Injury
2024-10-05 20:40:00,Thursday,Under 18,Male,Junior high school,1-2yr,Automobile,Owner,Unknown,Unknown,Other,Other,Tangent road with flat terrain,Y Shape,Asphalt roads,Wet or damp,Darkness - lights lit,Raining,Vehicle with vehicle collision,2,5,Going straight,Driver or rider,Male,18-30,3.0,Other,Slight Injury
2024-10-05 20:40:00,Thursday,Under 18,Male,Junior high school,2-5yr,Public (13-45 seats),Owner,Unknown,Unknown,Other,Double carriageway (median),Tangent road with flat terrain,Y Shape,Gravel roads,Wet or damp,Darkness - lights lit,Raining,Vehicle with vehicle collision,2,5,Going straight,,,,,Driving carelessly,Slight Injury
2024-10-05 20:40:00,Thursday,18-30,Male,Junior high school,1-2yr,Other,Governmental,Unknown,Unknown,Other,Two-way (divided with broken lines road marking),Tangent road with flat terrain,Y Shape,Asphalt roads,Wet or damp,Darkness - lights lit,Raining,Collision with roadside objects,2,5,Going straight,Pedestrian,Female,Under 18,3.0,Changing lane to the left,Slight Injury
2024-10-05 20:40:00,Thursday,18-30,Male,Unknown,Unknown,Lorry (41-100Q),Owner,Unknown,Unknown,Office areas,Other,Tangent road with flat terrain,Y Shape,Asphalt roads,Wet or damp,Darkness - lights lit,Raining,Vehicle with vehicle collision,2,5,Going straight,Pedestrian,Female,Under 18,3.0,Driving carelessly,Slight Injury
2024-10-05 15:20:00,Friday,18-30,Male,Elementary school,5-10yr,Lorry (41-100Q),Owner,Unknown,Unknown,Office areas,Other,Tangent road with flat terrain,No junction,Asphalt roads,Dry,Daylight,Other,Collision with pedestrians,2,1,Going straight,,,,,Changing lane to the left,Slight Injury
2024-10-05 15:20:00,Friday,31-50,Male,Junior high school,5-10yr,Public (12 seats),Owner,Unknown,Unknown,Office areas,Two-way (divided with broken lines road marking),Tangent road with flat terrain,No junction,Asphalt roads,Dry,Daylight,Other,Collision with roadside objects,2,1,Going straight,Driver or rider,Male,31-50,3.0,No priority to vehicle,Slight Injury
2024-10-05 14:38:00,Tuesday,Unknown,Female,Junior high school,Above 10yr,Lorry (41-100Q),Governmental,Unknown,No defect,Office areas,Two-way (divided with broken lines road marking),Tangent road with flat terrain,No junction,Asphalt roads,Dry,Daylight,Normal,Collision with roadside objects,4,1,Going straight,Pedestrian,Male,Under 18,3.0,No distancing,Slight Injury
2024-10-05 14:38:00,Tuesday,Unknown,Female,Junior high school,2-5yr,Lorry (41-100Q),Owner,2-5yrs,Unknown,Church areas,Undivided Two way,Tangent road with flat terrain,No junction,Asphalt roads,Dry,Daylight,Normal,Vehicle with vehicle collision,4,1,Other,,,,,Changing lane to the right,Slight Injury
2024-10-05 14:38:00,Tuesday,18-30,Male,Junior high school,Above 10yr,Public (12 seats),Governmental,Unknown,Unknown,Office areas,Two-way (divided with broken lines road marking),Tangent road with flat terrain,No junction,Asphalt roads,Dry,Daylight,Normal,Rollover,4,1,Going straight,Driver or rider,Male,18-30,3.0,Changing lane to the right,Slight Injury
2024-10-05 14:38:00,Tuesday,31-50,Male,Junior high school,2-5yr,Public (> 45 seats),Governmental,Unknown,Unknown,Residential areas,Two-way (divided with broken lines road marking),Tangent road with flat terrain,No junction,Asphalt roads,Dry,Daylight,Normal,Vehicle with vehicle collision,4,1,Going straight,Pedestrian,Male,5,3.0,Driving at high speed,Slight Injury
2024-10-05 12:00:00,Wednesday,Over 51,Male,Elementary school,5-10yr,Automobile,Owner,Unknown,Unknown,School areas,Two-way (divided with broken lines road marking),Tangent road with flat terrain,Y Shape,Asphalt roads,Dry,Daylight,Other,Vehicle with vehicle collision,2,1,Going straight,Driver or rider,Female,31-50,3.0,No distancing,Slight Injury
2024-10-05 12:00:00,Wednesday,Unknown,Male,Elementary school,5-10yr,Pick up upto 10Q,Owner,Unknown,Unknown,Office areas,Undivided Two way,Tangent road with flat terrain,Y Shape,Asphalt roads with some distress,Dry,Daylight,Other,Vehicle with vehicle collision,2,1,Going straight,,,,,Changing lane to the right,Slight Injury
2024-10-05 16:15:00,Friday,31-50,Male,Junior high school,5-10yr,Stationwagen,Owner,5-10yrs,Unknown,Other,Undivided Two way,Tangent road with flat terrain,Crossing,Asphalt roads,Dry,Daylight,Normal,Vehicle with vehicle collision,2,1,Turnover,Pedestrian,Female,18-30,3.0,Changing lane to the left,Slight Injury
2024-10-05 16:15:00,Friday,18-30,Male,Junior high school,5-10yr,Other,Owner,Unknown,Unknown,Other,Double carriageway (median),Tangent road with flat terrain,Crossing,Asphalt roads,Dry,Daylight,Normal,Vehicle with vehicle collision,2,1,Moving Backward,Driver or rider,Male,31-50,3.0,Getting off the vehicle improperly,Slight Injury
2024-10-05 10:30:00,Wednesday,31-50,Male,Elementary school,Above 10yr,Other,Governmental,Unknown,No defect,Other,Double carriageway (median),Tangent road with flat terrain,Other,Asphalt roads,Dry,Daylight,Normal,Vehicle with vehicle collision,1,1,Going straight,,,,,Other,Slight Injury
2024-10-05 00:30:00,Saturday,Unknown,Male,Junior high school,Below 1yr,Automobile,Owner,5-10yrs,No defect,Other,Two-way (divided with broken lines road marking),Tangent road with flat terrain,No junction,Asphalt roads,Dry,Darkness - lights lit,Normal,Vehicle with vehicle collision,2,2,Going straight,,,,,Other,Slight Injury
2024-10-05 00:30:00,Saturday,31-50,Male,Junior high school,5-10yr,Stationwagen,Owner,Unknown,No defect,Office areas,Double carriageway (median),Tangent road with mild grade and flat terrain,No junction,Asphalt roads,Dry,Darkness - lights lit,Normal,Vehicle with vehicle collision,2,2,Moving Backward,Driver or rider,Male,18-30,3.0,No distancing,Slight Injury
2024-10-05 00:30:00,Saturday,31-50,Male,Elementary school,1-2yr,Pick up upto 10Q,Owner,Unknown,Unknown,Office areas,Two-way (divided with broken lines road marking),Tangent road with flat terrain,No junction,Asphalt roads,Dry,Darkness - lights lit,Normal,Collision with roadside objects,2,2,Going straight,,,,,No priority to vehicle,Slight Injury
2024-10-05 18:47:00,Friday,18-30,Male,Unknown,Unknown,Lorry (41-100Q),Owner,Unknown,Unknown,Office areas,Other,Tangent road with mild grade and flat terrain,No junction,Asphalt roads,Wet or damp,Daylight,Raining,Vehicle with vehicle collision,3,1,Moving Backward,Driver or rider,Male,18-30,3.0,Overtaking,Slight Injury
2024-10-05 18:47:00,Friday,31-50,Male,Junior high school,Above 10yr,Automobile,Owner,Unknown,Unknown,Office areas,Other,Tangent road with mild grade and flat terrain,No junction,Asphalt roads,Wet or damp,Daylight,Raining,Vehicle with vehicle collision,3,1,Going straight,,,,,No priority to pedestrian,Slight Injury
2024-10-05 18:47:00,Friday,31-50,Male,High school,2-5yr,Other,Owner,Unknown,Unknown,Office areas,One way,Tangent road with flat terrain,No junction,Asphalt roads,Wet or damp,Daylight,Raining,Vehicle with vehicle collision,3,1,Going straight,Driver or rider,Male,18-30,3.0,No distancing,Slight Injury
2024-10-05 17:40:00,Thursday,31-50,Male,Junior high school,1-2yr,Lorry (41-100Q),Other,Unknown,Unknown,Office areas,Two-way (divided with broken lines road marking),Tangent road with flat terrain,Y Shape,Asphalt roads,Dry,Daylight,Normal,Vehicle with vehicle collision,2,2,Going straight,Driver or rider,Male,31-50,3.0,Changing lane to the right,Slight Injury
2024-10-05 17:40:00,Thursday,Under 18,Male,Junior high school,1-2yr,Lorry (41-100Q),Owner,Unknown,Unknown,Office areas,Other,Tangent road with flat terrain,Y Shape,Asphalt roads,Dry,Daylight,Normal,Collision with pedestrians,2,2,Other,,,,,Driving carelessly,Slight Injury
2024-10-05 13:00:00,Friday,Unknown,Male,Above high school,2-5yr,Lorry (41-100Q),Owner,5-10yrs,Unknown,Other,Undivided Two way,Tangent road with flat terrain,Y Shape,Asphalt roads,Dry,Daylight,Normal,Vehicle with vehicle collision,3,1,Other,Driver or rider,Male,Under 18,3.0,Changing lane to the right,Slight Injury
2024-10-05 13:00:00,Friday,Unknown,Male,Unknown,Unknown,Pick up upto 10Q,Owner,Unknown,No defect,Other,Two-way (divided with broken lines road marking),Tangent road with flat terrain,Y Shape,Asphalt roads,Dry,Daylight,Normal,Vehicle with vehicle collision,3,1,Going straight,,,,,Overtaking,Slight Injury
2024-10-05 13:00:00,Friday,18-30,Male,Elementary school,2-5yr,Pick up upto 10Q,Other,2-5yrs,No defect,Residential areas,Two-way (divided with broken lines road marking),Tangent road with flat terrain,Y Shape,Asphalt roads,Dry,Daylight,Normal,Vehicle with vehicle collision,3,1,Reversing,Driver or rider,Male,31-50,3.0,Other,Slight Injury
2024-10-05 16:15:00,Friday,Unknown,Male,Junior high school,1-2yr,Automobile,Owner,Unknown,No defect,Other,Two-way (divided with broken lines road marking),Tangent road with flat terrain,Y Shape,Asphalt roads,Dry,Daylight,Normal,Vehicle with vehicle collision,1,1,Going straight,,,,,Driving to the left,Slight Injury
2024-10-05 11:55:00,Wednesday,Unknown,Male,Unknown,5-10yr,Other,Owner,5-10yrs,No defect,Other,Two-way (divided with broken lines road marking),Tangent road with flat terrain,No junction,Asphalt roads,Dry,Daylight,Other,Vehicle with vehicle collision,2,1,Going straight,Driver or rider,Male,Over 51,3.0,Driving at high speed,Slight Injury
2024-10-05 11:55:00,Wednesday,Under 18,Male,Junior high school,Below 1yr,Other,Governmental,Unknown,No defect,Other,Two-way (divided with broken lines road marking),Tangent road with flat terrain,No junction,Asphalt roads,Dry,Daylight,Other,Vehicle with vehicle collision,2,1,Going straight,,,,,Other,Slight Injury
2024-10-05 10:40:00,Wednesday,Unknown,Female,Junior high school,2-5yr,Automobile,Owner,5-10yrs,Unknown,Other,Undivided Two way,Tangent road with flat terrain,No junction,Asphalt roads,Dry,Daylight,Normal,Collision with roadside objects,2,1,Going straight,,,,,Changing lane to the right,Slight Injury
2024-10-05 10:40:00,Wednesday,31-50,Male,Junior high school,5-10yr,Motorcycle,Owner,Unknown,Unknown,Industrial areas,Undivided Two way,Tangent road with flat terrain,No junction,Asphalt roads,Dry,Daylight,Normal,Vehicle with vehicle collision,2,1,Moving Backward,Driver or rider,Male,31-50,2.0,No distancing,Slight Injury
2024-10-05 00:15:00,Sunday,Unknown,Female,Junior high school,Above 10yr,Automobile,Owner,5-10yrs,Unknown,Industrial areas,Undivided Two way,Tangent road with flat terrain,Y Shape,Asphalt roads,Dry,Darkness - lights lit,Normal,Vehicle with vehicle collision,3,1,Going straight,Pedestrian,Male,18-30,3.0,Other,Slight Injury
2024-10-05 00:15:00,Sunday,Unknown,Female,Elementary school,2-5yr,Automobile,Owner,Unknown,No defect,Church areas,Double carriageway (median),Tangent road with flat terrain,Y Shape,Asphalt roads,Dry,Darkness - lights lit,Normal,Vehicle with vehicle collision,3,1,Going straight,Pedestrian,Female,18-30,3.0,No priority to vehicle,Slight Injury
2024-10-05 00:15:00,Sunday,Over 51,Male,Elementary school,Above 10yr,Public (12 seats),Owner,Unknown,No defect,Other,Undivided Two way,Tangent road with flat terrain,Y Shape,Asphalt roads,Dry,Darkness - lights lit,Normal,Vehicle with vehicle collision,3,1,Going straight,Driver or rider,Male,18-30,3.0,Changing lane to the left,Slight Injury
2024-10-05 15:20:00,Saturday,18-30,Male,Junior high school,1-2yr,Automobile,Owner,Above 10yr,Unknown,Other,Undivided Two way,Tangent road with flat terrain,Y Shape,Asphalt roads,Dry,Daylight,Normal,Vehicle with vehicle collision,3,4,Going straight,,,,,No priority to pedestrian,Slight Injury
2024-10-05 15:20:00,Saturday,18-30,Male,Junior high school,5-10yr,Public (> 45 seats),Owner,Unknown,No defect,Office areas,Undivided Two way,Tangent road with flat terrain,Y Shape,Asphalt roads,Dry,Daylight,Normal,Vehicle with vehicle collision,3,4,Going straight,Driver or rider,Male,18-30,3.0,Overtaking,Slight Injury
2024-10-05 15:20:00,Saturday,18-30,Male,Junior high school,2-5yr,Lorry (41-100Q),Owner,Unknown,No defect,Office areas,Undivided Two way,Tangent road with flat terrain,Y Shape,Asphalt roads,Dry,Daylight,Normal,Vehicle with vehicle collision,3,4,Moving Backward,,,,,Driving carelessly,Slight Injury
2024-10-05 15:20:00,Saturday,18-30,Male,Junior high school,2-5yr,Public (> 45 seats),Governmental,Below 1yr,Unknown,Residential areas,Two-way (divided with broken lines road marking),Tangent road with flat terrain,Y Shape,Asphalt roads,Dry,Daylight,Normal,Vehicle with vehicle collision,3,4,Going straight,Driver or rider,Male,31-50,3.0,No priority to vehicle,Slight Injury
2024-10-05 15:20:00,Saturday,Unknown,Male,Junior high school,2-5yr,Other,Owner,Unknown,No defect,Industrial areas,Undivided Two way,Tangent road with flat terrain,Y Shape,Asphalt roads,Dry,Daylight,Normal,Rollover,3,4,Going straight,Pedestrian,Male,Over 51,3.0,No priority to pedestrian,Slight Injury
2024-10-05 18:26:00,Thursday,18-30,Male,Junior high school,2-5yr,Other,Owner,Unknown,No defect,Office areas,Undivided Two way,Tangent road with flat terrain,No junction,Asphalt roads,Dry,Daylight,Normal,Vehicle with vehicle collision,2,1,Moving Backward,Driver or rider,Male,31-50,3.0,Changing lane to the right,Slight Injury
2024-10-05 18:26:00,Thursday,Under 18,Male,Junior high school,Above 10yr,Automobile,Owner,Unknown,No defect,Other,Undivided Two way,Tangent road with flat terrain,No junction,Asphalt roads,Dry,Daylight,Normal,Vehicle with vehicle collision,2,1,Moving Backward,Driver or rider,Male,18-30,3.0,Driving carelessly,Slight Injury
2024-10-05 11:20:00,Thursday,Over 51,Male,Junior high school,Above 10yr,Automobile,Owner,Unknown,Unknown,Other,Two-way (divided with broken lines road marking),Tangent road with flat terrain,Y Shape,Asphalt roads,Dry,Daylight,Normal,Vehicle with vehicle collision,1,1,Going straight,Driver or rider,Male,Under 18,3.0,Changing lane to the right,Slight Injury
2024-10-05 18:39:00,Monday,Under 18,Male,Elementary school,5-10yr,Lorry (41-100Q),Owner,Unknown,No defect,Residential areas,Undivided Two way,Tangent road with flat terrain,Y Shape,Asphalt roads,Dry,Daylight,Normal,Collision with roadside objects,2,1,Turnover,,,,,Changing lane to the right,Slight Injury
2024-10-05 18:39:00,Monday,Unknown,Male,Unknown,Unknown,Automobile,Owner,Unknown,Unknown,Office areas,Two-way (divided with broken lines road marking),Tangent road with flat terrain,Y Shape,Asphalt roads,Dry,Daylight,Normal,Vehicle with vehicle collision,2,1,Turnover,Passenger,Female,18-30,3.0,Changing lane to the left,Slight Injury
2024-10-05 19:30:00,Thursday,Unknown,Male,Unknown,2-5yr,Public (13-45 seats),Organization,Unknown,Unknown,Residential areas,Other,Tangent road with flat terrain,Crossing,Asphalt roads,Dry,Daylight,Normal,Vehicle with vehicle collision,2,1,Going straight,,,,,Overturning,Slight Injury
2024-10-05 19:30:00,Thursday,Over 51,Unknown,Elementary school,5-10yr,Automobile,Owner,Unknown,Unknown,Office areas,Two-way (divided with broken lines road marking),Tangent road with flat terrain,Crossing,Asphalt roads,Dry,Daylight,Normal,Vehicle with vehicle collision,2,1,Going straight,Passenger,Female,18-30,3.0,Driving carelessly,Slight Injury
2024-10-05 14:55:00,Saturday,18-30,Male,Junior high school,5-10yr,Public (> 45 seats),Owner,Above 10yr,No defect,Residential areas,Other,Tangent road with flat terrain,Crossing,Asphalt roads,Dry,Daylight,Normal,Collision with roadside objects,2,2,Going straight,Passenger,Female,18-30,3.0,No distancing,Slight Injury
2024-10-05 14:55:00,Saturday,Unknown,Male,Junior high school,Above 10yr,Lorry (41-100Q),Owner,5-10yrs,No defect,Office areas,Undivided Two way,Tangent road with flat terrain,Crossing,Asphalt roads,Dry,Daylight,Normal,Vehicle with vehicle collision,2,2,Going straight,Driver or rider,Male,Over 51,3.0,Driving carelessly,Slight Injury
2024-10-05 14:45:00,Sunday,Over 51,Male,Junior high school,5-10yr,Automobile,Owner,Unknown,No defect,Recreational areas,Other,Other,Y Shape,Asphalt roads,Dry,Daylight,Normal,Vehicle with vehicle collision,2,1,Going straight,Passenger,Male,18-30,3.0,Changing lane to the left,Serious Injury
2024-10-05 14:45:00,Sunday,18-30,Male,Junior high school,Above 10yr,Lorry (11-40Q),Governmental,Unknown,No defect,Office areas,Other,Tangent road with mild grade and flat terrain,Y Shape,Asphalt roads,Dry,Daylight,Normal,Vehicle with vehicle collision,2,1,Going straight,Passenger,Female,18-30,3.0,No priority to vehicle,Serious Injury
2024-10-05 08:40:00,Tuesday,18-30,Male,Elementary school,Below 1yr,Public (13-45 seats),Owner,5-10yrs,No defect,Industrial areas,Other,Tangent road with flat terrain,No junction,Asphalt roads,Wet or damp,Daylight,Raining,Vehicle with vehicle collision,1,1,Getting off,Passenger,Male,18-30,3.0,Changing lane to the right,Slight Injury
2024-10-05 15:05:00,Wednesday,Unknown,Male,Elementary school,5-10yr,Public (13-45 seats),Other,Unknown,Unknown,Other,Other,Other,No junction,Asphalt roads,Wet or damp,Daylight,Raining,Collision with roadside objects,2,1,Moving Backward,,,,,No distancing,Slight Injury
2024-10-05 15:05:00,Wednesday,31-50,Male,Elementary school,1-2yr,Other,Owner,Unknown,No defect,Residential areas,Undivided Two way,Tangent road with flat terrain,No junction,Asphalt roads,Wet or damp,Daylight,Raining,Vehicle with vehicle collision,2,1,Other,,,,,Moving Backward,Slight Injury
2024-10-05 12:08:00,Saturday,18-30,Male,Elementary school,5-10yr,Long lorry,Governmental,Above 10yr,No defect,Residential areas,Other,Tangent road with flat terrain,No junction,Asphalt roads,Dry,Daylight,Normal,Vehicle with vehicle collision,2,2,Going straight,Driver or rider,Male,18-30,3.0,Moving Backward,Slight Injury
2024-10-05 12:08:00,Saturday,18-30,Male,Elementary school,5-10yr,Lorry (41-100Q),Owner,1-2yr,No defect,Industrial areas,Other,Tangent road with flat terrain,No junction,Asphalt roads,Dry,Daylight,Normal,Vehicle with vehicle collision,2,2,Going straight,Driver or rider,Male,18-30,3.0,No distancing,Slight Injury
2024-10-05 12:08:00,Saturday,31-50,Male,Elementary school,2-5yr,Lorry (11-40Q),Owner,2-5yrs,No defect,Residential areas,Undivided Two way,Tangent road with flat terrain,No junction,Asphalt roads,Dry,Daylight,Normal,Vehicle with vehicle collision,2,2,Going straight,,,,,No distancing,Slight Injury