Time,Day_of_week,Age_band_of_driver,Sex_of_driver,Educational_level,Driving_experience,Type_of_vehicle,Owner_of_vehicle,Service_year_of_vehicle,Defect_of_vehicle,Area_accident_occured,Lanes_or_Medians,Road_allignment,Types_of_Junction,Road_surface_type,Road_surface_conditions,Light_conditions,Weather_conditions,Type_of_collision,Number_of_vehicles_involved,Number_of_casualties,Vehicle_movement,Casualty_class,Sex_of_casualty,Age_band_of_casualty,Casualty_severity,Cause_of_accident,Accident_severity
2024-10-05 23:21:00,Thursday,Under 18,Male,Elementary school,5-10yr,Lorry (41-100Q),Owner,Unknown,No defect,Residential areas,Other,Tangent road with flat terrain,No junction,Asphalt roads,Dry,Darkness - lights lit,Normal,Vehicle with vehicle collision,1,2,Going straight,Driver or rider,Male,18-30,3.0,No distancing,Slight Injury
2024-10-05 23:21:00,Thursday,Under 18,Male,Unknown,5-10yr,Public (12 seats),Owner,Unknown,No defect,Office areas,Undivided Two way,Tangent road with flat terrain,No junction,Asphalt roads,Dry,Darkness - lights lit,Normal,Collision with pedestrians,1,2,Going straight,,,,,No priority to pedestrian,Slight Injury
2024-10-05 08:40:00,Thursday,Unknown,Female,Junior high school,Above 10yr,Other,Owner,2-5yrs,No defect,Office areas,Double carriageway (median),Escarpments,No junction,Asphalt roads,Dry,Daylight,Normal,Vehicle with vehicle collision,3,2,Going straight,,,,,Driving carelessly,Slight Injury
2024-10-05 08:40:00,Thursday,18-30,Male,Junior high school,Above 10yr,Taxi,Owner,Above 10yr,No defect,Office areas,Other,Tangent road with flat terrain,No junction,Asphalt roads,Dry,Daylight,Normal,Vehicle with vehicle collision,3,2,Going straight,Driver or rider,Male,Under 18,3.0,Changing lane to the right,Slight Injury
2024-10-05 08:40:00,Thursday,18-30,Male,Elementary school,Below 1yr,Other,Owner,1-2yr,No defect,Office areas,Undivided Two way,Escarpments,No junction,Asphalt roads,Dry,Daylight,Normal,Collision with roadside objects,3,2,Going straight,Driver or rider,Male,18-30,3.0,Changing lane to the left,Slight Injury
2024-10-05 08:40:00,Thursday,31-50,Male,Elementary school,5-10yr,Automobile,Owner,Unknown,No defect,Office areas,One way,Tangent road with flat terrain,No junction,Asphalt roads,Dry,Daylight,Normal,Vehicle with vehicle collision,3,2,Going straight,,,,,Driving carelessly,Slight Injury
2024-10-05 17:40:00,Monday,31-50,Male,Elementary school,5-10yr,Other,Owner,Unknown,No defect,Office areas,Undivided Two way,Tangent road with flat terrain,Crossing,Asphalt roads,Dry,Daylight,Other,Vehicle with vehicle collision,2,1,Going straight,Pedestrian,Male,18-30,3.0,Driving carelessly,Slight Injury
2024-10-05 17:40:00,Monday,Under 18,Male,Elementary school,2-5yr,Lorry (41-100Q),Owner,Unknown,No defect,Office areas,Other,Tangent road with flat terrain,Crossing,Asphalt roads,Dry,Daylight,Other,Collision with pedestrians,2,1,Going straight,,,,,No distancing,Slight Injury
2024-10-05 10:56:00,Friday,18-30,Male,Elementary school,Above 10yr,Automobile,Owner,Above 10yr,No defect,Residential areas,Other,Tangent road with flat terrain,Other,Asphalt roads,Wet or damp,Daylight,Normal,Vehicle with vehicle collision,1,2,Going straight,Pedestrian,Male,Over 51,3.0,Other,Slight Injury
2024-10-05 10:56:00,Friday,18-30,Male,Elementary school,2-5yr,Automobile,Owner,5-10yrs,No defect,Residential areas,One way,Tangent road with flat terrain,Other,Asphalt roads,Wet or damp,Daylight,Normal,Vehicle with vehicle collision,1,2,Moving Backward,Driver or rider,Male,31-50,3.0,Changing lane to the right,Slight Injury
2024-10-05 13:00:00,Tuesday,Unknown,Male,Junior high school,Above 10yr,Lorry (41-100Q),Owner,Unknown,No defect,Other,One way,Tangent road with flat terrain,O Shape,Asphalt roads,Dry,Daylight,Normal,Collision with pedestrians,2,1,Going straight,,,,,Changing lane to the right,Slight Injury
2024-10-05 13:00:00,Tuesday,18-30,Male,Junior high school,Below 1yr,Automobile,Owner,5-10yrs,No defect,Church areas,Undivided Two way,Tangent road with flat terrain,O Shape,Asphalt roads,Dry,Daylight,Normal,Collision with pedestrians,2,1,Moving Backward,Pedestrian,Female,5,3.0,No distancing,Slight Injury
2024-10-05 09:30:00,Friday,Unknown,Male,Junior high school,2-5yr,Automobile,Owner,Unknown,No defect,Recreational areas,Other,Tangent road with flat terrain,Y Shape,Asphalt roads,Dry,Daylight,Normal,Collision with pedestrians,1,1,Moving Backward,Pedestrian,Male,Over 51,3.0,No distancing,Slight Injury
2024-10-05 15:00:00,Wednesday,Unknown,Male,Elementary school,5-10yr,Automobile,Owner,Unknown,Unknown,Industrial areas,Undivided Two way,Tangent road with flat terrain,No junction,Asphalt roads,Dry,Daylight,Normal,Collision with roadside objects,2,1,Going straight,Driver or rider,Male,Under 18,3.0,Overturning,Slight Injury
2024-10-05 15:00:00,Wednesday,18-30,Male,Elementary school,5-10yr,Taxi,Other,Unknown,Unknown,Residential areas,Other,Other,No junction,Asphalt roads,Dry,Daylight,Normal,Vehicle with vehicle collision,2,1,Going straight,,,,,Driving at high speed,Slight Injury
2024-10-05 17:10:00,Thursday,31-50,Male,Elementary school,1-2yr,Other,Owner,Above 10yr,No defect,Residential areas,Other,Tangent road with rolling terrain,Crossing,Asphalt roads,Dry,Daylight,Normal,Vehicle with vehicle collision,2,1,Going straight,Driver or rider,Male,Under 18,3.0,No priority to vehicle,Serious Injury
2024-10-05 17:10:00,Thursday,18-30,Male,Elementary school,Unknown,Other,Owner,2-5yrs,No defect,Office areas,Double carriageway (median),Tangent road with flat terrain,Crossing,Asphalt roads,Dry,Daylight,Normal,Vehicle with vehicle collision,2,1,Going straight,Pedestrian,Female,18-30,3.0,No priority to pedestrian,Serious Injury
2024-10-05 15:04:00,Saturday,18-30,Male,Junior high school,1-2yr,Automobile,Owner,2-5yrs,No defect,Market areas,Undivided Two way,Tangent road with flat terrain,Y Shape,Asphalt roads,Wet or damp,Daylight,Normal,Vehicle with vehicle collision,2,4,Going straight,Driver or rider,Male,Under 18,3.0,No priority to vehicle,Fatal injury
2024-10-05 15:04:00,Saturday,31-50,Male,Unknown,5-10yr,Pick up upto 10Q,Other,Unknown,Unknown,Other,Other,Tangent road with flat terrain,Y Shape,Asphalt roads,Wet or damp,Daylight,Normal,Vehicle with vehicle collision,2,4,Going straight,,,,,Other,Fatal injury
2024-10-05 15:04:00,Saturday,31-50,Male,Elementary school,1-2yr,Other,Owner,Unknown,No defect,Industrial areas,Other,Tangent road with flat terrain,Y Shape,Asphalt roads,Wet or damp,Daylight,Normal,Vehicle with vehicle collision,2,4,Other,Driver or rider,Male,Over 51,3.0,Other,Fatal injury
2024-10-05 15:04:00,Saturday,31-50,Male,Junior high school,5-10yr,Automobile,Owner,Unknown,No defect,Residential areas,Two-way (divided with solid lines road marking),Tangent road with flat terrain,Y Shape,Asphalt roads with some distress,Wet or damp,Daylight,Normal,Collision with pedestrians,2,4,Other,,,,,Moving Backward,Fatal injury
2024-10-05 15:15:00,Tuesday,Under 18,Male,Junior high school,2-5yr,Public (12 seats),Governmental,Below 1yr,No defect,Residential areas,Undivided Two way,Tangent road with flat terrain,Y Shape,Asphalt roads,Dry,Daylight,Normal,Collision with roadside objects,1,1,Going straight,Driver or rider,Male,5,3.0,No distancing,Serious Injury
2024-10-05 11:27:00,Sunday,18-30,Male,Junior high school,2-5yr,Public (13-45 seats),Owner,5-10yrs,No defect,Other,Undivided Two way,Tangent road with flat terrain,Y Shape,Asphalt roads,Dry,Daylight,Normal,Vehicle with vehicle collision,2,1,Other,,,,,Moving Backward,Slight Injury
2024-10-05 11:27:00,Sunday,Over 51,Male,Junior high school,5-10yr,Lorry (11-40Q),Governmental,Unknown,No defect,Residential areas,Other,Tangent road with flat terrain,Y Shape,Asphalt roads,Dry,Daylight,Normal,Vehicle with vehicle collision,2,1,Overtaking,,,,,No priority to vehicle,Slight Injury
2024-10-05 10:15:00,Monday,31-50,Male,Junior high school,Below 1yr,Stationwagen,Owner,1-2yr,No defect,Rural village areas,Undivided Two way,Gentle horizontal curve,Y Shape,Asphalt roads,Dry,Daylight,Normal,Vehicle with vehicle collision,2,1,Reversing,,,,,Driving carelessly,Slight Injury
2024-10-05 10:15:00,Monday,Over 51,Male,High school,Below 1yr,Ridden horse,Owner,2-5yrs,No defect,Rural village areas,Undivided Two way,Gentle horizontal curve,Y Shape,Gravel roads,Dry,Daylight,Normal,Vehicle with vehicle collision,2,1,Going straight,Pedestrian,Female,18-30,3.0,No distancing,Slight Injury
2024-10-05 22:30:00,Saturday,Under 18,Male,Junior high school,Unknown,Stationwagen,Owner,Unknown,No defect,Office areas,Double carriageway (median),Tangent road with flat terrain,Y Shape,Asphalt roads,Wet or damp,Darkness - lights lit,Raining,With Train,2,1,Other,Pedestrian,Female,31-50,3.0,Other,Slight Injury
2024-10-05 22:30:00,Saturday,Unknown,Male,Junior high school,Below 1yr,Automobile,Owner,2-5yrs,No defect,Residential areas,Undivided Two way,Gentle horizontal curve,Y Shape,Asphalt roads,Wet or damp,Darkness - lights lit,Raining,Vehicle with vehicle collision,2,1,Moving Backward,Driver or rider,Male,31-50,3.0,Changing lane to the right,Slight Injury
2024-10-05 14:25:00,Friday,31-50,Male,Junior high school,2-5yr,Automobile,Owner,Unknown,Unknown,Residential areas,Other,Tangent road with flat terrain,No junction,Asphalt roads,Dry,Daylight,Normal,Vehicle with vehicle collision,2,1,Going straight,Pedestrian,Female,31-50,3.0,No distancing,Slight Injury
2024-10-05 14:25:00,Friday,Unknown,Female,Junior high school,2-5yr,Other,Owner,Unknown,7,Outside rural areas,Other,Tangent road with flat terrain,No junction,Asphalt roads,Dry,Daylight,Normal,Vehicle with vehicle collision,2,1,Other,Driver or rider,Female,18-30,3.0,Driving carelessly,Slight Injury
2024-10-05 22:15:00,Friday,Unknown,Male,Junior high school,5-10yr,Taxi,Owner,Above 10yr,Unknown,Residential areas,Other,Tangent road with flat terrain,Crossing,Asphalt roads,Dry,Darkness - lights lit,Normal,Vehicle with vehicle collision,2,2,Moving Backward,Driver or rider,Male,31-50,3.0,No distancing,Slight Injury
2024-10-05 22:15:00,Friday,31-50,Male,Elementary school,5-10yr,Automobile,Owner,5-10yrs,5,Church areas,Other,Tangent road with flat terrain,Crossing,Asphalt roads,Dry,Darkness - lights lit,Normal,Vehicle with vehicle collision,2,2,Going straight,,,,,No priority to vehicle,Slight Injury
2024-10-05 22:15:00,Friday,31-50,Male,Unknown,5-10yr,Stationwagen,Owner,Unknown,No defect,Office areas,Undivided Two way,Tangent road with flat terrain,Crossing,Asphalt roads,Dry,Darkness - lights lit,Normal,Vehicle with vehicle collision,2,2,Going straight,,,,,Changing lane to the right,Slight Injury
2024-10-05 14:30:00,Tuesday,Over 51,Male,Junior high school,5-10yr,Automobile,Owner,Unknown,No defect,Office areas,Two-way (divided with broken lines road marking),Tangent road with mountainous terrain and,Y Shape,Asphalt roads,Dry,Daylight,Normal,Vehicle with vehicle collision,1,1,Moving Backward,,,,,No priority to pedestrian,Slight Injury
2024-10-05 14:28:00,Saturday,31-50,Male,Junior high school,5-10yr,Public (12 seats),Governmental,Unknown,No defect,Office areas,Two-way (divided with broken lines road marking),Escarpments,Y Shape,Asphalt roads,Wet or damp,Daylight,Raining,Vehicle with vehicle collision,2,1,Going straight,Driver or rider,Male,Over 51,3.0,No priority to vehicle,Slight Injury
2024-10-05 14:28:00,Saturday,31-50,Male,Illiterate,2-5yr,Other,Owner,2-5yrs,Unknown,Other,Undivided Two way,Tangent road with mountainous terrain and,Y Shape,Asphalt roads,Wet or damp,Daylight,Raining,Vehicle with vehicle collision,2,1,Getting off,Passenger,Female,31-50,3.0,Changing lane to the left,Slight Injury
2024-10-05 22:05:00,Saturday,18-30,Male,Junior high school,5-10yr,Automobile,Owner,2-5yrs,Unknown,Other,Undivided Two way,Tangent road with flat terrain,Crossing,Asphalt roads,Dry,Darkness - no lighting,Normal,Collision with pedestrians,2,3,Going straight,,,,,Turnover,Slight Injury
2024-10-05 22:05:00,Saturday,18-30,Male,Junior high school,Below 1yr,Lorry (41-100Q),Owner,Unknown,No defect,Residential areas,Two-way (divided with broken lines road marking),Tangent road with flat terrain,Crossing,Asphalt roads,Dry,Darkness - no lighting,Normal,Collision with roadside objects,2,3,Going straight,Driver or rider,Male,18-30,3.0,Driving to the left,Slight Injury
2024-10-05 22:05:00,Saturday,31-50,Male,Junior high school,1-2yr,Other,Owner,Unknown,Unknown,Other,Two-way (divided with broken lines road marking),Tangent road with flat terrain,Crossing,Asphalt roads,Dry,Darkness - no lighting,Normal,Collision with roadside objects,2,3,Moving Backward,,,,,Driving carelessly,Slight Injury
2024-10-05 08:45:00,Monday,18-30,Male,Elementary school,2-5yr,Public (> 45 seats),Owner,Below 1yr,Unknown,Other,Undivided Two way,Tangent road with mild grade and flat terrain,No junction,Asphalt roads,Dry,Daylight,Normal,Vehicle with vehicle collision,2,1,Going straight,Driver or rider,Male,Under 18,3.0,Driving to the left,Slight Injury
2024-10-05 08:45:00,Monday,31-50,Male,Elementary school,2-5yr,Other,Owner,5-10yrs,Unknown,Other,Two-way (divided with broken lines road marking),Tangent road with flat terrain,No junction,Asphalt roads,Dry,Daylight,Normal,Vehicle with vehicle collision,2,1,Going straight,Passenger,Male,Over 51,2.0,Driving carelessly,Slight Injury
2024-10-05 09:00:00,Friday,Unknown,Female,Elementary school,5-10yr,Public (12 seats),Governmental,5-10yrs,No defect,Other,Undivided Two way,Tangent road with flat terrain,No junction,Asphalt roads,Dry,Daylight,Normal,Vehicle with vehicle collision,1,1,Going straight,Pedestrian,Male,5,3.0,No priority to pedestrian,Slight Injury
2024-10-05 10:30:00,Friday,Unknown,Unknown,Junior high school,5-10yr,Public (12 seats),Owner,2-5yrs,No defect,Other,Double carriageway (median),Tangent road with mild grade and flat terrain,No junction,Asphalt roads,Wet or damp,Daylight,Raining,Vehicle with vehicle collision,2,1,Going straight,,,,,Driving carelessly,Slight Injury
2024-10-05 10:30:00,Friday,31-50,Male,Unknown,Unknown,Automobile,Owner,Unknown,No defect,Other,Two-way (divided with broken lines road marking),Tangent road with flat terrain,No junction,Asphalt roads,Wet or damp,Daylight,Raining,Vehicle with vehicle collision,2,1,Going straight,Driver or rider,Male,31-50,3.0,Changing lane to the right,Slight Injury
2024-10-05 18:30:00,Friday,Unknown,Male,Junior high school,Above 10yr,Other,Owner,2-5yrs,Unknown,Church areas,Two-way (divided with broken lines road marking),Tangent road with flat terrain,No junction,Asphalt roads,Dry,Daylight,Normal,Collision with roadside objects,2,1,Moving Backward,,,,,Moving Backward,Slight Injury
2024-10-05 18:30:00,Friday,31-50,Male,Junior high school,Above 10yr,Automobile,Owner,5-10yrs,Unknown,Other,Undivided Two way,Tangent road with flat terrain,No junction,Asphalt roads,Dry,Daylight,Normal,Vehicle with vehicle collision,2,1,Going straight,Driver or rider,Male,Over 51,3.0,Driving carelessly,Slight Injury
2024-10-05 17:11:00,Wednesday,31-50,Male,Junior high school,Above 10yr,Lorry (41-100Q),Organization,2-5yrs,Unknown,Industrial areas,Two-way (divided with broken lines road marking),Tangent road with flat terrain,Other,Earth roads,Dry,Daylight,Normal,Vehicle with vehicle collision,1,1,Going straight,Driver or rider,Male,18-30,3.0,Changing lane to the right,Slight Injury
2024-10-05 13:02:00,Tuesday,18-30,Male,Junior high school,Unknown,Public (12 seats),Owner,Unknown,No defect,Residential areas,Double carriageway (median),Tangent road with flat terrain,No junction,Asphalt roads,Dry,Daylight,Normal,Vehicle with vehicle collision,2,3,Moving Backward,,,,,Driving carelessly,Slight Injury
2024-10-05 13:02:00,Tuesday,18-30,Male,Junior high school,5-10yr,Lorry (11-40Q),Governmental,Above 10yr,No defect,Other,Two-way (divided with broken lines road marking),Tangent road with flat terrain,No junction,Asphalt roads,Dry,Daylight,Normal,Vehicle with vehicle collision,2,3,Moving Backward,Driver or rider,Male,18-30,3.0,Driving carelessly,Slight Injury
2024-10-05 13:02:00,Tuesday,18-30,Male,Junior high school,2-5yr,Automobile,Owner,Unknown,No defect,Office areas,Two-way (divided with broken lines road marking),Tangent road with flat terrain,No junction,Asphalt roads,Dry,Daylight,Normal,Vehicle with vehicle collision,2,3,Going straight,,,,,Driving carelessly,Slight Injury
2024-10-05 13:02:00,Tuesday,18-30,Male,Elementary school,5-10yr,Automobile,Owner,Unknown,No defect,Industrial areas,Other,Tangent road with flat terrain,No junction,Asphalt roads,Dry,Daylight,Normal,Vehicle with vehicle collision,2,3,Going straight,Pedestrian,Male,18-30,3.0,Changing lane to the right,Slight Injury
2024-10-05 17:10:00,Wednesday,Over 51,Male,Junior high school,2-5yr,Automobile,Owner,1-2yr,No defect,Industrial areas,Double carriageway (median),Tangent road with flat terrain,Crossing,Asphalt roads,Dry,Daylight,Other,Collision with pedestrians,2,1,Going straight,Pedestrian,Male,Over 51,3.0,Changing lane to the right,Slight Injury
2024-10-05 17:10:00,Wednesday,Under 18,Male,High school,5-10yr,Bajaj,Owner,Unknown,No defect,Other,Two-way (divided with broken lines road marking),Tangent road with flat terrain,Crossing,Asphalt roads,Dry,Daylight,Other,Collision with pedestrians,2,1,Going straight,Driver or rider,Female,31-50,3.0,Driving carelessly,Slight Injury
2024-10-05 15:20:00,Wednesday,31-50,Male,Junior high school,Above 10yr,Public (12 seats),Organization,Above 10yr,Unknown,Hospital areas,Two-way (divided with broken lines road marking),Tangent road with flat terrain,No junction,Asphalt roads,Dry,Daylight,Normal,Collision with roadside objects,1,1,Going straight,,,,,Overtaking,Slight Injury
2024-10-05 20:25:00,Saturday,Unknown,Male,Junior high school,2-5yr,Lorry (11-40Q),Owner,Unknown,Unknown,Office areas,One way,Tangent road with flat terrain,No junction,Asphalt roads,Dry,Daylight,Normal,Collision with pedestrians,2,2,Going straight,Driver or rider,Male,Over 51,3.0,Changing lane to the right,Slight Injury
2024-10-05 20:25:00,Saturday,18-30,Male,Elementary school,2-5yr,Other,Owner,2-5yrs,No defect,Church areas,Undivided Two way,Tangent road with flat terrain,No junction,Asphalt roads,Dry,Daylight,Normal,Vehicle with vehicle collision,2,2,Going straight,,,,,No distancing,Slight Injury
2024-10-05 20:25:00,Saturday,18-30,Male,High school,Above 10yr,Other,Organization,5-10yrs,No defect,Hospital areas,Undivided Two way,Tangent road with mountainous terrain and,No junction,Asphalt roads with some distress,Dry,Daylight,Normal,Vehicle with vehicle collision,2,2,Going straight,,,,,Other,Slight Injury
2024-10-05 07:49:00,Thursday,31-50,Male,Elementary school,1-2yr,Automobile,Owner,Above 10yr,No defect,Office areas,Other,Tangent road with flat terrain,Y Shape,Asphalt roads,Dry,Daylight,Normal,Vehicle with vehicle collision,2,3,Going straight,Driver or rider,Male,18-30,3.0,Changing lane to the right,Serious Injury
2024-10-05 07:49:00,Thursday,18-30,Male,Junior high school,Above 10yr,Lorry (11-40Q),Owner,2-5yrs,No defect,Other,Two-way (divided with broken lines road marking),Escarpments,Y Shape,Asphalt roads,Dry,Daylight,Normal,Collision with roadside objects,2,3,Going straight,Driver or rider,Male,18-30,3.0,Changing lane to the right,Serious Injury
2024-10-05 07:49:00,Thursday,18-30,Male,Unknown,Unknown,Lorry (41-100Q),Owner,1-2yr,Unknown,Office areas,Undivided Two way,Tangent road with flat terrain,Y Shape,Asphalt roads,Dry,Daylight,Normal,Collision with roadside objects,2,3,Other,,,,,Overtaking,Serious Injury
2024-10-05 07:49:00,Thursday,18-30,Male,Junior high school,5-10yr,Pick up upto 10Q,Owner,2-5yrs,Unknown,Office areas,Two-way (divided with broken lines road marking),Tangent road with mountainous terrain and,Y Shape,Asphalt roads,Dry,Daylight,Normal,Vehicle with vehicle collision,2,3,Going straight,Passenger,Female,31-50,3.0,Other,Serious Injury
2024-10-05 14:00:00,Monday,31-50,Male,Above high school,5-10yr,Lorry (11-40Q),Owner,Unknown,No defect,Other,Double carriageway (median),Steep grade downward with mountainous terrain,Y Shape,Asphalt roads,Dry,Daylight,Normal,Vehicle with vehicle collision,2,1,Reversing,Driver or rider,Male,Under 18,3.0,Driving to the left,Slight Injury
2024-10-05 14:00:00,Monday,Unknown,Male,Junior high school,5-10yr,Stationwagen,Owner,1-2yr,No defect,Office areas,Undivided Two way,Tangent road with mild grade and flat terrain,Y Shape,Asphalt roads,Dry,Daylight,Normal,Vehicle with vehicle collision,2,1,Going straight,,,,,Overtaking,Slight Injury
2024-10-05 08:20:00,Sunday,18-30,Male,Junior high school,Above 10yr,Other,Owner,Unknown,No defect,Residential areas,Undivided Two way,Tangent road with flat terrain,Y Shape,Asphalt roads,Dry,Daylight,Other,Vehicle with vehicle collision,1,1,Reversing,Driver or rider,Male,Over 51,3.0,No priority to vehicle,Slight Injury
2024-10-05 15:55:00,Monday,Over 51,Male,Junior high school,1-2yr,Other,Owner,Unknown,Unknown,Other,Two-way (divided with broken lines road marking),Tangent road with flat terrain,Other,Asphalt roads,Dry,Daylight,Normal,Vehicle with vehicle collision,2,1,Going straight,,,,,Moving Backward,Slight Injury
2024-10-05 15:55:00,Monday,31-50,Male,Junior high school,2-5yr,Lorry (11-40Q),Owner,2-5yrs,Unknown,Office areas,Double carriageway (median),Tangent road with flat terrain,Other,Asphalt roads,Dry,Daylight,Normal,Vehicle with vehicle collision,2,1,Reversing,,,,,Other,Slight Injury
2024-10-05 13:15:00,Friday,Over 51,Male,Junior high school,Below 1yr,Automobile,Owner,5-10yrs,Unknown,Office areas,Undivided Two way,Tangent road with mountainous terrain and,Y Shape,Asphalt roads,Dry,Daylight,Normal,Vehicle with vehicle collision,2,2,Other,Driver or rider,Male,31-50,2.0,No priority to vehicle,Serious Injury
2024-10-05 13:15:00,Friday,Over 51,Male,Junior high school,Above 10yr,Public (> 45 seats),Other,Unknown,Unknown,Office areas,Other,Tangent road with flat terrain,Y Shape,Asphalt roads,Dry,Daylight,Normal,Vehicle with vehicle collision,2,2,Going straight,Driver or rider,Male,18-30,3.0,No priority to pedestrian,Serious Injury
2024-10-05 13:15:00,Friday,Over 51,Male,Junior high school,1-2yr,Lorry (41-100Q),Owner,5-10yrs,No defect,Other,Two-way (divided with broken lines road marking),Tangent road with mild grade and flat terrain,Y Shape,Asphalt roads,Dry,Daylight,Normal,Vehicle with vehicle collision,2,2,Reversing,,,,,Changing lane to the right,Serious Injury
2024-10-05 12:30:00,Friday,18-30,Male,Above high school,5-10yr,Public (> 45 seats),Owner,Unknown,No defect,Church areas,Undivided Two way,Tangent road with flat terrain,No junction,Asphalt roads,Dry,Daylight,Normal,Collision with roadside objects,1,1,Other,,,,,Changing lane to the right,Slight Injury
2024-10-05 14:10:00,Wednesday,18-30,Male,Junior high school,5-10yr,Other,Owner,Unknown,No defect,Industrial areas,Undivided Two way,Tangent road with flat terrain,Y Shape,Asphalt roads,Dry,Daylight,Normal,Collision with roadside objects,2,1,Going straight,Driver or rider,Female,Under 18,3.0,Changing lane to the right,Slight Injury
2024-10-05 14:10:00,Wednesday,Over 51,Male,Elementary school,Below 1yr,Other,Owner,1-2yr,No defect,Office areas,Double carriageway (median),Tangent road with flat terrain,Y Shape,Asphalt roads,Dry,Daylight,Normal,Collision with pedestrians,2,1,Going straight,Driver or rider,Male,18-30,3.0,Driving to the left,Slight Injury
2024-10-05 10:34:00,Monday,31-50,Male,Unknown,Unknown,Automobile,Owner,Unknown,No defect,Church areas,Undivided Two way,Tangent road with flat terrain,Crossing,Asphalt roads,Dry,Daylight,Normal,Vehicle with vehicle collision,1,1,Going straight,,,,,Changing lane to the left,Slight Injury
2024-10-05 12:45:00,Wednesday,Under 18,Male,Junior high school,Above 10yr,Automobile,Owner,Unknown,Unknown,Office areas,Undivided Two way,Tangent road with flat terrain,No junction,Asphalt roads,Dry,Daylight,Normal,Vehicle with vehicle collision,1,1,Moving Backward,Passenger,Female,18-30,3.0,Moving Backward,Slight Injury
2024-10-05 08:20:00,Sunday,18-30,Male,Junior high school,Unknown,Lorry (41-100Q),Owner,Unknown,No defect,Office areas,Other,Tangent road with flat terrain,Y Shape,Asphalt roads,Wet or damp,Daylight,Raining,Vehicle with vehicle collision,1,1,Going straight,,,,,Driving at high speed,Serious Injury
2024-10-05 17:44:00,Saturday,Unknown,Male,Junior high school,1-2yr,Automobile,Owner,Unknown,Unknown,Residential areas,Two-way (divided with broken lines road marking),Tangent road with flat terrain,Y Shape,Other,Dry,Daylight,Normal,Vehicle with vehicle collision,2,1,Going straight,,,,,Moving Backward,Slight Injury
2024-10-05 17:44:00,Saturday,31-50,Male,Junior high school,2-5yr,Public (13-45 seats),Owner,5-10yrs,Unknown,Office areas,Two-way (divided with broken lines road marking),Tangent road with flat terrain,Y Shape,Asphalt roads,Dry,Daylight,Normal,Vehicle with vehicle collision,2,1,Going straight,Pedestrian,Male,31-50,3.0,No distancing,Slight Injury
2024-10-05 12:00:00,Saturday,18-30,Male,Unknown,Unknown,Automobile,Owner,5-10yrs,Unknown,Residential areas,Undivided Two way,Tangent road with flat terrain,Crossing,Asphalt roads,Dry,Daylight,Normal,Vehicle with vehicle collision,2,2,Going straight,Driver or rider,Male,Over 51,3.0,Other,Slight Injury
2024-10-05 12:00:00,Saturday,Over 51,Male,Junior high school,Above 10yr,Public (> 45 seats),Owner,2-5yrs,Unknown,Office areas,Double carriageway (median),Tangent road with flat terrain,Crossing,Asphalt roads,Dry,Daylight,Normal,Vehicle with vehicle collision,2,2,Other,,,,,No priority to vehicle,Slight Injury
2024-10-05 12:00:00,Saturday,Over 51,Male,Junior high school,2-5yr,Lorry (41-100Q),Owner,2-5yrs,No defect,Office areas,Double carriageway (median),Tangent road with flat terrain,Crossing,Asphalt roads,Dry,Daylight,Normal,Vehicle with vehicle collision,2,2,Other,,,,,Changing lane to the right,Slight Injury
2024-10-05 14:51:00,Friday,Over 51,Male,Junior high school,5-10yr,Automobile,Other,Unknown,No defect,Other,Two-way (divided with broken lines road marking),Tangent road with flat terrain,Y Shape,Asphalt roads,Dry,Daylight,Normal,Vehicle with vehicle collision,2,2,Going straight,Passenger,Female,Under 18,3.0,Other,Slight Injury
2024-10-05 14:51:00,Friday,Under 18,Male,Junior high school,2-5yr,Lorry (11-40Q),Owner,Unknown,No defect,Other,Two-way (divided with broken lines road marking),Tangent road with flat terrain,Y Shape,Asphalt roads,Dry,Daylight,Normal,Collision with pedestrians,2,2,Turnover,Driver or rider,Male,31-50,3.0,No distancing,Slight Injury
2024-10-05 13:30:00,Friday,18-30,Male,Junior high school,1-2yr,Public (13-45 seats),Owner,Above 10yr,No defect,Residential areas,Two-way (divided with broken lines road marking),Tangent road with flat terrain,No junction,Asphalt roads,Dry,Daylight,Normal,Collision with pedestrians,2,1,Going straight,,,,,Driving carelessly,Slight Injury
2024-10-05 13:30:00,Friday,Unknown,Male,Junior high school,5-10yr,Public (13-45 seats),Owner,Unknown,Unknown,Church areas,Two-way (divided with broken lines road marking),Tangent road with flat terrain,No junction,Asphalt roads,Dry,Daylight,Normal,Vehicle with vehicle collision,2,1,Moving Backward,Driver or rider,Male,31-50,3.0,No distancing,Slight Injury
2024-10-05 19:57:00,Saturday,Over 51,Male,Junior high school,2-5yr,Other,Governmental,Unknown,No defect,Church areas,Double carriageway (median),Tangent road with flat terrain,Crossing,Asphalt roads,Dry,Darkness - lights lit,Normal,Vehicle with vehicle collision,1,1,Moving Backward,Pedestrian,Male,31-50,3.0,Moving Backward,Slight Injury
2024-10-05 19:02:00,Tuesday,18-30,Male,Elementary school,5-10yr,Long lorry,Owner,2-5yrs,No defect,Residential areas,Double carriageway (median),Tangent road with flat terrain,Other,Asphalt roads,Dry,Daylight,Normal,Vehicle with vehicle collision,2,2,Going straight,Pedestrian,Male,Under 18,3.0,No distancing,Serious Injury
2024-10-05 19:02:00,Tuesday,18-30,Male,Above high school,5-10yr,Lorry (41-100Q),Owner,Unknown,No defect,Office areas,Two-way (divided with broken lines road marking),Tangent road with mild grade and flat terrain,Other,Asphalt roads,Dry,Daylight,Normal,Vehicle with vehicle collision,2,2,Other,Pedestrian,Male,18-30,3.0,Moving Backward,Serious Injury