Time,Day_of_week,Age_band_of_driver,Sex_of_driver,Educational_level,Driving_experience,Type_of_vehicle,Owner_of_vehicle,Service_year_of_vehicle,Defect_of_vehicle,Area_accident_occured,Lanes_or_Medians,Road_allignment,Types_of_Junction,Road_surface_type,Road_surface_conditions,Light_conditions,Weather_conditions,Type_of_collision,Number_of_vehicles_involved,Number_of_casualties,Vehicle_movement,Casualty_class,Sex_of_casualty,Age_band_of_casualty,Casualty_severity,Cause_of_accident,Accident_severity
2024-10-05 11:43:00,Sunday,Unknown,Male,Junior high school,2-5yr,Other,Owner,Above 10yr,No defect,Other,Other,Tangent road with flat terrain,No junction,Asphalt roads,Dry,Daylight,Normal,Vehicle with vehicle collision,4,1,Other,Driver or rider,Female,18-30,3.0,No priority to vehicle,Slight Injury
2024-10-05 11:43:00,Sunday,Unknown,Male,Elementary school,5-10yr,Other,Owner,Unknown,No defect,Other,Two-way (divided with broken lines road marking),Tangent road with flat terrain,No junction,Asphalt roads,Dry,Daylight,Normal,Collision with roadside objects,4,1,Going straight,,,,,Changing lane to the left,Slight Injury
2024-10-05 17:40:00,Wednesday,Unknown,Male,Junior high school,2-5yr,Automobile,Organization,2-5yrs,Unknown,Office areas,Two-way (divided with broken lines road marking),Tangent road with mountainous terrain and,No junction,Asphalt roads,Dry,Darkness - lights lit,Normal,Collision with roadside objects,2,1,Going straight,,,,,Changing lane to the left,Slight Injury
2024-10-05 17:40:00,Wednesday,31-50,Unknown,Junior high school,Below 1yr,Stationwagen,Owner,Unknown,Unknown,Office areas,Two-way (divided with broken lines road marking),Tangent road with flat terrain,No junction,Asphalt roads,Dry,Darkness - lights lit,Normal,Vehicle with vehicle collision,2,1,Going straight,Driver or rider,Male,31-50,3.0,No distancing,Slight Injury
2024-10-05 13:45:00,Friday,31-50,Male,Elementary school,2-5yr,Other,Owner,5-10yrs,Unknown,Other,Undivided Two way,Tangent road with flat terrain,No junction,Earth roads,Wet or damp,Daylight,Normal,Collision with roadside objects,1,2,Going straight,,,,,No priority to vehicle,Slight Injury
2024-10-05 13:45:00,Friday,31-50,Male,Junior high school,2-5yr,Other,Owner,5-10yrs,No defect,Office areas,Two-way (divided with broken lines road marking),Tangent road with flat terrain,No junction,Asphalt roads,Wet or damp,Daylight,Normal,Collision with roadside objects,1,2,Other,Driver or rider,Male,31-50,3.0,No distancing,Slight Injury
2024-10-05 08:53:00,Wednesday,Unknown,Male,Junior high school,2-5yr,Ridden horse,Owner,2-5yrs,No defect,Industrial areas,Two-way (divided with broken lines road marking),Tangent road with flat terrain,Crossing,Asphalt roads,Wet or damp,Daylight,Normal,Vehicle with vehicle collision,1,1,Moving Backward,,,,,No distancing,Slight Injury
2024-10-05 08:40:00,Monday,Under 18,Male,Junior high school,5-10yr,Other,Owner,Unknown,No defect,Office areas,Undivided Two way,Tangent road with flat terrain,No junction,Asphalt roads,Dry,Daylight,Normal,Vehicle with vehicle collision,2,1,Other,Driver or rider,Male,18-30,3.0,Changing lane to the right,Slight Injury
2024-10-05 08:40:00,Monday,Unknown,Male,Junior high school,5-10yr,Other,Owner,Unknown,Unknown,Other,Undivided Two way,Tangent road with flat terrain,No junction,Asphalt roads,Dry,Daylight,Normal,Collision with roadside objects,2,1,Going straight,,,,,Changing lane to the left,Slight Injury
2024-10-05 09:27:00,Friday,18-30,Male,Junior high school,Unknown,Lorry (41-100Q),Owner,Above 10yr,Unknown,Other,Two-way (divided with broken lines road marking),Tangent road with flat terrain,Y Shape,Asphalt roads,Dry,Daylight,Normal,Vehicle with vehicle collision,2,1,Going straight,Driver or rider,Male,31-50,3.0,No distancing,Slight Injury
2024-10-05 09:27:00,Friday,31-50,Male,Junior high school,5-10yr,Lorry (41-100Q),Owner,Unknown,Unknown,Office areas,Two-way (divided with broken lines road marking),Tangent road with flat terrain,Y Shape,Asphalt roads,Dry,Daylight,Normal,Vehicle with vehicle collision,2,1,Other,Driver or rider,Male,5,2.0,Overturning,Slight Injury
2024-10-05 13:18:00,Thursday,Over 51,Male,Junior high school,2-5yr,Lorry (41-100Q),Other,Unknown,Unknown,Church areas,Other,Tangent road with flat terrain,Other,Asphalt roads,Dry,Daylight,Normal,Vehicle with vehicle collision,2,1,Going straight,Pedestrian,Male,18-30,3.0,No priority to vehicle,Slight Injury
2024-10-05 13:18:00,Thursday,Unknown,Female,Junior high school,Below 1yr,Stationwagen,Owner,Unknown,Unknown,Office areas,Other,Tangent road with flat terrain,Other,Asphalt roads,Dry,Daylight,Normal,Vehicle with vehicle collision,2,1,Going straight,Driver or rider,Male,18-30,3.0,Moving Backward,Slight Injury
2024-10-05 13:24:00,Wednesday,31-50,Male,Junior high school,1-2yr,Lorry (41-100Q),Owner,Unknown,Unknown,Residential areas,Other,Tangent road with flat terrain,T Shape,Asphalt roads,Dry,Daylight,Normal,Vehicle with vehicle collision,2,2,Going straight,Pedestrian,Male,18-30,3.0,Driving under the influence of drugs,Slight Injury
2024-10-05 13:24:00,Wednesday,18-30,Male,Junior high school,Below 1yr,Automobile,Owner,Unknown,No defect,Recreational areas,Two-way (divided with broken lines road marking),Tangent road with flat terrain,T Shape,Asphalt roads,Dry,Daylight,Normal,Vehicle with vehicle collision,2,2,Going straight,Pedestrian,Male,31-50,3.0,Moving Backward,Slight Injury
2024-10-05 13:24:00,Wednesday,18-30,Male,Junior high school,Above 10yr,Automobile,Governmental,5-10yrs,Unknown,Other,Other,Tangent road with flat terrain,T Shape,Asphalt roads,Dry,Daylight,Normal,Collision with pedestrians,2,2,Going straight,Pedestrian,Female,31-50,3.0,Changing lane to the right,Slight Injury
2024-10-05 12:32:00,Thursday,Under 18,Male,Junior high school,Below 1yr,Pick up upto 10Q,Owner,Unknown,No defect,Church areas,Undivided Two way,Tangent road with flat terrain,Other,Earth roads,Wet or damp,Daylight,Snow,Vehicle with vehicle collision,2,2,Going straight,,,,,Overspeed,Slight Injury
2024-10-05 12:32:00,Thursday,31-50,Male,Junior high school,2-5yr,Taxi,Owner,Unknown,No defect,Other,One way,Tangent road with flat terrain,Other,Asphalt roads,Wet or damp,Daylight,Snow,Collision with roadside objects,2,2,Going straight,Driver or rider,Male,31-50,2.0,Driving under the influence of drugs,Slight Injury
2024-10-05 08:52:00,Thursday,Over 51,Male,Junior high school,1-2yr,Other,Owner,Above 10yr,No defect,Other,Two-way (divided with broken lines road marking),Tangent road with flat terrain,Crossing,Asphalt roads,Wet or damp,Daylight,Other,Vehicle with vehicle collision,3,2,Other,Driver or rider,Male,18-30,3.0,Driving carelessly,Slight Injury
2024-10-05 08:52:00,Thursday,31-50,Male,Elementary school,5-10yr,Automobile,Owner,5-10yrs,Unknown,Church areas,Undivided Two way,Tangent road with flat terrain,Crossing,Asphalt roads,Wet or damp,Daylight,Other,Vehicle with vehicle collision,3,2,Going straight,,,,,No distancing,Slight Injury
2024-10-05 08:52:00,Thursday,31-50,Male,Junior high school,Below 1yr,Other,Owner,Unknown,Unknown,Office areas,Two-way (divided with broken lines road marking),Tangent road with mild grade and flat terrain,Crossing,Asphalt roads,Wet or damp,Daylight,Other,Vehicle with vehicle collision,3,2,Going straight,Driver or rider,Male,18-30,3.0,No priority to vehicle,Slight Injury
2024-10-05 08:20:00,Friday,Unknown,Male,Junior high school,Below 1yr,Long lorry,Owner,Unknown,Unknown,Office areas,Double carriageway (median),Tangent road with flat terrain,Crossing,Other,Dry,Daylight,Normal,Vehicle with vehicle collision,2,1,Going straight,,,,,Overspeed,Slight Injury
2024-10-05 08:20:00,Friday,31-50,Male,Writing & reading,Below 1yr,Public (12 seats),Organization,5-10yrs,No defect,Church areas,Two-way (divided with broken lines road marking),Tangent road with flat terrain,Crossing,Gravel roads,Dry,Daylight,Normal,Vehicle with vehicle collision,2,1,Going straight,Driver or rider,Male,31-50,3.0,Driving under the influence of drugs,Slight Injury
2024-10-05 18:24:00,Thursday,Unknown,Male,Junior high school,1-2yr,Pick up upto 10Q,Organization,2-5yrs,No defect,Other,Undivided Two way,Tangent road with mountainous terrain and,No junction,Gravel roads,Dry,Daylight,Other,Vehicle with vehicle collision,2,1,Going straight,,,,,Changing lane to the right,Slight Injury
2024-10-05 18:24:00,Thursday,Over 51,Male,Elementary school,5-10yr,Other,Owner,Unknown,No defect,Other,Undivided Two way,Tangent road with flat terrain,No junction,Asphalt roads,Dry,Daylight,Other,Vehicle with vehicle collision,2,1,Going straight,,,,,Changing lane to the right,Slight Injury
2024-10-05 08:00:00,Friday,Unknown,Male,Junior high school,2-5yr,Other,Owner,Unknown,No defect,Church areas,Undivided Two way,Tangent road with flat terrain,No junction,Asphalt roads,Dry,Daylight,Snow,Vehicle with vehicle collision,1,1,Moving Backward,Driver or rider,Male,31-50,3.0,Changing lane to the right,Slight Injury
2024-10-05 18:26:00,Saturday,18-30,Male,Junior high school,Below 1yr,Lorry (41-100Q),Owner,5-10yrs,No defect,Industrial areas,Two-way (divided with broken lines road marking),Tangent road with mild grade and flat terrain,Y Shape,Earth roads,Dry,Darkness - lights lit,Other,Vehicle with vehicle collision,2,1,Going straight,Driver or rider,Female,18-30,3.0,Changing lane to the right,Serious Injury
2024-10-05 18:26:00,Saturday,18-30,Male,Writing & reading,5-10yr,Automobile,Owner,Unknown,No defect,Office areas,Undivided Two way,Tangent road with flat terrain,Y Shape,Asphalt roads,Dry,Darkness - lights lit,Other,Collision with roadside objects,2,1,Going straight,,,,,Moving Backward,Serious Injury
2024-10-05 06:46:00,Wednesday,31-50,Male,Writing & reading,5-10yr,Pick up upto 10Q,Owner,Unknown,No defect,School areas,Undivided Two way,Tangent road with flat terrain,No junction,Asphalt roads,Dry,Darkness - lights lit,Normal,Vehicle with vehicle collision,2,1,Going straight,Driver or rider,Female,18-30,3.0,No distancing,Serious Injury
2024-10-05 06:46:00,Wednesday,Over 51,Male,Junior high school,5-10yr,Lorry (41-100Q),Owner,Unknown,No defect,Other,Undivided Two way,Tangent road with flat terrain,No junction,Asphalt roads,Dry,Darkness - lights lit,Normal,Collision with roadside objects,2,1,Going straight,,,,,Overspeed,Serious Injury
2024-10-05 17:00:00,Tuesday,Unknown,Male,Junior high school,2-5yr,Lorry (41-100Q),Owner,Unknown,No defect,Church areas,One way,Tangent road with flat terrain,No junction,Asphalt roads,Dry,Daylight,Normal,Vehicle with vehicle collision,2,1,Going straight,Driver or rider,Male,18-30,3.0,No distancing,Slight Injury
2024-10-05 17:00:00,Tuesday,18-30,Male,Junior high school,Above 10yr,Long lorry,Owner,Unknown,No defect,Office areas,Undivided Two way,Tangent road with flat terrain,No junction,Earth roads,Dry,Daylight,Normal,Vehicle with vehicle collision,2,1,Going straight,Driver or rider,Male,18-30,2.0,Driving carelessly,Slight Injury
2024-10-05 22:00:00,Wednesday,Unknown,Female,Junior high school,5-10yr,Public (> 45 seats),Owner,Unknown,No defect,Other,Other,Steep grade downward with mountainous terrain,No junction,Asphalt roads,Dry,Darkness - lights lit,Other,Other,2,1,Going straight,,,,,No distancing,Serious Injury
2024-10-05 22:00:00,Wednesday,Under 18,Male,Junior high school,Above 10yr,Public (> 45 seats),Owner,2-5yrs,No defect,Other,Other,Tangent road with flat terrain,No junction,Asphalt roads,Dry,Darkness - lights lit,Other,Collision with pedestrians,2,1,Getting off,Pedestrian,Male,18-30,3.0,No distancing,Serious Injury
2024-10-05 21:30:00,Thursday,Unknown,Female,Junior high school,2-5yr,Automobile,Owner,Unknown,Unknown,Other,Two-way (divided with broken lines road marking),Tangent road with flat terrain,Other,Asphalt roads,Wet or damp,Darkness - lights lit,Normal,Vehicle with vehicle collision,2,1,Going straight,Pedestrian,Male,31-50,3.0,No distancing,Serious Injury
2024-10-05 21:30:00,Thursday,18-30,Male,Junior high school,Below 1yr,Automobile,Owner,2-5yrs,Unknown,Other,One way,Tangent road with flat terrain,Other,Asphalt roads,Wet or damp,Darkness - lights lit,Normal,Vehicle with vehicle collision,2,1,Going straight,Driver or rider,Male,18-30,3.0,Changing lane to the right,Serious Injury
2024-10-05 19:27:00,Monday,18-30,Male,Junior high school,Below 1yr,Automobile,Owner,Above 10yr,No defect,Church areas,Two-way (divided with broken lines road marking),Tangent road with mild grade and flat terrain,Crossing,Asphalt roads,Dry,Darkness - lights lit,Other,Vehicle with vehicle collision,2,1,Turnover,,,,,No distancing,Slight Injury
2024-10-05 19:27:00,Monday,31-50,Male,Junior high school,5-10yr,Other,Governmental,2-5yrs,No defect,Residential areas,Two-way (divided with broken lines road marking),Tangent road with flat terrain,Crossing,Asphalt roads,Dry,Darkness - lights lit,Other,Collision with pedestrians,2,1,Moving Backward,Driver or rider,Male,31-50,3.0,No priority to vehicle,Slight Injury
2024-10-05 10:55:00,Thursday,Unknown,Male,Junior high school,2-5yr,Public (12 seats),Owner,2-5yrs,No defect,Office areas,Two-way (divided with broken lines road marking),Tangent road with mild grade and flat terrain,No junction,Asphalt roads,Dry,Daylight,Normal,Collision with roadside objects,2,1,Going straight,Driver or rider,Male,31-50,3.0,Changing lane to the left,Slight Injury
2024-10-05 10:55:00,Thursday,18-30,Male,Elementary school,Below 1yr,Automobile,Owner,2-5yrs,No defect,Other,Two-way (divided with broken lines road marking),Tangent road with flat terrain,No junction,Asphalt roads,Dry,Daylight,Normal,Other,2,1,Moving Backward,Driver or rider,Male,31-50,3.0,Moving Backward,Slight Injury
2024-10-05 07:15:00,Wednesday,18-30,Male,Junior high school,2-5yr,Stationwagen,Owner,2-5yrs,No defect,Office areas,Two-way (divided with broken lines road marking),Tangent road with mild grade and flat terrain,No junction,Asphalt roads,Dry,Daylight,Normal,Vehicle with vehicle collision,2,1,Going straight,Driver or rider,Male,31-50,3.0,Driving carelessly,Slight Injury
2024-10-05 07:15:00,Wednesday,Unknown,Female,Junior high school,5-10yr,Automobile,Owner,2-5yrs,No defect,Other,Two-way (divided with broken lines road marking),Tangent road with flat terrain,No junction,Asphalt roads,Dry,Daylight,Normal,Other,2,1,Other,,,,,Changing lane to the left,Slight Injury
2024-10-05 08:11:00,Tuesday,18-30,Male,High school,Above 10yr,Automobile,Owner,1-2yr,No defect,Church areas,Undivided Two way,Tangent road with flat terrain,No junction,Earth roads,Dry,Daylight,Normal,Other,1,1,Going straight,,,,,No priority to pedestrian,Slight Injury
2024-10-05 06:44:00,Tuesday,31-50,Male,High school,Above 10yr,Automobile,Owner,Unknown,No defect,Office areas,Two-way (divided with broken lines road marking),Tangent road with flat terrain,Y Shape,Asphalt roads,Dry,Darkness - lights lit,Normal,Other,1,1,Other,Driver or rider,Female,18-30,3.0,No distancing,Slight Injury
2024-10-05 08:29:00,Monday,Over 51,Male,Junior high school,5-10yr,Other,Owner,Unknown,No defect,Other,Two-way (divided with broken lines road marking),Tangent road with flat terrain,No junction,Asphalt roads,Dry,Daylight,Normal,Vehicle with vehicle collision,1,1,Going straight,Pedestrian,Male,31-50,3.0,No distancing,Slight Injury
2024-10-05 08:10:00,Monday,31-50,Male,Elementary school,1-2yr,Other,Owner,Unknown,No defect,Other,Two-way (divided with broken lines road marking),Tangent road with flat terrain,Crossing,Asphalt roads,Dry,Daylight,Normal,Vehicle with vehicle collision,2,2,Other,Pedestrian,Male,5,3.0,Overturning,Slight Injury
2024-10-05 08:10:00,Monday,31-50,Male,Elementary school,5-10yr,Pick up upto 10Q,Owner,Above 10yr,Unknown,School areas,Two-way (divided with broken lines road marking),Tangent road with flat terrain,Crossing,Asphalt roads,Dry,Daylight,Normal,Collision with roadside objects,2,2,Going straight,,,,,No distancing,Slight Injury
2024-10-05 09:20:00,Tuesday,Unknown,Male,Junior high school,5-10yr,Turbo,Owner,Unknown,No defect,Church areas,Double carriageway (median),Tangent road with mild grade and flat terrain,No junction,Earth roads,Dry,Daylight,Normal,Collision with roadside objects,2,4,Going straight,Driver or rider,Male,31-50,3.0,Drunk driving,Slight Injury
2024-10-05 09:20:00,Tuesday,18-30,Male,Junior high school,1-2yr,Pick up upto 10Q,Owner,Unknown,Unknown,School areas,Undivided Two way,Tangent road with flat terrain,No junction,Asphalt roads,Dry,Daylight,Normal,Vehicle with vehicle collision,2,4,Going straight,Driver or rider,Female,18-30,2.0,Moving Backward,Slight Injury
2024-10-05 09:20:00,Tuesday,18-30,Male,Junior high school,5-10yr,Other,Owner,2-5yrs,No defect,Residential areas,Double carriageway (median),Tangent road with flat terrain,No junction,Asphalt roads,Dry,Daylight,Normal,Vehicle with vehicle collision,2,4,Going straight,,,,,No priority to pedestrian,Slight Injury
2024-10-05 09:20:00,Tuesday,18-30,Male,High school,Above 10yr,Stationwagen,Other,Unknown,Unknown,Office areas,Two-way (divided with broken lines road marking),Tangent road with flat terrain,No junction,Asphalt roads,Dry,Daylight,Normal,Vehicle with vehicle collision,2,4,Going straight,,,,,Changing lane to the left,Slight Injury
2024-10-05 09:20:00,Tuesday,18-30,Male,Unknown,Below 1yr,Pick up upto 10Q,Owner,Unknown,Unknown,Office areas,Undivided Two way,Tangent road with flat terrain,No junction,Asphalt roads,Dry,Daylight,Normal,Vehicle with vehicle collision,2,4,Other,Driver or rider,Male,18-30,3.0,Changing lane to the left,Slight Injury
2024-10-05 19:38:00,Saturday,Unknown,Female,Writing & reading,5-10yr,Lorry (41-100Q),Governmental,5-10yrs,No defect,Church areas,Two-way (divided with broken lines road marking),Tangent road with flat terrain,No junction,Asphalt roads,Dry,Darkness - lights lit,Other,Vehicle with vehicle collision,1,1,Other,Pedestrian,Female,Under 18,2.0,Getting off the vehicle improperly,Slight Injury
2024-10-05 22:20:00,Tuesday,18-30,Male,Above high school,Above 10yr,Lorry (41-100Q),Owner,2-5yrs,Unknown,Residential areas,Undivided Two way,Tangent road with flat terrain,Y Shape,Asphalt roads,Dry,Darkness - lights lit,Normal,Rollover,2,1,Going straight,,,,,No distancing,Slight Injury
2024-10-05 22:20:00,Tuesday,Over 51,Male,High school,Below 1yr,Automobile,Owner,Unknown,No defect,Office areas,Other,Tangent road with flat terrain,Y Shape,Asphalt roads,Dry,Darkness - lights lit,Normal,Vehicle with vehicle collision,2,1,Going straight,Pedestrian,Male,31-50,2.0,Changing lane to the right,Slight Injury
2024-10-05 13:15:00,Sunday,Unknown,Female,Junior high school,1-2yr,Automobile,Owner,2-5yrs,No defect,Residential areas,One way,Tangent road with flat terrain,Y Shape,Asphalt roads,Dry,Daylight,Normal,Collision with roadside objects,2,1,Getting off,Passenger,Male,Over 51,3.0,Changing lane to the right,Slight Injury
2024-10-05 13:15:00,Sunday,18-30,Male,Junior high school,Above 10yr,Pick up upto 10Q,Owner,2-5yrs,No defect,Other,Two-way (divided with broken lines road marking),Tangent road with flat terrain,Y Shape,Other,Dry,Daylight,Normal,Collision with pedestrians,2,1,Going straight,Driver or rider,Male,18-30,3.0,Moving Backward,Slight Injury
2024-10-05 08:50:00,Wednesday,31-50,Male,Junior high school,Above 10yr,Pick up upto 10Q,Governmental,2-5yrs,No defect,Other,Two-way (divided with broken lines road marking),Tangent road with flat terrain,No junction,Asphalt roads,Wet or damp,Daylight,Normal,Vehicle with vehicle collision,1,1,Going straight,Pedestrian,Male,18-30,3.0,Driving at high speed,Slight Injury
2024-10-05 16:10:00,Friday,18-30,Male,Junior high school,Above 10yr,Lorry (41-100Q),Owner,Unknown,No defect,Residential areas,Two-way (divided with broken lines road marking),Tangent road with flat terrain,No junction,Asphalt roads,Wet or damp,Daylight,Normal,Vehicle with vehicle collision,2,4,Going straight,Pedestrian,Male,31-50,3.0,Changing lane to the left,Slight Injury
2024-10-05 16:10:00,Friday,18-30,Male,Junior high school,No Licence,Public (12 seats),Owner,5-10yrs,No defect,Industrial areas,Undivided Two way,Tangent road with flat terrain,No junction,Asphalt roads,Wet or damp,Daylight,Normal,Vehicle with vehicle collision,2,4,Going straight,,,,,Changing lane to the right,Slight Injury
2024-10-05 16:10:00,Friday,Unknown,Male,Junior high school,1-2yr,Other,Owner,2-5yrs,No defect,Other,Undivided Two way,Steep grade downward with mountainous terrain,No junction,Asphalt roads,Wet or damp,Daylight,Normal,Vehicle with vehicle collision,2,4,Going straight,Driver or rider,Male,18-30,3.0,No distancing,Slight Injury
2024-10-05 16:10:00,Friday,Unknown,Male,Illiterate,1-2yr,Stationwagen,Owner,1-2yr,No defect,Office areas,Undivided Two way,Tangent road with flat terrain,No junction,Asphalt roads,Wet or damp,Daylight,Normal,Vehicle with vehicle collision,2,4,Getting off,,,,,Changing lane to the right,Slight Injury
2024-10-05 11:42:00,Monday,Over 51,Male,Junior high school,Below 1yr,Automobile,Organization,2-5yrs,No defect,Other,Two-way (divided with broken lines road marking),Tangent road with mountainous terrain and,Y Shape,Asphalt roads,Wet or damp,Daylight,Cloudy,Vehicle with vehicle collision,1,1,Going straight,Driver or rider,Male,31-50,3.0,Changing lane to the right,Slight Injury
2024-10-05 16:21:00,Thursday,Under 18,Male,Junior high school,1-2yr,Automobile,Governmental,1-2yr,Unknown,Other,Undivided Two way,Tangent road with flat terrain,Y Shape,Asphalt roads,Wet or damp,Darkness - lights lit,Other,Vehicle with vehicle collision,3,2,Going straight,Pedestrian,Male,Under 18,3.0,No distancing,Serious Injury
2024-10-05 16:21:00,Thursday,31-50,Male,Junior high school,2-5yr,Lorry (41-100Q),Owner,Unknown,No defect,Other,Two-way (divided with broken lines road marking),Tangent road with flat terrain,Y Shape,Earth roads,Wet or damp,Darkness - lights lit,Other,Collision with roadside objects,3,2,Other,,,,,Changing lane to the right,Serious Injury
2024-10-05 16:21:00,Thursday,Under 18,Male,Unknown,5-10yr,Stationwagen,Owner,2-5yrs,No defect,Other,Double carriageway (median),Tangent road with flat terrain,Y Shape,Asphalt roads,Wet or damp,Darkness - lights lit,Other,Rollover,3,2,Going straight,Driver or rider,Female,Over 51,3.0,Driving carelessly,Serious Injury
2024-10-05 19:15:00,Thursday,18-30,Male,Unknown,Above 10yr,Lorry (41-100Q),Owner,Unknown,7,Office areas,Undivided Two way,Tangent road with flat terrain,Y Shape,Asphalt roads,Dry,Darkness - lights lit,Other,Vehicle with vehicle collision,2,1,Going straight,Driver or rider,Male,31-50,3.0,Driving carelessly,Slight Injury
2024-10-05 19:15:00,Thursday,18-30,Male,Junior high school,2-5yr,Public (> 45 seats),Governmental,1-2yr,No defect,Other,Two-way (divided with broken lines road marking),Tangent road with flat terrain,Y Shape,Asphalt roads,Dry,Darkness - lights lit,Other,Collision with pedestrians,2,1,Going straight,Pedestrian,Female,31-50,3.0,Changing lane to the right,Slight Injury
2024-10-05 14:15:00,Saturday,Unknown,Female,Elementary school,Above 10yr,Automobile,Other,Unknown,Unknown,Other,Other,Tangent road with flat terrain,Y Shape,Asphalt roads,Dry,Daylight,Other,Vehicle with vehicle collision,1,1,Going straight,Passenger,Female,5,3.0,Overturning,Slight Injury
2024-10-05 02:30:00,Saturday,Unknown,Male,Writing & reading,5-10yr,Automobile,Organization,Unknown,No defect,Other,Two-way (divided with broken lines road marking),Tangent road with flat terrain,Y Shape,Asphalt roads,Snow,Darkness - lights lit,Snow,Vehicle with vehicle collision,2,1,Going straight,Driver or rider,Male,18-30,3.0,Changing lane to the right,Slight Injury
2024-10-05 02:30:00,Saturday,Unknown,Male,Unknown,Unknown,Automobile,Owner,Above 10yr,Unknown,Other,Other,Steep grade downward with mountainous terrain,Y Shape,Asphalt roads,Snow,Darkness - lights lit,Snow,Collision with pedestrians,2,1,Reversing,,,,,Moving Backward,Slight Injury
2024-10-05 08:35:00,Tuesday,Unknown,Female,Junior high school,5-10yr,Other,Owner,Unknown,Unknown,Office areas,Undivided Two way,Tangent road with flat terrain,Y Shape,Asphalt roads,Dry,Daylight,Normal,Collision with pedestrians,2,1,Other,Driver or rider,Male,18-30,3.0,No distancing,Slight Injury
2024-10-05 08:35:00,Tuesday,31-50,Male,Junior high school,Below 1yr,Lorry (41-100Q),Owner,Unknown,No defect,Office areas,One way,Tangent road with flat terrain,Y Shape,Asphalt roads,Dry,Daylight,Normal,Vehicle with vehicle collision,2,1,Going straight,Pedestrian,Male,18-30,3.0,Overturning,Slight Injury
2024-10-05 07:40:00,Thursday,Unknown,Male,Junior high school,2-5yr,Lorry (41-100Q),Owner,Above 10yr,No defect,Church areas,Other,Tangent road with flat terrain,Y Shape,Asphalt roads,Dry,Daylight,Other,Vehicle with vehicle collision,2,1,Going straight,Pedestrian,Male,18-30,2.0,Driving carelessly,Slight Injury
2024-10-05 07:40:00,Thursday,31-50,Male,Elementary school,2-5yr,Automobile,Owner,Unknown,No defect,Office areas,Double carriageway (median),Tangent road with flat terrain,Y Shape,Asphalt roads,Dry,Daylight,Other,Vehicle with vehicle collision,2,1,Going straight,Pedestrian,Male,18-30,3.0,Changing lane to the right,Slight Injury
2024-10-05 22:23:00,Saturday,31-50,Male,Junior high school,2-5yr,Stationwagen,Owner,Above 10yr,No defect,Office areas,Other,Tangent road with flat terrain,No junction,Asphalt roads,Dry,Darkness - lights lit,Normal,Vehicle with vehicle collision,4,1,Going straight,,,,,Driving at high speed,Slight Injury
2024-10-05 22:23:00,Saturday,Unknown,Male,Junior high school,2-5yr,Public (12 seats),Owner,Unknown,No defect,Office areas,Two-way (divided with broken lines road marking),Tangent road with flat terrain,No junction,Asphalt roads,Dry,Darkness - lights lit,Normal,Vehicle with vehicle collision,4,1,Going straight,Driver or rider,Female,31-50,3.0,Changing lane to the left,Slight Injury
2024-10-05 22:23:00,Saturday,Unknown,Male,Junior high school,5-10yr,Public (12 seats),Owner,Unknown,No defect,Office areas,One way,Tangent road with flat terrain,No junction,Asphalt roads,Dry,Darkness - lights lit,Normal,Collision with roadside objects,4,1,Going straight,,,,,Driving carelessly,Slight Injury
2024-10-05 22:23:00,Saturday,Unknown,Male,Junior high school,5-10yr,Automobile,Owner,2-5yrs,No defect,Residential areas,Undivided Two way,Tangent road with flat terrain,No junction,Asphalt roads,Dry,Darkness - lights lit,Normal,Vehicle with vehicle collision,4,1,Going straight,Driver or rider,Male,31-50,3.0,No distancing,Slight Injury
2024-10-05 08:05:00,Wednesday,18-30,Male,Junior high school,Above 10yr,Public (12 seats),Owner,Above 10yr,No defect,Residential areas,Other,Tangent road with flat terrain,No junction,Asphalt roads,Wet or damp,Daylight,Raining,Vehicle with vehicle collision,2,1,Going straight,Driver or rider,Male,Over 51,3.0,Moving Backward,Slight Injury
2024-10-05 08:05:00,Wednesday,18-30,Male,Elementary school,5-10yr,Public (12 seats),Owner,5-10yrs,Unknown,Residential areas,Undivided Two way,Tangent road with flat terrain,No junction,Earth roads,Wet or damp,Daylight,Raining,Vehicle with vehicle collision,2,1,Going straight,Passenger,Male,18-30,3.0,No priority to pedestrian,Slight Injury
2024-10-05 18:30:00,Tuesday,31-50,Male,Junior high school,5-10yr,Lorry (41-100Q),Owner,5-10yrs,Unknown,Office areas,Double carriageway (median),Tangent road with flat terrain,Other,Asphalt roads,Snow,Darkness - lights lit,Snow,Vehicle with vehicle collision,1,1,Moving Backward,Passenger,Female,Under 18,3.0,Moving Backward,Slight Injury
2024-10-05 15:43:00,Friday,31-50,Male,Junior high school,Above 10yr,Automobile,Owner,Unknown,No defect,Residential areas,Two-way (divided with broken lines road marking),Steep grade downward with mountainous terrain,No junction,Other,Dry,Daylight,Normal,Vehicle with vehicle collision,1,1,Moving Backward,,,,,Changing lane to the right,Serious Injury
2024-10-05 16:17:00,Monday,18-30,Male,Elementary school,Unknown,Lorry (41-100Q),Governmental,Unknown,No defect,Other,Two-way (divided with broken lines road marking),Tangent road with flat terrain,No junction,Asphalt roads,Dry,Daylight,Normal,Vehicle with vehicle collision,1,1,Turnover,,,,,No distancing,Slight Injury