Time,Day_of_week,Age_band_of_driver,Sex_of_driver,Educational_level,Driving_experience,Type_of_vehicle,Owner_of_vehicle,Service_year_of_vehicle,Defect_of_vehicle,Area_accident_occured,Lanes_or_Medians,Road_allignment,Types_of_Junction,Road_surface_type,Road_surface_conditions,Light_conditions,Weather_conditions,Type_of_collision,Number_of_vehicles_involved,Number_of_casualties,Vehicle_movement,Casualty_class,Sex_of_casualty,Age_band_of_casualty,Casualty_severity,Cause_of_accident,Accident_severity
2024-10-05 03:20:00,Sunday,18-30,Male,Junior high school,5-10yr,Lorry (41-100Q),Owner,Unknown,No defect,Office areas,Double carriageway (median),Tangent road with flat terrain,Y Shape,Asphalt roads,Dry,Darkness - lights lit,Normal,Vehicle with vehicle collision,2,1,Going straight,Pedestrian,Male,31-50,3.0,Changing lane to the right,Serious Injury
2024-10-05 16:00:00,Monday,Unknown,Female,Junior high school,Above 10yr,Automobile,Owner,Unknown,No defect,Residential areas,Two-way (divided with broken lines road marking),Tangent road with flat terrain,Y Shape,Asphalt roads,Dry,Daylight,Other,Collision with pedestrians,1,1,Going straight,Pedestrian,Female,Over 51,3.0,Turnover,Slight Injury
2024-10-05 08:40:00,Friday,Unknown,Male,Junior high school,5-10yr,Automobile,Owner,Unknown,No defect,Office areas,Double carriageway (median),Gentle horizontal curve,No junction,Asphalt roads,Dry,Daylight,Other,Rollover,2,1,Going straight,Driver or rider,Male,18-30,3.0,No priority to vehicle,Slight Injury
2024-10-05 08:40:00,Friday,31-50,Male,Junior high school,1-2yr,Public (12 seats),Owner,Unknown,No defect,Office areas,Double carriageway (median),Tangent road with flat terrain,No junction,Asphalt roads,Dry,Daylight,Other,Vehicle with vehicle collision,2,1,Going straight,Driver or rider,Male,18-30,2.0,Driving at high speed,Slight Injury
2024-10-05 12:32:00,Wednesday,31-50,Male,Junior high school,1-2yr,Taxi,Organization,Unknown,No defect,Other,Double carriageway (median),Tangent road with flat terrain,No junction,Asphalt roads,Dry,Daylight,Normal,Rollover,2,1,Going straight,,,,,No distancing,Slight Injury
2024-10-05 12:32:00,Wednesday,18-30,Male,Junior high school,1-2yr,Automobile,Owner,Unknown,No defect,Office areas,Two-way (divided with broken lines road marking),Tangent road with flat terrain,No junction,Asphalt roads,Dry,Daylight,Normal,Vehicle with vehicle collision,2,1,Reversing,,,,,No distancing,Slight Injury
2024-10-05 19:57:00,Friday,Unknown,Male,High school,2-5yr,Public (12 seats),Owner,Unknown,No defect,Office areas,Other,Tangent road with flat terrain,Crossing,Other,Dry,Darkness - lights lit,Normal,Vehicle with vehicle collision,3,2,Going straight,Driver or rider,Male,31-50,3.0,Driving carelessly,Slight Injury
2024-10-05 19:57:00,Friday,Under 18,Male,High school,Above 10yr,Stationwagen,Governmental,Unknown,Unknown,Office areas,One way,Tangent road with flat terrain,Crossing,Other,Dry,Darkness - lights lit,Normal,Vehicle with vehicle collision,3,2,Going straight,Driver or rider,Male,18-30,3.0,Driving carelessly,Slight Injury
2024-10-05 19:57:00,Friday,Under 18,Male,Elementary school,2-5yr,Stationwagen,Owner,Unknown,Unknown,Other,Undivided Two way,Tangent road with flat terrain,Crossing,Asphalt roads,Dry,Darkness - lights lit,Normal,Fall from vehicles,3,2,Other,,,,,Moving Backward,Slight Injury
2024-10-05 19:57:00,Friday,18-30,Male,Junior high school,Above 10yr,Automobile,Owner,Unknown,Unknown,Residential areas,Other,Tangent road with flat terrain,Crossing,Asphalt roads,Dry,Darkness - lights lit,Normal,Vehicle with vehicle collision,3,2,Entering a junction,Driver or rider,Male,18-30,3.0,No distancing,Slight Injury
2024-10-05 19:11:00,Friday,Unknown,Female,High school,2-5yr,Lorry (41-100Q),Owner,2-5yrs,No defect,Residential areas,Two-way (divided with broken lines road marking),Gentle horizontal curve,No junction,Asphalt roads,Dry,Daylight,Normal,Collision with roadside objects,2,1,Turnover,Driver or rider,Male,31-50,3.0,Changing lane to the right,Slight Injury
2024-10-05 19:11:00,Friday,Under 18,Male,Junior high school,No Licence,Automobile,Owner,5-10yrs,Unknown,Church areas,Two-way (divided with broken lines road marking),Tangent road with flat terrain,No junction,Asphalt roads,Dry,Daylight,Normal,Vehicle with vehicle collision,2,1,Going straight,,,,,Overtaking,Slight Injury
2024-10-05 08:20:00,Thursday,Under 18,Male,Junior high school,1-2yr,Public (12 seats),Owner,5-10yrs,Unknown,Other,Two-way (divided with broken lines road marking),Tangent road with flat terrain,No junction,Asphalt roads,Dry,Daylight,Normal,Vehicle with vehicle collision,2,1,Going straight,Pedestrian,Female,18-30,2.0,No distancing,Slight Injury
2024-10-05 08:20:00,Thursday,18-30,Male,Junior high school,5-10yr,Automobile,Owner,Unknown,Unknown,Residential areas,Two-way (divided with broken lines road marking),Tangent road with flat terrain,No junction,Asphalt roads,Dry,Daylight,Normal,Vehicle with vehicle collision,2,1,Going straight,Driver or rider,Male,31-50,3.0,Overtaking,Slight Injury
2024-10-05 04:57:00,Saturday,Unknown,Female,Junior high school,1-2yr,Automobile,Owner,2-5yrs,Unknown,Other,Undivided Two way,Tangent road with flat terrain,Y Shape,Asphalt roads,Wet or damp,Darkness - lights lit,Raining,Collision with pedestrians,2,1,Going straight,,,,,Moving Backward,Serious Injury
2024-10-05 04:57:00,Saturday,18-30,Male,Junior high school,Above 10yr,Lorry (41-100Q),Owner,2-5yrs,Unknown,Residential areas,Undivided Two way,Tangent road with flat terrain,Y Shape,Asphalt roads,Wet or damp,Darkness - lights lit,Raining,Vehicle with vehicle collision,2,1,Going straight,,,,,No distancing,Serious Injury
2024-10-05 14:30:00,Friday,18-30,Male,Junior high school,1-2yr,Automobile,Owner,2-5yrs,Unknown,Residential areas,Two-way (divided with broken lines road marking),Tangent road with flat terrain,Y Shape,Asphalt roads,Wet or damp,Daylight,Normal,Vehicle with vehicle collision,2,1,Going straight,Driver or rider,Male,18-30,3.0,No distancing,Slight Injury
2024-10-05 14:30:00,Friday,Unknown,Male,Junior high school,1-2yr,Motorcycle,Owner,5-10yrs,No defect,Other,Two-way (divided with broken lines road marking),Tangent road with flat terrain,Y Shape,Asphalt roads,Wet or damp,Daylight,Normal,Vehicle with vehicle collision,2,1,Going straight,Driver or rider,Male,18-30,3.0,No priority to vehicle,Slight Injury
2024-10-05 07:20:00,Wednesday,Over 51,Male,Junior high school,2-5yr,Other,Other,Unknown,Unknown,Other,Two-way (divided with broken lines road marking),Tangent road with flat terrain,No junction,Asphalt roads,Dry,Daylight,Normal,Rollover,2,1,Going straight,Driver or rider,Male,18-30,3.0,No priority to vehicle,Slight Injury
2024-10-05 07:20:00,Wednesday,31-50,Male,High school,1-2yr,Automobile,Owner,Unknown,No defect,Other,Undivided Two way,Tangent road with flat terrain,No junction,Asphalt roads,Dry,Daylight,Normal,Collision with roadside objects,2,1,Getting off,Pedestrian,Female,31-50,3.0,Changing lane to the left,Slight Injury
2024-10-05 08:45:00,Tuesday,Over 51,Male,Junior high school,1-2yr,Automobile,Owner,Unknown,No defect,Other,Double carriageway (median),Tangent road with flat terrain,Y Shape,Other,Dry,Daylight,Normal,Vehicle with vehicle collision,1,1,Getting off,Driver or rider,Male,18-30,3.0,No distancing,Slight Injury
2024-10-05 11:50:00,Monday,31-50,Male,Elementary school,Above 10yr,Automobile,Owner,Unknown,Unknown,Residential areas,Two-way (divided with broken lines road marking),Tangent road with flat terrain,Y Shape,Asphalt roads,Dry,Daylight,Normal,Vehicle with vehicle collision,3,3,Getting off,,,,,Driving under the influence of drugs,Slight Injury
2024-10-05 11:50:00,Monday,18-30,Male,Junior high school,Above 10yr,Public (> 45 seats),Owner,2-5yrs,Unknown,Recreational areas,Undivided Two way,Tangent road with flat terrain,Y Shape,Asphalt roads,Dry,Daylight,Normal,Collision with roadside objects,3,3,Moving Backward,Driver or rider,Male,18-30,3.0,Changing lane to the left,Slight Injury
2024-10-05 11:50:00,Monday,18-30,Male,Elementary school,Above 10yr,Other,Owner,Unknown,Unknown,Other,Other,Tangent road with flat terrain,Y Shape,Asphalt roads,Dry,Daylight,Normal,Vehicle with vehicle collision,3,3,Going straight,Pedestrian,Male,Over 51,3.0,Changing lane to the right,Slight Injury
2024-10-05 11:50:00,Monday,18-30,Male,Junior high school,Above 10yr,Automobile,Owner,Unknown,Unknown,Office areas,Undivided Two way,Tangent road with flat terrain,Y Shape,Asphalt roads,Dry,Daylight,Normal,Vehicle with vehicle collision,3,3,Going straight,,,,,Driving to the left,Slight Injury
2024-10-05 11:50:00,Monday,31-50,Male,Junior high school,1-2yr,Automobile,Other,Unknown,Unknown,Other,Undivided Two way,Tangent road with flat terrain,Y Shape,Asphalt roads,Dry,Daylight,Normal,Vehicle with vehicle collision,3,3,Waiting to go,Driver or rider,Male,31-50,3.0,Driving at high speed,Slight Injury
2024-10-05 09:28:00,Wednesday,Unknown,Male,Junior high school,5-10yr,Other,Owner,Unknown,Unknown,Office areas,Undivided Two way,Tangent road with flat terrain,Crossing,Asphalt roads,Dry,Daylight,Normal,Rollover,1,1,Going straight,,,,,Overtaking,Slight Injury
2024-10-05 16:15:00,Sunday,31-50,Male,High school,2-5yr,Stationwagen,Owner,Unknown,Unknown,Office areas,One way,Tangent road with flat terrain,No junction,Asphalt roads,Dry,Daylight,Cloudy,Rollover,1,1,Other,Driver or rider,Male,31-50,3.0,Changing lane to the right,Slight Injury
2024-10-05 15:30:00,Friday,Unknown,Male,Junior high school,2-5yr,Lorry (41-100Q),Owner,Unknown,Unknown,Office areas,Undivided Two way,Tangent road with flat terrain,Crossing,Asphalt roads,Dry,Daylight,Normal,Collision with pedestrians,1,1,Going straight,,,,,Changing lane to the right,Slight Injury
2024-10-05 15:40:00,Monday,Unknown,Male,Junior high school,5-10yr,Taxi,Owner,Unknown,No defect,Other,Undivided Two way,Tangent road with flat terrain,No junction,Asphalt roads,Dry,Daylight,Normal,Vehicle with vehicle collision,2,1,Going straight,Driver or rider,Male,31-50,3.0,Moving Backward,Slight Injury
2024-10-05 15:40:00,Monday,18-30,Male,Junior high school,5-10yr,Other,Governmental,Unknown,Unknown,Other,Double carriageway (median),Tangent road with flat terrain,No junction,Other,Dry,Daylight,Normal,Vehicle with vehicle collision,2,1,Going straight,Driver or rider,Female,5,3.0,Moving Backward,Slight Injury
2024-10-05 12:30:00,Friday,Under 18,Male,Junior high school,2-5yr,Public (12 seats),Owner,Unknown,No defect,Office areas,Two-way (divided with solid lines road marking),Tangent road with flat terrain,No junction,Asphalt roads,Dry,Daylight,Other,Vehicle with vehicle collision,2,1,Going straight,Pedestrian,Male,Over 51,3.0,Changing lane to the left,Slight Injury
2024-10-05 12:30:00,Friday,Unknown,Female,High school,Above 10yr,Automobile,Owner,Unknown,Unknown,Residential areas,Other,Tangent road with flat terrain,No junction,Asphalt roads,Dry,Daylight,Other,Collision with pedestrians,2,1,Overtaking,,,,,Moving Backward,Slight Injury
2024-10-05 20:00:00,Monday,Unknown,Male,Elementary school,5-10yr,Automobile,Governmental,2-5yrs,Unknown,Recreational areas,Undivided Two way,Tangent road with flat terrain,Y Shape,Other,Wet or damp,Daylight,Other,Collision with pedestrians,1,1,Going straight,Driver or rider,Male,31-50,3.0,No distancing,Slight Injury
2024-10-05 07:51:00,Monday,18-30,Male,Junior high school,Above 10yr,Public (13-45 seats),Owner,1-2yr,No defect,Other,Other,Tangent road with flat terrain,No junction,Asphalt roads,Dry,Daylight,Normal,Vehicle with vehicle collision,1,1,Going straight,Pedestrian,Male,18-30,3.0,Moving Backward,Serious Injury
2024-10-05 22:28:00,Sunday,18-30,Male,Writing & reading,2-5yr,Lorry (41-100Q),Owner,Above 10yr,No defect,Residential areas,Other,Tangent road with flat terrain,No junction,Asphalt roads,Dry,Darkness - no lighting,Normal,Vehicle with vehicle collision,1,2,Going straight,,,,,Changing lane to the right,Serious Injury
2024-10-05 22:28:00,Sunday,18-30,Male,Junior high school,2-5yr,Lorry (41-100Q),Owner,Unknown,No defect,Other,Other,Tangent road with flat terrain,No junction,Asphalt roads,Dry,Darkness - no lighting,Normal,Vehicle with vehicle collision,1,2,Turnover,Driver or rider,Male,18-30,3.0,Changing lane to the left,Serious Injury
2024-10-05 21:18:00,Friday,Under 18,Male,High school,2-5yr,Lorry (11-40Q),Owner,Unknown,Unknown,Other,Other,Tangent road with flat terrain,Crossing,Earth roads,Dry,Darkness - lights lit,Other,Collision with roadside objects,2,3,Going straight,Pedestrian,Male,18-30,3.0,No priority to vehicle,Slight Injury
2024-10-05 21:18:00,Friday,18-30,Male,Junior high school,1-2yr,Motorcycle,Owner,5-10yrs,Unknown,Other,One way,Tangent road with flat terrain,Crossing,Asphalt roads,Dry,Darkness - lights lit,Other,Vehicle with vehicle collision,2,3,Going straight,Pedestrian,Male,31-50,3.0,No distancing,Slight Injury
2024-10-05 21:18:00,Friday,18-30,Male,High school,5-10yr,Lorry (41-100Q),Owner,Unknown,No defect,Other,Two-way (divided with broken lines road marking),Tangent road with flat terrain,Crossing,Asphalt roads,Dry,Darkness - lights lit,Other,Collision with roadside objects,2,3,Getting off,,,,,No priority to vehicle,Slight Injury
2024-10-05 19:20:00,Wednesday,Unknown,Male,Elementary school,2-5yr,Stationwagen,Owner,2-5yrs,No defect,Other,Other,Tangent road with flat terrain,No junction,Asphalt roads,Dry,Daylight,Normal,Vehicle with vehicle collision,3,2,Moving Backward,Driver or rider,Male,Over 51,3.0,Driving under the influence of drugs,Slight Injury
2024-10-05 19:20:00,Wednesday,31-50,Male,Junior high school,1-2yr,Automobile,Owner,Unknown,No defect,School areas,Undivided Two way,Tangent road with flat terrain,No junction,Asphalt roads,Dry,Daylight,Normal,Vehicle with vehicle collision,3,2,Getting off,Driver or rider,Male,5,3.0,Changing lane to the right,Slight Injury
2024-10-05 19:20:00,Wednesday,31-50,Male,Elementary school,1-2yr,Other,Owner,Unknown,No defect,Office areas,Two-way (divided with broken lines road marking),Tangent road with flat terrain,No junction,Asphalt roads,Dry,Daylight,Normal,Collision with roadside objects,3,2,Overtaking,,,,,No distancing,Slight Injury
2024-10-05 19:20:00,Wednesday,Over 51,Female,High school,No Licence,Other,Owner,Unknown,No defect,Office areas,Two-way (divided with broken lines road marking),Tangent road with flat terrain,No junction,Asphalt roads,Dry,Daylight,Normal,Vehicle with vehicle collision,3,2,Going straight,Driver or rider,Male,31-50,3.0,No distancing,Slight Injury
2024-10-05 12:18:00,Saturday,18-30,Male,Junior high school,5-10yr,Taxi,Owner,5-10yrs,No defect,Office areas,Two-way (divided with broken lines road marking),Tangent road with flat terrain,Y Shape,Asphalt roads,Dry,Daylight,Other,Vehicle with vehicle collision,1,1,Going straight,Pedestrian,Female,Under 18,3.0,Changing lane to the left,Slight Injury
2024-10-05 09:30:00,Sunday,31-50,Male,Junior high school,1-2yr,Automobile,Owner,Unknown,No defect,School areas,Other,Tangent road with flat terrain,No junction,Asphalt roads,Dry,Daylight,Other,Collision with roadside objects,2,1,Going straight,Driver or rider,Male,18-30,3.0,Changing lane to the right,Slight Injury
2024-10-05 09:30:00,Sunday,Unknown,Female,Junior high school,2-5yr,Long lorry,Governmental,Unknown,No defect,School areas,Undivided Two way,Tangent road with flat terrain,No junction,Asphalt roads,Dry,Daylight,Other,Collision with roadside objects,2,1,Reversing,,,,,Changing lane to the right,Slight Injury
2024-10-05 12:45:00,Tuesday,Over 51,Male,Junior high school,5-10yr,Long lorry,Owner,Unknown,No defect,Office areas,Two-way (divided with broken lines road marking),Tangent road with flat terrain,Crossing,Asphalt roads,Dry,Daylight,Normal,Vehicle with vehicle collision,1,1,Getting off,,,,,Driving under the influence of drugs,Slight Injury
2024-10-05 17:01:00,Wednesday,31-50,Male,Unknown,Unknown,Lorry (41-100Q),Owner,Unknown,No defect,Office areas,Two-way (divided with broken lines road marking),Tangent road with flat terrain,Crossing,Asphalt roads,Dry,Daylight,Normal,Vehicle with vehicle collision,2,1,Going straight,Driver or rider,Male,18-30,3.0,Moving Backward,Slight Injury
2024-10-05 17:01:00,Wednesday,31-50,Male,Unknown,Unknown,Lorry (41-100Q),Governmental,Above 10yr,No defect,School areas,Two-way (divided with broken lines road marking),Tangent road with flat terrain,Crossing,Asphalt roads,Dry,Daylight,Normal,Vehicle with vehicle collision,2,1,Going straight,Pedestrian,Female,18-30,2.0,Changing lane to the left,Slight Injury
2024-10-05 11:20:00,Friday,Over 51,Male,Junior high school,2-5yr,Lorry (11-40Q),Owner,1-2yr,No defect,Other,Two-way (divided with broken lines road marking),Tangent road with flat terrain,Y Shape,Asphalt roads,Dry,Daylight,Normal,Vehicle with vehicle collision,2,1,Going straight,Pedestrian,Female,5,3.0,No priority to pedestrian,Serious Injury
2024-10-05 11:20:00,Friday,Over 51,Male,Junior high school,Above 10yr,Automobile,Owner,Above 10yr,No defect,Other,Two-way (divided with broken lines road marking),Tangent road with flat terrain,Y Shape,Asphalt roads,Dry,Daylight,Normal,Vehicle with vehicle collision,2,1,Reversing,Driver or rider,Male,31-50,3.0,No distancing,Serious Injury
2024-10-05 19:28:00,Wednesday,18-30,Male,Junior high school,Above 10yr,Taxi,Owner,Below 1yr,No defect,Other,Undivided Two way,Tangent road with flat terrain,Crossing,Asphalt roads,Dry,Daylight,Normal,Vehicle with vehicle collision,3,1,Going straight,Passenger,Male,18-30,3.0,No distancing,Slight Injury
2024-10-05 19:28:00,Wednesday,18-30,Male,Unknown,Unknown,Other,Owner,Above 10yr,No defect,Other,Two-way (divided with broken lines road marking),Tangent road with flat terrain,Crossing,Asphalt roads,Dry,Daylight,Normal,Vehicle with vehicle collision,3,1,Stopping,Driver or rider,Male,18-30,3.0,Changing lane to the left,Slight Injury
2024-10-05 19:28:00,Wednesday,Over 51,Male,Elementary school,Above 10yr,Automobile,Owner,Unknown,No defect,Residential areas,Undivided Two way,Tangent road with flat terrain,Crossing,Asphalt roads,Dry,Daylight,Normal,Vehicle with vehicle collision,3,1,Overtaking,Passenger,Male,Under 18,3.0,Changing lane to the right,Slight Injury
2024-10-05 18:10:00,Thursday,Unknown,Male,Unknown,Unknown,Automobile,Governmental,1-2yr,No defect,Other,Undivided Two way,Tangent road with flat terrain,Y Shape,Earth roads,Wet or damp,Darkness - no lighting,Raining,Vehicle with vehicle collision,1,1,Going straight,,,,,Driving carelessly,Slight Injury
2024-10-05 17:21:00,Sunday,18-30,Male,Junior high school,5-10yr,Automobile,Owner,1-2yr,No defect,Other,Undivided Two way,Tangent road with flat terrain,Crossing,Asphalt roads,Dry,Daylight,Normal,Vehicle with vehicle collision,2,2,Reversing,Driver or rider,Male,18-30,3.0,No distancing,Serious Injury
2024-10-05 17:21:00,Sunday,18-30,Male,Junior high school,Above 10yr,Automobile,Owner,Unknown,No defect,Industrial areas,Undivided Two way,Tangent road with flat terrain,Crossing,Asphalt roads,Dry,Daylight,Normal,Vehicle with vehicle collision,2,2,Going straight,Passenger,Female,Over 51,3.0,Changing lane to the left,Serious Injury
2024-10-05 17:21:00,Sunday,Over 51,Male,High school,Above 10yr,Public (> 45 seats),Owner,Unknown,No defect,Recreational areas,Undivided Two way,Tangent road with flat terrain,Crossing,Asphalt roads,Dry,Daylight,Normal,Vehicle with vehicle collision,2,2,Going straight,,,,,Moving Backward,Serious Injury
2024-10-05 14:45:00,Saturday,Under 18,Male,Unknown,Unknown,Lorry (11-40Q),Owner,Above 10yr,No defect,Church areas,Two-way (divided with broken lines road marking),Tangent road with flat terrain,No junction,Asphalt roads,Dry,Daylight,Normal,Vehicle with vehicle collision,2,1,Reversing,Driver or rider,Male,5,3.0,No distancing,Slight Injury
2024-10-05 14:45:00,Saturday,Unknown,Male,Elementary school,5-10yr,Lorry (41-100Q),Owner,Unknown,Unknown,Office areas,Two-way (divided with broken lines road marking),Tangent road with flat terrain,No junction,Asphalt roads,Dry,Daylight,Normal,Vehicle with vehicle collision,2,1,Going straight,Pedestrian,Female,31-50,3.0,No priority to pedestrian,Slight Injury
2024-10-05 08:00:00,Monday,18-30,Male,Elementary school,Above 10yr,Lorry (41-100Q),Owner,Unknown,Unknown,Other,Two-way (divided with broken lines road marking),Tangent road with flat terrain,Y Shape,Asphalt roads,Dry,Daylight,Normal,Vehicle with vehicle collision,1,1,Waiting to go,Driver or rider,Male,31-50,3.0,Changing lane to the left,Slight Injury
2024-10-05 19:00:00,Tuesday,18-30,Male,Junior high school,Below 1yr,Stationwagen,Owner,Unknown,Unknown,Office areas,Undivided Two way,Tangent road with flat terrain,Y Shape,Asphalt roads,Dry,Daylight,Normal,Vehicle with vehicle collision,2,1,Going straight,Driver or rider,Male,18-30,3.0,No distancing,Slight Injury
2024-10-05 19:00:00,Tuesday,Unknown,Male,Junior high school,2-5yr,Other,Owner,Unknown,Unknown,Office areas,Two-way (divided with broken lines road marking),Tangent road with flat terrain,Y Shape,Asphalt roads,Dry,Daylight,Normal,Vehicle with vehicle collision,2,1,Going straight,Driver or rider,Male,18-30,3.0,Driving carelessly,Slight Injury
2024-10-05 17:30:00,Sunday,31-50,Male,Junior high school,2-5yr,Automobile,Owner,Unknown,Unknown,Other,Two-way (divided with broken lines road marking),Tangent road with flat terrain,Y Shape,Asphalt roads,Wet or damp,Daylight,Normal,Vehicle with vehicle collision,2,2,Going straight,Passenger,Female,18-30,3.0,No priority to vehicle,Slight Injury
2024-10-05 17:30:00,Sunday,31-50,Male,High school,5-10yr,Pick up upto 10Q,Owner,Above 10yr,Unknown,Residential areas,Undivided Two way,Tangent road with flat terrain,Y Shape,Asphalt roads,Wet or damp,Daylight,Normal,Collision with roadside objects,2,2,Going straight,Driver or rider,Male,18-30,3.0,Changing lane to the right,Slight Injury
2024-10-05 18:10:00,Sunday,18-30,Male,Junior high school,Unknown,Motorcycle,Owner,Above 10yr,Unknown,Office areas,Other,Tangent road with mountainous terrain and,Crossing,Earth roads,Dry,Daylight,Normal,Vehicle with vehicle collision,1,1,Getting off,Driver or rider,Male,18-30,3.0,Moving Backward,Slight Injury
2024-10-05 09:42:00,Friday,31-50,Male,Unknown,Below 1yr,Automobile,Owner,Above 10yr,No defect,Residential areas,Other,Tangent road with flat terrain,No junction,Asphalt roads,Dry,Daylight,Normal,Collision with pedestrians,2,1,Going straight,Driver or rider,Male,Over 51,3.0,No priority to vehicle,Slight Injury
2024-10-05 09:42:00,Friday,18-30,Male,Elementary school,Above 10yr,Pick up upto 10Q,Other,Unknown,Unknown,School areas,Two-way (divided with broken lines road marking),Tangent road with flat terrain,No junction,Asphalt roads,Dry,Daylight,Normal,Vehicle with vehicle collision,2,1,Going straight,,,,,No priority to pedestrian,Slight Injury
2024-10-05 17:10:00,Tuesday,31-50,Male,Elementary school,Below 1yr,Motorcycle,Owner,Above 10yr,No defect,Office areas,Two-way (divided with broken lines road marking),Sharp reverse curve,Y Shape,Asphalt roads,Dry,Daylight,Normal,Collision with roadside objects,2,1,Going straight,,,,,Changing lane to the left,Serious Injury
2024-10-05 17:10:00,Tuesday,31-50,Male,Junior high school,5-10yr,Stationwagen,Owner,5-10yrs,No defect,Other,Other,Tangent road with flat terrain,Y Shape,Asphalt roads,Dry,Daylight,Normal,Vehicle with vehicle collision,2,1,Reversing,Driver or rider,Female,31-50,3.0,Changing lane to the left,Serious Injury
2024-10-05 08:15:00,Wednesday,Unknown,Male,Junior high school,5-10yr,Lorry (41-100Q),Owner,Above 10yr,No defect,Other,Undivided Two way,Tangent road with flat terrain,Crossing,Asphalt roads,Wet or damp,Daylight,Normal,Vehicle with vehicle collision,2,1,Turnover,,,,,Driving under the influence of drugs,Slight Injury
2024-10-05 08:15:00,Wednesday,18-30,Male,Unknown,Unknown,Taxi,Owner,Above 10yr,No defect,Church areas,Other,Tangent road with flat terrain,Crossing,Asphalt roads,Wet or damp,Daylight,Normal,Vehicle with vehicle collision,2,1,Going straight,Driver or rider,Male,31-50,3.0,Moving Backward,Slight Injury
2024-10-05 09:04:00,Monday,31-50,Male,Junior high school,1-2yr,Automobile,Owner,Unknown,No defect,Office areas,Two-way (divided with broken lines road marking),Tangent road with flat terrain,T Shape,Asphalt roads,Dry,Daylight,Normal,Vehicle with vehicle collision,2,1,Going straight,Pedestrian,Female,18-30,3.0,Changing lane to the right,Slight Injury
2024-10-05 09:04:00,Monday,18-30,Male,High school,5-10yr,Long lorry,Owner,Unknown,No defect,Other,Two-way (divided with broken lines road marking),Tangent road with flat terrain,T Shape,Asphalt roads,Dry,Daylight,Normal,Vehicle with vehicle collision,2,1,Going straight,Driver or rider,Male,31-50,3.0,Changing lane to the right,Slight Injury
2024-10-05 19:15:00,Thursday,Unknown,Male,Junior high school,5-10yr,Automobile,Owner,Unknown,No defect,Office areas,Two-way (divided with broken lines road marking),Tangent road with mild grade and flat terrain,No junction,Gravel roads,Dry,Daylight,Normal,Rollover,2,1,Going straight,,,,,No distancing,Slight Injury
2024-10-05 19:15:00,Thursday,Unknown,Female,Junior high school,5-10yr,Public (12 seats),Owner,Unknown,No defect,Office areas,Two-way (divided with broken lines road marking),Tangent road with flat terrain,No junction,Asphalt roads,Dry,Daylight,Normal,Collision with roadside objects,2,1,Getting off,Driver or rider,Male,18-30,3.0,Moving Backward,Slight Injury
2024-10-05 21:26:00,Tuesday,Unknown,Female,Junior high school,5-10yr,Lorry (11-40Q),Owner,Above 10yr,No defect,Office areas,Two-way (divided with broken lines road marking),Sharp reverse curve,Y Shape,Asphalt roads,Wet or damp,Darkness - lights lit,Normal,Vehicle with vehicle collision,2,1,Going straight,Passenger,Male,18-30,3.0,No distancing,Slight Injury
2024-10-05 21:26:00,Tuesday,31-50,Male,Junior high school,Above 10yr,Pick up upto 10Q,Owner,Above 10yr,No defect,Church areas,Undivided Two way,Sharp reverse curve,Y Shape,Asphalt roads,Wet or damp,Darkness - lights lit,Normal,Collision with roadside objects,2,1,Going straight,Passenger,Female,5,3.0,Driving carelessly,Slight Injury
2024-10-05 23:50:00,Saturday,31-50,Male,Junior high school,5-10yr,Lorry (41-100Q),Owner,Above 10yr,No defect,Office areas,Undivided Two way,Gentle horizontal curve,No junction,Asphalt roads,Wet or damp,Darkness - lights lit,Raining,Vehicle with vehicle collision,3,1,Going straight,,,,,No priority to pedestrian,Slight Injury
2024-10-05 23:50:00,Saturday,31-50,Male,Junior high school,No Licence,Other,Owner,5-10yrs,No defect,Other,Double carriageway (median),Gentle horizontal curve,No junction,Asphalt roads,Wet or damp,Darkness - lights lit,Raining,Vehicle with vehicle collision,3,1,Going straight,Passenger,Male,Over 51,3.0,No priority to vehicle,Slight Injury
2024-10-05 23:50:00,Saturday,31-50,Male,Above high school,Below 1yr,Automobile,Owner,Unknown,Unknown,Other,Two-way (divided with broken lines road marking),Tangent road with flat terrain,No junction,Asphalt roads,Wet or damp,Darkness - lights lit,Raining,Vehicle with vehicle collision,3,1,Going straight,Pedestrian,Male,Over 51,2.0,Moving Backward,Slight Injury
2024-10-05 20:50:00,Monday,31-50,Male,Elementary school,5-10yr,Long lorry,Owner,5-10yrs,No defect,Church areas,Other,Tangent road with mountainous terrain and,Crossing,Asphalt roads,Dry,Darkness - lights lit,Normal,Vehicle with vehicle collision,3,1,Going straight,Passenger,Male,31-50,3.0,Changing lane to the right,Slight Injury
2024-10-05 20:50:00,Monday,Over 51,Male,Elementary school,5-10yr,Lorry (11-40Q),Owner,1-2yr,Unknown,School areas,Undivided Two way,Tangent road with flat terrain,Crossing,Asphalt roads,Dry,Darkness - lights lit,Normal,Vehicle with vehicle collision,3,1,Going straight,Pedestrian,Female,Over 51,2.0,No distancing,Slight Injury
2024-10-05 20:50:00,Monday,Unknown,Male,Junior high school,5-10yr,Long lorry,Other,Unknown,Unknown,Church areas,Two-way (divided with broken lines road marking),Tangent road with flat terrain,Crossing,Asphalt roads,Dry,Darkness - lights lit,Normal,Collision with roadside objects,3,1,Going straight,,,,,Driving carelessly,Slight Injury