Time,Day_of_week,Age_band_of_driver,Sex_of_driver,Educational_level,Driving_experience,Type_of_vehicle,Owner_of_vehicle,Service_year_of_vehicle,Defect_of_vehicle,Area_accident_occured,Lanes_or_Medians,Road_allignment,Types_of_Junction,Road_surface_type,Road_surface_conditions,Light_conditions,Weather_conditions,Type_of_collision,Number_of_vehicles_involved,Number_of_casualties,Vehicle_movement,Casualty_class,Sex_of_casualty,Age_band_of_casualty,Casualty_severity,Cause_of_accident,Accident_severity
2024-10-05 17:00:00,Thursday,Unknown,Male,High school,5-10yr,Automobile,Owner,Above 10yr,Unknown,Office areas,Undivided Two way,Tangent road with flat terrain,Y Shape,Asphalt roads,Dry,Darkness - lights lit,Other,Vehicle with vehicle collision,2,1,Going straight,Driver or rider,Male,18-30,3.0,Changing lane to the left,Slight Injury
2024-10-05 17:00:00,Thursday,18-30,Male,Junior high school,5-10yr,Taxi,Owner,2-5yrs,No defect,Other,Other,Tangent road with flat terrain,Y Shape,Asphalt roads,Dry,Darkness - lights lit,Other,Collision with roadside objects,2,1,Going straight,Pedestrian,Female,Over 51,3.0,Moving Backward,Slight Injury
2024-10-05 13:19:00,Monday,18-30,Male,Junior high school,2-5yr,Taxi,Owner,Above 10yr,Unknown,Church areas,Two-way (divided with broken lines road marking),Steep grade upward with mountainous terrain,Y Shape,Asphalt roads,Dry,Daylight,Normal,Vehicle with vehicle collision,2,4,Reversing,Pedestrian,Female,Over 51,3.0,No distancing,Serious Injury
2024-10-05 13:19:00,Monday,18-30,Male,Writing & reading,5-10yr,Long lorry,Governmental,1-2yr,No defect,Other,Double carriageway (median),Tangent road with flat terrain,Y Shape,Asphalt roads,Dry,Daylight,Normal,Vehicle with vehicle collision,2,4,Going straight,,,,,Changing lane to the right,Serious Injury
2024-10-05 13:19:00,Monday,18-30,Male,Junior high school,Above 10yr,Lorry (11-40Q),Governmental,Above 10yr,Unknown,Other,Double carriageway (median),Tangent road with flat terrain,Y Shape,Asphalt roads,Dry,Daylight,Normal,Vehicle with vehicle collision,2,4,Turnover,Driver or rider,Male,18-30,3.0,No priority to vehicle,Serious Injury
2024-10-05 13:19:00,Monday,Under 18,Male,Junior high school,1-2yr,Lorry (11-40Q),Organization,5-10yrs,No defect,Office areas,Two-way (divided with broken lines road marking),Gentle horizontal curve,Y Shape,Asphalt roads,Dry,Daylight,Normal,Vehicle with vehicle collision,2,4,Going straight,,,,,Getting off the vehicle improperly,Serious Injury
2024-10-05 12:00:00,Sunday,Unknown,Male,Writing & reading,Below 1yr,Long lorry,Organization,Above 10yr,No defect,Other,Two-way (divided with broken lines road marking),Tangent road with flat terrain,Y Shape,Asphalt roads,Dry,Daylight,Normal,Vehicle with vehicle collision,2,1,Going straight,Driver or rider,Male,31-50,3.0,No distancing,Serious Injury
2024-10-05 12:00:00,Sunday,18-30,Male,Elementary school,1-2yr,Turbo,Owner,2-5yrs,No defect,Other,Two-way (divided with broken lines road marking),Tangent road with flat terrain,Y Shape,Asphalt roads,Dry,Daylight,Normal,Vehicle with vehicle collision,2,1,Going straight,Pedestrian,Male,18-30,3.0,No distancing,Serious Injury
2024-10-05 18:01:00,Tuesday,18-30,Male,Junior high school,5-10yr,Long lorry,Governmental,Unknown,No defect,Residential areas,Two-way (divided with broken lines road marking),Tangent road with flat terrain,Y Shape,Asphalt roads,Dry,Daylight,Windy,Vehicle with vehicle collision,2,1,Going straight,Passenger,Female,31-50,3.0,Changing lane to the left,Slight Injury
2024-10-05 18:01:00,Tuesday,31-50,Male,Elementary school,Above 10yr,Long lorry,Owner,2-5yrs,No defect,Office areas,Two-way (divided with broken lines road marking),Tangent road with flat terrain,Y Shape,Asphalt roads,Dry,Daylight,Windy,Vehicle with vehicle collision,2,1,Reversing,,,,,No priority to vehicle,Slight Injury
2024-10-05 08:00:00,Friday,31-50,Male,Junior high school,5-10yr,Public (13-45 seats),Owner,2-5yrs,No defect,Church areas,One way,Tangent road with flat terrain,Other,Asphalt roads,Dry,Daylight,Normal,Vehicle with vehicle collision,2,1,Going straight,Pedestrian,Male,5,3.0,Driving carelessly,Serious Injury
2024-10-05 08:00:00,Friday,Under 18,Male,Elementary school,2-5yr,Automobile,Owner,1-2yr,No defect,Other,Undivided Two way,Tangent road with flat terrain,Other,Earth roads,Dry,Daylight,Normal,Vehicle with vehicle collision,2,1,Turnover,Driver or rider,Male,31-50,3.0,Changing lane to the right,Serious Injury
2024-10-05 13:16:00,Thursday,31-50,Male,Junior high school,2-5yr,Automobile,Owner,Above 10yr,Unknown,Market areas,Other,Steep grade downward with mountainous terrain,Y Shape,Asphalt roads,Dry,Daylight,Normal,Vehicle with vehicle collision,2,1,Going straight,,,,,No distancing,Slight Injury
2024-10-05 13:16:00,Thursday,Under 18,Male,Junior high school,Above 10yr,Pick up upto 10Q,Owner,Above 10yr,Unknown,Other,Two-way (divided with broken lines road marking),Tangent road with mountainous terrain and,Y Shape,Asphalt roads,Dry,Daylight,Normal,Rollover,2,1,Going straight,,,,,Changing lane to the right,Slight Injury
2024-10-05 18:34:00,Sunday,18-30,Male,Junior high school,2-5yr,Other,Owner,Unknown,No defect,Other,Undivided Two way,Tangent road with mountainous terrain and,No junction,Asphalt roads,Wet or damp,Darkness - lights lit,Raining,Collision with roadside objects,1,1,Going straight,Driver or rider,Male,18-30,3.0,No distancing,Slight Injury
2024-10-05 20:20:00,Wednesday,Unknown,Female,Junior high school,Below 1yr,Stationwagen,Owner,Unknown,No defect,Church areas,Undivided Two way,Tangent road with flat terrain,Y Shape,Asphalt roads,Dry,Daylight,Normal,Vehicle with vehicle collision,1,1,Going straight,Passenger,Female,18-30,3.0,Driving under the influence of drugs,Slight Injury
2024-10-05 21:06:00,Thursday,Unknown,Female,Junior high school,2-5yr,Other,Governmental,1-2yr,No defect,Residential areas,Undivided Two way,Tangent road with flat terrain,Y Shape,Asphalt roads,Dry,Darkness - lights lit,Other,Vehicle with vehicle collision,1,1,Going straight,Pedestrian,Male,Over 51,2.0,Changing lane to the left,Slight Injury
2024-10-05 08:00:00,Thursday,Under 18,Male,Junior high school,Above 10yr,Automobile,Owner,Unknown,No defect,Other,Undivided Two way,Tangent road with flat terrain,Crossing,Asphalt roads,Dry,Daylight,Normal,Collision with roadside objects,2,1,Getting off,,,,,Getting off the vehicle improperly,Slight Injury
2024-10-05 08:00:00,Thursday,31-50,Male,Junior high school,2-5yr,Automobile,Owner,Unknown,No defect,Other,Two-way (divided with broken lines road marking),Tangent road with flat terrain,Crossing,Asphalt roads,Dry,Daylight,Normal,Vehicle with vehicle collision,2,1,Moving Backward,Pedestrian,Female,18-30,3.0,Overloading,Slight Injury
2024-10-05 08:06:00,Thursday,18-30,Male,Elementary school,Above 10yr,Long lorry,Owner,Unknown,No defect,Other,Double carriageway (median),Tangent road with flat terrain,No junction,Gravel roads,Dry,Daylight,Normal,Vehicle with vehicle collision,2,1,Going straight,Pedestrian,Female,Under 18,3.0,Driving carelessly,Slight Injury
2024-10-05 08:06:00,Thursday,18-30,Male,Elementary school,Above 10yr,Public (13-45 seats),Owner,Unknown,No defect,Recreational areas,Two-way (divided with broken lines road marking),Tangent road with flat terrain,No junction,Asphalt roads,Dry,Daylight,Normal,Vehicle with vehicle collision,2,1,Turnover,Passenger,Female,Under 18,3.0,Overtaking,Slight Injury
2024-10-05 08:10:00,Thursday,18-30,Male,Elementary school,Above 10yr,Public (13-45 seats),Owner,Unknown,No defect,Recreational areas,One way,Tangent road with flat terrain,Crossing,Asphalt roads,Dry,Daylight,Normal,Rollover,1,1,Going straight,Pedestrian,Male,18-30,3.0,No distancing,Slight Injury
2024-10-05 16:04:00,Thursday,18-30,Male,Junior high school,Above 10yr,Lorry (11-40Q),Owner,Unknown,No defect,Other,Two-way (divided with broken lines road marking),Tangent road with flat terrain,Y Shape,Asphalt roads,Wet or damp,Daylight,Raining,Rollover,2,1,Other,Driver or rider,Male,31-50,3.0,Overturning,Serious Injury
2024-10-05 16:04:00,Thursday,Under 18,Male,Junior high school,Below 1yr,Lorry (11-40Q),Organization,1-2yr,No defect,Office areas,Two-way (divided with broken lines road marking),Tangent road with flat terrain,Y Shape,Other,Wet or damp,Daylight,Raining,Collision with pedestrians,2,1,Going straight,Passenger,Male,31-50,3.0,Driving carelessly,Serious Injury
2024-10-05 21:15:00,Sunday,18-30,Unknown,Elementary school,5-10yr,Pick up upto 10Q,Owner,2-5yrs,No defect,Residential areas,Two-way (divided with broken lines road marking),Tangent road with flat terrain,No junction,Asphalt roads,Dry,Darkness - lights lit,Normal,Vehicle with vehicle collision,2,1,Going straight,Passenger,Male,18-30,3.0,No priority to pedestrian,Slight Injury
2024-10-05 21:15:00,Sunday,Unknown,Female,Junior high school,2-5yr,Automobile,Owner,2-5yrs,No defect,Other,Two-way (divided with broken lines road marking),Tangent road with flat terrain,No junction,Asphalt roads,Dry,Darkness - lights lit,Normal,Vehicle with vehicle collision,2,1,Going straight,,,,,No distancing,Slight Injury
2024-10-05 15:43:00,Wednesday,Over 51,Male,Junior high school,Above 10yr,Automobile,Other,1-2yr,Unknown,Residential areas,Undivided Two way,Steep grade downward with mountainous terrain,No junction,Asphalt roads,Dry,Daylight,Normal,Vehicle with vehicle collision,1,1,Going straight,,,,,No priority to vehicle,Slight Injury
2024-10-05 15:02:00,Wednesday,Unknown,Female,Junior high school,Below 1yr,Automobile,Owner,Unknown,No defect,Church areas,Double carriageway (median),Tangent road with flat terrain,No junction,Asphalt roads,Dry,Daylight,Normal,Collision with pedestrians,1,1,Turnover,Driver or rider,Male,18-30,3.0,Getting off the vehicle improperly,Slight Injury
2024-10-05 14:39:00,Saturday,18-30,Male,Junior high school,2-5yr,Long lorry,Owner,2-5yrs,Unknown,Other,One way,Tangent road with flat terrain,Y Shape,Asphalt roads,Wet or damp,Daylight,Raining,Collision with pedestrians,2,1,Turnover,Driver or rider,Male,31-50,3.0,No priority to pedestrian,Slight Injury
2024-10-05 14:39:00,Saturday,31-50,Male,Junior high school,Above 10yr,Long lorry,Owner,5-10yrs,No defect,Office areas,Two-way (divided with broken lines road marking),Tangent road with mountainous terrain and,Y Shape,Asphalt roads,Wet or damp,Daylight,Raining,Vehicle with vehicle collision,2,1,Going straight,,,,,Changing lane to the right,Slight Injury
2024-10-05 13:03:00,Wednesday,18-30,Male,Writing & reading,2-5yr,Automobile,Owner,2-5yrs,Unknown,Other,Undivided Two way,Tangent road with flat terrain,No junction,Asphalt roads,Dry,Daylight,Normal,Vehicle with vehicle collision,2,2,Getting off,Pedestrian,Female,18-30,3.0,Moving Backward,Slight Injury
2024-10-05 13:03:00,Wednesday,Over 51,Male,Junior high school,2-5yr,Stationwagen,Owner,Unknown,Unknown,Recreational areas,Two-way (divided with broken lines road marking),Steep grade downward with mountainous terrain,No junction,Asphalt roads,Dry,Daylight,Normal,Vehicle with vehicle collision,2,2,Getting off,Driver or rider,Male,Over 51,3.0,Changing lane to the left,Slight Injury
2024-10-05 16:57:00,Friday,18-30,Male,High school,2-5yr,Other,Owner,Unknown,No defect,Other,Undivided Two way,Tangent road with flat terrain,T Shape,Asphalt roads,Dry,Daylight,Normal,Collision with roadside objects,2,1,Going straight,,,,,No distancing,Slight Injury
2024-10-05 16:57:00,Friday,31-50,Male,Junior high school,1-2yr,Other,Owner,1-2yr,No defect,Office areas,Two-way (divided with broken lines road marking),Tangent road with flat terrain,T Shape,Asphalt roads,Dry,Daylight,Normal,Vehicle with vehicle collision,2,1,Overtaking,Driver or rider,Male,18-30,3.0,Driving carelessly,Slight Injury
2024-10-05 16:00:00,Thursday,Unknown,Male,High school,5-10yr,Special vehicle,Governmental,Unknown,No defect,Residential areas,Undivided Two way,Tangent road with flat terrain,No junction,Asphalt roads,Dry,Daylight,Normal,Collision with roadside objects,2,2,Reversing,,,,,Driving under the influence of drugs,Slight Injury
2024-10-05 16:00:00,Thursday,18-30,Male,Elementary school,2-5yr,Lorry (41-100Q),Owner,Unknown,No defect,Office areas,One way,Tangent road with flat terrain,No junction,Asphalt roads,Dry,Daylight,Normal,Vehicle with vehicle collision,2,2,Going straight,,,,,Driving carelessly,Slight Injury
2024-10-05 16:00:00,Thursday,18-30,Male,Junior high school,1-2yr,Pick up upto 10Q,Owner,Unknown,No defect,Office areas,Two-way (divided with broken lines road marking),Tangent road with flat terrain,No junction,Asphalt roads,Dry,Daylight,Normal,Vehicle with vehicle collision,2,2,Getting off,Driver or rider,Male,31-50,3.0,Driving carelessly,Slight Injury
2024-10-05 22:15:00,Sunday,18-30,Male,Elementary school,1-2yr,Lorry (11-40Q),Owner,Unknown,No defect,Church areas,Double carriageway (median),Tangent road with flat terrain,Y Shape,Asphalt roads,Dry,Darkness - lights lit,Normal,Collision with roadside objects,2,1,Getting off,Driver or rider,Male,18-30,3.0,Changing lane to the right,Slight Injury
2024-10-05 22:15:00,Sunday,31-50,Male,High school,No Licence,Lorry (41-100Q),Owner,Unknown,No defect,Church areas,Undivided Two way,Tangent road with flat terrain,Y Shape,Gravel roads,Dry,Darkness - lights lit,Normal,Vehicle with vehicle collision,2,1,Reversing,Pedestrian,Female,5,3.0,No distancing,Slight Injury
2024-10-05 07:28:00,Tuesday,18-30,Male,Junior high school,5-10yr,Motorcycle,Owner,Unknown,No defect,Residential areas,Undivided Two way,Tangent road with flat terrain,Crossing,Asphalt roads,Dry,Daylight,Normal,Vehicle with vehicle collision,2,1,Turnover,Driver or rider,Male,31-50,3.0,Driving carelessly,Slight Injury
2024-10-05 07:28:00,Tuesday,31-50,Male,Junior high school,1-2yr,Automobile,Owner,Unknown,No defect,Other,Undivided Two way,Tangent road with flat terrain,Crossing,Asphalt roads,Dry,Daylight,Normal,Collision with roadside objects,2,1,Moving Backward,,,,,No priority to pedestrian,Slight Injury
2024-10-05 15:39:00,Tuesday,Unknown,Male,Junior high school,2-5yr,Automobile,Owner,Unknown,Unknown,Other,Other,Tangent road with flat terrain,Y Shape,Asphalt roads,Dry,Daylight,Normal,Collision with roadside objects,2,1,Going straight,Driver or rider,Male,18-30,3.0,No distancing,Slight Injury
2024-10-05 15:39:00,Tuesday,18-30,Male,Junior high school,5-10yr,Automobile,Owner,Unknown,No defect,Other,Undivided Two way,Tangent road with flat terrain,Y Shape,Other,Dry,Daylight,Normal,Vehicle with vehicle collision,2,1,Going straight,,,,,Moving Backward,Slight Injury
2024-10-05 22:48:00,Saturday,18-30,Male,Unknown,Unknown,Stationwagen,Owner,2-5yrs,Unknown,Residential areas,Undivided Two way,Tangent road with flat terrain,No junction,Asphalt roads,Dry,Darkness - lights lit,Normal,Vehicle with vehicle collision,3,1,Going straight,Driver or rider,Male,18-30,3.0,Moving Backward,Slight Injury
2024-10-05 22:48:00,Saturday,18-30,Male,Unknown,Unknown,Other,Owner,Unknown,Unknown,Office areas,Undivided Two way,Tangent road with flat terrain,No junction,Other,Dry,Darkness - lights lit,Normal,Vehicle with vehicle collision,3,1,Going straight,,,,,No priority to vehicle,Slight Injury
2024-10-05 22:48:00,Saturday,Over 51,Male,Junior high school,2-5yr,Public (> 45 seats),Owner,Unknown,Unknown,Residential areas,Undivided Two way,Tangent road with flat terrain,No junction,Asphalt roads,Dry,Darkness - lights lit,Normal,Vehicle with vehicle collision,3,1,Reversing,,,,,No distancing,Slight Injury
2024-10-05 16:05:00,Sunday,18-30,Male,Junior high school,Above 10yr,Public (> 45 seats),Owner,Unknown,No defect,Other,Two-way (divided with broken lines road marking),Tangent road with flat terrain,No junction,Asphalt roads,Dry,Daylight,Normal,Vehicle with vehicle collision,2,1,Going straight,Driver or rider,Male,31-50,3.0,Moving Backward,Serious Injury
2024-10-05 16:05:00,Sunday,Under 18,Male,Junior high school,Above 10yr,Stationwagen,Owner,Unknown,No defect,Other,Two-way (divided with broken lines road marking),Tangent road with flat terrain,No junction,Asphalt roads,Dry,Daylight,Normal,Vehicle with vehicle collision,2,1,Going straight,Driver or rider,Male,18-30,3.0,Changing lane to the right,Serious Injury
2024-10-05 17:10:00,Thursday,18-30,Male,Unknown,Unknown,Automobile,Owner,Unknown,No defect,Recreational areas,Two-way (divided with broken lines road marking),Tangent road with flat terrain,Y Shape,Asphalt roads,Dry,Daylight,Normal,Vehicle with vehicle collision,2,1,Going straight,,,,,Moving Backward,Slight Injury
2024-10-05 17:10:00,Thursday,31-50,Male,Elementary school,Above 10yr,Bicycle,Owner,5-10yrs,Unknown,Church areas,One way,Tangent road with flat terrain,Y Shape,Asphalt roads,Dry,Daylight,Normal,Vehicle with vehicle collision,2,1,Going straight,Driver or rider,Male,31-50,3.0,Changing lane to the right,Slight Injury
2024-10-05 20:06:00,Friday,18-30,Male,Unknown,Unknown,Automobile,Owner,Unknown,Unknown,School areas,Two-way (divided with broken lines road marking),Tangent road with flat terrain,Y Shape,Asphalt roads,Wet or damp,Darkness - lights lit,Raining,Vehicle with vehicle collision,1,1,Getting off,Pedestrian,Male,31-50,3.0,Driving carelessly,Slight Injury
2024-10-05 08:15:00,Tuesday,Unknown,Male,Junior high school,5-10yr,Lorry (41-100Q),Owner,2-5yrs,Unknown,Office areas,Undivided Two way,Tangent road with flat terrain,Y Shape,Asphalt roads,Dry,Daylight,Normal,Vehicle with vehicle collision,2,1,Going straight,,,,,Changing lane to the right,Slight Injury
2024-10-05 08:15:00,Tuesday,18-30,Male,Junior high school,Above 10yr,Automobile,Owner,1-2yr,Unknown,Other,Other,Tangent road with flat terrain,Y Shape,Asphalt roads,Dry,Daylight,Normal,Vehicle with vehicle collision,2,1,Going straight,Driver or rider,Male,31-50,3.0,No distancing,Slight Injury
2024-10-05 11:05:00,Friday,Unknown,Female,High school,Above 10yr,Public (13-45 seats),Owner,5-10yrs,Unknown,Residential areas,Undivided Two way,Tangent road with flat terrain,No junction,Asphalt roads,Dry,Daylight,Normal,Vehicle with vehicle collision,1,1,Going straight,,,,,Moving Backward,Slight Injury
2024-10-05 17:36:00,Friday,18-30,Male,Unknown,Unknown,Special vehicle,Owner,Above 10yr,Unknown,Other,Undivided Two way,Tangent road with flat terrain,No junction,Asphalt roads,Dry,Daylight,Normal,Vehicle with vehicle collision,2,1,Going straight,Driver or rider,Male,5,3.0,Driving carelessly,Slight Injury
2024-10-05 17:36:00,Friday,Under 18,Male,Elementary school,5-10yr,Automobile,Owner,1-2yr,No defect,Other,Other,Steep grade downward with mountainous terrain,No junction,Asphalt roads,Dry,Daylight,Normal,Vehicle with vehicle collision,2,1,Reversing,,,,,No distancing,Slight Injury
2024-10-05 19:40:00,Wednesday,18-30,Male,Elementary school,Above 10yr,Public (13-45 seats),Owner,2-5yrs,Unknown,Office areas,One way,Steep grade downward with mountainous terrain,No junction,Asphalt roads,Dry,Daylight,Normal,Vehicle with vehicle collision,3,1,Moving Backward,Passenger,Female,18-30,2.0,No priority to vehicle,Slight Injury
2024-10-05 19:40:00,Wednesday,18-30,Male,Junior high school,Below 1yr,Other,Owner,Unknown,No defect,Residential areas,Two-way (divided with broken lines road marking),Tangent road with flat terrain,No junction,Asphalt roads,Dry,Daylight,Normal,Vehicle with vehicle collision,3,1,Going straight,Driver or rider,Male,31-50,3.0,Changing lane to the right,Slight Injury
2024-10-05 19:40:00,Wednesday,Unknown,Male,Junior high school,2-5yr,Lorry (41-100Q),Owner,Unknown,No defect,Other,Two-way (divided with broken lines road marking),Tangent road with flat terrain,No junction,Asphalt roads,Dry,Daylight,Normal,Vehicle with vehicle collision,3,1,Going straight,,,,,Moving Backward,Slight Injury
2024-10-05 20:40:00,Wednesday,18-30,Male,Junior high school,2-5yr,Lorry (41-100Q),Organization,2-5yrs,Unknown,Residential areas,Undivided Two way,Tangent road with flat terrain,Crossing,Asphalt roads,Dry,Daylight,Normal,Vehicle with vehicle collision,2,4,Going straight,Pedestrian,Male,5,3.0,Driving under the influence of drugs,Fatal injury
2024-10-05 20:40:00,Wednesday,31-50,Male,High school,5-10yr,Public (12 seats),Owner,Unknown,No defect,Church areas,Two-way (divided with broken lines road marking),Tangent road with flat terrain,Crossing,Asphalt roads,Dry,Daylight,Normal,Collision with roadside objects,2,4,Going straight,,,,,Changing lane to the right,Fatal injury
2024-10-05 20:40:00,Wednesday,31-50,Male,Junior high school,Unknown,Lorry (41-100Q),Governmental,Unknown,No defect,Residential areas,Two-way (divided with broken lines road marking),Tangent road with flat terrain,Crossing,Asphalt roads,Dry,Daylight,Normal,Vehicle with vehicle collision,2,4,Going straight,Driver or rider,Female,31-50,3.0,No priority to vehicle,Fatal injury
2024-10-05 20:40:00,Wednesday,31-50,Male,Unknown,Below 1yr,Lorry (41-100Q),Owner,Unknown,No defect,Office areas,One way,Tangent road with flat terrain,Crossing,Asphalt roads,Dry,Daylight,Normal,Collision with pedestrians,2,4,Going straight,Pedestrian,Male,5,2.0,Changing lane to the left,Fatal injury
2024-10-05 18:09:00,Monday,18-30,Male,Elementary school,Above 10yr,Public (12 seats),Governmental,Below 1yr,No defect,Residential areas,Two-way (divided with broken lines road marking),Tangent road with flat terrain,No junction,Asphalt roads,Wet or damp,Daylight,Raining,Vehicle with vehicle collision,3,1,Turnover,,,,,Driving carelessly,Slight Injury
2024-10-05 18:09:00,Monday,Over 51,Male,Elementary school,Below 1yr,Public (> 45 seats),Owner,Unknown,No defect,Other,One way,Tangent road with flat terrain,No junction,Asphalt roads,Wet or damp,Daylight,Raining,Collision with roadside objects,3,1,Going straight,Driver or rider,Female,Over 51,3.0,No priority to pedestrian,Slight Injury
2024-10-05 18:09:00,Monday,18-30,Male,Junior high school,5-10yr,Automobile,Owner,Unknown,Unknown,Industrial areas,Two-way (divided with broken lines road marking),Tangent road with flat terrain,No junction,Asphalt roads,Wet or damp,Daylight,Raining,Vehicle with vehicle collision,3,1,Other,,,,,No priority to pedestrian,Slight Injury
2024-10-05 13:07:00,Tuesday,Over 51,Male,Junior high school,5-10yr,Pick up upto 10Q,Owner,Unknown,Unknown,Church areas,Two-way (divided with broken lines road marking),Tangent road with flat terrain,Other,Earth roads,Wet or damp,Daylight,Normal,Vehicle with vehicle collision,2,1,Going straight,Driver or rider,Male,18-30,3.0,Changing lane to the right,Slight Injury
2024-10-05 13:07:00,Tuesday,31-50,Male,Unknown,Unknown,Stationwagen,Owner,2-5yrs,No defect,Residential areas,Undivided Two way,Steep grade downward with mountainous terrain,Other,Asphalt roads,Wet or damp,Daylight,Normal,Vehicle with vehicle collision,2,1,Going straight,Driver or rider,Male,18-30,3.0,Drunk driving,Slight Injury
2024-10-05 16:00:00,Saturday,31-50,Male,Junior high school,1-2yr,Other,Other,Unknown,Unknown,Other,Two-way (divided with broken lines road marking),Tangent road with flat terrain,No junction,Asphalt roads,Dry,Daylight,Normal,Vehicle with vehicle collision,2,1,Going straight,,,,,Changing lane to the left,Slight Injury
2024-10-05 16:00:00,Saturday,Unknown,Female,High school,5-10yr,Other,Other,Unknown,Unknown,Other,Two-way (divided with broken lines road marking),Tangent road with flat terrain,No junction,Asphalt roads,Dry,Daylight,Normal,Vehicle with vehicle collision,2,1,Going straight,,,,,Changing lane to the left,Slight Injury
2024-10-05 10:15:00,Thursday,31-50,Male,Junior high school,5-10yr,Automobile,Owner,1-2yr,No defect,Office areas,Undivided Two way,Tangent road with flat terrain,No junction,Asphalt roads,Dry,Daylight,Normal,Rollover,2,1,Going straight,Driver or rider,Male,18-30,3.0,Driving to the left,Slight Injury
2024-10-05 10:15:00,Thursday,31-50,Male,Junior high school,5-10yr,Stationwagen,Owner,Above 10yr,No defect,Outside rural areas,Two-way (divided with broken lines road marking),Tangent road with mountainous terrain and,No junction,Asphalt roads,Dry,Daylight,Normal,Collision with roadside objects,2,1,Moving Backward,Driver or rider,Male,31-50,3.0,Changing lane to the left,Slight Injury
2024-10-05 14:04:00,Monday,18-30,Male,Junior high school,5-10yr,Pick up upto 10Q,Owner,Above 10yr,No defect,Church areas,Two-way (divided with broken lines road marking),Steep grade downward with mountainous terrain,Other,Asphalt roads,Dry,Daylight,Normal,Vehicle with vehicle collision,2,1,Moving Backward,,,,,Driving under the influence of drugs,Slight Injury
2024-10-05 14:04:00,Monday,31-50,Male,Junior high school,Above 10yr,Lorry (41-100Q),Owner,Unknown,No defect,Office areas,Other,Tangent road with mountainous terrain and,Other,Asphalt roads,Dry,Daylight,Normal,Vehicle with vehicle collision,2,1,Moving Backward,Pedestrian,Female,Under 18,3.0,No priority to pedestrian,Slight Injury
2024-10-05 18:30:00,Monday,Unknown,Male,Junior high school,5-10yr,Automobile,Owner,Above 10yr,Unknown,Church areas,Two-way (divided with broken lines road marking),Steep grade downward with mountainous terrain,Y Shape,Asphalt roads,Wet or damp,Darkness - lights lit,Raining,Collision with roadside objects,2,1,Other,,,,,Changing lane to the left,Slight Injury
2024-10-05 18:30:00,Monday,18-30,Male,Junior high school,No Licence,Other,Other,Unknown,Unknown,Office areas,Other,Tangent road with mountainous terrain and,Y Shape,Asphalt roads,Wet or damp,Darkness - lights lit,Raining,Vehicle with vehicle collision,2,1,Going straight,Driver or rider,Male,31-50,3.0,Moving Backward,Slight Injury
2024-10-05 20:12:00,Tuesday,18-30,Male,Above high school,Below 1yr,Lorry (41-100Q),Governmental,Unknown,No defect,Office areas,Undivided Two way,Tangent road with flat terrain,Crossing,Asphalt roads,Wet or damp,Darkness - lights lit,Raining,Vehicle with vehicle collision,2,1,Other,Driver or rider,Female,18-30,3.0,No distancing,Slight Injury
2024-10-05 20:12:00,Tuesday,Under 18,Male,Elementary school,5-10yr,Lorry (41-100Q),Owner,1-2yr,No defect,School areas,Two-way (divided with broken lines road marking),Tangent road with flat terrain,Crossing,Gravel roads,Wet or damp,Darkness - lights lit,Raining,Vehicle with vehicle collision,2,1,Turnover,,,,,Changing lane to the right,Slight Injury
2024-10-05 18:50:00,Monday,Unknown,Female,Elementary school,5-10yr,Lorry (41-100Q),Owner,Below 1yr,No defect,Residential areas,Two-way (divided with broken lines road marking),Tangent road with flat terrain,Y Shape,Asphalt roads,Dry,Darkness - lights lit,Other,Vehicle with vehicle collision,2,2,Getting off,,,,,No priority to vehicle,Slight Injury
2024-10-05 18:50:00,Monday,Under 18,Male,Junior high school,5-10yr,Pick up upto 10Q,Owner,Unknown,No defect,Office areas,Other,Tangent road with mountainous terrain and,Y Shape,Earth roads,Dry,Darkness - lights lit,Other,Vehicle with vehicle collision,2,2,Going straight,Driver or rider,Female,18-30,2.0,Moving Backward,Slight Injury
2024-10-05 11:15:00,Monday,Unknown,Female,Junior high school,5-10yr,Automobile,Owner,Unknown,No defect,Other,Two-way (divided with broken lines road marking),Tangent road with flat terrain,No junction,Asphalt roads,Dry,Daylight,Normal,Collision with pedestrians,2,1,Going straight,,,,,Changing lane to the left,Slight Injury
2024-10-05 11:15:00,Monday,Over 51,Male,Junior high school,2-5yr,Other,Owner,Unknown,No defect,Residential areas,Undivided Two way,Tangent road with flat terrain,No junction,Asphalt roads,Dry,Daylight,Normal,Vehicle with vehicle collision,2,1,Turnover,Driver or rider,Female,31-50,3.0,Changing lane to the right,Slight Injury
2024-10-05 11:38:00,Friday,Unknown,Male,Writing & reading,5-10yr,Other,Owner,Unknown,No defect,Office areas,Undivided Two way,Tangent road with flat terrain,Y Shape,Earth roads,Dry,Daylight,Normal,Collision with roadside objects,2,1,Reversing,,,,,Overtaking,Slight Injury
2024-10-05 11:38:00,Friday,18-30,Male,Junior high school,Above 10yr,Automobile,Owner,Unknown,No defect,Office areas,Undivided Two way,Tangent road with flat terrain,Y Shape,Asphalt roads,Dry,Daylight,Normal,Vehicle with vehicle collision,2,1,Moving Backward,,,,,Overloading,Slight Injury