Time,Day_of_week,Age_band_of_driver,Sex_of_driver,Educational_level,Driving_experience,Type_of_vehicle,Owner_of_vehicle,Service_year_of_vehicle,Defect_of_vehicle,Area_accident_occured,Lanes_or_Medians,Road_allignment,Types_of_Junction,Road_surface_type,Road_surface_conditions,Light_conditions,Weather_conditions,Type_of_collision,Number_of_vehicles_involved,Number_of_casualties,Vehicle_movement,Casualty_class,Sex_of_casualty,Age_band_of_casualty,Casualty_severity,Cause_of_accident,Accident_severity
2024-10-05 09:40:00,Monday,Over 51,Male,Junior high school,1-2yr,Motorcycle,Owner,Unknown,No defect,Residential areas,Undivided Two way,Tangent road with flat terrain,Y Shape,Asphalt roads,Dry,Daylight,Other,Vehicle with vehicle collision,2,1,Other,Driver or rider,Male,18-30,3.0,Other,Slight Injury
2024-10-05 09:40:00,Monday,31-50,Male,Writing & reading,Below 1yr,Automobile,Owner,Unknown,No defect,Office areas,Undivided Two way,Tangent road with flat terrain,Y Shape,Asphalt roads,Dry,Daylight,Other,Vehicle with vehicle collision,2,1,Going straight,Passenger,Male,31-50,3.0,No priority to vehicle,Slight Injury
2024-10-05 18:40:00,Friday,Unknown,Female,Elementary school,1-2yr,Automobile,Owner,Unknown,No defect,Office areas,Undivided Two way,Tangent road with flat terrain,Y Shape,Asphalt roads,Dry,Daylight,Other,Vehicle with vehicle collision,2,1,Going straight,Driver or rider,Male,18-30,3.0,Changing lane to the right,Slight Injury
2024-10-05 18:40:00,Friday,Under 18,Male,Junior high school,5-10yr,Public (12 seats),Owner,Unknown,No defect,Office areas,Other,Tangent road with flat terrain,Y Shape,Asphalt roads,Dry,Daylight,Other,Vehicle with vehicle collision,2,1,Going straight,,,,,Moving Backward,Slight Injury
2024-10-05 19:32:00,Wednesday,18-30,Male,Junior high school,1-2yr,Long lorry,Owner,Unknown,No defect,Office areas,Two-way (divided with broken lines road marking),Tangent road with flat terrain,Y Shape,Asphalt roads,Dry,Daylight,Normal,Vehicle with vehicle collision,2,1,Going straight,,,,,Changing lane to the left,Slight Injury
2024-10-05 19:32:00,Wednesday,Unknown,Male,Elementary school,5-10yr,Other,Owner,Unknown,No defect,Other,Undivided Two way,Tangent road with flat terrain,Y Shape,Asphalt roads,Dry,Daylight,Normal,Vehicle with vehicle collision,2,1,Going straight,,,,,No priority to pedestrian,Slight Injury
2024-10-05 15:09:00,Monday,Unknown,Female,Junior high school,2-5yr,Automobile,Owner,Unknown,No defect,Other,Two-way (divided with broken lines road marking),Tangent road with flat terrain,No junction,Asphalt roads,Dry,Daylight,Normal,Vehicle with vehicle collision,1,1,Going straight,Driver or rider,Male,18-30,3.0,No distancing,Slight Injury
2024-10-05 20:30:00,Friday,Unknown,Male,Junior high school,Below 1yr,Public (> 45 seats),Owner,2-5yrs,Unknown,Other,Two-way (divided with broken lines road marking),Tangent road with flat terrain,No junction,Asphalt roads,Dry,Darkness - lights lit,Normal,Vehicle with vehicle collision,2,1,Going straight,Driver or rider,Male,5,3.0,No priority to vehicle,Slight Injury
2024-10-05 20:30:00,Friday,Under 18,Male,Writing & reading,5-10yr,Pick up upto 10Q,Owner,2-5yrs,Unknown,Residential areas,One way,Tangent road with flat terrain,No junction,Asphalt roads,Dry,Darkness - lights lit,Normal,Collision with roadside objects,2,1,Going straight,,,,,No distancing,Slight Injury
2024-10-05 16:25:00,Tuesday,18-30,Male,Writing & reading,5-10yr,Lorry (41-100Q),Owner,2-5yrs,Unknown,School areas,Undivided Two way,Tangent road with mild grade and flat terrain,Y Shape,Asphalt roads,Dry,Daylight,Other,Vehicle with vehicle collision,2,3,Going straight,Driver or rider,Female,31-50,3.0,No distancing,Slight Injury
2024-10-05 16:25:00,Tuesday,18-30,Male,Junior high school,5-10yr,Automobile,Owner,2-5yrs,Unknown,Residential areas,Undivided Two way,Tangent road with mild grade and flat terrain,Y Shape,Asphalt roads,Dry,Daylight,Other,Collision with roadside objects,2,3,Other,,,,,Moving Backward,Slight Injury
2024-10-05 16:25:00,Tuesday,18-30,Male,Junior high school,2-5yr,Public (13-45 seats),Owner,2-5yrs,No defect,Office areas,Two-way (divided with broken lines road marking),Tangent road with flat terrain,Y Shape,Asphalt roads,Dry,Daylight,Other,Vehicle with vehicle collision,2,3,Moving Backward,Pedestrian,Male,18-30,3.0,Changing lane to the right,Slight Injury
2024-10-05 16:25:00,Tuesday,31-50,Male,Junior high school,Above 10yr,Automobile,Owner,Unknown,No defect,Church areas,One way,Tangent road with flat terrain,Y Shape,Asphalt roads,Dry,Daylight,Other,Vehicle with vehicle collision,2,3,Going straight,Pedestrian,Female,18-30,3.0,No priority to pedestrian,Slight Injury
2024-10-05 15:00:00,Friday,18-30,Male,Junior high school,5-10yr,Public (> 45 seats),Owner,Unknown,No defect,Other,Undivided Two way,Tangent road with flat terrain,Y Shape,Asphalt roads,Dry,Daylight,Normal,Other,1,1,Moving Backward,Pedestrian,Female,5,3.0,Moving Backward,Serious Injury
2024-10-05 08:38:00,Thursday,31-50,Male,Junior high school,Above 10yr,Public (12 seats),Owner,2-5yrs,No defect,Other,One way,Tangent road with flat terrain,No junction,Asphalt roads,Dry,Daylight,Normal,Collision with pedestrians,2,1,Going straight,Driver or rider,Male,Under 18,3.0,Getting off the vehicle improperly,Slight Injury
2024-10-05 08:38:00,Thursday,31-50,Male,Junior high school,2-5yr,Automobile,Owner,5-10yrs,No defect,Other,Two-way (divided with broken lines road marking),Tangent road with flat terrain,No junction,Asphalt roads,Dry,Daylight,Normal,Vehicle with vehicle collision,2,1,Moving Backward,Pedestrian,Male,18-30,3.0,Overtaking,Slight Injury
2024-10-05 18:30:00,Wednesday,31-50,Male,Junior high school,Below 1yr,Lorry (41-100Q),Owner,Unknown,No defect,Other,Two-way (divided with broken lines road marking),Tangent road with flat terrain,No junction,Asphalt roads,Dry,Daylight,Normal,Vehicle with vehicle collision,2,1,Other,Pedestrian,Male,31-50,3.0,Overloading,Slight Injury
2024-10-05 18:30:00,Wednesday,Unknown,Male,Junior high school,Below 1yr,Automobile,Owner,Unknown,No defect,Office areas,Undivided Two way,Tangent road with flat terrain,No junction,Asphalt roads,Dry,Daylight,Normal,Vehicle with vehicle collision,2,1,Going straight,Pedestrian,Male,Over 51,3.0,Changing lane to the right,Slight Injury
2024-10-05 09:09:00,Monday,31-50,Male,Junior high school,5-10yr,Pick up upto 10Q,Owner,Unknown,No defect,Office areas,Two-way (divided with solid lines road marking),Tangent road with flat terrain,Y Shape,Asphalt roads,Dry,Daylight,Raining,Collision with pedestrians,4,3,Going straight,Pedestrian,Male,31-50,3.0,Improper parking,Slight Injury
2024-10-05 09:09:00,Monday,Over 51,Male,Junior high school,2-5yr,Public (12 seats),Owner,Unknown,No defect,Residential areas,Undivided Two way,Tangent road with flat terrain,Y Shape,Earth roads,Dry,Daylight,Raining,Collision with roadside objects,4,3,Going straight,Pedestrian,Male,31-50,3.0,Other,Slight Injury
2024-10-05 09:09:00,Monday,18-30,Male,Elementary school,Below 1yr,Automobile,Owner,Unknown,No defect,Office areas,One way,Tangent road with flat terrain,Y Shape,Asphalt roads,Dry,Daylight,Raining,Other,4,3,Going straight,,,,,Changing lane to the left,Slight Injury
2024-10-05 09:09:00,Monday,18-30,Female,Junior high school,2-5yr,Automobile,Owner,Unknown,No defect,Residential areas,Two-way (divided with broken lines road marking),Tangent road with flat terrain,Y Shape,Asphalt roads,Dry,Daylight,Raining,Vehicle with vehicle collision,4,3,Other,Driver or rider,Male,18-30,3.0,Changing lane to the right,Slight Injury
2024-10-05 09:17:00,Tuesday,31-50,Male,Junior high school,5-10yr,Automobile,Owner,Unknown,No defect,Office areas,Undivided Two way,Tangent road with flat terrain,Y Shape,Other,Wet or damp,Daylight,Raining,Other,2,1,Going straight,Driver or rider,Female,Under 18,3.0,No priority to pedestrian,Slight Injury
2024-10-05 09:17:00,Tuesday,31-50,Male,High school,Above 10yr,Stationwagen,Owner,Unknown,No defect,Other,Two-way (divided with broken lines road marking),Tangent road with flat terrain,Y Shape,Asphalt roads,Wet or damp,Daylight,Raining,Other,2,1,Moving Backward,,,,,Overspeed,Slight Injury
2024-10-05 15:00:00,Monday,Unknown,Male,High school,Above 10yr,Other,Owner,Unknown,No defect,Office areas,One way,Tangent road with flat terrain,Y Shape,Asphalt roads,Dry,Daylight,Normal,Other,2,2,Moving Backward,Passenger,Female,31-50,3.0,Changing lane to the left,Slight Injury
2024-10-05 15:00:00,Monday,Unknown,Male,Junior high school,5-10yr,Other,Owner,Unknown,No defect,School areas,Undivided Two way,Tangent road with flat terrain,Y Shape,Asphalt roads,Dry,Daylight,Normal,Vehicle with vehicle collision,2,2,Moving Backward,,,,,No priority to vehicle,Slight Injury
2024-10-05 15:00:00,Monday,Unknown,Male,Elementary school,1-2yr,Other,Owner,Unknown,Unknown,Residential areas,One way,Tangent road with flat terrain,Y Shape,Asphalt roads,Dry,Daylight,Normal,Vehicle with vehicle collision,2,2,Going straight,Driver or rider,Male,18-30,3.0,Changing lane to the right,Slight Injury
2024-10-05 12:28:00,Sunday,31-50,Male,Elementary school,5-10yr,Public (13-45 seats),Owner,Unknown,Unknown,Office areas,Undivided Two way,Tangent road with flat terrain,Y Shape,Asphalt roads,Dry,Daylight,Normal,Collision with roadside objects,2,2,Going straight,,,,,No distancing,Slight Injury
2024-10-05 12:28:00,Sunday,31-50,Male,Junior high school,5-10yr,Lorry (41-100Q),Owner,Unknown,No defect,Residential areas,Undivided Two way,Tangent road with flat terrain,Y Shape,Asphalt roads,Dry,Daylight,Normal,Collision with roadside objects,2,2,Going straight,Driver or rider,Male,18-30,3.0,No priority to pedestrian,Slight Injury
2024-10-05 14:04:00,Thursday,18-30,Male,Junior high school,1-2yr,Public (12 seats),Owner,Above 10yr,Unknown,Office areas,Undivided Two way,Tangent road with flat terrain,Y Shape,Asphalt roads,Dry,Daylight,Normal,Vehicle with vehicle collision,3,4,Going straight,,,,,No distancing,Slight Injury
2024-10-05 14:04:00,Thursday,Under 18,Male,Junior high school,5-10yr,Automobile,Owner,Above 10yr,Unknown,Residential areas,One way,Tangent road with flat terrain,Y Shape,Asphalt roads,Dry,Daylight,Normal,Vehicle with vehicle collision,3,4,Other,Driver or rider,Male,18-30,3.0,No priority to vehicle,Slight Injury
2024-10-05 14:04:00,Thursday,Under 18,Male,High school,Above 10yr,Automobile,Owner,Unknown,No defect,Other,Other,Tangent road with flat terrain,Y Shape,Asphalt roads,Dry,Daylight,Normal,Vehicle with vehicle collision,3,4,Going straight,Passenger,Male,18-30,3.0,Other,Slight Injury
2024-10-05 14:04:00,Thursday,18-30,Male,Unknown,Below 1yr,Stationwagen,Other,Unknown,Unknown,Other,Two-way (divided with broken lines road marking),Tangent road with flat terrain,Y Shape,Asphalt roads,Dry,Daylight,Normal,Vehicle with vehicle collision,3,4,Going straight,,,,,Driving carelessly,Slight Injury
2024-10-05 14:25:00,Tuesday,Unknown,Female,Writing & reading,5-10yr,Lorry (41-100Q),Owner,5-10yrs,Unknown,Office areas,Two-way (divided with broken lines road marking),Tangent road with flat terrain,Crossing,Asphalt roads,Dry,Daylight,Normal,Vehicle with vehicle collision,2,1,Going straight,,,,,Changing lane to the left,Serious Injury
2024-10-05 14:25:00,Tuesday,Over 51,Male,Above high school,Above 10yr,Lorry (41-100Q),Owner,Above 10yr,No defect,Office areas,Two-way (divided with broken lines road marking),Tangent road with flat terrain,Crossing,Asphalt roads,Dry,Daylight,Normal,Rollover,2,1,Reversing,Driver or rider,Male,5,3.0,Driving carelessly,Serious Injury
2024-10-05 18:20:00,Wednesday,Unknown,Male,High school,Below 1yr,Lorry (41-100Q),Owner,2-5yrs,No defect,Residential areas,Two-way (divided with broken lines road marking),Tangent road with flat terrain,Y Shape,Asphalt roads,Dry,Daylight,Other,Vehicle with vehicle collision,2,1,Moving Backward,Pedestrian,Female,31-50,3.0,Changing lane to the left,Slight Injury
2024-10-05 18:20:00,Wednesday,31-50,Male,Junior high school,1-2yr,Public (> 45 seats),Owner,Unknown,No defect,Other,Two-way (divided with broken lines road marking),Tangent road with flat terrain,Y Shape,Asphalt roads,Dry,Daylight,Other,Collision with roadside objects,2,1,Going straight,,,,,No priority to vehicle,Slight Injury
2024-10-05 08:55:00,Thursday,18-30,Male,Junior high school,Above 10yr,Public (12 seats),Governmental,Unknown,No defect,Other,Undivided Two way,Tangent road with flat terrain,No junction,Asphalt roads,Dry,Daylight,Normal,Collision with pedestrians,1,1,Going straight,,,,,No distancing,Slight Injury
2024-10-05 07:45:00,Thursday,Unknown,Male,Junior high school,Above 10yr,Other,Owner,Unknown,No defect,Office areas,Two-way (divided with broken lines road marking),Tangent road with flat terrain,Other,Asphalt roads,Dry,Daylight,Normal,Vehicle with vehicle collision,2,1,Reversing,Driver or rider,Male,18-30,3.0,Changing lane to the right,Slight Injury
2024-10-05 07:45:00,Thursday,18-30,Male,Junior high school,Above 10yr,Public (12 seats),Owner,Unknown,No defect,Office areas,Two-way (divided with broken lines road marking),Tangent road with flat terrain,Other,Asphalt roads,Dry,Daylight,Normal,Vehicle with vehicle collision,2,1,Going straight,,,,,Changing lane to the right,Slight Injury
2024-10-05 13:59:00,Tuesday,18-30,Unknown,Junior high school,No Licence,Other,Owner,Unknown,No defect,Church areas,Undivided Two way,Tangent road with flat terrain,No junction,Asphalt roads,Dry,Daylight,Normal,Vehicle with vehicle collision,1,1,Reversing,Driver or rider,Male,Over 51,3.0,Driving at high speed,Slight Injury
2024-10-05 19:25:00,Wednesday,Unknown,Male,Junior high school,1-2yr,Public (12 seats),Governmental,Unknown,No defect,Other,One way,Tangent road with flat terrain,No junction,Asphalt roads,Dry,Daylight,Normal,Vehicle with vehicle collision,2,2,Other,Pedestrian,Male,Under 18,3.0,No distancing,Slight Injury
2024-10-05 19:25:00,Wednesday,31-50,Male,Illiterate,1-2yr,Stationwagen,Owner,Unknown,No defect,Office areas,Undivided Two way,Tangent road with flat terrain,No junction,Asphalt roads,Dry,Daylight,Normal,Vehicle with vehicle collision,2,2,Other,Passenger,Female,Under 18,3.0,Changing lane to the right,Slight Injury
2024-10-05 19:25:00,Wednesday,31-50,Male,Junior high school,Below 1yr,Automobile,Owner,1-2yr,Unknown,Office areas,Two-way (divided with broken lines road marking),Tangent road with flat terrain,No junction,Gravel roads,Dry,Daylight,Normal,Vehicle with vehicle collision,2,2,Going straight,Pedestrian,Male,Under 18,3.0,Changing lane to the left,Slight Injury
2024-10-05 11:27:00,Thursday,Over 51,Male,Junior high school,1-2yr,Lorry (41-100Q),Owner,Below 1yr,Unknown,Residential areas,Two-way (divided with broken lines road marking),Tangent road with flat terrain,Y Shape,Asphalt roads,Dry,Daylight,Normal,Vehicle with vehicle collision,2,1,Going straight,,,,,Getting off the vehicle improperly,Slight Injury
2024-10-05 11:27:00,Thursday,Over 51,Male,Junior high school,2-5yr,Special vehicle,Other,Unknown,Unknown,Other,Undivided Two way,Tangent road with flat terrain,Y Shape,Asphalt roads,Dry,Daylight,Normal,Collision with roadside objects,2,1,Going straight,Driver or rider,Male,31-50,3.0,Other,Slight Injury
2024-10-05 17:23:00,Tuesday,Unknown,Male,Unknown,5-10yr,Lorry (41-100Q),Owner,5-10yrs,Unknown,Residential areas,Two-way (divided with broken lines road marking),Tangent road with flat terrain,Y Shape,Asphalt roads,Dry,Daylight,Normal,Rollover,2,1,Going straight,Pedestrian,Female,Under 18,2.0,Other,Slight Injury
2024-10-05 17:23:00,Tuesday,31-50,Male,Unknown,Above 10yr,Lorry (41-100Q),Governmental,Unknown,Unknown,Office areas,Two-way (divided with broken lines road marking),Tangent road with flat terrain,Y Shape,Asphalt roads,Dry,Daylight,Normal,Vehicle with vehicle collision,2,1,Going straight,Pedestrian,Male,31-50,3.0,No distancing,Slight Injury
2024-10-05 07:55:00,Wednesday,18-30,Male,Junior high school,2-5yr,Public (> 45 seats),Owner,5-10yrs,Unknown,Office areas,Undivided Two way,Tangent road with flat terrain,Crossing,Asphalt roads,Dry,Daylight,Normal,Collision with pedestrians,1,1,Going straight,,,,,No priority to vehicle,Slight Injury
2024-10-05 18:48:00,Wednesday,31-50,Male,Elementary school,Above 10yr,Automobile,Owner,Above 10yr,Unknown,Other,Undivided Two way,Tangent road with flat terrain,Y Shape,Asphalt roads,Dry,Daylight,Cloudy,Vehicle with vehicle collision,1,1,Going straight,,,,,Overtaking,Slight Injury
2024-10-05 12:20:00,Wednesday,31-50,Male,Writing & reading,5-10yr,Automobile,Owner,1-2yr,No defect,Other,Other,Steep grade downward with mountainous terrain,No junction,Asphalt roads,Dry,Daylight,Cloudy,Vehicle with vehicle collision,4,2,Going straight,Driver or rider,Male,31-50,2.0,No priority to pedestrian,Slight Injury
2024-10-05 12:20:00,Wednesday,31-50,Male,Unknown,Unknown,Automobile,Owner,2-5yrs,Unknown,Office areas,One way,Steep grade downward with mountainous terrain,No junction,Asphalt roads,Dry,Daylight,Cloudy,Collision with pedestrians,4,2,Going straight,Pedestrian,Female,Under 18,3.0,No distancing,Slight Injury
2024-10-05 12:20:00,Wednesday,31-50,Male,Junior high school,5-10yr,Public (> 45 seats),Owner,Unknown,No defect,Residential areas,Two-way (divided with broken lines road marking),Tangent road with flat terrain,No junction,Asphalt roads,Dry,Daylight,Cloudy,Collision with pedestrians,4,2,Going straight,Pedestrian,Female,18-30,3.0,Changing lane to the right,Slight Injury
2024-10-05 12:20:00,Wednesday,Unknown,Male,Junior high school,Below 1yr,Lorry (11-40Q),Owner,Unknown,No defect,Other,Two-way (divided with broken lines road marking),Tangent road with flat terrain,No junction,Asphalt roads,Dry,Daylight,Cloudy,Vehicle with vehicle collision,4,2,Going straight,Pedestrian,Female,18-30,3.0,Driving carelessly,Slight Injury
2024-10-05 08:40:00,Thursday,18-30,Male,Junior high school,2-5yr,Pick up upto 10Q,Organization,2-5yrs,Unknown,Residential areas,Undivided Two way,Tangent road with flat terrain,No junction,Asphalt roads,Dry,Daylight,Normal,Vehicle with vehicle collision,2,1,Going straight,Driver or rider,Male,31-50,3.0,Changing lane to the right,Slight Injury
2024-10-05 08:40:00,Thursday,Unknown,Female,Elementary school,2-5yr,Lorry (11-40Q),Owner,Unknown,No defect,Church areas,Two-way (divided with broken lines road marking),Tangent road with flat terrain,No junction,Asphalt roads,Dry,Daylight,Normal,Vehicle with vehicle collision,2,1,Going straight,Pedestrian,Male,18-30,2.0,Overtaking,Slight Injury
2024-10-05 06:46:00,Tuesday,Over 51,Male,Junior high school,2-5yr,Pick up upto 10Q,Governmental,Unknown,No defect,Residential areas,Two-way (divided with broken lines road marking),Tangent road with flat terrain,Crossing,Asphalt roads,Wet or damp,Daylight,Raining,Vehicle with vehicle collision,2,1,Going straight,,,,,Other,Slight Injury
2024-10-05 06:46:00,Tuesday,31-50,Male,Junior high school,2-5yr,Special vehicle,Owner,Unknown,No defect,Office areas,One way,Tangent road with flat terrain,Crossing,Asphalt roads,Wet or damp,Daylight,Raining,Vehicle with vehicle collision,2,1,Going straight,Driver or rider,Male,18-30,3.0,Driving to the left,Slight Injury
2024-10-05 17:55:00,Thursday,Under 18,Male,Junior high school,5-10yr,Lorry (11-40Q),Governmental,Below 1yr,No defect,Residential areas,Two-way (divided with broken lines road marking),Tangent road with flat terrain,Y Shape,Asphalt roads,Dry,Daylight,Normal,Collision with roadside objects,2,1,Moving Backward,Passenger,Male,18-30,3.0,Driving at high speed,Slight Injury
2024-10-05 17:55:00,Thursday,18-30,Male,Junior high school,5-10yr,Other,Owner,Unknown,No defect,Other,One way,Tangent road with flat terrain,Y Shape,Asphalt roads,Dry,Daylight,Normal,Vehicle with vehicle collision,2,1,Going straight,Driver or rider,Male,18-30,3.0,Other,Slight Injury
2024-10-05 06:27:00,Tuesday,31-50,Male,Junior high school,Above 10yr,Other,Owner,Unknown,Unknown,Industrial areas,Two-way (divided with broken lines road marking),Tangent road with flat terrain,Y Shape,Asphalt roads,Dry,Daylight,Normal,Vehicle with vehicle collision,1,1,Going straight,Passenger,Male,18-30,3.0,Changing lane to the right,Serious Injury
2024-10-05 11:41:00,Tuesday,31-50,Male,Elementary school,5-10yr,Lorry (41-100Q),Owner,Unknown,Unknown,Church areas,Two-way (divided with broken lines road marking),Tangent road with flat terrain,Y Shape,Gravel roads,Dry,Daylight,Normal,Vehicle with vehicle collision,1,1,Going straight,Driver or rider,Male,Over 51,3.0,No distancing,Slight Injury
2024-10-05 14:30:00,Wednesday,31-50,Male,Junior high school,5-10yr,Other,Owner,2-5yrs,No defect,Residential areas,Undivided Two way,Steep grade downward with mountainous terrain,Y Shape,Asphalt roads,Dry,Daylight,Other,Vehicle with vehicle collision,2,1,Other,,,,,Other,Slight Injury
2024-10-05 14:30:00,Wednesday,18-30,Male,Junior high school,Above 10yr,Other,Other,Unknown,Unknown,Other,Two-way (divided with broken lines road marking),Tangent road with flat terrain,Y Shape,Gravel roads,Dry,Daylight,Other,Vehicle with vehicle collision,2,1,Turnover,Driver or rider,Male,18-30,3.0,No priority to vehicle,Slight Injury
2024-10-05 15:20:00,Friday,Unknown,Female,Elementary school,Unknown,Automobile,Other,Unknown,Unknown,Other,Two-way (divided with broken lines road marking),Tangent road with flat terrain,No junction,Asphalt roads,Dry,Daylight,Other,Vehicle with vehicle collision,2,1,Going straight,Driver or rider,Female,18-30,3.0,Changing lane to the left,Slight Injury
2024-10-05 15:20:00,Friday,Unknown,Female,Junior high school,5-10yr,Other,Owner,1-2yr,No defect,Office areas,Undivided Two way,Tangent road with flat terrain,No junction,Asphalt roads,Dry,Daylight,Other,Vehicle with vehicle collision,2,1,Going straight,Passenger,Female,Under 18,3.0,No priority to pedestrian,Slight Injury
2024-10-05 08:05:00,Monday,Unknown,Male,Junior high school,5-10yr,Automobile,Owner,Above 10yr,No defect,Outside rural areas,Two-way (divided with broken lines road marking),Tangent road with mountainous terrain and,No junction,Asphalt roads,Dry,Daylight,Normal,Vehicle with vehicle collision,1,1,Going straight,,,,,Overtaking,Serious Injury
2024-10-05 18:47:00,Friday,18-30,Male,Junior high school,Below 1yr,Public (13-45 seats),Owner,Above 10yr,No defect,Church areas,Two-way (divided with broken lines road marking),Steep grade downward with mountainous terrain,Y Shape,Asphalt roads,Dry,Daylight,Normal,Vehicle with vehicle collision,2,1,Going straight,Pedestrian,Female,31-50,3.0,Driving carelessly,Slight Injury
2024-10-05 18:47:00,Friday,Unknown,Male,Unknown,Unknown,Lorry (41-100Q),Owner,Unknown,No defect,Office areas,Other,Tangent road with mountainous terrain and,Y Shape,Asphalt roads,Dry,Daylight,Normal,Vehicle with vehicle collision,2,1,Going straight,,,,,No priority to vehicle,Slight Injury
2024-10-05 22:15:00,Monday,18-30,Male,Junior high school,5-10yr,Other,Owner,Above 10yr,Unknown,Church areas,Two-way (divided with broken lines road marking),Steep grade downward with mountainous terrain,No junction,Asphalt roads,Dry,Darkness - lights lit,Normal,Vehicle with vehicle collision,1,2,Going straight,Driver or rider,Male,18-30,3.0,No priority to pedestrian,Slight Injury
2024-10-05 22:15:00,Monday,18-30,Male,Junior high school,5-10yr,Automobile,Other,Unknown,Unknown,Office areas,Other,Tangent road with mountainous terrain and,No junction,Asphalt roads,Dry,Darkness - lights lit,Normal,Vehicle with vehicle collision,1,2,Going straight,Pedestrian,Female,18-30,2.0,Changing lane to the right,Slight Injury
2024-10-05 11:30:00,Thursday,Under 18,Male,Junior high school,Above 10yr,Other,Governmental,Unknown,No defect,Office areas,Undivided Two way,Tangent road with flat terrain,Crossing,Asphalt roads,Dry,Daylight,Normal,Vehicle with vehicle collision,2,1,Going straight,Driver or rider,Male,Over 51,3.0,Driving carelessly,Slight Injury
2024-10-05 11:30:00,Thursday,18-30,Male,High school,Above 10yr,Lorry (41-100Q),Owner,1-2yr,No defect,School areas,Two-way (divided with broken lines road marking),Tangent road with flat terrain,Crossing,Asphalt roads,Dry,Daylight,Normal,Vehicle with vehicle collision,2,1,Going straight,,,,,Changing lane to the right,Slight Injury
2024-10-05 11:26:00,Monday,18-30,Male,Junior high school,Above 10yr,Other,Owner,Below 1yr,No defect,Residential areas,Two-way (divided with broken lines road marking),Tangent road with flat terrain,O Shape,Asphalt roads,Dry,Daylight,Normal,Vehicle with vehicle collision,2,1,Turnover,,,,,Changing lane to the right,Slight Injury
2024-10-05 11:26:00,Monday,18-30,Male,Junior high school,Above 10yr,Lorry (41-100Q),Owner,Unknown,No defect,Office areas,Other,Tangent road with mountainous terrain and,O Shape,Asphalt roads,Dry,Daylight,Normal,Collision with roadside objects,2,1,Other,Driver or rider,Male,18-30,3.0,Changing lane to the left,Slight Injury
2024-10-05 17:50:00,Friday,31-50,Male,Junior high school,Above 10yr,Lorry (41-100Q),Owner,Unknown,No defect,Other,Two-way (divided with broken lines road marking),Tangent road with flat terrain,No junction,Asphalt roads,Dry,Daylight,Normal,Vehicle with vehicle collision,2,1,Other,Pedestrian,Male,Over 51,3.0,Driving carelessly,Slight Injury
2024-10-05 18:40:00,Tuesday,Unknown,Male,Junior high school,5-10yr,Lorry (41-100Q),Owner,Unknown,No defect,Residential areas,Undivided Two way,Tangent road with flat terrain,No junction,Asphalt roads,Dry,Daylight,Other,Vehicle with vehicle collision,2,1,Going straight,Driver or rider,Male,Under 18,3.0,No distancing,Slight Injury
2024-10-05 18:40:00,Tuesday,Unknown,Male,Junior high school,2-5yr,Other,Owner,Unknown,No defect,Office areas,Undivided Two way,Tangent road with flat terrain,No junction,Asphalt roads,Dry,Daylight,Other,Vehicle with vehicle collision,2,1,Going straight,,,,,Driving carelessly,Slight Injury
2024-10-05 05:50:00,Friday,Unknown,Female,Junior high school,Below 1yr,Stationwagen,Owner,Unknown,No defect,Office areas,Undivided Two way,Tangent road with flat terrain,No junction,Asphalt roads,Dry,Daylight,Normal,Collision with pedestrians,2,1,Turnover,Pedestrian,Female,31-50,3.0,Changing lane to the left,Slight Injury
2024-10-05 05:50:00,Friday,18-30,Male,Junior high school,Below 1yr,Stationwagen,Owner,Unknown,No defect,Residential areas,Undivided Two way,Tangent road with flat terrain,No junction,Asphalt roads,Dry,Daylight,Normal,Vehicle with vehicle collision,2,1,Other,Pedestrian,Female,31-50,3.0,No priority to vehicle,Slight Injury
2024-10-05 19:21:00,Thursday,Under 18,Male,Junior high school,2-5yr,Lorry (41-100Q),Owner,Unknown,No defect,Office areas,Undivided Two way,Tangent road with flat terrain,No junction,Asphalt roads,Dry,Daylight,Normal,Vehicle with vehicle collision,2,1,Going straight,Pedestrian,Female,31-50,3.0,Changing lane to the right,Slight Injury
2024-10-05 19:21:00,Thursday,31-50,Male,Elementary school,Below 1yr,Lorry (41-100Q),Owner,Unknown,No defect,Office areas,Undivided Two way,Tangent road with flat terrain,No junction,Asphalt roads,Dry,Daylight,Normal,Vehicle with vehicle collision,2,1,Going straight,Driver or rider,Male,18-30,3.0,No distancing,Slight Injury
2024-10-05 14:50:00,Sunday,31-50,Male,Junior high school,Below 1yr,Other,Owner,Unknown,No defect,Office areas,Other,Tangent road with flat terrain,Other,Asphalt roads,Dry,Daylight,Normal,Vehicle with vehicle collision,1,1,Other,,,,,Moving Backward,Slight Injury
2024-10-05 22:05:00,Wednesday,Unknown,Female,Junior high school,Unknown,Automobile,Owner,Unknown,No defect,Office areas,Two-way (divided with broken lines road marking),Tangent road with flat terrain,Crossing,Asphalt roads,Dry,Darkness - lights lit,Normal,Vehicle with vehicle collision,2,1,Going straight,,,,,Moving Backward,Slight Injury
2024-10-05 22:05:00,Wednesday,Under 18,Male,Unknown,5-10yr,Other,Owner,Unknown,No defect,Other,Undivided Two way,Tangent road with flat terrain,Crossing,Asphalt roads,Dry,Darkness - lights lit,Normal,Vehicle with vehicle collision,2,1,Turnover,Driver or rider,Male,5,2.0,No distancing,Slight Injury