Time,Day_of_week,Age_band_of_driver,Sex_of_driver,Educational_level,Driving_experience,Type_of_vehicle,Owner_of_vehicle,Service_year_of_vehicle,Defect_of_vehicle,Area_accident_occured,Lanes_or_Medians,Road_allignment,Types_of_Junction,Road_surface_type,Road_surface_conditions,Light_conditions,Weather_conditions,Type_of_collision,Number_of_vehicles_involved,Number_of_casualties,Vehicle_movement,Casualty_class,Sex_of_casualty,Age_band_of_casualty,Casualty_severity,Cause_of_accident,Accident_severity
2024-10-05 08:30:00,Tuesday,18-30,Male,Writing & reading,Below 1yr,Taxi,Owner,Unknown,No defect,Other,Two-way (divided with broken lines road marking),Tangent road with flat terrain,Y Shape,Asphalt roads,Dry,Daylight,Normal,Vehicle with vehicle collision,2,1,Going straight,Driver or rider,Male,31-50,3.0,No distancing,Slight Injury
2024-10-05 08:30:00,Tuesday,Unknown,Male,Junior high school,Below 1yr,Lorry (41-100Q),Owner,2-5yrs,Unknown,Other,Two-way (divided with broken lines road marking),Tangent road with flat terrain,Y Shape,Asphalt roads,Dry,Daylight,Normal,Vehicle with vehicle collision,2,1,Turnover,Driver or rider,Female,31-50,3.0,No distancing,Slight Injury
2024-10-05 12:00:00,Tuesday,31-50,Male,Junior high school,1-2yr,Other,Owner,2-5yrs,Unknown,Residential areas,One way,Tangent road with flat terrain,No junction,Asphalt roads,Dry,Daylight,Normal,Collision with pedestrians,2,1,Going straight,Passenger,Male,31-50,3.0,No priority to pedestrian,Slight Injury
2024-10-05 12:00:00,Tuesday,31-50,Male,Elementary school,Above 10yr,Automobile,Owner,2-5yrs,Unknown,School areas,Undivided Two way,Tangent road with mild grade and flat terrain,No junction,Asphalt roads,Dry,Daylight,Normal,Vehicle with vehicle collision,2,1,Moving Backward,Passenger,Male,31-50,3.0,Driving carelessly,Slight Injury
2024-10-05 10:35:00,Saturday,31-50,Male,Elementary school,Above 10yr,Public (> 45 seats),Owner,2-5yrs,Unknown,Residential areas,Undivided Two way,Tangent road with mild grade and flat terrain,No junction,Asphalt roads,Wet or damp,Daylight,Raining,Vehicle with vehicle collision,1,1,Other,,,,,Changing lane to the right,Slight Injury
2024-10-05 23:01:00,Friday,18-30,Male,Elementary school,Below 1yr,Stationwagen,Owner,2-5yrs,No defect,Office areas,Two-way (divided with broken lines road marking),Tangent road with flat terrain,Y Shape,Asphalt roads,Wet or damp,Darkness - lights lit,Raining,Vehicle with vehicle collision,2,1,Going straight,Driver or rider,Female,31-50,3.0,Changing lane to the left,Slight Injury
2024-10-05 23:01:00,Friday,Unknown,Female,High school,2-5yr,Automobile,Owner,Unknown,No defect,Church areas,One way,Tangent road with flat terrain,Y Shape,Asphalt roads,Wet or damp,Darkness - lights lit,Raining,Vehicle with vehicle collision,2,1,Going straight,Pedestrian,Female,31-50,3.0,Driving carelessly,Slight Injury
2024-10-05 06:58:00,Tuesday,31-50,Male,Junior high school,2-5yr,Lorry (41-100Q),Owner,Unknown,No defect,Other,Undivided Two way,Tangent road with flat terrain,No junction,Asphalt roads,Dry,Daylight,Normal,Collision with roadside objects,2,1,Reversing,Passenger,Female,18-30,3.0,Driving carelessly,Slight Injury
2024-10-05 06:58:00,Tuesday,31-50,Male,Above high school,Above 10yr,Other,Owner,2-5yrs,No defect,Other,One way,Tangent road with flat terrain,No junction,Asphalt roads,Dry,Daylight,Normal,Vehicle with vehicle collision,2,1,Reversing,,,,,No distancing,Slight Injury
2024-10-05 21:00:00,Monday,18-30,Male,Junior high school,2-5yr,Public (13-45 seats),Owner,5-10yrs,No defect,Other,Two-way (divided with broken lines road marking),Tangent road with flat terrain,Y Shape,Asphalt roads,Dry,Daylight,Normal,Vehicle with vehicle collision,2,1,Reversing,Driver or rider,Male,18-30,2.0,Other,Slight Injury
2024-10-05 21:00:00,Monday,Unknown,Female,Junior high school,2-5yr,Other,Owner,Unknown,No defect,Other,Two-way (divided with broken lines road marking),Tangent road with flat terrain,Y Shape,Asphalt roads,Dry,Daylight,Normal,Vehicle with vehicle collision,2,1,Going straight,Pedestrian,Male,31-50,2.0,Changing lane to the right,Slight Injury
2024-10-05 18:02:00,Monday,18-30,Male,High school,1-2yr,Other,Owner,Unknown,No defect,Office areas,Undivided Two way,Tangent road with flat terrain,No junction,Asphalt roads,Dry,Daylight,Normal,Vehicle with vehicle collision,1,1,Going straight,Passenger,Female,Over 51,3.0,Changing lane to the right,Serious Injury
2024-10-05 11:25:00,Thursday,Unknown,Male,Junior high school,5-10yr,Ridden horse,Owner,Unknown,No defect,Office areas,Two-way (divided with solid lines road marking),Tangent road with flat terrain,Y Shape,Asphalt roads,Dry,Daylight,Normal,Vehicle with vehicle collision,2,1,Going straight,Driver or rider,Male,31-50,3.0,No distancing,Serious Injury
2024-10-05 11:25:00,Thursday,18-30,Male,Junior high school,Below 1yr,Lorry (41-100Q),Owner,Unknown,No defect,Residential areas,Undivided Two way,Tangent road with flat terrain,Y Shape,Asphalt roads,Dry,Daylight,Normal,Vehicle with vehicle collision,2,1,Going straight,,,,,No distancing,Serious Injury
2024-10-05 05:46:00,Friday,18-30,Male,Junior high school,Below 1yr,Lorry (41-100Q),Owner,Unknown,No defect,Office areas,One way,Tangent road with flat terrain,Y Shape,Asphalt roads,Dry,Daylight,Normal,Vehicle with vehicle collision,2,1,Moving Backward,Driver or rider,Female,18-30,3.0,Overturning,Serious Injury
2024-10-05 05:46:00,Friday,18-30,Male,Elementary school,Unknown,Pick up upto 10Q,Owner,Unknown,No defect,Residential areas,Two-way (divided with broken lines road marking),Tangent road with flat terrain,Y Shape,Asphalt roads,Dry,Daylight,Normal,Collision with roadside objects,2,1,Going straight,,,,,Driving at high speed,Serious Injury
2024-10-05 00:34:00,Saturday,18-30,Male,Junior high school,Below 1yr,Lorry (11-40Q),Owner,Unknown,No defect,Office areas,Undivided Two way,Tangent road with flat terrain,Crossing,Asphalt roads,Dry,Darkness - lights lit,Normal,Vehicle with vehicle collision,2,1,Moving Backward,,,,,No priority to vehicle,Slight Injury
2024-10-05 00:34:00,Saturday,31-50,Male,Junior high school,1-2yr,Automobile,Owner,Unknown,No defect,Other,Two-way (divided with broken lines road marking),Tangent road with flat terrain,Crossing,Asphalt roads,Dry,Darkness - lights lit,Normal,Vehicle with vehicle collision,2,1,Moving Backward,Driver or rider,Male,18-30,3.0,No priority to pedestrian,Slight Injury
2024-10-05 14:50:00,Sunday,Unknown,Female,Elementary school,2-5yr,Automobile,Owner,Unknown,No defect,Office areas,One way,Tangent road with flat terrain,Crossing,Asphalt roads,Dry,Daylight,Normal,Vehicle with vehicle collision,2,1,Going straight,,,,,No priority to vehicle,Slight Injury
2024-10-05 14:50:00,Sunday,18-30,Male,High school,1-2yr,Pick up upto 10Q,Owner,Unknown,No defect,School areas,Undivided Two way,Tangent road with flat terrain,Crossing,Asphalt roads,Dry,Daylight,Normal,Vehicle with vehicle collision,2,1,Other,Driver or rider,Male,31-50,3.0,Other,Slight Injury
2024-10-05 13:32:00,Thursday,Unknown,Male,Junior high school,5-10yr,Automobile,Owner,Unknown,Unknown,Residential areas,One way,Tangent road with flat terrain,No junction,Asphalt roads,Dry,Daylight,Other,Rollover,2,2,Going straight,Driver or rider,Male,18-30,3.0,Other,Slight Injury
2024-10-05 13:32:00,Thursday,31-50,Male,Junior high school,Below 1yr,Other,Owner,Unknown,Unknown,Office areas,Undivided Two way,Tangent road with flat terrain,No junction,Asphalt roads,Dry,Daylight,Other,Vehicle with vehicle collision,2,2,Other,,,,,Moving Backward,Slight Injury
2024-10-05 13:32:00,Thursday,31-50,Male,High school,Above 10yr,Lorry (41-100Q),Owner,Unknown,No defect,Residential areas,Undivided Two way,Tangent road with flat terrain,No junction,Asphalt roads,Dry,Daylight,Other,Vehicle with vehicle collision,2,2,Going straight,,,,,No distancing,Slight Injury
2024-10-05 16:00:00,Tuesday,Over 51,Male,Elementary school,5-10yr,Public (13-45 seats),Owner,Unknown,No defect,Office areas,Undivided Two way,Tangent road with flat terrain,Other,Asphalt roads,Dry,Daylight,Normal,Collision with roadside objects,2,2,Reversing,Driver or rider,Male,18-30,3.0,Moving Backward,Slight Injury
2024-10-05 16:00:00,Tuesday,Over 51,Male,Elementary school,Below 1yr,Pick up upto 10Q,Owner,2-5yrs,No defect,Office areas,Two-way (divided with broken lines road marking),Tangent road with flat terrain,Other,Asphalt roads,Dry,Daylight,Normal,Vehicle with vehicle collision,2,2,Other,Pedestrian,Female,18-30,3.0,No priority to vehicle,Slight Injury
2024-10-05 16:00:00,Tuesday,Over 51,Male,Junior high school,5-10yr,Stationwagen,Owner,Unknown,Unknown,Residential areas,Undivided Two way,Tangent road with flat terrain,Other,Asphalt roads,Dry,Daylight,Normal,Vehicle with vehicle collision,2,2,Going straight,Pedestrian,Female,Over 51,3.0,Driving carelessly,Slight Injury
2024-10-05 20:53:00,Sunday,31-50,Male,Elementary school,5-10yr,Other,Owner,Unknown,Unknown,Other,Two-way (divided with broken lines road marking),Tangent road with flat terrain,Y Shape,Asphalt roads,Dry,Daylight,Normal,Vehicle with vehicle collision,2,2,Going straight,Driver or rider,Male,18-30,3.0,No distancing,Slight Injury
2024-10-05 20:53:00,Sunday,18-30,Male,Junior high school,2-5yr,Pick up upto 10Q,Owner,Above 10yr,Unknown,Industrial areas,Undivided Two way,Tangent road with flat terrain,Y Shape,Asphalt roads,Dry,Daylight,Normal,Collision with roadside objects,2,2,Going straight,,,,,Other,Slight Injury
2024-10-05 15:39:00,Thursday,Under 18,Male,Junior high school,Above 10yr,Public (13-45 seats),Owner,Unknown,Unknown,Office areas,Two-way (divided with broken lines road marking),Tangent road with flat terrain,Y Shape,Asphalt roads,Dry,Daylight,Normal,Collision with roadside objects,2,2,Going straight,Pedestrian,Female,31-50,3.0,Changing lane to the right,Slight Injury
2024-10-05 15:39:00,Thursday,Unknown,Male,Junior high school,5-10yr,Public (12 seats),Organization,Unknown,Unknown,Recreational areas,Two-way (divided with broken lines road marking),Tangent road with flat terrain,Y Shape,Asphalt roads,Dry,Daylight,Normal,Vehicle with vehicle collision,2,2,Going straight,Pedestrian,Female,18-30,3.0,No distancing,Slight Injury
2024-10-05 13:20:00,Monday,Unknown,Male,High school,1-2yr,Lorry (41-100Q),Owner,1-2yr,No defect,Residential areas,Two-way (divided with broken lines road marking),Tangent road with flat terrain,Crossing,Asphalt roads,Dry,Daylight,Normal,Vehicle with vehicle collision,2,1,Going straight,Driver or rider,Female,18-30,3.0,Driving carelessly,Slight Injury
2024-10-05 13:20:00,Monday,Over 51,Male,Junior high school,Above 10yr,Pick up upto 10Q,Owner,Above 10yr,Unknown,Residential areas,Undivided Two way,Tangent road with flat terrain,Crossing,Asphalt roads,Dry,Daylight,Normal,Collision with roadside objects,2,1,Other,,,,,No distancing,Slight Injury
2024-10-05 12:16:00,Saturday,31-50,Male,Elementary school,2-5yr,Lorry (41-100Q),Owner,5-10yrs,Unknown,Church areas,Undivided Two way,Steep grade downward with mountainous terrain,Y Shape,Asphalt roads,Dry,Daylight,Other,Collision with roadside objects,2,2,Going straight,Pedestrian,Female,31-50,3.0,No priority to vehicle,Slight Injury
2024-10-05 12:16:00,Saturday,31-50,Male,Junior high school,5-10yr,Pick up upto 10Q,Owner,5-10yrs,Unknown,Residential areas,Undivided Two way,Tangent road with flat terrain,Y Shape,Asphalt roads,Dry,Daylight,Other,Vehicle with vehicle collision,2,2,Going straight,Driver or rider,Male,18-30,3.0,Changing lane to the right,Slight Injury
2024-10-05 12:16:00,Saturday,31-50,Male,Junior high school,Below 1yr,Long lorry,Owner,Unknown,No defect,Other,Other,Tangent road with flat terrain,Y Shape,Asphalt roads,Dry,Daylight,Other,Collision with pedestrians,2,2,Going straight,,,,,No priority to pedestrian,Slight Injury
2024-10-05 18:18:00,Saturday,18-30,Male,Junior high school,5-10yr,Other,Owner,5-10yrs,No defect,Other,Undivided Two way,Tangent road with flat terrain,Y Shape,Asphalt roads,Dry,Daylight,Normal,Vehicle with vehicle collision,2,1,Going straight,Pedestrian,Male,Under 18,3.0,No priority to vehicle,Slight Injury
2024-10-05 18:18:00,Saturday,31-50,Male,High school,Above 10yr,Other,Owner,Unknown,Unknown,Other,Two-way (divided with solid lines road marking),Tangent road with flat terrain,Y Shape,Asphalt roads,Dry,Daylight,Normal,Vehicle with vehicle collision,2,1,Reversing,,,,,Changing lane to the left,Slight Injury
2024-10-05 08:30:00,Monday,Over 51,Unknown,Junior high school,5-10yr,Other,Owner,Unknown,No defect,Church areas,Two-way (divided with solid lines road marking),Tangent road with flat terrain,Y Shape,Asphalt roads,Dry,Daylight,Normal,Vehicle with vehicle collision,2,1,Going straight,Driver or rider,Male,31-50,3.0,Turnover,Slight Injury
2024-10-05 08:30:00,Monday,18-30,Male,Elementary school,1-2yr,Public (13-45 seats),Governmental,Unknown,No defect,Other,Two-way (divided with solid lines road marking),Tangent road with flat terrain,Y Shape,Asphalt roads,Dry,Daylight,Normal,Vehicle with vehicle collision,2,1,Going straight,Passenger,Female,31-50,2.0,Driving to the left,Slight Injury
2024-10-05 12:35:00,Monday,Over 51,Male,Junior high school,Unknown,Special vehicle,Owner,Unknown,No defect,Church areas,Two-way (divided with solid lines road marking),Tangent road with flat terrain,Y Shape,Asphalt roads,Dry,Daylight,Normal,Vehicle with vehicle collision,2,1,Other,Pedestrian,Male,5,2.0,Driving carelessly,Slight Injury
2024-10-05 12:35:00,Monday,Under 18,Male,Above high school,1-2yr,Lorry (41-100Q),Owner,Unknown,No defect,Church areas,Two-way (divided with broken lines road marking),Tangent road with flat terrain,Y Shape,Asphalt roads,Dry,Daylight,Normal,Collision with roadside objects,2,1,Going straight,Pedestrian,Female,Over 51,3.0,Driving to the left,Slight Injury
2024-10-05 08:27:00,Thursday,31-50,Male,Junior high school,Above 10yr,Lorry (41-100Q),Owner,Above 10yr,No defect,Other,Undivided Two way,Tangent road with flat terrain,Y Shape,Asphalt roads,Dry,Daylight,Normal,Collision with roadside objects,2,1,Going straight,Driver or rider,Male,18-30,3.0,Driving carelessly,Slight Injury
2024-10-05 08:27:00,Thursday,31-50,Male,Junior high school,1-2yr,Public (> 45 seats),Governmental,5-10yrs,No defect,Other,Undivided Two way,Tangent road with flat terrain,Y Shape,Asphalt roads,Dry,Daylight,Normal,Vehicle with vehicle collision,2,1,Going straight,,,,,No priority to pedestrian,Slight Injury
2024-10-05 21:30:00,Saturday,Unknown,Male,Junior high school,5-10yr,Automobile,Owner,5-10yrs,No defect,School areas,Other,Tangent road with flat terrain,Y Shape,Asphalt roads,Dry,Daylight,Normal,Vehicle with vehicle collision,2,1,Turnover,Pedestrian,Female,31-50,3.0,Driving carelessly,Slight Injury
2024-10-05 21:30:00,Saturday,18-30,Male,Junior high school,2-5yr,Automobile,Owner,Above 10yr,No defect,Residential areas,Undivided Two way,Tangent road with flat terrain,Y Shape,Asphalt roads,Dry,Daylight,Normal,Vehicle with vehicle collision,2,1,Going straight,Passenger,Male,31-50,3.0,Changing lane to the right,Slight Injury
2024-10-05 16:00:00,Friday,31-50,Male,Unknown,Unknown,Automobile,Other,1-2yr,No defect,Other,Two-way (divided with broken lines road marking),Tangent road with flat terrain,Y Shape,Asphalt roads,Wet or damp,Daylight,Raining,Vehicle with vehicle collision,2,1,Going straight,Passenger,Female,31-50,3.0,Moving Backward,Slight Injury
2024-10-05 16:00:00,Friday,31-50,Male,Junior high school,2-5yr,Public (> 45 seats),Owner,Above 10yr,No defect,Office areas,Undivided Two way,Tangent road with flat terrain,Y Shape,Asphalt roads,Wet or damp,Daylight,Raining,Vehicle with vehicle collision,2,1,Reversing,,,,,Driving carelessly,Slight Injury
2024-10-05 17:23:00,Wednesday,18-30,Male,Junior high school,2-5yr,Lorry (11-40Q),Owner,Above 10yr,No defect,Residential areas,Undivided Two way,Tangent road with flat terrain,No junction,Asphalt roads,Wet or damp,Daylight,Raining,Vehicle with vehicle collision,2,2,Other,,,,,Changing lane to the right,Slight Injury
2024-10-05 17:23:00,Wednesday,31-50,Male,Junior high school,Above 10yr,Pick up upto 10Q,Owner,Above 10yr,No defect,Other,One way,Steep grade downward with mountainous terrain,No junction,Asphalt roads,Wet or damp,Daylight,Raining,Vehicle with vehicle collision,2,2,Going straight,Driver or rider,Male,18-30,3.0,Driving carelessly,Slight Injury
2024-10-05 17:50:00,Friday,Unknown,Male,Junior high school,1-2yr,Lorry (11-40Q),Owner,Above 10yr,No defect,Residential areas,Two-way (divided with broken lines road marking),Tangent road with flat terrain,Y Shape,Asphalt roads,Wet or damp,Daylight,Normal,Vehicle with vehicle collision,2,1,Going straight,,,,,Driving carelessly,Slight Injury
2024-10-05 17:50:00,Friday,31-50,Male,Above high school,1-2yr,Pick up upto 10Q,Owner,5-10yrs,No defect,Residential areas,Undivided Two way,Tangent road with flat terrain,Y Shape,Asphalt roads,Wet or damp,Daylight,Normal,Vehicle with vehicle collision,2,1,Moving Backward,Passenger,Female,Over 51,3.0,Driving carelessly,Slight Injury
2024-10-05 19:35:00,Thursday,Under 18,Male,Above high school,No Licence,Special vehicle,Owner,Unknown,No defect,Residential areas,Two-way (divided with broken lines road marking),Tangent road with flat terrain,No junction,Asphalt roads,Dry,Daylight,Normal,Vehicle with vehicle collision,3,4,Reversing,Passenger,Female,31-50,3.0,Changing lane to the right,Serious Injury
2024-10-05 19:35:00,Thursday,Under 18,Male,Junior high school,1-2yr,Lorry (11-40Q),Owner,1-2yr,No defect,Other,Other,Tangent road with flat terrain,No junction,Asphalt roads,Dry,Daylight,Normal,Other,3,4,Going straight,,,,,Changing lane to the right,Serious Injury
2024-10-05 19:35:00,Thursday,Under 18,Male,Junior high school,5-10yr,Other,Owner,5-10yrs,No defect,Other,Undivided Two way,Tangent road with flat terrain,No junction,Asphalt roads,Dry,Daylight,Normal,Vehicle with vehicle collision,3,4,Going straight,Driver or rider,Male,31-50,3.0,Driving carelessly,Serious Injury
2024-10-05 19:35:00,Thursday,Under 18,Male,Junior high school,Above 10yr,Other,Owner,5-10yrs,No defect,Other,One way,Tangent road with flat terrain,No junction,Asphalt roads,Dry,Daylight,Normal,Collision with roadside objects,3,4,Moving Backward,Passenger,Male,Over 51,3.0,Overtaking,Serious Injury
2024-10-05 19:35:00,Thursday,31-50,Male,Junior high school,Above 10yr,Lorry (41-100Q),Owner,1-2yr,No defect,Hospital areas,Undivided Two way,Tangent road with flat terrain,No junction,Asphalt roads,Dry,Daylight,Normal,Vehicle with vehicle collision,3,4,Going straight,Driver or rider,Female,31-50,3.0,Changing lane to the right,Serious Injury
2024-10-05 19:35:00,Thursday,Unknown,Male,Junior high school,5-10yr,Other,Owner,2-5yrs,No defect,Residential areas,Undivided Two way,Tangent road with flat terrain,No junction,Asphalt roads,Dry,Daylight,Normal,Vehicle with vehicle collision,3,4,Going straight,Driver or rider,Male,31-50,3.0,No distancing,Serious Injury
2024-10-05 13:38:00,Sunday,18-30,Male,Elementary school,2-5yr,Other,Owner,5-10yrs,No defect,Residential areas,One way,Tangent road with flat terrain,Y Shape,Asphalt roads,Dry,Daylight,Normal,Vehicle with vehicle collision,3,2,Going straight,Driver or rider,Male,31-50,3.0,Other,Slight Injury
2024-10-05 13:38:00,Sunday,18-30,Male,Junior high school,2-5yr,Automobile,Owner,5-10yrs,No defect,Residential areas,Undivided Two way,Tangent road with flat terrain,Y Shape,Asphalt roads,Dry,Daylight,Normal,Vehicle with vehicle collision,3,2,Going straight,Passenger,Female,Over 51,3.0,Changing lane to the right,Slight Injury
2024-10-05 13:38:00,Sunday,Unknown,Female,Junior high school,Below 1yr,Other,Owner,1-2yr,No defect,Other,Two-way (divided with broken lines road marking),Tangent road with flat terrain,Y Shape,Asphalt roads,Dry,Daylight,Normal,Vehicle with vehicle collision,3,2,Going straight,Driver or rider,Male,5,3.0,Changing lane to the right,Slight Injury
2024-10-05 13:38:00,Sunday,Unknown,Male,Junior high school,2-5yr,Automobile,Owner,1-2yr,No defect,Office areas,Two-way (divided with broken lines road marking),Tangent road with flat terrain,Y Shape,Asphalt roads,Dry,Daylight,Normal,Vehicle with vehicle collision,3,2,Going straight,Passenger,Male,5,2.0,Overtaking,Slight Injury
2024-10-05 17:14:00,Saturday,Unknown,Female,Junior high school,2-5yr,Public (13-45 seats),Owner,2-5yrs,No defect,Other,Other,Tangent road with flat terrain,Crossing,Asphalt roads,Dry,Daylight,Normal,Collision with roadside objects,4,1,Other,Passenger,Male,5,2.0,Other,Slight Injury
2024-10-05 17:14:00,Saturday,31-50,Male,Elementary school,5-10yr,Lorry (41-100Q),Owner,Unknown,No defect,Office areas,Double carriageway (median),Tangent road with flat terrain,Crossing,Asphalt roads,Dry,Daylight,Normal,Collision with roadside objects,4,1,Going straight,,,,,Driving to the left,Slight Injury
2024-10-05 17:14:00,Saturday,31-50,Male,Junior high school,Above 10yr,Other,Owner,Unknown,No defect,Residential areas,Two-way (divided with broken lines road marking),Tangent road with flat terrain,Crossing,Asphalt roads,Dry,Daylight,Normal,Vehicle with vehicle collision,4,1,Reversing,Passenger,Female,18-30,3.0,Overtaking,Slight Injury
2024-10-05 17:14:00,Saturday,Under 18,Male,Unknown,Unknown,Automobile,Owner,Unknown,No defect,Office areas,Double carriageway (median),Gentle horizontal curve,Crossing,Asphalt roads,Dry,Daylight,Normal,Collision with roadside objects,4,1,Going straight,,,,,No priority to vehicle,Slight Injury
2024-10-05 18:57:00,Tuesday,18-30,Male,Junior high school,2-5yr,Other,Owner,Unknown,No defect,Office areas,Double carriageway (median),Tangent road with flat terrain,Y Shape,Asphalt roads,Dry,Daylight,Normal,Collision with roadside objects,2,2,Going straight,Driver or rider,Male,5,3.0,Moving Backward,Slight Injury
2024-10-05 18:57:00,Tuesday,18-30,Male,Junior high school,5-10yr,Lorry (41-100Q),Organization,Unknown,No defect,Other,Double carriageway (median),Tangent road with flat terrain,Y Shape,Asphalt roads,Dry,Daylight,Normal,Vehicle with vehicle collision,2,2,Going straight,,,,,Other,Slight Injury
2024-10-05 16:58:00,Thursday,Under 18,Male,Above high school,2-5yr,Other,Owner,Unknown,No defect,Office areas,Two-way (divided with broken lines road marking),Tangent road with flat terrain,No junction,Asphalt roads,Dry,Daylight,Normal,Vehicle with vehicle collision,3,1,Going straight,Driver or rider,Male,18-30,3.0,No priority to vehicle,Slight Injury
2024-10-05 16:58:00,Thursday,Unknown,Male,Unknown,Unknown,Lorry (41-100Q),Owner,Unknown,No defect,Office areas,Other,Tangent road with flat terrain,No junction,Asphalt roads,Dry,Daylight,Normal,Collision with roadside objects,3,1,Going straight,,,,,No priority to pedestrian,Slight Injury
2024-10-05 16:58:00,Thursday,Over 51,Male,Unknown,1-2yr,Taxi,Governmental,Unknown,Unknown,Office areas,One way,Tangent road with flat terrain,No junction,Asphalt roads,Dry,Daylight,Normal,Vehicle with vehicle collision,3,1,Going straight,Passenger,Female,31-50,3.0,Changing lane to the right,Slight Injury
2024-10-05 21:25:00,Sunday,31-50,Male,Junior high school,2-5yr,Lorry (41-100Q),Owner,Unknown,Unknown,Other,Undivided Two way,Tangent road with flat terrain,T Shape,Asphalt roads,Dry,Darkness - lights lit,Normal,Vehicle with vehicle collision,2,5,Other,Driver or rider,Male,18-30,3.0,Changing lane to the right,Slight Injury
2024-10-05 21:25:00,Sunday,31-50,Male,Junior high school,Above 10yr,Lorry (41-100Q),Owner,Unknown,Unknown,Residential areas,Other,Tangent road with flat terrain,T Shape,Asphalt roads,Dry,Darkness - lights lit,Normal,Vehicle with vehicle collision,2,5,Moving Backward,,,,,Changing lane to the right,Slight Injury
2024-10-05 21:25:00,Sunday,31-50,Male,Junior high school,Below 1yr,Other,Owner,2-5yrs,No defect,Residential areas,Two-way (divided with broken lines road marking),Gentle horizontal curve,T Shape,Asphalt roads,Dry,Darkness - lights lit,Normal,Vehicle with vehicle collision,2,5,Other,,,,,Driving to the left,Slight Injury
2024-10-05 21:25:00,Sunday,31-50,Male,Junior high school,2-5yr,Stationwagen,Owner,5-10yrs,Unknown,Church areas,Two-way (divided with broken lines road marking),Tangent road with flat terrain,T Shape,Asphalt roads,Dry,Darkness - lights lit,Normal,Vehicle with vehicle collision,2,5,Going straight,Driver or rider,Male,31-50,3.0,Changing lane to the left,Slight Injury
2024-10-05 21:25:00,Sunday,31-50,Male,Junior high school,Below 1yr,Stationwagen,Owner,5-10yrs,Unknown,Other,Two-way (divided with broken lines road marking),Tangent road with flat terrain,T Shape,Asphalt roads,Dry,Darkness - lights lit,Normal,Vehicle with vehicle collision,2,5,Going straight,,,,,Moving Backward,Slight Injury
2024-10-05 04:50:00,Thursday,18-30,Male,High school,5-10yr,Lorry (41-100Q),Owner,Unknown,Unknown,Residential areas,Two-way (divided with broken lines road marking),Tangent road with flat terrain,No junction,Asphalt roads,Dry,Darkness - lights lit,Normal,Collision with pedestrians,1,1,Going straight,Driver or rider,Male,18-30,3.0,Driving at high speed,Slight Injury
2024-10-05 03:26:00,Thursday,Unknown,Female,Above high school,1-2yr,Lorry (41-100Q),Owner,2-5yrs,Unknown,Other,Undivided Two way,Tangent road with flat terrain,No junction,Asphalt roads,Dry,Darkness - lights lit,Normal,Vehicle with vehicle collision,2,1,Other,Passenger,Male,Over 51,3.0,Moving Backward,Serious Injury
2024-10-05 03:26:00,Thursday,Over 51,Male,Junior high school,Below 1yr,Other,Owner,2-5yrs,Unknown,Residential areas,Undivided Two way,Tangent road with flat terrain,No junction,Asphalt roads,Dry,Darkness - lights lit,Normal,Collision with roadside objects,2,1,Going straight,,,,,No distancing,Serious Injury
2024-10-05 15:25:00,Thursday,Over 51,Male,Unknown,Unknown,Automobile,Owner,2-5yrs,Unknown,Residential areas,Two-way (divided with broken lines road marking),Tangent road with flat terrain,No junction,Asphalt roads,Dry,Daylight,Normal,Vehicle with vehicle collision,1,1,Other,Driver or rider,Male,31-50,3.0,Other,Slight Injury
2024-10-05 12:45:00,Sunday,18-30,Male,High school,Below 1yr,Other,Owner,5-10yrs,No defect,Other,Two-way (divided with broken lines road marking),Tangent road with flat terrain,Y Shape,Asphalt roads,Dry,Daylight,Normal,Vehicle with vehicle collision,2,1,Going straight,Pedestrian,Male,31-50,3.0,No priority to vehicle,Slight Injury
2024-10-05 12:45:00,Sunday,31-50,Male,High school,Below 1yr,Taxi,Other,Unknown,Unknown,Other,Two-way (divided with broken lines road marking),Tangent road with flat terrain,Y Shape,Asphalt roads,Dry,Daylight,Normal,Vehicle with vehicle collision,2,1,Going straight,Pedestrian,Male,18-30,3.0,Changing lane to the right,Slight Injury
2024-10-05 22:39:00,Monday,31-50,Male,Unknown,Unknown,Lorry (41-100Q),Owner,Unknown,No defect,Other,Undivided Two way,Tangent road with flat terrain,No junction,Asphalt roads,Dry,Darkness - lights lit,Normal,Vehicle with vehicle collision,1,1,Going straight,,,,,Other,Slight Injury
2024-10-05 07:56:00,Thursday,31-50,Male,High school,2-5yr,Other,Owner,Unknown,No defect,Other,Double carriageway (median),Tangent road with flat terrain,No junction,Other,Dry,Daylight,Normal,Vehicle with vehicle collision,2,1,Going straight,Driver or rider,Male,18-30,3.0,No distancing,Slight Injury
2024-10-05 07:56:00,Thursday,18-30,Male,Junior high school,Above 10yr,Automobile,Owner,Unknown,Unknown,Residential areas,Two-way (divided with broken lines road marking),Tangent road with flat terrain,No junction,Asphalt roads,Dry,Daylight,Normal,Vehicle with vehicle collision,2,1,Moving Backward,Pedestrian,Female,Over 51,3.0,Driving carelessly,Slight Injury
2024-10-05 20:08:00,Thursday,31-50,Male,Junior high school,Above 10yr,Public (> 45 seats),Owner,2-5yrs,Unknown,Recreational areas,Undivided Two way,Tangent road with flat terrain,No junction,Asphalt roads,Dry,Daylight,Normal,Vehicle with vehicle collision,3,2,Moving Backward,,,,,No distancing,Serious Injury