Time,Day_of_week,Age_band_of_driver,Sex_of_driver,Educational_level,Driving_experience,Type_of_vehicle,Owner_of_vehicle,Service_year_of_vehicle,Defect_of_vehicle,Area_accident_occured,Lanes_or_Medians,Road_allignment,Types_of_Junction,Road_surface_type,Road_surface_conditions,Light_conditions,Weather_conditions,Type_of_collision,Number_of_vehicles_involved,Number_of_casualties,Vehicle_movement,Casualty_class,Sex_of_casualty,Age_band_of_casualty,Casualty_severity,Cause_of_accident,Accident_severity
2024-10-05 12:10:00,Monday,Unknown,Male,Unknown,5-10yr,Automobile,Owner,Unknown,No defect,Office areas,Two-way (divided with broken lines road marking),Tangent road with mountainous terrain and,No junction,Asphalt roads,Dry,Daylight,Normal,Vehicle with vehicle collision,2,1,Going straight,Driver or rider,Male,31-50,3.0,No distancing,Slight Injury
2024-10-05 12:10:00,Monday,31-50,Male,Elementary school,1-2yr,Automobile,Governmental,Unknown,No defect,Office areas,Two-way (divided with broken lines road marking),Escarpments,No junction,Asphalt roads,Dry,Daylight,Normal,Vehicle with vehicle collision,2,1,Going straight,,,,,Changing lane to the left,Slight Injury
2024-10-05 16:05:00,Friday,Unknown,Male,Junior high school,5-10yr,Long lorry,Owner,2-5yrs,Unknown,Other,Undivided Two way,Tangent road with mountainous terrain and,No junction,Asphalt roads,Dry,Daylight,Normal,Vehicle with vehicle collision,2,1,Going straight,Driver or rider,Female,31-50,3.0,No priority to pedestrian,Slight Injury
2024-10-05 16:05:00,Friday,18-30,Male,Junior high school,2-5yr,Long lorry,Owner,2-5yrs,Unknown,Other,Undivided Two way,Tangent road with flat terrain,No junction,Asphalt roads,Dry,Daylight,Normal,Vehicle with vehicle collision,2,1,Going straight,,,,,No distancing,Slight Injury
2024-10-05 16:55:00,Thursday,Unknown,Male,Junior high school,2-5yr,Automobile,Owner,Unknown,No defect,Residential areas,Two-way (divided with broken lines road marking),Tangent road with flat terrain,Y Shape,Asphalt roads,Dry,Daylight,Normal,Vehicle with vehicle collision,2,1,Going straight,Pedestrian,Male,18-30,3.0,No distancing,Slight Injury
2024-10-05 16:55:00,Thursday,31-50,Male,Junior high school,5-10yr,Stationwagen,Owner,Unknown,Unknown,Other,Two-way (divided with broken lines road marking),Tangent road with flat terrain,Y Shape,Asphalt roads,Dry,Daylight,Normal,Vehicle with vehicle collision,2,1,Going straight,Driver or rider,Male,18-30,3.0,Changing lane to the left,Slight Injury
2024-10-05 00:30:00,Wednesday,31-50,Male,Junior high school,Below 1yr,Other,Owner,Below 1yr,Unknown,Other,Undivided Two way,Tangent road with mild grade and flat terrain,No junction,Asphalt roads,Dry,Darkness - lights lit,Normal,Vehicle with vehicle collision,2,1,Moving Backward,,,,,No distancing,Slight Injury
2024-10-05 00:30:00,Wednesday,Unknown,Female,High school,Below 1yr,Other,Owner,5-10yrs,Unknown,Other,Two-way (divided with broken lines road marking),Tangent road with flat terrain,No junction,Asphalt roads,Dry,Darkness - lights lit,Normal,Collision with roadside objects,2,1,Going straight,Pedestrian,Male,18-30,3.0,Changing lane to the left,Slight Injury
2024-10-05 08:50:00,Wednesday,Unknown,Male,Junior high school,Unknown,Special vehicle,Governmental,5-10yrs,No defect,Other,Undivided Two way,Tangent road with flat terrain,Crossing,Asphalt roads,Dry,Daylight,Normal,Vehicle with vehicle collision,1,1,Moving Backward,Pedestrian,Female,Over 51,3.0,No distancing,Slight Injury
2024-10-05 11:15:00,Wednesday,Unknown,Female,Junior high school,Below 1yr,Lorry (41-100Q),Owner,2-5yrs,No defect,Other,Double carriageway (median),Tangent road with mild grade and flat terrain,No junction,Asphalt roads,Dry,Daylight,Normal,Vehicle with vehicle collision,1,1,Moving Backward,,,,,No distancing,Slight Injury
2024-10-05 04:55:00,Saturday,18-30,Male,Junior high school,2-5yr,Pick up upto 10Q,Owner,Unknown,No defect,Other,Two-way (divided with broken lines road marking),Tangent road with flat terrain,Y Shape,Asphalt roads,Dry,Daylight,Normal,Vehicle with vehicle collision,2,1,Going straight,Driver or rider,Male,31-50,3.0,No distancing,Slight Injury
2024-10-05 04:55:00,Saturday,31-50,Male,Junior high school,2-5yr,Lorry (11-40Q),Owner,2-5yrs,Unknown,Church areas,Two-way (divided with broken lines road marking),Tangent road with flat terrain,Y Shape,Asphalt roads,Dry,Daylight,Normal,Vehicle with vehicle collision,2,1,Going straight,Driver or rider,Male,Over 51,3.0,Changing lane to the left,Slight Injury
2024-10-05 12:34:00,Wednesday,18-30,Male,Junior high school,5-10yr,Lorry (41-100Q),Owner,5-10yrs,Unknown,Other,Undivided Two way,Tangent road with flat terrain,Other,Asphalt roads,Wet or damp,Daylight,Raining,Rollover,2,2,Going straight,,,,,Changing lane to the right,Slight Injury
2024-10-05 12:34:00,Wednesday,31-50,Male,Elementary school,5-10yr,Motorcycle,Organization,2-5yrs,Unknown,Industrial areas,Two-way (divided with broken lines road marking),Tangent road with flat terrain,Other,Asphalt roads with some distress,Wet or damp,Daylight,Raining,Vehicle with vehicle collision,2,2,Going straight,Pedestrian,Male,18-30,3.0,Moving Backward,Slight Injury
2024-10-05 12:34:00,Wednesday,31-50,Male,Unknown,5-10yr,Automobile,Owner,Unknown,No defect,Residential areas,Double carriageway (median),Tangent road with flat terrain,Other,Asphalt roads,Wet or damp,Daylight,Raining,Vehicle with vehicle collision,2,2,Going straight,Pedestrian,Female,18-30,3.0,Changing lane to the right,Slight Injury
2024-10-05 18:11:00,Thursday,18-30,Male,Junior high school,5-10yr,Automobile,Governmental,Above 10yr,No defect,Other,Two-way (divided with broken lines road marking),Tangent road with flat terrain,No junction,Asphalt roads,Dry,Daylight,Normal,Collision with roadside objects,3,1,Going straight,Passenger,Female,31-50,3.0,No distancing,Slight Injury
2024-10-05 18:11:00,Thursday,18-30,Male,Junior high school,5-10yr,Automobile,Owner,Unknown,No defect,Office areas,Two-way (divided with broken lines road marking),Tangent road with flat terrain,No junction,Asphalt roads,Dry,Daylight,Normal,Vehicle with vehicle collision,3,1,Other,,,,,Overtaking,Slight Injury
2024-10-05 18:11:00,Thursday,31-50,Male,Illiterate,2-5yr,Stationwagen,Owner,Unknown,No defect,Industrial areas,Other,Tangent road with flat terrain,No junction,Asphalt roads,Dry,Daylight,Normal,Vehicle with vehicle collision,3,1,Other,Driver or rider,Male,31-50,3.0,Other,Slight Injury
2024-10-05 20:52:00,Tuesday,18-30,Male,Junior high school,5-10yr,Other,Owner,1-2yr,No defect,Industrial areas,Double carriageway (median),Tangent road with flat terrain,Crossing,Gravel roads,Dry,Daylight,Normal,Vehicle with vehicle collision,2,1,Going straight,Passenger,Male,Over 51,3.0,Other,Slight Injury
2024-10-05 20:52:00,Tuesday,31-50,Male,Junior high school,Below 1yr,Public (> 45 seats),Owner,Unknown,No defect,Other,Two-way (divided with broken lines road marking),Tangent road with flat terrain,Crossing,Asphalt roads,Dry,Daylight,Normal,Collision with roadside objects,2,1,Other,,,,,Changing lane to the right,Slight Injury
2024-10-05 15:30:00,Sunday,31-50,Male,Junior high school,1-2yr,Public (> 45 seats),Organization,Above 10yr,Unknown,Hospital areas,Two-way (divided with broken lines road marking),Tangent road with flat terrain,Crossing,Asphalt roads,Wet or damp,Daylight,Raining,Collision with roadside objects,2,1,Overtaking,Driver or rider,Male,Over 51,3.0,No priority to pedestrian,Slight Injury
2024-10-05 15:30:00,Sunday,Unknown,Female,Elementary school,2-5yr,Stationwagen,Owner,Unknown,Unknown,Office areas,One way,Tangent road with flat terrain,Crossing,Asphalt roads,Wet or damp,Daylight,Raining,Vehicle with vehicle collision,2,1,Reversing,,,,,No priority to vehicle,Slight Injury
2024-10-05 17:17:00,Wednesday,31-50,Male,Elementary school,2-5yr,Automobile,Owner,2-5yrs,No defect,Church areas,Undivided Two way,Tangent road with flat terrain,Crossing,Asphalt roads,Dry,Daylight,Normal,Vehicle with vehicle collision,2,1,Going straight,Driver or rider,Male,31-50,3.0,Changing lane to the left,Slight Injury
2024-10-05 17:17:00,Wednesday,Under 18,Male,Elementary school,5-10yr,Bicycle,Organization,5-10yrs,No defect,Hospital areas,Undivided Two way,Tangent road with mountainous terrain and,Crossing,Asphalt roads,Dry,Daylight,Normal,Collision with roadside objects,2,1,Other,Driver or rider,Female,18-30,3.0,Changing lane to the left,Slight Injury
2024-10-05 17:15:00,Wednesday,31-50,Male,Junior high school,5-10yr,Automobile,Owner,Above 10yr,No defect,Office areas,Other,Tangent road with flat terrain,No junction,Asphalt roads,Dry,Daylight,Normal,Collision with roadside objects,1,1,Moving Backward,Driver or rider,Male,Over 51,3.0,Overtaking,Slight Injury
2024-10-05 13:30:00,Tuesday,18-30,Male,Unknown,Unknown,Lorry (41-100Q),Owner,2-5yrs,No defect,Other,Two-way (divided with broken lines road marking),Escarpments,No junction,Asphalt roads,Dry,Daylight,Normal,Vehicle with vehicle collision,2,2,Going straight,Driver or rider,Male,18-30,3.0,No distancing,Slight Injury
2024-10-05 13:30:00,Tuesday,Over 51,Male,Junior high school,Above 10yr,Automobile,Owner,1-2yr,Unknown,Office areas,Undivided Two way,Tangent road with flat terrain,No junction,Asphalt roads,Dry,Daylight,Normal,Vehicle with vehicle collision,2,2,Other,,,,,No priority to vehicle,Slight Injury
2024-10-05 07:11:00,Sunday,31-50,Male,Junior high school,Above 10yr,Public (13-45 seats),Owner,2-5yrs,Unknown,Office areas,Two-way (divided with broken lines road marking),Tangent road with mountainous terrain and,Y Shape,Asphalt roads,Dry,Daylight,Normal,Vehicle with vehicle collision,2,1,Moving Backward,Driver or rider,Male,18-30,3.0,Changing lane to the right,Slight Injury
2024-10-05 07:11:00,Sunday,31-50,Male,Junior high school,Above 10yr,Special vehicle,Owner,Unknown,No defect,Other,Double carriageway (median),Steep grade downward with mountainous terrain,Y Shape,Asphalt roads,Dry,Daylight,Normal,Collision with roadside objects,2,1,Going straight,,,,,Changing lane to the left,Slight Injury
2024-10-05 16:51:00,Saturday,18-30,Male,Junior high school,Unknown,Automobile,Owner,1-2yr,No defect,Office areas,Undivided Two way,Tangent road with mild grade and flat terrain,Y Shape,Asphalt roads,Dry,Daylight,Normal,Vehicle with vehicle collision,2,2,Going straight,Driver or rider,Female,18-30,3.0,No distancing,Serious Injury
2024-10-05 16:51:00,Saturday,31-50,Male,Junior high school,5-10yr,Public (13-45 seats),Owner,Unknown,No defect,Residential areas,Undivided Two way,Tangent road with flat terrain,Y Shape,Asphalt roads,Dry,Daylight,Normal,Vehicle with vehicle collision,2,2,Moving Backward,,,,,Driving carelessly,Serious Injury
2024-10-05 07:25:00,Friday,18-30,Male,Junior high school,2-5yr,Other,Owner,Unknown,Unknown,Other,Two-way (divided with broken lines road marking),Tangent road with flat terrain,Y Shape,Asphalt roads,Dry,Daylight,Normal,Vehicle with vehicle collision,2,1,Going straight,Pedestrian,Female,18-30,3.0,No priority to pedestrian,Slight Injury
2024-10-05 07:25:00,Friday,18-30,Male,Elementary school,5-10yr,Lorry (41-100Q),Owner,2-5yrs,Unknown,Office areas,Double carriageway (median),Tangent road with flat terrain,Y Shape,Asphalt roads,Dry,Daylight,Normal,Rollover,2,1,Getting off,Pedestrian,Female,18-30,3.0,Driving carelessly,Slight Injury
2024-10-05 23:53:00,Thursday,Unknown,Female,Junior high school,2-5yr,Lorry (41-100Q),Owner,5-10yrs,Unknown,Office areas,Undivided Two way,Tangent road with mountainous terrain and,No junction,Asphalt roads,Dry,Darkness - lights lit,Normal,Vehicle with vehicle collision,1,1,Going straight,Pedestrian,Male,31-50,3.0,Moving Backward,Fatal injury
2024-10-05 19:39:00,Sunday,Unknown,Male,High school,5-10yr,Public (12 seats),Other,Unknown,Unknown,Office areas,Other,Tangent road with flat terrain,No junction,Asphalt roads,Wet or damp,Darkness - lights lit,Raining,Vehicle with vehicle collision,1,1,Going straight,Pedestrian,Female,18-30,3.0,No distancing,Slight Injury
2024-10-05 14:30:00,Tuesday,Unknown,Male,Junior high school,Above 10yr,Lorry (41-100Q),Owner,5-10yrs,No defect,Other,Two-way (divided with broken lines road marking),Tangent road with mild grade and flat terrain,No junction,Asphalt roads,Dry,Daylight,Normal,Collision with pedestrians,2,3,Moving Backward,Pedestrian,Male,5,3.0,No distancing,Slight Injury
2024-10-05 14:30:00,Tuesday,18-30,Male,Junior high school,2-5yr,Lorry (41-100Q),Owner,Unknown,No defect,Church areas,Undivided Two way,Tangent road with flat terrain,No junction,Asphalt roads,Dry,Daylight,Normal,Vehicle with vehicle collision,2,3,Going straight,Driver or rider,Male,31-50,2.0,No distancing,Slight Injury
2024-10-05 14:30:00,Tuesday,18-30,Male,Elementary school,2-5yr,Public (12 seats),Owner,Unknown,No defect,Industrial areas,Undivided Two way,Tangent road with flat terrain,No junction,Asphalt roads,Dry,Daylight,Normal,Vehicle with vehicle collision,2,3,Going straight,Pedestrian,Male,31-50,3.0,Changing lane to the left,Slight Injury
2024-10-05 14:30:00,Tuesday,18-30,Male,High school,Above 10yr,Public (> 45 seats),Owner,1-2yr,No defect,Office areas,Double carriageway (median),Tangent road with flat terrain,No junction,Asphalt roads,Dry,Daylight,Normal,Vehicle with vehicle collision,2,3,Going straight,Driver or rider,Male,31-50,3.0,Changing lane to the left,Slight Injury
2024-10-05 14:20:00,Saturday,Unknown,Male,Elementary school,1-2yr,Automobile,Owner,Unknown,No defect,Church areas,Undivided Two way,Tangent road with flat terrain,No junction,Earth roads,Dry,Daylight,Normal,Vehicle with vehicle collision,2,1,Going straight,,,,,Moving Backward,Slight Injury
2024-10-05 14:20:00,Saturday,31-50,Unknown,Junior high school,Above 10yr,Pick up upto 10Q,Owner,Unknown,Unknown,Office areas,Undivided Two way,Tangent road with flat terrain,No junction,Asphalt roads,Dry,Daylight,Normal,Collision with roadside objects,2,1,Going straight,Pedestrian,Male,Over 51,3.0,Changing lane to the right,Slight Injury
2024-10-05 07:45:00,Friday,31-50,Male,Unknown,Unknown,Stationwagen,Owner,Unknown,No defect,Office areas,Other,Tangent road with flat terrain,No junction,Asphalt roads,Dry,Daylight,Normal,Vehicle with vehicle collision,2,1,Moving Backward,Driver or rider,Male,31-50,3.0,No priority to vehicle,Slight Injury
2024-10-05 07:45:00,Friday,Unknown,Male,Junior high school,5-10yr,Other,Owner,Unknown,Unknown,Residential areas,Two-way (divided with broken lines road marking),Tangent road with flat terrain,No junction,Asphalt roads,Dry,Daylight,Normal,Vehicle with vehicle collision,2,1,Going straight,Passenger,Female,Over 51,3.0,Moving Backward,Slight Injury
2024-10-05 07:46:00,Tuesday,18-30,Male,Above high school,5-10yr,Other,Owner,5-10yrs,Unknown,Office areas,Two-way (divided with broken lines road marking),Tangent road with flat terrain,Y Shape,Asphalt roads,Dry,Daylight,Normal,Vehicle with vehicle collision,2,2,Going straight,,,,,Overtaking,Slight Injury
2024-10-05 07:46:00,Tuesday,18-30,Male,Junior high school,5-10yr,Automobile,Owner,5-10yrs,Unknown,Residential areas,Undivided Two way,Tangent road with flat terrain,Y Shape,Asphalt roads,Dry,Daylight,Normal,Vehicle with vehicle collision,2,2,Moving Backward,Pedestrian,Male,31-50,2.0,Changing lane to the left,Slight Injury
2024-10-05 20:15:00,Saturday,31-50,Male,Junior high school,Above 10yr,Stationwagen,Owner,2-5yrs,Unknown,Office areas,Double carriageway (median),Tangent road with flat terrain,Crossing,Asphalt roads,Dry,Darkness - lights lit,Normal,Collision with roadside objects,2,1,Moving Backward,Pedestrian,Male,18-30,3.0,Changing lane to the right,Slight Injury
2024-10-05 20:15:00,Saturday,Unknown,Male,Junior high school,1-2yr,Pick up upto 10Q,Owner,2-5yrs,No defect,Office areas,Double carriageway (median),Tangent road with flat terrain,Crossing,Asphalt roads,Dry,Darkness - lights lit,Normal,Vehicle with vehicle collision,2,1,Going straight,Pedestrian,Male,18-30,3.0,Overtaking,Slight Injury
2024-10-05 16:14:00,Monday,18-30,Male,Junior high school,2-5yr,Lorry (41-100Q),Other,Unknown,No defect,Other,Two-way (divided with broken lines road marking),Tangent road with flat terrain,Crossing,Asphalt roads,Dry,Daylight,Normal,Collision with roadside objects,1,1,Going straight,Driver or rider,Male,31-50,3.0,Overloading,Slight Injury
2024-10-05 16:25:00,Tuesday,18-30,Male,Junior high school,Below 1yr,Automobile,Owner,Unknown,No defect,Other,Two-way (divided with broken lines road marking),Tangent road with flat terrain,Crossing,Asphalt roads,Dry,Daylight,Normal,Vehicle with vehicle collision,2,1,Going straight,,,,,Other,Serious Injury
2024-10-05 16:25:00,Tuesday,18-30,Male,Junior high school,Above 10yr,Other,Owner,Above 10yr,No defect,Residential areas,Two-way (divided with broken lines road marking),Tangent road with flat terrain,Crossing,Asphalt roads with some distress,Dry,Daylight,Normal,Rollover,2,1,Going straight,Passenger,Female,31-50,3.0,No priority to vehicle,Serious Injury
2024-10-05 21:34:00,Sunday,Unknown,Female,Junior high school,1-2yr,Lorry (41-100Q),Owner,Unknown,Unknown,Church areas,Two-way (divided with broken lines road marking),Tangent road with flat terrain,No junction,Asphalt roads,Dry,Darkness - lights lit,Normal,Vehicle with vehicle collision,2,1,Going straight,,,,,Changing lane to the right,Serious Injury
2024-10-05 21:34:00,Sunday,18-30,Male,Above high school,5-10yr,Lorry (41-100Q),Governmental,Unknown,No defect,Church areas,Double carriageway (median),Tangent road with flat terrain,No junction,Asphalt roads,Dry,Darkness - lights lit,Normal,Vehicle with vehicle collision,2,1,Going straight,Driver or rider,Male,Over 51,3.0,Moving Backward,Serious Injury
2024-10-05 14:00:00,Saturday,Unknown,Male,Junior high school,5-10yr,Lorry (41-100Q),Owner,2-5yrs,No defect,Residential areas,Double carriageway (median),Tangent road with flat terrain,Y Shape,Asphalt roads,Dry,Daylight,Normal,Vehicle with vehicle collision,2,1,Going straight,,,,,Changing lane to the left,Serious Injury
2024-10-05 14:00:00,Saturday,18-30,Male,Elementary school,Below 1yr,Pick up upto 10Q,Owner,Unknown,No defect,Office areas,Two-way (divided with broken lines road marking),Tangent road with mild grade and flat terrain,Y Shape,Asphalt roads,Dry,Daylight,Normal,Vehicle with vehicle collision,2,1,Going straight,Driver or rider,Male,18-30,3.0,No priority to pedestrian,Serious Injury
2024-10-05 12:19:00,Monday,Over 51,Male,Unknown,Unknown,Pick up upto 10Q,Owner,5-10yrs,No defect,Office areas,Two-way (divided with broken lines road marking),Tangent road with mild grade and flat terrain,Y Shape,Asphalt roads,Dry,Daylight,Normal,Vehicle with vehicle collision,2,1,Going straight,Pedestrian,Male,18-30,3.0,No distancing,Slight Injury
2024-10-05 12:19:00,Monday,18-30,Male,Junior high school,Above 10yr,Automobile,Owner,2-5yrs,Unknown,Residential areas,Two-way (divided with broken lines road marking),Tangent road with flat terrain,Y Shape,Asphalt roads,Dry,Daylight,Normal,Collision with pedestrians,2,1,Going straight,Driver or rider,Male,Over 51,3.0,No priority to vehicle,Slight Injury
2024-10-05 11:49:00,Wednesday,Over 51,Male,Junior high school,Unknown,Other,Owner,5-10yrs,Unknown,Church areas,Other,Tangent road with flat terrain,No junction,Asphalt roads,Dry,Daylight,Normal,Rollover,1,1,Other,,,,,No distancing,Serious Injury
2024-10-05 18:09:00,Thursday,31-50,Male,Junior high school,1-2yr,Other,Owner,Unknown,Unknown,Other,Two-way (divided with broken lines road marking),Tangent road with flat terrain,No junction,Asphalt roads,Dry,Daylight,Normal,Vehicle with vehicle collision,1,1,Going straight,Passenger,Female,Over 51,3.0,No distancing,Slight Injury
2024-10-05 10:40:00,Monday,31-50,Male,Junior high school,2-5yr,Automobile,Owner,Unknown,Unknown,Office areas,Two-way (divided with broken lines road marking),Tangent road with flat terrain,Y Shape,Asphalt roads,Dry,Daylight,Normal,Rollover,2,1,Reversing,Passenger,Male,Under 18,3.0,Moving Backward,Slight Injury
2024-10-05 10:40:00,Monday,18-30,Male,Unknown,Unknown,Motorcycle,Owner,Unknown,Unknown,Other,Two-way (divided with broken lines road marking),Tangent road with flat terrain,Y Shape,Asphalt roads,Dry,Daylight,Normal,Vehicle with vehicle collision,2,1,Going straight,Driver or rider,Female,31-50,3.0,Changing lane to the right,Slight Injury
2024-10-05 16:54:00,Sunday,31-50,Male,Junior high school,Above 10yr,Automobile,Owner,Unknown,Unknown,Other,Two-way (divided with broken lines road marking),Tangent road with flat terrain,Y Shape,Asphalt roads,Dry,Daylight,Normal,Vehicle with vehicle collision,1,1,Reversing,,,,,No priority to pedestrian,Slight Injury
2024-10-05 23:26:00,Sunday,18-30,Male,Junior high school,2-5yr,Automobile,Owner,Unknown,Unknown,Other,Other,Tangent road with flat terrain,Y Shape,Asphalt roads,Dry,Darkness - lights lit,Normal,Vehicle with vehicle collision,1,1,Going straight,Driver or rider,Male,31-50,3.0,Moving Backward,Slight Injury
2024-10-05 11:33:00,Sunday,Unknown,Male,Junior high school,5-10yr,Public (12 seats),Governmental,2-5yrs,Unknown,Residential areas,Two-way (divided with broken lines road marking),Other,No junction,Asphalt roads,Dry,Daylight,Normal,Fall from vehicles,2,1,Reversing,,,,,Getting off the vehicle improperly,Slight Injury
2024-10-05 11:33:00,Sunday,18-30,Male,Junior high school,2-5yr,Automobile,Owner,Below 1yr,Unknown,Church areas,Undivided Two way,Tangent road with flat terrain,No junction,Asphalt roads,Dry,Daylight,Normal,Vehicle with vehicle collision,2,1,Other,,,,,Overtaking,Slight Injury
2024-10-05 18:30:00,Wednesday,18-30,Male,Junior high school,1-2yr,Public (> 45 seats),Owner,Above 10yr,No defect,Residential areas,Other,Tangent road with flat terrain,Crossing,Asphalt roads,Dry,Daylight,Normal,Collision with roadside objects,1,1,Going straight,Driver or rider,Male,Under 18,3.0,Overloading,Slight Injury
2024-10-05 13:34:00,Friday,31-50,Male,Junior high school,5-10yr,Lorry (41-100Q),Owner,5-10yrs,No defect,Office areas,Undivided Two way,Tangent road with flat terrain,No junction,Asphalt roads,Wet or damp,Daylight,Raining,Vehicle with vehicle collision,2,4,Reversing,Driver or rider,Male,31-50,3.0,Changing lane to the right,Slight Injury
2024-10-05 13:34:00,Friday,31-50,Male,Junior high school,2-5yr,Public (> 45 seats),Owner,Unknown,No defect,Recreational areas,Other,Other,No junction,Asphalt roads,Wet or damp,Daylight,Raining,Vehicle with vehicle collision,2,4,Other,,,,,Improper parking,Slight Injury
2024-10-05 13:34:00,Friday,31-50,Male,Elementary school,5-10yr,Other,Governmental,Unknown,No defect,Office areas,Other,Tangent road with mild grade and flat terrain,No junction,Asphalt roads,Wet or damp,Daylight,Raining,Vehicle with vehicle collision,2,4,Going straight,Passenger,Female,Over 51,3.0,Other,Slight Injury
2024-10-05 13:34:00,Friday,Over 51,Male,Above high school,5-10yr,Other,Owner,5-10yrs,No defect,Industrial areas,Other,Tangent road with flat terrain,No junction,Other,Wet or damp,Daylight,Raining,Collision with pedestrians,2,4,Going straight,,,,,Changing lane to the left,Slight Injury
2024-10-05 15:59:00,Tuesday,31-50,Male,Junior high school,2-5yr,Automobile,Other,Unknown,Unknown,Other,Other,Other,Crossing,Asphalt roads,Dry,Daylight,Normal,Vehicle with vehicle collision,2,1,Going straight,Driver or rider,Male,18-30,3.0,Changing lane to the right,Slight Injury
2024-10-05 15:59:00,Tuesday,18-30,Male,Junior high school,2-5yr,Automobile,Owner,Unknown,No defect,Residential areas,Undivided Two way,Tangent road with flat terrain,Crossing,Asphalt roads,Dry,Daylight,Normal,Vehicle with vehicle collision,2,1,Moving Backward,Pedestrian,Female,18-30,3.0,No priority to pedestrian,Slight Injury
2024-10-05 19:14:00,Monday,31-50,Male,Junior high school,2-5yr,Lorry (41-100Q),Governmental,Above 10yr,No defect,Residential areas,Other,Tangent road with flat terrain,Y Shape,Asphalt roads,Dry,Daylight,Normal,Vehicle with vehicle collision,2,1,Going straight,Pedestrian,Female,18-30,3.0,Overspeed,Slight Injury
2024-10-05 19:14:00,Monday,Over 51,Male,Junior high school,5-10yr,Automobile,Owner,1-2yr,No defect,Industrial areas,Other,Tangent road with flat terrain,Y Shape,Asphalt roads,Dry,Daylight,Normal,Rollover,2,1,Going straight,,,,,Changing lane to the left,Slight Injury
2024-10-05 18:20:00,Thursday,18-30,Male,Junior high school,1-2yr,Public (13-45 seats),Owner,2-5yrs,No defect,Residential areas,Undivided Two way,Tangent road with flat terrain,No junction,Asphalt roads,Dry,Daylight,Normal,Collision with roadside objects,1,1,Going straight,Driver or rider,Male,5,3.0,No priority to vehicle,Slight Injury
2024-10-05 22:00:00,Friday,Unknown,Male,Junior high school,2-5yr,Automobile,Owner,Unknown,No defect,Residential areas,Other,Tangent road with flat terrain,No junction,Asphalt roads,Dry,Daylight,Normal,Vehicle with vehicle collision,2,1,Going straight,Driver or rider,Male,18-30,3.0,Changing lane to the right,Serious Injury
2024-10-05 22:00:00,Friday,Unknown,Male,High school,2-5yr,Public (> 45 seats),Owner,Unknown,No defect,Office areas,Undivided Two way,Tangent road with flat terrain,No junction,Asphalt roads,Dry,Daylight,Normal,Vehicle with vehicle collision,2,1,Other,,,,,No distancing,Serious Injury
2024-10-05 15:34:00,Wednesday,Unknown,Male,Unknown,Unknown,Lorry (41-100Q),Owner,2-5yrs,No defect,Office areas,Double carriageway (median),Escarpments,Crossing,Asphalt roads,Dry,Daylight,Normal,Collision with roadside objects,1,1,Other,Pedestrian,Female,31-50,3.0,No priority to pedestrian,Serious Injury
2024-10-05 19:29:00,Friday,Unknown,Male,Junior high school,1-2yr,Automobile,Owner,Above 10yr,No defect,Office areas,Other,Tangent road with flat terrain,Y Shape,Asphalt roads,Wet or damp,Daylight,Raining,Vehicle with vehicle collision,2,3,Going straight,,,,,No distancing,Slight Injury
2024-10-05 19:29:00,Friday,31-50,Male,Junior high school,Below 1yr,Lorry (11-40Q),Owner,1-2yr,No defect,Office areas,Undivided Two way,Escarpments,Y Shape,Asphalt roads,Wet or damp,Daylight,Raining,Vehicle with vehicle collision,2,3,Turnover,Driver or rider,Male,18-30,2.0,No priority to vehicle,Slight Injury
2024-10-05 19:29:00,Friday,31-50,Male,High school,1-2yr,Public (13-45 seats),Owner,Unknown,No defect,Office areas,One way,Tangent road with flat terrain,Y Shape,Asphalt roads,Wet or damp,Daylight,Raining,Vehicle with vehicle collision,2,3,Going straight,,,,,Other,Slight Injury
2024-10-05 19:29:00,Friday,31-50,Male,Above high school,1-2yr,Public (13-45 seats),Owner,Unknown,No defect,Office areas,Undivided Two way,Tangent road with flat terrain,Y Shape,Asphalt roads,Wet or damp,Daylight,Raining,Rollover,2,3,Moving Backward,Driver or rider,Female,18-30,3.0,Driving carelessly,Slight Injury
2024-10-05 16:18:00,Saturday,31-50,Male,Junior high school,Above 10yr,Other,Owner,Unknown,No defect,Office areas,Other,Tangent road with flat terrain,No junction,Asphalt roads,Dry,Daylight,Normal,Rollover,2,1,Moving Backward,Passenger,Female,Under 18,3.0,Changing lane to the left,Serious Injury
2024-10-05 16:18:00,Saturday,18-30,Male,High school,1-2yr,Long lorry,Owner,Above 10yr,No defect,Residential areas,Other,Tangent road with flat terrain,No junction,Asphalt roads,Dry,Daylight,Normal,Collision with pedestrians,2,1,Going straight,,,,,Driving carelessly,Serious Injury
2024-10-05 13:58:00,Sunday,18-30,Male,Junior high school,2-5yr,Lorry (41-100Q),Owner,5-10yrs,No defect,Residential areas,One way,Tangent road with flat terrain,Y Shape,Asphalt roads,Wet or damp,Daylight,Raining,Vehicle with vehicle collision,3,1,Other,Driver or rider,Male,31-50,3.0,Changing lane to the left,Slight Injury
2024-10-05 13:58:00,Sunday,18-30,Male,Above high school,2-5yr,Lorry (11-40Q),Owner,Unknown,No defect,Other,One way,Tangent road with flat terrain,Y Shape,Asphalt roads,Wet or damp,Daylight,Raining,Vehicle with vehicle collision,3,1,Going straight,,,,,No priority to vehicle,Slight Injury
2024-10-05 13:58:00,Sunday,Over 51,Male,High school,Above 10yr,Lorry (41-100Q),Owner,5-10yrs,No defect,Church areas,Undivided Two way,Tangent road with flat terrain,Y Shape,Asphalt roads,Wet or damp,Daylight,Raining,Vehicle with vehicle collision,3,1,Going straight,Driver or rider,Female,31-50,3.0,No distancing,Slight Injury