Time,Day_of_week,Age_band_of_driver,Sex_of_driver,Educational_level,Driving_experience,Type_of_vehicle,Owner_of_vehicle,Service_year_of_vehicle,Defect_of_vehicle,Area_accident_occured,Lanes_or_Medians,Road_allignment,Types_of_Junction,Road_surface_type,Road_surface_conditions,Light_conditions,Weather_conditions,Type_of_collision,Number_of_vehicles_involved,Number_of_casualties,Vehicle_movement,Casualty_class,Sex_of_casualty,Age_band_of_casualty,Casualty_severity,Cause_of_accident,Accident_severity
2024-10-05 17:03:00,Tuesday,18-30,Male,Elementary school,5-10yr,Public (12 seats),Owner,Unknown,No defect,Recreational areas,Other,Tangent road with flat terrain,Y Shape,Asphalt roads,Wet or damp,Daylight,Raining,Collision with pedestrians,2,1,Going straight,Driver or rider,Male,18-30,3.0,Changing lane to the right,Slight Injury
2024-10-05 17:03:00,Tuesday,18-30,Male,High school,1-2yr,Other,Owner,Unknown,Unknown,Industrial areas,Undivided Two way,Tangent road with flat terrain,Y Shape,Asphalt roads,Wet or damp,Daylight,Raining,Collision with pedestrians,2,1,Going straight,,,,,Changing lane to the right,Slight Injury
2024-10-05 20:00:00,Monday,31-50,Male,High school,5-10yr,Taxi,Other,Unknown,Unknown,Residential areas,Other,Other,Crossing,Asphalt roads,Dry,Daylight,Normal,Vehicle with vehicle collision,2,1,Going straight,Driver or rider,Male,31-50,3.0,Driving at high speed,Slight Injury
2024-10-05 20:00:00,Monday,18-30,Male,High school,2-5yr,Other,Owner,Above 10yr,No defect,Residential areas,Other,Tangent road with rolling terrain,Crossing,Asphalt roads,Dry,Daylight,Normal,Vehicle with vehicle collision,2,1,Going straight,Passenger,Female,Under 18,3.0,No distancing,Slight Injury
2024-10-05 15:00:00,Wednesday,31-50,Male,Junior high school,1-2yr,Automobile,Owner,2-5yrs,No defect,Office areas,Double carriageway (median),Tangent road with flat terrain,No junction,Asphalt roads,Dry,Daylight,Normal,Vehicle with vehicle collision,1,1,Going straight,,,,,Changing lane to the right,Slight Injury
2024-10-05 19:32:00,Friday,18-30,Male,Above high school,Above 10yr,Other,Owner,2-5yrs,No defect,Market areas,Undivided Two way,Tangent road with flat terrain,No junction,Asphalt roads,Dry,Daylight,Normal,Collision with roadside objects,2,2,Going straight,Driver or rider,Male,31-50,3.0,Changing lane to the left,Slight Injury
2024-10-05 19:32:00,Friday,18-30,Male,Above high school,2-5yr,Lorry (41-100Q),Other,Unknown,Unknown,Other,Other,Tangent road with flat terrain,No junction,Asphalt roads,Dry,Daylight,Normal,Vehicle with vehicle collision,2,2,Other,Driver or rider,Male,31-50,3.0,Getting off the vehicle improperly,Slight Injury
2024-10-05 19:32:00,Friday,Unknown,Male,Elementary school,5-10yr,Automobile,Owner,Unknown,No defect,Industrial areas,Other,Tangent road with flat terrain,No junction,Asphalt roads,Dry,Daylight,Normal,Collision with roadside objects,2,2,Going straight,Driver or rider,Male,18-30,3.0,Other,Slight Injury
2024-10-05 09:45:00,Thursday,31-50,Male,Elementary school,1-2yr,Automobile,Owner,Unknown,No defect,Residential areas,Two-way (divided with solid lines road marking),Tangent road with flat terrain,Y Shape,Asphalt roads,Dry,Daylight,Normal,Vehicle with vehicle collision,2,1,Overtaking,,,,,Other,Slight Injury
2024-10-05 09:45:00,Thursday,Unknown,Male,Junior high school,Unknown,Lorry (41-100Q),Governmental,Below 1yr,No defect,Residential areas,Undivided Two way,Tangent road with flat terrain,Y Shape,Asphalt roads,Dry,Daylight,Normal,Vehicle with vehicle collision,2,1,Going straight,Driver or rider,Female,18-30,3.0,No distancing,Slight Injury
2024-10-05 14:51:00,Thursday,Unknown,Female,Unknown,Unknown,Automobile,Owner,5-10yrs,No defect,Other,Undivided Two way,Tangent road with flat terrain,Y Shape,Asphalt roads,Dry,Daylight,Normal,Collision with roadside objects,2,1,Going straight,,,,,No priority to vehicle,Slight Injury
2024-10-05 14:51:00,Thursday,Over 51,Male,Elementary school,5-10yr,Automobile,Governmental,Unknown,No defect,Residential areas,Other,Tangent road with flat terrain,Y Shape,Asphalt roads,Dry,Daylight,Normal,Vehicle with vehicle collision,2,1,Going straight,Driver or rider,Male,18-30,3.0,Overtaking,Slight Injury
2024-10-05 22:02:00,Saturday,18-30,Male,Junior high school,2-5yr,Automobile,Owner,1-2yr,No defect,Rural village areas,Undivided Two way,Gentle horizontal curve,Y Shape,Asphalt roads,Dry,Darkness - lights lit,Normal,Vehicle with vehicle collision,2,2,U-Turn,,,,,No priority to pedestrian,Slight Injury
2024-10-05 22:02:00,Saturday,18-30,Male,Junior high school,5-10yr,Taxi,Owner,2-5yrs,No defect,Rural village areas,Undivided Two way,Gentle horizontal curve,Y Shape,Asphalt roads,Dry,Darkness - lights lit,Normal,Collision with roadside objects,2,2,Going straight,Pedestrian,Female,Under 18,3.0,No distancing,Slight Injury
2024-10-05 22:02:00,Saturday,18-30,Male,High school,2-5yr,Other,Owner,Unknown,No defect,Office areas,Double carriageway (median),Tangent road with flat terrain,Y Shape,Asphalt roads,Dry,Darkness - lights lit,Normal,Collision with roadside objects,2,2,Going straight,Driver or rider,Male,5,3.0,Changing lane to the right,Slight Injury
2024-10-05 09:10:00,Thursday,31-50,Male,Junior high school,1-2yr,Other,Owner,2-5yrs,No defect,Residential areas,Undivided Two way,Gentle horizontal curve,No junction,Asphalt roads,Dry,Daylight,Normal,Vehicle with vehicle collision,1,1,Going straight,Driver or rider,Male,Over 51,3.0,Driving carelessly,Slight Injury
2024-10-05 07:50:00,Thursday,Unknown,Female,Junior high school,1-2yr,Automobile,Owner,Unknown,Unknown,Residential areas,Other,Tangent road with flat terrain,Y Shape,Asphalt roads,Dry,Daylight,Raining,Vehicle with vehicle collision,3,1,Going straight,,,,,Changing lane to the right,Slight Injury
2024-10-05 07:50:00,Thursday,18-30,Male,Junior high school,5-10yr,Pick up upto 10Q,Owner,Unknown,7,Outside rural areas,Other,Tangent road with flat terrain,Y Shape,Asphalt roads,Dry,Daylight,Raining,Vehicle with vehicle collision,3,1,Turnover,,,,,Overtaking,Slight Injury
2024-10-05 07:50:00,Thursday,Unknown,Male,Illiterate,Unknown,Other,Owner,Above 10yr,Unknown,Residential areas,Other,Tangent road with flat terrain,Y Shape,Asphalt roads,Dry,Daylight,Raining,Vehicle with vehicle collision,3,1,Going straight,Pedestrian,Female,31-50,3.0,Other,Slight Injury
2024-10-05 17:10:00,Wednesday,18-30,Male,Junior high school,5-10yr,Automobile,Owner,5-10yrs,5,Church areas,Other,Tangent road with flat terrain,Other,Asphalt roads,Wet or damp,Daylight,Normal,Vehicle with vehicle collision,2,1,Going straight,,,,,Driving to the left,Serious Injury
2024-10-05 17:10:00,Wednesday,31-50,Male,Junior high school,1-2yr,Public (12 seats),Owner,Unknown,No defect,Office areas,Undivided Two way,Tangent road with flat terrain,Other,Asphalt roads,Wet or damp,Daylight,Normal,Vehicle with vehicle collision,2,1,Moving Backward,Passenger,Female,18-30,3.0,Driving at high speed,Serious Injury
2024-10-05 07:55:00,Wednesday,31-50,Male,Junior high school,2-5yr,Public (13-45 seats),Owner,Unknown,No defect,Office areas,Two-way (divided with broken lines road marking),Tangent road with mountainous terrain and,Y Shape,Asphalt roads,Dry,Daylight,Normal,Vehicle with vehicle collision,2,2,Going straight,Pedestrian,Female,31-50,2.0,Other,Slight Injury
2024-10-05 07:55:00,Wednesday,18-30,Male,Junior high school,Above 10yr,Lorry (11-40Q),Governmental,Unknown,No defect,Office areas,Two-way (divided with broken lines road marking),Escarpments,Y Shape,Asphalt roads,Dry,Daylight,Normal,Vehicle with vehicle collision,2,2,Moving Backward,,,,,Changing lane to the right,Slight Injury
2024-10-05 08:42:00,Monday,18-30,Male,Junior high school,5-10yr,Stationwagen,Owner,2-5yrs,Unknown,Other,Undivided Two way,Tangent road with mountainous terrain and,No junction,Asphalt roads,Wet or damp,Daylight,Normal,Vehicle with vehicle collision,2,1,Going straight,Driver or rider,Male,5,3.0,No distancing,Slight Injury
2024-10-05 08:42:00,Monday,Unknown,Female,High school,1-2yr,Ridden horse,Owner,2-5yrs,Unknown,Other,Undivided Two way,Tangent road with flat terrain,No junction,Asphalt roads,Wet or damp,Daylight,Normal,Vehicle with vehicle collision,2,1,Going straight,Pedestrian,Male,18-30,3.0,Other,Slight Injury
2024-10-05 15:36:00,Monday,Unknown,Female,Junior high school,Above 10yr,Stationwagen,Owner,Unknown,No defect,Residential areas,Two-way (divided with broken lines road marking),Tangent road with flat terrain,No junction,Asphalt roads,Wet or damp,Daylight,Other,Vehicle with vehicle collision,2,2,Going straight,Passenger,Female,Over 51,3.0,No priority to vehicle,Slight Injury
2024-10-05 15:36:00,Monday,31-50,Male,Junior high school,1-2yr,Automobile,Owner,Unknown,Unknown,Other,Two-way (divided with broken lines road marking),Tangent road with flat terrain,No junction,Asphalt roads,Wet or damp,Daylight,Other,Vehicle with vehicle collision,2,2,Going straight,Passenger,Female,Over 51,3.0,Changing lane to the left,Slight Injury
2024-10-05 15:36:00,Monday,31-50,Male,Junior high school,2-5yr,Automobile,Owner,Below 1yr,Unknown,Other,Undivided Two way,Tangent road with mild grade and flat terrain,No junction,Asphalt roads,Wet or damp,Daylight,Other,Vehicle with vehicle collision,2,2,U-Turn,,,,,No priority to pedestrian,Slight Injury
2024-10-05 13:46:00,Tuesday,31-50,Male,Junior high school,Above 10yr,Other,Owner,5-10yrs,Unknown,Other,Two-way (divided with broken lines road marking),Tangent road with flat terrain,Other,Asphalt roads,Dry,Daylight,Normal,Vehicle with vehicle collision,2,1,Going straight,,,,,Overtaking,Slight Injury
2024-10-05 13:46:00,Tuesday,18-30,Male,Junior high school,2-5yr,Taxi,Governmental,5-10yrs,No defect,Other,Undivided Two way,Tangent road with flat terrain,Other,Asphalt roads,Dry,Daylight,Normal,Vehicle with vehicle collision,2,1,Going straight,Driver or rider,Female,31-50,3.0,Driving carelessly,Slight Injury
2024-10-05 05:54:00,Wednesday,31-50,Male,Elementary school,5-10yr,Automobile,Owner,2-5yrs,No defect,Other,Double carriageway (median),Tangent road with mild grade and flat terrain,Other,Asphalt roads,Dry,Darkness - lights lit,Normal,Vehicle with vehicle collision,2,1,Going straight,Pedestrian,Male,18-30,3.0,No priority to vehicle,Slight Injury
2024-10-05 05:54:00,Wednesday,18-30,Male,Unknown,Unknown,Stationwagen,Owner,Unknown,No defect,Other,Two-way (divided with broken lines road marking),Tangent road with flat terrain,Other,Asphalt roads,Dry,Darkness - lights lit,Normal,Vehicle with vehicle collision,2,1,Going straight,Pedestrian,Female,18-30,2.0,No priority to pedestrian,Slight Injury
2024-10-05 11:00:00,Friday,31-50,Male,Elementary school,1-2yr,Automobile,Owner,2-5yrs,Unknown,Church areas,Two-way (divided with broken lines road marking),Tangent road with flat terrain,No junction,Asphalt roads,Dry,Daylight,Normal,Vehicle with vehicle collision,2,1,Going straight,Passenger,Female,Over 51,3.0,Changing lane to the right,Slight Injury
2024-10-05 11:00:00,Friday,18-30,Male,Elementary school,5-10yr,Public (12 seats),Owner,5-10yrs,Unknown,Other,Undivided Two way,Tangent road with flat terrain,No junction,Asphalt roads,Dry,Daylight,Normal,Collision with roadside objects,2,1,Going straight,Driver or rider,Male,31-50,3.0,Driving carelessly,Slight Injury
2024-10-05 11:30:00,Tuesday,18-30,Male,Elementary school,5-10yr,Other,Organization,2-5yrs,Unknown,Industrial areas,Two-way (divided with broken lines road marking),Tangent road with flat terrain,Crossing,Asphalt roads,Dry,Daylight,Normal,Vehicle with vehicle collision,2,1,Stopping,Pedestrian,Male,Over 51,2.0,Changing lane to the right,Slight Injury
2024-10-05 11:30:00,Tuesday,18-30,Male,Junior high school,1-2yr,Automobile,Owner,Unknown,No defect,Residential areas,Double carriageway (median),Tangent road with flat terrain,Crossing,Asphalt roads,Dry,Daylight,Normal,Collision with pedestrians,2,1,Turnover,Driver or rider,Male,18-30,3.0,Changing lane to the right,Slight Injury
2024-10-05 10:40:00,Tuesday,Over 51,Male,Junior high school,5-10yr,Lorry (41-100Q),Governmental,Above 10yr,No defect,Other,Two-way (divided with broken lines road marking),Tangent road with flat terrain,Y Shape,Asphalt roads,Dry,Daylight,Normal,Vehicle with vehicle collision,2,1,Getting off,Driver or rider,Female,18-30,3.0,Changing lane to the left,Slight Injury
2024-10-05 10:40:00,Tuesday,18-30,Male,Junior high school,5-10yr,Other,Owner,Unknown,No defect,Office areas,Two-way (divided with broken lines road marking),Tangent road with flat terrain,Y Shape,Asphalt roads,Dry,Daylight,Normal,Collision with roadside objects,2,1,Moving Backward,Driver or rider,Male,31-50,3.0,Overturning,Slight Injury
2024-10-05 12:54:00,Saturday,Over 51,Male,Junior high school,2-5yr,Public (> 45 seats),Owner,Unknown,No defect,Industrial areas,Other,Tangent road with flat terrain,Y Shape,Asphalt roads,Dry,Daylight,Normal,Vehicle with vehicle collision,1,1,Moving Backward,Passenger,Female,Under 18,3.0,Driving carelessly,Serious Injury
2024-10-05 10:43:00,Thursday,Over 51,Male,Junior high school,1-2yr,Other,Owner,1-2yr,No defect,Industrial areas,Double carriageway (median),Tangent road with flat terrain,No junction,Asphalt roads,Dry,Daylight,Normal,Vehicle with vehicle collision,1,1,Going straight,Passenger,Male,Under 18,3.0,No distancing,Slight Injury
2024-10-05 02:00:00,Thursday,Unknown,Female,Junior high school,5-10yr,Public (12 seats),Owner,Unknown,No defect,Other,Two-way (divided with broken lines road marking),Tangent road with flat terrain,No junction,Asphalt roads,Dry,Darkness - lights lit,Other,Vehicle with vehicle collision,1,1,Turnover,,,,,Driving carelessly,Serious Injury
2024-10-05 18:23:00,Friday,Over 51,Male,Junior high school,Below 1yr,Public (12 seats),Organization,Above 10yr,Unknown,Hospital areas,Two-way (divided with broken lines road marking),Tangent road with flat terrain,No junction,Asphalt roads,Dry,Daylight,Normal,Vehicle with vehicle collision,1,1,Going straight,Pedestrian,Female,Over 51,3.0,Changing lane to the left,Slight Injury
2024-10-05 07:40:00,Friday,18-30,Male,Junior high school,5-10yr,Automobile,Owner,Unknown,Unknown,Office areas,One way,Tangent road with flat terrain,Y Shape,Asphalt roads,Dry,Daylight,Normal,Vehicle with vehicle collision,2,1,Going straight,Driver or rider,Male,31-50,3.0,No priority to vehicle,Slight Injury
2024-10-05 07:40:00,Friday,Unknown,Male,Junior high school,5-10yr,Other,Owner,2-5yrs,No defect,Church areas,Undivided Two way,Tangent road with flat terrain,Y Shape,Asphalt roads,Dry,Daylight,Normal,Rollover,2,1,U-Turn,Driver or rider,Male,31-50,3.0,Changing lane to the right,Slight Injury
2024-10-05 15:59:00,Monday,31-50,Male,Unknown,5-10yr,Automobile,Organization,5-10yrs,No defect,Hospital areas,Undivided Two way,Tangent road with mountainous terrain and,Crossing,Asphalt roads,Wet or damp,Daylight,Raining,Collision with roadside objects,2,1,Going straight,Pedestrian,Female,31-50,3.0,No distancing,Slight Injury
2024-10-05 15:59:00,Monday,18-30,Male,Junior high school,5-10yr,Lorry (41-100Q),Owner,Above 10yr,No defect,Office areas,Other,Tangent road with flat terrain,Crossing,Asphalt roads,Wet or damp,Daylight,Raining,Vehicle with vehicle collision,2,1,Going straight,Pedestrian,Female,Under 18,3.0,Moving Backward,Slight Injury
2024-10-05 17:35:00,Thursday,Over 51,Male,High school,2-5yr,Public (12 seats),Owner,2-5yrs,No defect,Other,Two-way (divided with broken lines road marking),Escarpments,No junction,Asphalt roads,Dry,Daylight,Normal,Collision with roadside objects,2,1,U-Turn,Passenger,Female,Over 51,3.0,Moving Backward,Slight Injury
2024-10-05 17:35:00,Thursday,18-30,Male,Above high school,5-10yr,Lorry (11-40Q),Owner,1-2yr,Unknown,Office areas,Undivided Two way,Tangent road with flat terrain,No junction,Asphalt roads,Dry,Daylight,Normal,Vehicle with vehicle collision,2,1,Stopping,,,,,No distancing,Slight Injury
2024-10-05 19:00:00,Sunday,31-50,Male,Junior high school,Above 10yr,Automobile,Owner,2-5yrs,Unknown,Office areas,Two-way (divided with broken lines road marking),Tangent road with mountainous terrain and,No junction,Asphalt roads,Dry,Daylight,Normal,Vehicle with vehicle collision,2,2,Going straight,Pedestrian,Male,Over 51,3.0,No distancing,Slight Injury
2024-10-05 19:00:00,Sunday,31-50,Male,Junior high school,Below 1yr,Automobile,Owner,Unknown,No defect,Other,Double carriageway (median),Steep grade downward with mountainous terrain,No junction,Asphalt roads,Dry,Daylight,Normal,Vehicle with vehicle collision,2,2,Moving Backward,Driver or rider,Male,Over 51,3.0,No distancing,Slight Injury
2024-10-05 19:00:00,Sunday,31-50,Male,Elementary school,5-10yr,Automobile,Owner,1-2yr,No defect,Office areas,Undivided Two way,Tangent road with mild grade and flat terrain,No junction,Asphalt roads,Dry,Daylight,Normal,Vehicle with vehicle collision,2,2,Getting off,,,,,No priority to pedestrian,Slight Injury
2024-10-05 11:30:00,Thursday,18-30,Male,Elementary school,2-5yr,Bajaj,Owner,Unknown,No defect,Residential areas,Undivided Two way,Tangent road with flat terrain,Y Shape,Asphalt roads,Dry,Daylight,Normal,Vehicle with vehicle collision,2,1,Going straight,Driver or rider,Male,18-30,3.0,Driving carelessly,Slight Injury
2024-10-05 11:30:00,Thursday,18-30,Male,Junior high school,2-5yr,Public (12 seats),Owner,Unknown,Unknown,Other,Two-way (divided with broken lines road marking),Tangent road with flat terrain,Y Shape,Asphalt roads,Dry,Daylight,Normal,Collision with roadside objects,2,1,Going straight,,,,,Changing lane to the right,Slight Injury
2024-10-05 22:15:00,Wednesday,18-30,Male,Junior high school,1-2yr,Lorry (11-40Q),Owner,2-5yrs,Unknown,Office areas,Double carriageway (median),Tangent road with flat terrain,Y Shape,Asphalt roads,Dry,Darkness - lights lit,Normal,Vehicle with vehicle collision,2,2,Turnover,Driver or rider,Male,31-50,3.0,Changing lane to the left,Slight Injury
2024-10-05 22:15:00,Wednesday,18-30,Male,Junior high school,2-5yr,Other,Owner,5-10yrs,Unknown,Office areas,Undivided Two way,Tangent road with mountainous terrain and,Y Shape,Asphalt roads,Dry,Darkness - lights lit,Normal,Collision with roadside objects,2,2,Moving Backward,,,,,Driving carelessly,Slight Injury
2024-10-05 11:39:00,Tuesday,Over 51,Male,Junior high school,2-5yr,Other,Other,Unknown,Unknown,Office areas,Other,Tangent road with flat terrain,Crossing,Asphalt roads,Wet or damp,Daylight,Raining,Vehicle with vehicle collision,2,1,Going straight,Pedestrian,Male,18-30,2.0,Driving carelessly,Slight Injury
2024-10-05 11:39:00,Tuesday,18-30,Male,Junior high school,Above 10yr,Automobile,Owner,5-10yrs,No defect,Other,Two-way (divided with broken lines road marking),Tangent road with mild grade and flat terrain,Crossing,Earth roads,Wet or damp,Daylight,Raining,Vehicle with vehicle collision,2,1,Moving Backward,,,,,No distancing,Slight Injury
2024-10-05 16:58:00,Monday,18-30,Male,High school,Below 1yr,Lorry (11-40Q),Owner,Unknown,No defect,Church areas,Undivided Two way,Tangent road with flat terrain,Y Shape,Asphalt roads,Wet or damp,Daylight,Raining,Vehicle with vehicle collision,2,1,Going straight,Driver or rider,Female,31-50,3.0,Other,Slight Injury
2024-10-05 16:58:00,Monday,31-50,Male,Junior high school,2-5yr,Lorry (41-100Q),Owner,Unknown,No defect,Industrial areas,Undivided Two way,Tangent road with flat terrain,Y Shape,Asphalt roads,Wet or damp,Daylight,Raining,Vehicle with vehicle collision,2,1,Other,Passenger,Female,Under 18,3.0,Changing lane to the right,Slight Injury
2024-10-05 09:35:00,Wednesday,31-50,Male,High school,Above 10yr,Pick up upto 10Q,Owner,1-2yr,No defect,Office areas,Double carriageway (median),Tangent road with flat terrain,Other,Asphalt roads,Dry,Daylight,Other,Vehicle with vehicle collision,1,1,Going straight,,,,,Changing lane to the right,Slight Injury
2024-10-05 17:50:00,Friday,18-30,Male,Junior high school,Above 10yr,Lorry (11-40Q),Owner,Unknown,No defect,Church areas,Undivided Two way,Tangent road with flat terrain,Crossing,Asphalt roads,Dry,Daylight,Normal,Vehicle with vehicle collision,3,2,Other,Driver or rider,Female,18-30,3.0,No distancing,Slight Injury
2024-10-05 17:50:00,Friday,31-50,Male,High school,5-10yr,Stationwagen,Owner,Unknown,Unknown,Office areas,Undivided Two way,Tangent road with flat terrain,Crossing,Asphalt roads,Dry,Daylight,Normal,Vehicle with vehicle collision,3,2,Going straight,Driver or rider,Male,Over 51,3.0,No distancing,Slight Injury
2024-10-05 17:50:00,Friday,31-50,Male,Junior high school,Above 10yr,Other,Owner,Unknown,No defect,Office areas,Other,Tangent road with flat terrain,Crossing,Asphalt roads,Dry,Daylight,Normal,Vehicle with vehicle collision,3,2,Other,,,,,Overturning,Slight Injury
2024-10-05 04:56:00,Saturday,31-50,Male,Junior high school,1-2yr,Other,Owner,Unknown,Unknown,Residential areas,Two-way (divided with broken lines road marking),Tangent road with flat terrain,Crossing,Asphalt roads,Wet or damp,Darkness - lights lit,Raining,Vehicle with vehicle collision,1,1,Going straight,,,,,Driving at high speed,Slight Injury
2024-10-05 08:00:00,Friday,18-30,Male,Junior high school,2-5yr,Lorry (11-40Q),Owner,5-10yrs,Unknown,Office areas,Two-way (divided with broken lines road marking),Tangent road with flat terrain,Y Shape,Asphalt roads,Dry,Daylight,Normal,Vehicle with vehicle collision,2,1,Going straight,Driver or rider,Male,31-50,3.0,No priority to vehicle,Slight Injury
2024-10-05 08:00:00,Friday,31-50,Male,Elementary school,2-5yr,Other,Owner,5-10yrs,Unknown,Residential areas,Undivided Two way,Tangent road with flat terrain,Y Shape,Asphalt roads,Dry,Daylight,Normal,Vehicle with vehicle collision,2,1,Going straight,,,,,No priority to pedestrian,Slight Injury
2024-10-05 16:07:00,Friday,18-30,Male,Elementary school,5-10yr,Automobile,Owner,2-5yrs,Unknown,Office areas,Double carriageway (median),Tangent road with flat terrain,Y Shape,Asphalt roads,Dry,Daylight,Normal,Rollover,2,1,Going straight,,,,,No priority to vehicle,Slight Injury
2024-10-05 16:07:00,Friday,31-50,Male,Junior high school,5-10yr,Lorry (41-100Q),Owner,2-5yrs,No defect,Office areas,Double carriageway (median),Tangent road with flat terrain,Y Shape,Asphalt roads,Dry,Daylight,Normal,Collision with roadside objects,2,1,Going straight,Pedestrian,Female,31-50,3.0,Other,Slight Injury
2024-10-05 16:10:00,Friday,18-30,Male,High school,5-10yr,Other,Other,Unknown,No defect,Other,Two-way (divided with broken lines road marking),Tangent road with flat terrain,Crossing,Asphalt roads,Dry,Daylight,Normal,Vehicle with vehicle collision,2,3,Other,,,,,Other,Slight Injury
2024-10-05 16:10:00,Friday,18-30,Male,Junior high school,Above 10yr,Lorry (41-100Q),Owner,Unknown,No defect,Other,Two-way (divided with broken lines road marking),Tangent road with flat terrain,Crossing,Asphalt roads,Dry,Daylight,Normal,Vehicle with vehicle collision,2,3,Other,Driver or rider,Male,18-30,3.0,Moving Backward,Slight Injury
2024-10-05 16:10:00,Friday,18-30,Male,Junior high school,Below 1yr,Automobile,Owner,Above 10yr,No defect,Residential areas,Two-way (divided with broken lines road marking),Tangent road with flat terrain,Crossing,Asphalt roads,Dry,Daylight,Normal,Collision with roadside objects,2,3,Going straight,Driver or rider,Male,18-30,3.0,No distancing,Slight Injury
2024-10-05 16:10:00,Friday,18-30,Male,Junior high school,Below 1yr,Pick up upto 10Q,Owner,Unknown,Unknown,Church areas,Two-way (divided with broken lines road marking),Tangent road with flat terrain,Crossing,Asphalt roads,Dry,Daylight,Normal,Vehicle with vehicle collision,2,3,Going straight,,,,,Moving Backward,Slight Injury
2024-10-05 10:00:00,Wednesday,Over 51,Male,Junior high school,Above 10yr,Lorry (41-100Q),Governmental,Unknown,No defect,Church areas,Double carriageway (median),Tangent road with flat terrain,Crossing,Asphalt roads,Dry,Daylight,Normal,Vehicle with vehicle collision,1,1,Getting off,,,,,No priority to vehicle,Slight Injury
2024-10-05 21:17:00,Saturday,Over 51,Male,High school,5-10yr,Public (13-45 seats),Owner,2-5yrs,No defect,Residential areas,Double carriageway (median),Tangent road with flat terrain,No junction,Asphalt roads,Dry,Darkness - lights lit,Normal,Vehicle with vehicle collision,2,4,Going straight,Driver or rider,Male,31-50,3.0,Driving carelessly,Serious Injury
2024-10-05 21:17:00,Saturday,Over 51,Male,Elementary school,5-10yr,Long lorry,Owner,Unknown,No defect,Office areas,Two-way (divided with broken lines road marking),Tangent road with mild grade and flat terrain,No junction,Asphalt roads,Dry,Darkness - lights lit,Normal,Rollover,2,4,Going straight,Passenger,Female,5,3.0,No distancing,Serious Injury
2024-10-05 21:17:00,Saturday,Over 51,Male,Junior high school,2-5yr,Automobile,Owner,5-10yrs,No defect,Office areas,Two-way (divided with broken lines road marking),Tangent road with mild grade and flat terrain,No junction,Asphalt roads,Dry,Darkness - lights lit,Normal,Rollover,2,4,Going straight,Passenger,Female,5,3.0,Other,Serious Injury
2024-10-05 21:17:00,Saturday,Over 51,Male,Junior high school,2-5yr,Automobile,Owner,2-5yrs,Unknown,Residential areas,Two-way (divided with broken lines road marking),Tangent road with flat terrain,No junction,Asphalt roads,Dry,Darkness - lights lit,Normal,Collision with pedestrians,2,4,Going straight,Driver or rider,Male,31-50,3.0,Changing lane to the right,Serious Injury
2024-10-05 17:01:00,Friday,31-50,Male,Above high school,5-10yr,Other,Owner,5-10yrs,Unknown,Church areas,Other,Tangent road with flat terrain,No junction,Asphalt roads,Dry,Daylight,Normal,Vehicle with vehicle collision,1,1,Going straight,Pedestrian,Male,18-30,3.0,No distancing,Serious Injury
2024-10-05 01:56:00,Saturday,Under 18,Male,Junior high school,2-5yr,Other,Owner,Unknown,Unknown,Other,Two-way (divided with broken lines road marking),Tangent road with flat terrain,Y Shape,Asphalt roads,Wet or damp,Darkness - lights lit,Raining,Vehicle with vehicle collision,3,1,Getting off,Pedestrian,Female,31-50,3.0,Driving carelessly,Slight Injury
2024-10-05 01:56:00,Saturday,31-50,Male,Unknown,Unknown,Long lorry,Owner,Unknown,Unknown,Office areas,Two-way (divided with broken lines road marking),Tangent road with flat terrain,Y Shape,Asphalt roads,Wet or damp,Darkness - lights lit,Raining,Vehicle with vehicle collision,3,1,Going straight,Driver or rider,Male,18-30,3.0,No distancing,Slight Injury
2024-10-05 01:56:00,Saturday,Unknown,Male,Junior high school,2-5yr,Public (12 seats),Owner,Unknown,Unknown,Other,Two-way (divided with broken lines road marking),Tangent road with flat terrain,Y Shape,Asphalt roads,Wet or damp,Darkness - lights lit,Raining,Collision with pedestrians,3,1,Going straight,,,,,No priority to vehicle,Slight Injury
2024-10-05 19:20:00,Friday,Unknown,Male,Junior high school,5-10yr,Public (12 seats),Owner,Unknown,Unknown,Other,Two-way (divided with broken lines road marking),Tangent road with flat terrain,Other,Asphalt roads,Dry,Daylight,Normal,Collision with pedestrians,2,2,Other,,,,,Changing lane to the right,Slight Injury
2024-10-05 19:20:00,Friday,18-30,Male,Junior high school,2-5yr,Other,Owner,Unknown,Unknown,Other,Other,Tangent road with flat terrain,Other,Asphalt roads,Dry,Daylight,Normal,Vehicle with vehicle collision,2,2,Going straight,Driver or rider,Male,Over 51,3.0,No priority to pedestrian,Slight Injury
2024-10-05 19:20:00,Friday,18-30,Male,Elementary school,1-2yr,Other,Governmental,2-5yrs,Unknown,Residential areas,Two-way (divided with broken lines road marking),Other,Other,Asphalt roads,Dry,Daylight,Normal,Vehicle with vehicle collision,2,2,Going straight,Pedestrian,Female,Over 51,3.0,No priority to vehicle,Slight Injury
2024-10-05 19:08:00,Monday,18-30,Male,High school,Unknown,Other,Owner,Below 1yr,Unknown,Church areas,Undivided Two way,Tangent road with flat terrain,Y Shape,Asphalt roads,Dry,Darkness - lights lit,Other,Vehicle with vehicle collision,3,3,Going straight,Pedestrian,Female,18-30,3.0,Changing lane to the left,Slight Injury
2024-10-05 19:08:00,Monday,18-30,Male,Junior high school,1-2yr,Public (12 seats),Other,Unknown,Unknown,Other,Undivided Two way,Tangent road with flat terrain,Y Shape,Asphalt roads,Dry,Darkness - lights lit,Other,Collision with roadside objects,3,3,Going straight,Pedestrian,Female,5,3.0,Turnover,Slight Injury