Time,Day_of_week,Age_band_of_driver,Sex_of_driver,Educational_level,Driving_experience,Type_of_vehicle,Owner_of_vehicle,Service_year_of_vehicle,Defect_of_vehicle,Area_accident_occured,Lanes_or_Medians,Road_allignment,Types_of_Junction,Road_surface_type,Road_surface_conditions,Light_conditions,Weather_conditions,Type_of_collision,Number_of_vehicles_involved,Number_of_casualties,Vehicle_movement,Casualty_class,Sex_of_casualty,Age_band_of_casualty,Casualty_severity,Cause_of_accident,Accident_severity
2024-10-05 19:08:00,Monday,18-30,Male,Junior high school,2-5yr,Lorry (41-100Q),Owner,Unknown,Unknown,Other,One way,Tangent road with flat terrain,Y Shape,Asphalt roads,Dry,Darkness - lights lit,Other,Vehicle with vehicle collision,3,3,Going straight,Pedestrian,Male,18-30,3.0,Driving to the left,Slight Injury
2024-10-05 19:08:00,Monday,Unknown,Female,Junior high school,1-2yr,Other,Owner,Unknown,No defect,Residential areas,Two-way (divided with broken lines road marking),Tangent road with flat terrain,Y Shape,Asphalt roads,Dry,Darkness - lights lit,Other,Collision with roadside objects,3,3,Reversing,Driver or rider,Male,31-50,2.0,Driving carelessly,Slight Injury
2024-10-05 19:08:00,Monday,Unknown,Female,Elementary school,Above 10yr,Public (12 seats),Owner,Unknown,Unknown,Office areas,One way,Tangent road with flat terrain,Y Shape,Asphalt roads,Dry,Darkness - lights lit,Other,Vehicle with vehicle collision,3,3,Other,,,,,Driving to the left,Slight Injury
2024-10-05 19:08:00,Monday,Unknown,Female,Junior high school,2-5yr,Other,Owner,Unknown,No defect,Industrial areas,Two-way (divided with broken lines road marking),Tangent road with flat terrain,Y Shape,Asphalt roads,Dry,Darkness - lights lit,Other,Vehicle with vehicle collision,3,3,Going straight,Driver or rider,Female,18-30,3.0,Driving carelessly,Slight Injury
2024-10-05 09:45:00,Monday,Unknown,Male,Junior high school,2-5yr,Lorry (11-40Q),Governmental,Unknown,No defect,Residential areas,Double carriageway (median),Tangent road with flat terrain,No junction,Asphalt roads,Dry,Daylight,Other,Collision with roadside objects,1,1,Going straight,,,,,No priority to pedestrian,Serious Injury
2024-10-05 16:27:00,Saturday,18-30,Male,Junior high school,2-5yr,Other,Owner,Unknown,No defect,Office areas,Other,Tangent road with flat terrain,Y Shape,Asphalt roads,Dry,Daylight,Normal,Vehicle with vehicle collision,1,1,Going straight,Driver or rider,Male,18-30,3.0,Driving carelessly,Slight Injury
2024-10-05 05:46:00,Sunday,31-50,Male,Junior high school,2-5yr,Other,Owner,2-5yrs,Unknown,Other,Other,Tangent road with flat terrain,T Shape,Asphalt roads,Dry,Darkness - lights lit,Normal,Vehicle with vehicle collision,1,1,Going straight,,,,,Changing lane to the right,Serious Injury
2024-10-05 13:44:00,Saturday,Under 18,Male,Elementary school,2-5yr,Other,Owner,Unknown,Unknown,Church areas,Other,Tangent road with flat terrain,Y Shape,Asphalt roads,Dry,Daylight,Normal,Collision with roadside objects,1,1,Going straight,Driver or rider,Male,18-30,3.0,Moving Backward,Fatal injury
2024-10-05 21:11:00,Thursday,18-30,Male,Junior high school,2-5yr,Pick up upto 10Q,Owner,Above 10yr,Unknown,Industrial areas,Other,Tangent road with flat terrain,No junction,Asphalt roads,Dry,Darkness - lights lit,Normal,Collision with roadside objects,3,3,Going straight,Passenger,Male,18-30,3.0,Driving carelessly,Slight Injury
2024-10-05 21:11:00,Thursday,18-30,Male,Elementary school,5-10yr,Automobile,Owner,Unknown,No defect,Recreational areas,One way,Tangent road with flat terrain,No junction,Asphalt roads,Dry,Darkness - lights lit,Normal,Vehicle with vehicle collision,3,3,Going straight,,,,,Changing lane to the right,Slight Injury
2024-10-05 21:11:00,Thursday,18-30,Male,Elementary school,2-5yr,Other,Owner,Unknown,No defect,Market areas,Undivided Two way,Tangent road with flat terrain,No junction,Asphalt roads,Dry,Darkness - lights lit,Normal,Vehicle with vehicle collision,3,3,Going straight,Driver or rider,Male,Under 18,3.0,Driving carelessly,Slight Injury
2024-10-05 21:11:00,Thursday,18-30,Male,Junior high school,Above 10yr,Lorry (41-100Q),Owner,Unknown,No defect,Other,Two-way (divided with broken lines road marking),Tangent road with flat terrain,No junction,Asphalt roads,Dry,Darkness - lights lit,Normal,Vehicle with vehicle collision,3,3,Going straight,,,,,Driving carelessly,Slight Injury
2024-10-05 22:48:00,Monday,31-50,Male,Junior high school,Above 10yr,Public (13-45 seats),Owner,Unknown,Unknown,Other,Two-way (divided with broken lines road marking),Tangent road with flat terrain,Y Shape,Asphalt roads,Wet or damp,Darkness - lights lit,Raining,Vehicle with vehicle collision,2,1,Moving Backward,Driver or rider,Male,18-30,3.0,Driving carelessly,Fatal injury
2024-10-05 22:48:00,Monday,31-50,Unknown,High school,Above 10yr,Automobile,Owner,Unknown,No defect,Industrial areas,Two-way (divided with broken lines road marking),Other,Y Shape,Asphalt roads,Wet or damp,Darkness - lights lit,Raining,Vehicle with vehicle collision,2,1,Moving Backward,Driver or rider,Male,18-30,3.0,Changing lane to the right,Fatal injury
2024-10-05 13:10:00,Thursday,Unknown,Male,Junior high school,5-10yr,Pick up upto 10Q,Governmental,2-5yrs,Unknown,Other,Two-way (divided with broken lines road marking),Tangent road with flat terrain,No junction,Asphalt roads,Dry,Daylight,Normal,Vehicle with vehicle collision,2,1,Turnover,Pedestrian,Male,Over 51,3.0,Changing lane to the right,Slight Injury
2024-10-05 13:10:00,Thursday,18-30,Male,Junior high school,2-5yr,Lorry (41-100Q),Governmental,Unknown,Unknown,Office areas,Other,Tangent road with flat terrain,No junction,Asphalt roads,Dry,Daylight,Normal,Vehicle with vehicle collision,2,1,Other,,,,,Driving carelessly,Slight Injury
2024-10-05 08:35:00,Monday,31-50,Male,Elementary school,1-2yr,Public (12 seats),Owner,Unknown,Unknown,Other,Other,Tangent road with flat terrain,Other,Asphalt roads,Wet or damp,Daylight,Raining,Vehicle with vehicle collision,1,1,Other,Driver or rider,Female,31-50,3.0,Overtaking,Slight Injury
2024-10-05 08:40:00,Thursday,Unknown,Male,Junior high school,2-5yr,Other,Owner,Unknown,Unknown,Office areas,Two-way (divided with broken lines road marking),Tangent road with flat terrain,No junction,Asphalt roads,Dry,Daylight,Normal,Vehicle with vehicle collision,2,2,Going straight,Passenger,Male,18-30,3.0,Changing lane to the right,Slight Injury
2024-10-05 08:40:00,Thursday,18-30,Male,Junior high school,5-10yr,Lorry (41-100Q),Owner,Unknown,Unknown,Office areas,Undivided Two way,Tangent road with flat terrain,No junction,Asphalt roads,Dry,Daylight,Normal,Vehicle with vehicle collision,2,2,Going straight,,,,,No distancing,Slight Injury
2024-10-05 08:40:00,Thursday,18-30,Male,Unknown,Unknown,Pick up upto 10Q,Organization,Unknown,Unknown,Other,Other,Tangent road with flat terrain,No junction,Asphalt roads,Dry,Daylight,Normal,Vehicle with vehicle collision,2,2,Other,Pedestrian,Female,18-30,3.0,Other,Slight Injury
2024-10-05 18:00:00,Thursday,Unknown,Male,Elementary school,5-10yr,Other,Governmental,2-5yrs,Unknown,Other,Other,Tangent road with flat terrain,No junction,Asphalt roads,Dry,Daylight,Other,Vehicle with vehicle collision,2,1,Other,,,,,Changing lane to the right,Slight Injury
2024-10-05 18:00:00,Thursday,31-50,Male,High school,Above 10yr,Lorry (41-100Q),Owner,Unknown,No defect,Other,Undivided Two way,Tangent road with flat terrain,No junction,Asphalt roads,Dry,Daylight,Other,Vehicle with vehicle collision,2,1,Going straight,,,,,Changing lane to the right,Slight Injury
2024-10-05 11:50:00,Wednesday,Unknown,Male,Junior high school,Above 10yr,Ridden horse,Owner,Above 10yr,Unknown,Other,Other,Tangent road with flat terrain,Y Shape,Asphalt roads,Dry,Daylight,Normal,Vehicle with vehicle collision,1,2,Reversing,Driver or rider,Female,18-30,3.0,Overtaking,Slight Injury
2024-10-05 11:50:00,Wednesday,Unknown,Male,Junior high school,1-2yr,Automobile,Other,Unknown,Unknown,Residential areas,Undivided Two way,Tangent road with flat terrain,Y Shape,Asphalt roads,Dry,Daylight,Normal,Vehicle with vehicle collision,1,2,Other,,,,,Other,Slight Injury
2024-10-05 07:15:00,Tuesday,Unknown,Female,High school,Unknown,Automobile,Owner,2-5yrs,No defect,Church areas,Undivided Two way,Tangent road with flat terrain,No junction,Asphalt roads,Dry,Daylight,Normal,Vehicle with vehicle collision,1,1,Turnover,Driver or rider,Male,18-30,3.0,Driving to the left,Serious Injury
2024-10-05 15:59:00,Wednesday,18-30,Male,Junior high school,2-5yr,Stationwagen,Owner,2-5yrs,Unknown,Office areas,Double carriageway (median),Tangent road with flat terrain,Y Shape,Asphalt roads,Dry,Daylight,Normal,Vehicle with vehicle collision,2,3,Going straight,Pedestrian,Male,18-30,3.0,Overtaking,Slight Injury
2024-10-05 15:59:00,Wednesday,18-30,Male,Junior high school,5-10yr,Other,Owner,2-5yrs,Unknown,Church areas,Other,Tangent road with flat terrain,Y Shape,Asphalt roads,Dry,Daylight,Normal,Vehicle with vehicle collision,2,3,Going straight,Driver or rider,Female,Over 51,3.0,No priority to vehicle,Slight Injury
2024-10-05 15:59:00,Wednesday,18-30,Male,Junior high school,2-5yr,Lorry (41-100Q),Owner,2-5yrs,Unknown,Other,Two-way (divided with broken lines road marking),Tangent road with flat terrain,Y Shape,Asphalt roads,Dry,Daylight,Normal,Collision with roadside objects,2,3,Going straight,Driver or rider,Female,18-30,3.0,Moving Backward,Slight Injury
2024-10-05 15:59:00,Wednesday,31-50,Male,Junior high school,Above 10yr,Lorry (41-100Q),Owner,Unknown,Unknown,Other,Other,Tangent road with flat terrain,Y Shape,Asphalt roads,Dry,Daylight,Normal,Vehicle with vehicle collision,2,3,Going straight,,,,,Other,Slight Injury
2024-10-05 21:20:00,Wednesday,18-30,Male,Elementary school,5-10yr,Long lorry,Owner,1-2yr,Unknown,School areas,Other,Steep grade downward with mountainous terrain,Crossing,Asphalt roads,Dry,Darkness - lights lit,Normal,Collision with pedestrians,2,3,Going straight,,,,,No priority to vehicle,Slight Injury
2024-10-05 21:20:00,Wednesday,31-50,Male,Junior high school,5-10yr,Stationwagen,Owner,5-10yrs,Unknown,Office areas,Two-way (divided with broken lines road marking),Tangent road with mild grade and flat terrain,Crossing,Asphalt roads,Dry,Darkness - lights lit,Normal,Vehicle with vehicle collision,2,3,Going straight,Driver or rider,Male,18-30,2.0,No priority to pedestrian,Slight Injury
2024-10-05 21:20:00,Wednesday,31-50,Male,Above high school,1-2yr,Public (12 seats),Owner,Below 1yr,Unknown,Other,Other,Steep grade downward with mountainous terrain,Crossing,Asphalt roads,Dry,Darkness - lights lit,Normal,Collision with roadside objects,2,3,Going straight,Driver or rider,Female,18-30,3.0,Changing lane to the right,Slight Injury
2024-10-05 23:35:00,Thursday,Unknown,Female,Elementary school,Above 10yr,Automobile,Owner,Unknown,Unknown,Office areas,Undivided Two way,Tangent road with flat terrain,Crossing,Asphalt roads,Dry,Darkness - lights lit,Other,Vehicle with vehicle collision,2,1,Going straight,,,,,Changing lane to the right,Slight Injury
2024-10-05 23:35:00,Thursday,18-30,Male,Elementary school,5-10yr,Public (12 seats),Owner,Unknown,Unknown,Other,Undivided Two way,Tangent road with flat terrain,Crossing,Asphalt roads,Dry,Darkness - lights lit,Other,Vehicle with vehicle collision,2,1,Going straight,Pedestrian,Male,Over 51,3.0,Changing lane to the right,Slight Injury
2024-10-05 10:49:00,Monday,18-30,Male,Elementary school,2-5yr,Lorry (41-100Q),Owner,2-5yrs,Unknown,Other,Two-way (divided with broken lines road marking),Tangent road with flat terrain,Y Shape,Asphalt roads,Dry,Daylight,Normal,Vehicle with vehicle collision,1,2,Other,,,,,Driving to the left,Serious Injury
2024-10-05 10:49:00,Monday,18-30,Male,Elementary school,2-5yr,Automobile,Owner,Unknown,Unknown,Office areas,Undivided Two way,Tangent road with flat terrain,Y Shape,Asphalt roads,Dry,Daylight,Normal,Vehicle with vehicle collision,1,2,Going straight,Driver or rider,Female,18-30,3.0,Changing lane to the left,Serious Injury
2024-10-05 10:44:00,Tuesday,Over 51,Male,Junior high school,5-10yr,Lorry (41-100Q),Owner,Unknown,No defect,Other,Double carriageway (median),Tangent road with flat terrain,No junction,Asphalt roads,Wet or damp,Daylight,Normal,Vehicle with vehicle collision,1,1,Going straight,,,,,Moving Backward,Slight Injury
2024-10-05 00:30:00,Sunday,Unknown,Female,Junior high school,1-2yr,Lorry (41-100Q),Owner,Unknown,Unknown,Church areas,Other,Tangent road with flat terrain,Y Shape,Asphalt roads,Dry,Darkness - lights lit,Normal,Rollover,2,3,Moving Backward,Driver or rider,Male,Under 18,3.0,Driving at high speed,Slight Injury
2024-10-05 00:30:00,Sunday,Over 51,Male,Junior high school,5-10yr,Pick up upto 10Q,Owner,Unknown,No defect,Office areas,Two-way (divided with broken lines road marking),Tangent road with flat terrain,Y Shape,Asphalt roads,Dry,Darkness - lights lit,Normal,Collision with roadside objects,2,3,Going straight,,,,,Moving Backward,Slight Injury
2024-10-05 00:30:00,Sunday,Over 51,Male,Junior high school,5-10yr,Other,Owner,Above 10yr,No defect,Office areas,Two-way (divided with broken lines road marking),Tangent road with flat terrain,Y Shape,Asphalt roads,Dry,Darkness - lights lit,Normal,Vehicle with vehicle collision,2,3,Moving Backward,Driver or rider,Female,18-30,3.0,No distancing,Slight Injury
2024-10-05 00:30:00,Sunday,Over 51,Male,Above high school,5-10yr,Automobile,Owner,2-5yrs,Unknown,Other,Undivided Two way,Tangent road with mountainous terrain and,Y Shape,Asphalt roads,Dry,Darkness - lights lit,Normal,Vehicle with vehicle collision,2,3,Other,,,,,Other,Slight Injury
2024-10-05 18:30:00,Saturday,18-30,Male,Junior high school,Above 10yr,Automobile,Owner,2-5yrs,Unknown,Residential areas,Undivided Two way,Tangent road with flat terrain,Y Shape,Asphalt roads,Dry,Daylight,Normal,Collision with roadside objects,2,1,Going straight,Driver or rider,Female,18-30,3.0,No priority to vehicle,Slight Injury
2024-10-05 18:30:00,Saturday,18-30,Male,Elementary school,2-5yr,Lorry (11-40Q),Owner,Unknown,No defect,Residential areas,Undivided Two way,Tangent road with flat terrain,Y Shape,Asphalt roads,Dry,Daylight,Normal,Vehicle with vehicle collision,2,1,Reversing,,,,,Changing lane to the right,Slight Injury
2024-10-05 17:00:00,Wednesday,Under 18,Male,Junior high school,5-10yr,Bajaj,Owner,5-10yrs,7,Other,Two-way (divided with broken lines road marking),Tangent road with flat terrain,Other,Asphalt roads,Dry,Daylight,Normal,Vehicle with vehicle collision,2,1,Going straight,,,,,Other,Slight Injury
2024-10-05 17:00:00,Wednesday,18-30,Male,Unknown,Unknown,Automobile,Owner,Unknown,7,Other,Other,Tangent road with flat terrain,Other,Asphalt roads,Dry,Daylight,Normal,Vehicle with vehicle collision,2,1,Other,Pedestrian,Male,18-30,3.0,No distancing,Slight Injury
2024-10-05 07:23:00,Wednesday,18-30,Male,Junior high school,5-10yr,Lorry (41-100Q),Owner,Unknown,No defect,Office areas,Other,Steep grade downward with mountainous terrain,Y Shape,Asphalt roads,Dry,Daylight,Normal,Vehicle with vehicle collision,2,1,Other,Driver or rider,Male,18-30,3.0,Driving carelessly,Slight Injury
2024-10-05 07:23:00,Wednesday,Unknown,Male,Junior high school,Unknown,Lorry (11-40Q),Governmental,Unknown,No defect,School areas,Double carriageway (median),Tangent road with flat terrain,Y Shape,Asphalt roads,Dry,Daylight,Normal,Vehicle with vehicle collision,2,1,Other,,,,,No distancing,Slight Injury
2024-10-05 15:26:00,Tuesday,Over 51,Male,Junior high school,Unknown,Lorry (11-40Q),Owner,Unknown,No defect,Other,Two-way (divided with broken lines road marking),Steep grade downward with mountainous terrain,Crossing,Asphalt roads,Dry,Daylight,Normal,Vehicle with vehicle collision,1,1,Stopping,Driver or rider,Male,18-30,3.0,Moving Backward,Slight Injury
2024-10-05 12:19:00,Wednesday,Unknown,Male,Junior high school,1-2yr,Automobile,Owner,5-10yrs,No defect,Other,Two-way (divided with broken lines road marking),Tangent road with rolling terrain,No junction,Asphalt roads,Dry,Daylight,Normal,Collision with pedestrians,2,1,Other,,,,,No distancing,Slight Injury
2024-10-05 12:19:00,Wednesday,31-50,Male,Above high school,5-10yr,Other,Governmental,Unknown,No defect,Church areas,Two-way (divided with broken lines road marking),Tangent road with flat terrain,No junction,Asphalt roads,Dry,Daylight,Normal,Vehicle with vehicle collision,2,1,Other,Driver or rider,Male,18-30,3.0,Moving Backward,Slight Injury
2024-10-05 09:05:00,Tuesday,Unknown,Male,Junior high school,2-5yr,Automobile,Other,Unknown,Unknown,Office areas,Other,Tangent road with mild grade and flat terrain,No junction,Asphalt roads,Dry,Daylight,Normal,Collision with roadside objects,1,1,Other,,,,,No priority to pedestrian,Slight Injury
2024-10-05 08:44:00,Wednesday,18-30,Male,Junior high school,5-10yr,Public (13-45 seats),Owner,Unknown,Unknown,Other,Two-way (divided with broken lines road marking),Tangent road with mild grade and flat terrain,Y Shape,Asphalt roads,Dry,Daylight,Other,Vehicle with vehicle collision,2,3,Going straight,Driver or rider,Male,18-30,3.0,Changing lane to the left,Slight Injury
2024-10-05 08:44:00,Wednesday,31-50,Male,High school,2-5yr,Public (12 seats),Governmental,Unknown,No defect,Residential areas,Double carriageway (median),Tangent road with flat terrain,Y Shape,Asphalt roads,Dry,Daylight,Other,Vehicle with vehicle collision,2,3,Going straight,Pedestrian,Male,18-30,3.0,No distancing,Slight Injury
2024-10-05 08:44:00,Wednesday,31-50,Male,Junior high school,Above 10yr,Other,Owner,Unknown,Unknown,Office areas,Two-way (divided with broken lines road marking),Tangent road with flat terrain,Y Shape,Asphalt roads,Dry,Daylight,Other,Vehicle with vehicle collision,2,3,Going straight,Driver or rider,Male,18-30,3.0,Other,Slight Injury
2024-10-05 08:44:00,Wednesday,31-50,Male,Junior high school,Below 1yr,Automobile,Owner,Unknown,Unknown,Office areas,Undivided Two way,Tangent road with flat terrain,Y Shape,Asphalt roads,Dry,Daylight,Other,Vehicle with vehicle collision,2,3,Going straight,Passenger,Female,18-30,3.0,No distancing,Slight Injury
2024-10-05 20:41:00,Sunday,18-30,Male,Junior high school,Below 1yr,Automobile,Owner,Below 1yr,Unknown,Office areas,Two-way (divided with broken lines road marking),Tangent road with flat terrain,No junction,Other,Dry,Darkness - lights lit,Normal,Vehicle with vehicle collision,2,1,Going straight,,,,,No priority to pedestrian,Serious Injury
2024-10-05 20:41:00,Sunday,18-30,Male,Unknown,Unknown,Public (13-45 seats),Organization,1-2yr,Unknown,Church areas,Other,Tangent road with flat terrain,No junction,Asphalt roads,Dry,Darkness - lights lit,Normal,Vehicle with vehicle collision,2,1,Going straight,Driver or rider,Male,18-30,2.0,Moving Backward,Serious Injury
2024-10-05 15:25:00,Tuesday,31-50,Male,Junior high school,2-5yr,Public (13-45 seats),Owner,Unknown,Unknown,Office areas,Two-way (divided with broken lines road marking),Tangent road with flat terrain,No junction,Asphalt roads,Dry,Daylight,Normal,Vehicle with vehicle collision,1,1,Going straight,,,,,No priority to pedestrian,Slight Injury
2024-10-05 06:40:00,Thursday,31-50,Male,Unknown,Unknown,Automobile,Owner,1-2yr,Unknown,Office areas,Two-way (divided with broken lines road marking),Tangent road with mild grade and flat terrain,No junction,Asphalt roads,Wet or damp,Daylight,Normal,Vehicle with vehicle collision,2,1,Going straight,,,,,No distancing,Slight Injury
2024-10-05 06:40:00,Thursday,Unknown,Male,Elementary school,No Licence,Other,Owner,Unknown,Unknown,Office areas,Two-way (divided with broken lines road marking),Tangent road with mild grade and flat terrain,No junction,Asphalt roads,Wet or damp,Daylight,Normal,Vehicle with vehicle collision,2,1,Going straight,,,,,No priority to pedestrian,Slight Injury
2024-10-05 18:00:00,Monday,Unknown,Female,Junior high school,Above 10yr,Pick up upto 10Q,Owner,5-10yrs,No defect,Office areas,Two-way (divided with broken lines road marking),Tangent road with flat terrain,Other,Asphalt roads,Dry,Daylight,Other,Collision with roadside objects,1,1,Going straight,Driver or rider,Male,31-50,3.0,Driving carelessly,Serious Injury
2024-10-05 18:00:00,Thursday,Under 18,Male,Junior high school,Above 10yr,Lorry (41-100Q),Owner,Unknown,No defect,Other,Two-way (divided with broken lines road marking),Tangent road with flat terrain,No junction,Asphalt roads,Dry,Daylight,Normal,Vehicle with vehicle collision,2,1,Going straight,Driver or rider,Female,31-50,3.0,Getting off the vehicle improperly,Slight Injury
2024-10-05 18:00:00,Thursday,Unknown,Male,Junior high school,Above 10yr,Automobile,Owner,Unknown,No defect,Residential areas,Double carriageway (median),Tangent road with flat terrain,No junction,Asphalt roads,Dry,Daylight,Normal,Collision with roadside objects,2,1,Reversing,,,,,Driving carelessly,Slight Injury
2024-10-05 15:05:00,Thursday,Unknown,Female,Junior high school,Above 10yr,Automobile,Owner,Unknown,No defect,Church areas,Undivided Two way,Tangent road with flat terrain,Y Shape,Asphalt roads,Dry,Daylight,Normal,Vehicle with vehicle collision,1,1,Going straight,,,,,Changing lane to the left,Slight Injury
2024-10-05 13:40:00,Monday,31-50,Male,Junior high school,5-10yr,Lorry (41-100Q),Owner,Unknown,No defect,Other,Two-way (divided with broken lines road marking),Tangent road with flat terrain,Y Shape,Asphalt roads,Dry,Daylight,Other,Vehicle with vehicle collision,2,1,Other,Driver or rider,Male,18-30,3.0,No priority to vehicle,Slight Injury
2024-10-05 13:40:00,Monday,Under 18,Male,Junior high school,Below 1yr,Other,Owner,Unknown,No defect,Recreational areas,Two-way (divided with broken lines road marking),Tangent road with flat terrain,Y Shape,Asphalt roads,Dry,Daylight,Other,Other,2,1,Other,Passenger,Female,Over 51,3.0,Changing lane to the right,Slight Injury
2024-10-05 22:50:00,Saturday,Unknown,Female,Junior high school,2-5yr,Other,Other,Unknown,Unknown,Other,Other,Tangent road with flat terrain,Other,Asphalt roads,Dry,Darkness - lights lit,Normal,Collision with pedestrians,2,2,Getting off,Pedestrian,Male,Under 18,3.0,Changing lane to the right,Slight Injury
2024-10-05 22:50:00,Saturday,Over 51,Male,Junior high school,Unknown,Automobile,Owner,Unknown,No defect,Industrial areas,Undivided Two way,Tangent road with mild grade and flat terrain,Other,Asphalt roads,Dry,Darkness - lights lit,Normal,Vehicle with vehicle collision,2,2,Going straight,,,,,No distancing,Slight Injury
2024-10-05 15:50:00,Saturday,18-30,Male,Above high school,1-2yr,Automobile,Owner,Unknown,No defect,Other,Two-way (divided with broken lines road marking),Tangent road with flat terrain,Y Shape,Asphalt roads,Dry,Daylight,Normal,Vehicle with vehicle collision,1,1,Going straight,Driver or rider,Male,18-30,3.0,No distancing,Serious Injury
2024-10-05 07:53:00,Friday,Over 51,Male,Junior high school,1-2yr,Automobile,Owner,Unknown,Unknown,Other,Other,Tangent road with flat terrain,Y Shape,Asphalt roads,Dry,Daylight,Normal,Vehicle with vehicle collision,2,1,Going straight,Passenger,Male,31-50,3.0,Changing lane to the left,Slight Injury
2024-10-05 07:53:00,Friday,Under 18,Male,Junior high school,1-2yr,Automobile,Owner,5-10yrs,No defect,Church areas,Other,Tangent road with flat terrain,Y Shape,Asphalt roads,Dry,Daylight,Normal,Collision with pedestrians,2,1,Going straight,,,,,Changing lane to the right,Slight Injury
2024-10-05 22:00:00,Sunday,18-30,Male,Unknown,5-10yr,Lorry (41-100Q),Owner,5-10yrs,No defect,Church areas,Undivided Two way,Tangent road with flat terrain,No junction,Asphalt roads,Dry,Darkness - lights lit,Normal,Collision with roadside objects,1,2,Turnover,Pedestrian,Female,Under 18,3.0,No priority to vehicle,Slight Injury
2024-10-05 22:00:00,Sunday,18-30,Male,Junior high school,Above 10yr,Other,Owner,Unknown,No defect,Other,Two-way (divided with broken lines road marking),Tangent road with flat terrain,No junction,Asphalt roads,Dry,Darkness - lights lit,Normal,Other,1,2,Entering a junction,Driver or rider,Female,31-50,2.0,Changing lane to the left,Slight Injury
2024-10-05 15:23:00,Saturday,31-50,Male,Junior high school,Above 10yr,Pick up upto 10Q,Owner,Unknown,No defect,Other,One way,Tangent road with flat terrain,No junction,Asphalt roads,Dry,Daylight,Normal,Vehicle with vehicle collision,2,1,Entering a junction,,,,,No priority to vehicle,Slight Injury
2024-10-05 15:23:00,Saturday,18-30,Male,Junior high school,5-10yr,Stationwagen,Governmental,2-5yrs,Unknown,Recreational areas,Two-way (divided with broken lines road marking),Tangent road with flat terrain,No junction,Asphalt roads,Dry,Daylight,Normal,Other,2,1,Entering a junction,Passenger,Female,31-50,3.0,Moving Backward,Slight Injury
2024-10-05 18:00:00,Wednesday,Unknown,Male,Junior high school,2-5yr,Other,Owner,2-5yrs,Unknown,Other,Undivided Two way,Tangent road with flat terrain,Y Shape,Asphalt roads,Dry,Daylight,Normal,Other,2,1,Entering a junction,,,,,Turnover,Slight Injury
2024-10-05 18:00:00,Wednesday,18-30,Male,Junior high school,Below 1yr,Pick up upto 10Q,Owner,5-10yrs,Unknown,Office areas,Undivided Two way,Tangent road with flat terrain,Y Shape,Asphalt roads,Dry,Daylight,Normal,Other,2,1,Other,,,,,No distancing,Slight Injury
2024-10-05 17:43:00,Monday,18-30,Male,Junior high school,1-2yr,Stationwagen,Owner,5-10yrs,No defect,Church areas,Two-way (divided with broken lines road marking),Tangent road with flat terrain,T Shape,Asphalt roads,Dry,Daylight,Normal,Vehicle with vehicle collision,2,1,Entering a junction,Driver or rider,Male,18-30,3.0,No distancing,Slight Injury
2024-10-05 17:43:00,Monday,Unknown,Female,Junior high school,5-10yr,Lorry (41-100Q),Owner,2-5yrs,Unknown,Office areas,Two-way (divided with broken lines road marking),Tangent road with flat terrain,T Shape,Asphalt roads,Dry,Daylight,Normal,Vehicle with vehicle collision,2,1,Turnover,Pedestrian,Female,31-50,3.0,No distancing,Slight Injury
2024-10-05 15:40:00,Tuesday,31-50,Male,Junior high school,Below 1yr,Automobile,Other,Unknown,No defect,Office areas,Undivided Two way,Tangent road with mountainous terrain and,No junction,Asphalt roads,Wet or damp,Daylight,Raining,Collision with roadside objects,1,1,Entering a junction,,,,,Changing lane to the left,Slight Injury
2024-10-05 15:12:00,Sunday,18-30,Male,Elementary school,5-10yr,Other,Owner,2-5yrs,No defect,Other,Undivided Two way,Tangent road with flat terrain,No junction,Asphalt roads,Dry,Daylight,Normal,Collision with roadside objects,1,1,Entering a junction,Passenger,Female,31-50,2.0,No priority to vehicle,Slight Injury
2024-10-05 08:43:00,Friday,31-50,Male,Junior high school,2-5yr,Automobile,Governmental,Unknown,Unknown,Residential areas,Two-way (divided with broken lines road marking),Tangent road with flat terrain,No junction,Asphalt roads,Wet or damp,Daylight,Normal,Vehicle with vehicle collision,1,1,Entering a junction,Driver or rider,Female,31-50,3.0,Driving at high speed,Slight Injury
2024-10-05 10:00:00,Tuesday,31-50,Male,Junior high school,5-10yr,Automobile,Owner,2-5yrs,No defect,Office areas,Two-way (divided with broken lines road marking),Tangent road with mild grade and flat terrain,Y Shape,Asphalt roads,Dry,Daylight,Normal,Vehicle with vehicle collision,1,1,Entering a junction,,,,,Overtaking,Slight Injury
2024-10-05 14:25:00,Saturday,18-30,Male,Elementary school,5-10yr,Turbo,Owner,2-5yrs,Unknown,Residential areas,Other,Tangent road with flat terrain,Other,Asphalt roads,Dry,Daylight,Normal,Vehicle with vehicle collision,4,3,Entering a junction,Driver or rider,Male,18-30,3.0,Other,Slight Injury
2024-10-05 14:25:00,Saturday,18-30,Male,Junior high school,Above 10yr,Other,Owner,Unknown,No defect,Residential areas,Two-way (divided with broken lines road marking),Tangent road with flat terrain,Other,Gravel roads,Dry,Daylight,Normal,Vehicle with vehicle collision,4,3,Other,,,,,Changing lane to the left,Slight Injury