Time,Day_of_week,Age_band_of_driver,Sex_of_driver,Educational_level,Driving_experience,Type_of_vehicle,Owner_of_vehicle,Service_year_of_vehicle,Defect_of_vehicle,Area_accident_occured,Lanes_or_Medians,Road_allignment,Types_of_Junction,Road_surface_type,Road_surface_conditions,Light_conditions,Weather_conditions,Type_of_collision,Number_of_vehicles_involved,Number_of_casualties,Vehicle_movement,Casualty_class,Sex_of_casualty,Age_band_of_casualty,Casualty_severity,Cause_of_accident,Accident_severity
2024-10-05 08:00:00,Thursday,18-30,Male,Elementary school,Above 10yr,Stationwagen,Owner,Unknown,No defect,Other,Two-way (divided with broken lines road marking),Tangent road with flat terrain,No junction,Asphalt roads,Dry,Daylight,Normal,Collision with roadside objects,2,1,Going straight,,,,,Changing lane to the right,Slight Injury
2024-10-05 13:13:00,Wednesday,31-50,Male,Junior high school,Above 10yr,Automobile,Owner,Unknown,No defect,Other,Two-way (divided with broken lines road marking),Tangent road with flat terrain,No junction,Asphalt roads,Dry,Daylight,Normal,Vehicle with vehicle collision,2,1,Other,,,,,Driving carelessly,Slight Injury
2024-10-05 13:13:00,Wednesday,Unknown,Female,Junior high school,1-2yr,Lorry (41-100Q),Organization,Above 10yr,No defect,Outside rural areas,Undivided Two way,Tangent road with flat terrain,No junction,Asphalt roads,Dry,Daylight,Normal,Vehicle with vehicle collision,2,1,Entering a junction,Driver or rider,Male,5,3.0,Overtaking,Slight Injury
2024-10-05 17:51:00,Tuesday,18-30,Male,Junior high school,5-10yr,Automobile,Owner,Unknown,No defect,Other,Other,Tangent road with flat terrain,No junction,Asphalt roads,Dry,Daylight,Normal,Vehicle with vehicle collision,2,1,Turnover,,,,,Changing lane to the right,Slight Injury
2024-10-05 17:51:00,Tuesday,31-50,Male,High school,2-5yr,Public (12 seats),Owner,Above 10yr,No defect,Residential areas,Two-way (divided with broken lines road marking),Tangent road with flat terrain,No junction,Asphalt roads,Dry,Daylight,Normal,Vehicle with vehicle collision,2,1,Going straight,Driver or rider,Female,Over 51,3.0,No distancing,Slight Injury
2024-10-05 15:50:00,Monday,31-50,Male,Junior high school,2-5yr,Automobile,Owner,Above 10yr,Unknown,Office areas,Two-way (divided with broken lines road marking),Tangent road with flat terrain,No junction,Asphalt roads,Dry,Daylight,Normal,Vehicle with vehicle collision,4,1,Going straight,,,,,Other,Slight Injury
2024-10-05 15:50:00,Monday,31-50,Male,Junior high school,5-10yr,Automobile,Owner,Unknown,Unknown,Office areas,Double carriageway (median),Tangent road with flat terrain,No junction,Asphalt roads,Dry,Daylight,Normal,Vehicle with vehicle collision,4,1,Going straight,Driver or rider,Male,18-30,3.0,Changing lane to the right,Slight Injury
2024-10-05 15:50:00,Monday,31-50,Male,Junior high school,5-10yr,Lorry (41-100Q),Other,2-5yrs,Unknown,Hospital areas,One way,Other,No junction,Asphalt roads,Dry,Daylight,Normal,Collision with roadside objects,4,1,Going straight,Pedestrian,Female,31-50,3.0,Changing lane to the right,Slight Injury
2024-10-05 15:50:00,Monday,18-30,Male,Junior high school,2-5yr,Automobile,Owner,Unknown,Unknown,Industrial areas,Two-way (divided with broken lines road marking),Tangent road with flat terrain,No junction,Asphalt roads,Dry,Daylight,Normal,Vehicle with vehicle collision,4,1,Going straight,Pedestrian,Male,5,3.0,Overtaking,Slight Injury
2024-10-05 15:45:00,Tuesday,Unknown,Male,High school,Above 10yr,Motorcycle,Owner,2-5yrs,No defect,Other,Undivided Two way,Tangent road with flat terrain,No junction,Asphalt roads,Dry,Daylight,Normal,Collision with roadside objects,2,3,Going straight,Passenger,Female,31-50,2.0,Other,Slight Injury
2024-10-05 15:45:00,Tuesday,18-30,Male,Elementary school,5-10yr,Other,Owner,Unknown,Unknown,Office areas,Undivided Two way,Tangent road with flat terrain,No junction,Asphalt roads,Dry,Daylight,Normal,Vehicle with vehicle collision,2,3,Going straight,,,,,Driving to the left,Slight Injury
2024-10-05 15:45:00,Tuesday,18-30,Male,Junior high school,Above 10yr,Automobile,Owner,Unknown,No defect,Office areas,Other,Tangent road with flat terrain,No junction,Asphalt roads,Dry,Daylight,Normal,Vehicle with vehicle collision,2,3,Going straight,Driver or rider,Male,31-50,3.0,Overtaking,Slight Injury
2024-10-05 15:45:00,Tuesday,18-30,Male,Writing & reading,2-5yr,Automobile,Owner,Unknown,Unknown,Residential areas,Two-way (divided with broken lines road marking),Tangent road with flat terrain,No junction,Other,Dry,Daylight,Normal,Vehicle with vehicle collision,2,3,Getting off,Driver or rider,Male,18-30,3.0,No priority to vehicle,Slight Injury
2024-10-05 15:30:00,Monday,18-30,Male,Junior high school,2-5yr,Automobile,Owner,Unknown,Unknown,Residential areas,Other,Tangent road with flat terrain,No junction,Asphalt roads,Dry,Daylight,Normal,Collision with roadside objects,2,1,Getting off,Pedestrian,Female,31-50,3.0,Moving Backward,Slight Injury
2024-10-05 15:30:00,Monday,Over 51,Male,High school,2-5yr,Public (> 45 seats),Owner,Unknown,No defect,School areas,Two-way (divided with broken lines road marking),Tangent road with flat terrain,No junction,Asphalt roads,Dry,Daylight,Normal,Collision with roadside objects,2,1,Getting off,,,,,Other,Slight Injury
2024-10-05 13:37:00,Friday,31-50,Male,Junior high school,1-2yr,Other,Governmental,Unknown,No defect,Other,Two-way (divided with broken lines road marking),Tangent road with flat terrain,Y Shape,Asphalt roads,Dry,Daylight,Other,Vehicle with vehicle collision,2,1,Moving Backward,Driver or rider,Male,31-50,3.0,No priority to vehicle,Slight Injury
2024-10-05 13:37:00,Friday,31-50,Male,High school,5-10yr,Automobile,Governmental,Unknown,No defect,Market areas,Undivided Two way,Tangent road with flat terrain,Y Shape,Asphalt roads,Dry,Daylight,Other,Vehicle with vehicle collision,2,1,Going straight,Pedestrian,Female,18-30,3.0,No priority to pedestrian,Slight Injury
2024-10-05 05:42:00,Monday,Over 51,Male,Elementary school,2-5yr,Automobile,Owner,Unknown,No defect,Office areas,Other,Tangent road with flat terrain,No junction,Asphalt roads,Dry,Daylight,Normal,Vehicle with vehicle collision,2,1,Going straight,Driver or rider,Female,31-50,3.0,Changing lane to the right,Slight Injury
2024-10-05 05:42:00,Monday,Under 18,Male,Junior high school,1-2yr,Other,Owner,Unknown,No defect,Church areas,Two-way (divided with broken lines road marking),Tangent road with flat terrain,No junction,Asphalt roads,Dry,Daylight,Normal,Vehicle with vehicle collision,2,1,Waiting to go,Passenger,Female,31-50,3.0,Changing lane to the right,Slight Injury
2024-10-05 08:30:00,Tuesday,Unknown,Male,Elementary school,1-2yr,Stationwagen,Governmental,Unknown,No defect,Church areas,Two-way (divided with broken lines road marking),Tangent road with flat terrain,No junction,Asphalt roads,Dry,Daylight,Other,Vehicle with vehicle collision,2,1,Going straight,,,,,Changing lane to the right,Slight Injury
2024-10-05 08:30:00,Tuesday,31-50,Male,High school,No Licence,Lorry (41-100Q),Owner,Unknown,No defect,Residential areas,Double carriageway (median),Tangent road with flat terrain,No junction,Asphalt roads,Dry,Daylight,Other,Vehicle with vehicle collision,2,1,Going straight,Driver or rider,Male,31-50,3.0,Driving to the left,Slight Injury
2024-10-05 21:08:00,Saturday,31-50,Male,Junior high school,5-10yr,Taxi,Owner,Above 10yr,No defect,Residential areas,Two-way (divided with broken lines road marking),Tangent road with flat terrain,Y Shape,Asphalt roads,Dry,Darkness - lights lit,Normal,Vehicle with vehicle collision,2,1,Going straight,,,,,Changing lane to the left,Slight Injury
2024-10-05 21:08:00,Saturday,Unknown,Female,Junior high school,1-2yr,Other,Owner,Unknown,No defect,Residential areas,Double carriageway (median),Tangent road with flat terrain,Y Shape,Other,Dry,Darkness - lights lit,Normal,Collision with roadside objects,2,1,Reversing,Pedestrian,Male,Over 51,3.0,Moving Backward,Slight Injury
2024-10-05 15:48:00,Monday,31-50,Male,Junior high school,2-5yr,Public (12 seats),Owner,Above 10yr,No defect,Residential areas,Two-way (divided with broken lines road marking),Tangent road with flat terrain,Other,Asphalt roads,Dry,Daylight,Normal,Collision with roadside objects,2,2,Going straight,,,,,Driving at high speed,Slight Injury
2024-10-05 15:48:00,Monday,Under 18,Male,Junior high school,5-10yr,Automobile,Owner,1-2yr,No defect,Other,Double carriageway (median),Tangent road with flat terrain,Other,Asphalt roads,Dry,Daylight,Normal,Collision with roadside objects,2,2,Going straight,Driver or rider,Male,31-50,2.0,Moving Backward,Slight Injury
2024-10-05 19:27:00,Friday,Under 18,Male,Unknown,Unknown,Automobile,Owner,Unknown,No defect,Other,Two-way (divided with broken lines road marking),Tangent road with flat terrain,No junction,Other,Wet or damp,Daylight,Raining,Vehicle with vehicle collision,1,1,Other,Driver or rider,Male,Over 51,2.0,No distancing,Slight Injury
2024-10-05 14:40:00,Saturday,Unknown,Female,Unknown,Unknown,Public (13-45 seats),Owner,2-5yrs,No defect,Residential areas,Two-way (divided with broken lines road marking),Tangent road with flat terrain,No junction,Asphalt roads,Wet or damp,Daylight,Raining,Vehicle with vehicle collision,2,1,Entering a junction,,,,,Other,Serious Injury
2024-10-05 14:40:00,Saturday,18-30,Male,Junior high school,2-5yr,Lorry (41-100Q),Owner,Unknown,No defect,Other,Other,Tangent road with flat terrain,No junction,Asphalt roads,Wet or damp,Daylight,Raining,Vehicle with vehicle collision,2,1,Turnover,,,,,No priority to vehicle,Serious Injury
2024-10-05 06:45:00,Thursday,31-50,Male,Junior high school,Above 10yr,Lorry (41-100Q),Owner,Unknown,No defect,Church areas,Undivided Two way,Tangent road with flat terrain,Y Shape,Asphalt roads,Dry,Daylight,Normal,Vehicle with vehicle collision,2,1,Going straight,Driver or rider,Male,31-50,3.0,Changing lane to the right,Slight Injury
2024-10-05 06:45:00,Thursday,31-50,Male,Junior high school,Above 10yr,Lorry (11-40Q),Owner,Unknown,No defect,Other,Undivided Two way,Tangent road with flat terrain,Y Shape,Earth roads,Dry,Daylight,Normal,Collision with pedestrians,2,1,Going straight,Passenger,Female,31-50,3.0,Other,Slight Injury
2024-10-05 19:30:00,Friday,18-30,Male,Unknown,Unknown,Motorcycle,Owner,Unknown,No defect,Office areas,Undivided Two way,Tangent road with flat terrain,No junction,Asphalt roads,Wet or damp,Daylight,Normal,Collision with pedestrians,1,1,Going straight,Passenger,Male,31-50,3.0,No distancing,Slight Injury
2024-10-05 18:30:00,Monday,Over 51,Male,Elementary school,Above 10yr,Lorry (41-100Q),Owner,2-5yrs,No defect,Office areas,Two-way (divided with broken lines road marking),Tangent road with flat terrain,Y Shape,Asphalt roads,Dry,Daylight,Normal,Vehicle with vehicle collision,2,1,Going straight,Driver or rider,Male,31-50,3.0,Driving carelessly,Slight Injury
2024-10-05 18:30:00,Monday,18-30,Male,Unknown,Unknown,Stationwagen,Owner,Unknown,Unknown,Residential areas,Undivided Two way,Tangent road with flat terrain,Y Shape,Asphalt roads,Dry,Daylight,Normal,Vehicle with vehicle collision,2,1,Going straight,,,,,No distancing,Slight Injury
2024-10-05 16:24:00,Tuesday,Under 18,Male,Junior high school,5-10yr,Automobile,Owner,Unknown,Unknown,Other,Two-way (divided with broken lines road marking),Tangent road with flat terrain,Y Shape,Asphalt roads,Dry,Daylight,Normal,Vehicle with vehicle collision,2,2,Going straight,,,,,Moving Backward,Slight Injury
2024-10-05 16:24:00,Tuesday,31-50,Male,Junior high school,Above 10yr,Other,Owner,Above 10yr,Unknown,Industrial areas,Undivided Two way,Tangent road with flat terrain,Y Shape,Asphalt roads,Dry,Daylight,Normal,Vehicle with vehicle collision,2,2,Going straight,Driver or rider,Male,31-50,3.0,No distancing,Slight Injury
2024-10-05 03:29:00,Tuesday,31-50,Male,High school,Above 10yr,Other,Owner,Unknown,Unknown,Office areas,Two-way (divided with broken lines road marking),Tangent road with flat terrain,No junction,Asphalt roads,Wet or damp,Darkness - no lighting,Windy,Vehicle with vehicle collision,2,2,Going straight,Passenger,Female,Over 51,3.0,Moving Backward,Slight Injury
2024-10-05 03:29:00,Tuesday,31-50,Male,Unknown,Unknown,Taxi,Organization,Unknown,Unknown,Recreational areas,Two-way (divided with broken lines road marking),Tangent road with flat terrain,No junction,Asphalt roads,Wet or damp,Darkness - no lighting,Windy,Vehicle with vehicle collision,2,2,Getting off,Pedestrian,Male,Under 18,3.0,No priority to pedestrian,Slight Injury
2024-10-05 03:29:00,Tuesday,Unknown,Male,Elementary school,5-10yr,Automobile,Owner,1-2yr,No defect,Residential areas,Two-way (divided with broken lines road marking),Tangent road with flat terrain,No junction,Asphalt roads,Wet or damp,Darkness - no lighting,Windy,Vehicle with vehicle collision,2,2,Getting off,,,,,Changing lane to the left,Slight Injury
2024-10-05 17:50:00,Friday,18-30,Male,Elementary school,Above 10yr,Long lorry,Owner,Above 10yr,Unknown,Residential areas,Undivided Two way,Tangent road with flat terrain,Y Shape,Asphalt roads,Dry,Daylight,Normal,Vehicle with vehicle collision,2,1,Getting off,Driver or rider,Male,18-30,3.0,No distancing,Slight Injury
2024-10-05 17:50:00,Friday,31-50,Male,Junior high school,Below 1yr,Long lorry,Owner,5-10yrs,Unknown,Church areas,Undivided Two way,Steep grade downward with mountainous terrain,Y Shape,Asphalt roads,Dry,Daylight,Normal,Vehicle with vehicle collision,2,1,Moving Backward,Driver or rider,Male,31-50,3.0,Other,Slight Injury
2024-10-05 06:25:00,Wednesday,18-30,Male,Junior high school,2-5yr,Lorry (41-100Q),Owner,5-10yrs,Unknown,Residential areas,Undivided Two way,Tangent road with flat terrain,Other,Asphalt roads,Dry,Daylight,Normal,Vehicle with vehicle collision,2,1,Going straight,,,,,No distancing,Slight Injury
2024-10-05 06:25:00,Wednesday,Unknown,Male,Junior high school,2-5yr,Lorry (41-100Q),Owner,Unknown,No defect,Other,Other,Tangent road with flat terrain,Other,Asphalt roads,Dry,Daylight,Normal,Collision with roadside objects,2,1,Going straight,,,,,No priority to pedestrian,Slight Injury
2024-10-05 08:23:00,Friday,18-30,Male,High school,5-10yr,Lorry (11-40Q),Owner,5-10yrs,No defect,Other,Undivided Two way,Tangent road with flat terrain,No junction,Asphalt roads,Dry,Daylight,Normal,Rollover,2,1,Waiting to go,Driver or rider,Male,18-30,3.0,Moving Backward,Serious Injury
2024-10-05 08:23:00,Friday,31-50,Male,Junior high school,Unknown,Automobile,Owner,Unknown,Unknown,Other,Two-way (divided with solid lines road marking),Tangent road with flat terrain,No junction,Asphalt roads,Dry,Daylight,Normal,Vehicle with vehicle collision,2,1,Going straight,,,,,No priority to pedestrian,Serious Injury
2024-10-05 15:00:00,Sunday,31-50,Male,Unknown,Below 1yr,Taxi,Owner,Unknown,No defect,Church areas,Two-way (divided with solid lines road marking),Tangent road with flat terrain,No junction,Asphalt roads,Wet or damp,Daylight,Raining,Vehicle with vehicle collision,2,2,Other,,,,,No distancing,Slight Injury
2024-10-05 15:00:00,Sunday,31-50,Male,Elementary school,Above 10yr,Other,Governmental,Unknown,No defect,Other,Two-way (divided with solid lines road marking),Tangent road with flat terrain,No junction,Asphalt roads,Wet or damp,Daylight,Raining,Vehicle with vehicle collision,2,2,Going straight,,,,,No priority to pedestrian,Slight Injury
2024-10-05 15:00:00,Sunday,18-30,Male,Elementary school,Below 1yr,Automobile,Owner,Unknown,No defect,Church areas,Two-way (divided with solid lines road marking),Tangent road with flat terrain,No junction,Asphalt roads,Wet or damp,Daylight,Raining,Vehicle with vehicle collision,2,2,Going straight,Driver or rider,Male,18-30,3.0,Driving carelessly,Slight Injury
2024-10-05 20:17:00,Sunday,Under 18,Male,Junior high school,5-10yr,Automobile,Owner,Unknown,No defect,Church areas,Two-way (divided with broken lines road marking),Tangent road with flat terrain,Crossing,Earth roads,Dry,Daylight,Normal,Vehicle with vehicle collision,2,1,Going straight,,,,,Getting off the vehicle improperly,Slight Injury
2024-10-05 20:17:00,Sunday,31-50,Male,Junior high school,5-10yr,Automobile,Owner,Above 10yr,No defect,Other,Undivided Two way,Tangent road with flat terrain,Crossing,Asphalt roads,Dry,Daylight,Normal,Collision with roadside objects,2,1,Going straight,Driver or rider,Female,5,2.0,Driving carelessly,Slight Injury
2024-10-05 20:30:00,Monday,18-30,Male,Unknown,Unknown,Automobile,Governmental,5-10yrs,No defect,Other,Undivided Two way,Tangent road with flat terrain,No junction,Asphalt roads,Dry,Daylight,Normal,Collision with roadside objects,2,1,Overtaking,,,,,Changing lane to the left,Slight Injury
2024-10-05 20:30:00,Monday,31-50,Male,Junior high school,1-2yr,Public (> 45 seats),Owner,5-10yrs,No defect,School areas,Other,Tangent road with flat terrain,No junction,Asphalt roads,Dry,Daylight,Normal,Vehicle with vehicle collision,2,1,Going straight,Driver or rider,Male,31-50,3.0,No priority to vehicle,Slight Injury
2024-10-05 15:31:00,Monday,31-50,Male,High school,5-10yr,Lorry (11-40Q),Owner,Above 10yr,No defect,Residential areas,Undivided Two way,Tangent road with flat terrain,Other,Asphalt roads,Dry,Daylight,Normal,Collision with roadside objects,1,1,Going straight,Driver or rider,Male,31-50,3.0,Changing lane to the right,Slight Injury
2024-10-05 18:00:00,Saturday,18-30,Male,Junior high school,5-10yr,Lorry (41-100Q),Other,1-2yr,No defect,Other,Two-way (divided with broken lines road marking),Tangent road with flat terrain,No junction,Asphalt roads,Dry,Daylight,Normal,Vehicle with vehicle collision,2,1,Going straight,,,,,Changing lane to the right,Slight Injury
2024-10-05 18:00:00,Saturday,Over 51,Male,Junior high school,5-10yr,Lorry (41-100Q),Owner,Above 10yr,No defect,Office areas,Undivided Two way,Tangent road with flat terrain,No junction,Asphalt roads,Dry,Daylight,Normal,Vehicle with vehicle collision,2,1,Turnover,Driver or rider,Male,31-50,3.0,No distancing,Slight Injury
2024-10-05 18:00:00,Tuesday,Under 18,Female,Junior high school,5-10yr,Stationwagen,Owner,Above 10yr,No defect,Residential areas,Undivided Two way,Tangent road with flat terrain,No junction,Asphalt roads,Dry,Daylight,Other,Vehicle with vehicle collision,1,1,Going straight,Passenger,Female,31-50,3.0,No distancing,Serious Injury
2024-10-05 17:20:00,Thursday,31-50,Male,Junior high school,Above 10yr,Other,Owner,Above 10yr,No defect,Other,One way,Steep grade downward with mountainous terrain,No junction,Asphalt roads,Dry,Daylight,Normal,Vehicle with vehicle collision,2,1,Going straight,,,,,Changing lane to the left,Slight Injury
2024-10-05 17:20:00,Thursday,Unknown,Male,Junior high school,5-10yr,Automobile,Owner,Above 10yr,No defect,Residential areas,Two-way (divided with broken lines road marking),Tangent road with flat terrain,No junction,Asphalt roads,Dry,Daylight,Normal,Vehicle with vehicle collision,2,1,Getting off,Driver or rider,Male,18-30,3.0,Changing lane to the right,Slight Injury
2024-10-05 12:20:00,Friday,Unknown,Male,Junior high school,No Licence,Pick up upto 10Q,Owner,5-10yrs,No defect,Residential areas,Undivided Two way,Tangent road with flat terrain,No junction,Asphalt roads,Dry,Daylight,Normal,Vehicle with vehicle collision,2,1,Moving Backward,,,,,No priority to vehicle,Slight Injury
2024-10-05 12:20:00,Friday,Under 18,Male,Above high school,Below 1yr,Motorcycle,Owner,Unknown,No defect,Residential areas,Two-way (divided with broken lines road marking),Tangent road with flat terrain,No junction,Earth roads,Dry,Daylight,Normal,Collision with pedestrians,2,1,Getting off,Driver or rider,Male,31-50,3.0,Changing lane to the left,Slight Injury
2024-10-05 18:00:00,Friday,31-50,Male,Elementary school,5-10yr,Automobile,Owner,1-2yr,No defect,Other,Other,Tangent road with flat terrain,Other,Asphalt roads,Dry,Daylight,Normal,Vehicle with vehicle collision,3,2,Overtaking,,,,,No priority to vehicle,Slight Injury
2024-10-05 18:00:00,Friday,Over 51,Male,Elementary school,5-10yr,Pick up upto 10Q,Owner,5-10yrs,No defect,Other,Undivided Two way,Tangent road with flat terrain,Other,Asphalt roads,Dry,Daylight,Normal,Collision with roadside objects,3,2,Going straight,Driver or rider,Male,31-50,3.0,Moving Backward,Slight Injury
2024-10-05 18:00:00,Friday,Over 51,Male,Junior high school,5-10yr,Motorcycle,Owner,5-10yrs,No defect,Other,One way,Tangent road with flat terrain,Other,Asphalt roads,Dry,Daylight,Normal,Vehicle with vehicle collision,3,2,Going straight,,,,,Turnover,Slight Injury
2024-10-05 18:00:00,Friday,Over 51,Male,High school,5-10yr,Stationwagen,Owner,1-2yr,No defect,Hospital areas,Undivided Two way,Tangent road with flat terrain,Other,Asphalt roads,Dry,Daylight,Normal,Collision with roadside objects,3,2,Going straight,,,,,No distancing,Slight Injury
2024-10-05 01:20:00,Sunday,31-50,Male,Junior high school,5-10yr,Lorry (41-100Q),Owner,2-5yrs,No defect,Residential areas,Undivided Two way,Tangent road with flat terrain,Y Shape,Asphalt roads,Wet or damp,Darkness - lights lit,Raining,Vehicle with vehicle collision,1,1,Reversing,Driver or rider,Male,31-50,3.0,No distancing,Slight Injury
2024-10-05 07:10:00,Thursday,18-30,Male,Junior high school,2-5yr,Taxi,Owner,5-10yrs,No defect,Residential areas,One way,Tangent road with flat terrain,No junction,Asphalt roads,Dry,Daylight,Normal,Vehicle with vehicle collision,2,1,Getting off,Pedestrian,Male,Under 18,3.0,No distancing,Slight Injury
2024-10-05 07:10:00,Thursday,31-50,Male,Writing & reading,5-10yr,Automobile,Owner,5-10yrs,No defect,Residential areas,Undivided Two way,Tangent road with flat terrain,No junction,Asphalt roads,Dry,Daylight,Normal,Collision with pedestrians,2,1,Going straight,Passenger,Female,31-50,3.0,Changing lane to the left,Slight Injury
2024-10-05 08:23:00,Tuesday,31-50,Male,Junior high school,Above 10yr,Long lorry,Owner,1-2yr,No defect,Other,Two-way (divided with broken lines road marking),Tangent road with flat terrain,Crossing,Asphalt roads,Wet or damp,Daylight,Raining,Vehicle with vehicle collision,2,1,Going straight,,,,,No priority to vehicle,Slight Injury
2024-10-05 08:23:00,Tuesday,Unknown,Male,Junior high school,1-2yr,Automobile,Owner,1-2yr,No defect,Office areas,Two-way (divided with broken lines road marking),Tangent road with flat terrain,Crossing,Gravel roads,Wet or damp,Daylight,Raining,Vehicle with vehicle collision,2,1,Going straight,Driver or rider,Male,18-30,3.0,Driving at high speed,Slight Injury
2024-10-05 17:25:00,Tuesday,18-30,Male,Writing & reading,Below 1yr,Public (12 seats),Owner,2-5yrs,No defect,Other,Other,Tangent road with flat terrain,Crossing,Asphalt roads,Wet or damp,Daylight,Raining,Vehicle with vehicle collision,2,2,Reversing,,,,,Overtaking,Slight Injury
2024-10-05 17:25:00,Tuesday,Over 51,Male,Elementary school,1-2yr,Lorry (11-40Q),Owner,Unknown,No defect,Office areas,Double carriageway (median),Tangent road with flat terrain,Crossing,Asphalt roads,Wet or damp,Daylight,Raining,Vehicle with vehicle collision,2,2,Going straight,Driver or rider,Male,18-30,3.0,Other,Slight Injury
2024-10-05 08:17:00,Wednesday,Over 51,Male,Junior high school,5-10yr,Pick up upto 10Q,Owner,Unknown,No defect,Residential areas,Two-way (divided with broken lines road marking),Tangent road with flat terrain,No junction,Asphalt roads,Wet or damp,Daylight,Other,Collision with pedestrians,1,1,Stopping,Pedestrian,Female,31-50,3.0,Changing lane to the left,Serious Injury
2024-10-05 18:37:00,Thursday,Under 18,Male,Elementary school,Above 10yr,Lorry (41-100Q),Owner,Unknown,No defect,Office areas,Double carriageway (median),Gentle horizontal curve,Other,Asphalt roads,Dry,Daylight,Normal,Vehicle with vehicle collision,2,2,Overtaking,Pedestrian,Female,18-30,3.0,No priority to pedestrian,Serious Injury
2024-10-05 18:37:00,Thursday,Under 18,Male,Junior high school,5-10yr,Other,Owner,Unknown,No defect,Office areas,Double carriageway (median),Tangent road with flat terrain,Other,Asphalt roads,Dry,Daylight,Normal,Vehicle with vehicle collision,2,2,Going straight,,,,,Changing lane to the left,Serious Injury
2024-10-05 18:37:00,Thursday,Under 18,Male,Elementary school,2-5yr,Automobile,Organization,Unknown,No defect,Other,Double carriageway (median),Tangent road with flat terrain,Other,Asphalt roads,Dry,Daylight,Normal,Vehicle with vehicle collision,2,2,Reversing,Driver or rider,Male,18-30,3.0,No distancing,Serious Injury
2024-10-05 11:00:00,Wednesday,Unknown,Male,Junior high school,2-5yr,Long lorry,Owner,Unknown,No defect,Office areas,Two-way (divided with broken lines road marking),Tangent road with flat terrain,No junction,Asphalt roads,Dry,Daylight,Normal,Vehicle with vehicle collision,1,1,Going straight,Pedestrian,Male,Under 18,3.0,Moving Backward,Serious Injury
2024-10-05 09:30:00,Sunday,Over 51,Male,Junior high school,Above 10yr,Lorry (11-40Q),Owner,Unknown,No defect,Office areas,Other,Tangent road with flat terrain,No junction,Asphalt roads,Dry,Daylight,Normal,Collision with roadside objects,2,1,Going straight,,,,,Changing lane to the left,Slight Injury
2024-10-05 09:30:00,Sunday,31-50,Male,Junior high school,2-5yr,Long lorry,Governmental,Unknown,Unknown,Office areas,One way,Tangent road with flat terrain,No junction,Asphalt roads,Dry,Daylight,Normal,Vehicle with vehicle collision,2,1,Reversing,Driver or rider,Female,18-30,3.0,Other,Slight Injury
2024-10-05 14:35:00,Monday,Unknown,Female,Junior high school,Below 1yr,Automobile,Owner,Unknown,Unknown,Other,Undivided Two way,Tangent road with flat terrain,No junction,Asphalt roads,Dry,Daylight,Normal,Vehicle with vehicle collision,2,1,Going straight,Driver or rider,Male,18-30,3.0,No distancing,Slight Injury
2024-10-05 14:35:00,Monday,18-30,Male,Junior high school,2-5yr,Taxi,Owner,Unknown,Unknown,Residential areas,Other,Tangent road with flat terrain,No junction,Asphalt roads,Dry,Daylight,Normal,Vehicle with vehicle collision,2,1,Waiting to go,Passenger,Female,18-30,3.0,Moving Backward,Slight Injury
2024-10-05 18:05:00,Wednesday,Over 51,Male,Junior high school,Above 10yr,Taxi,Owner,2-5yrs,No defect,Residential areas,Two-way (divided with broken lines road marking),Gentle horizontal curve,Y Shape,Asphalt roads,Dry,Daylight,Normal,Vehicle with vehicle collision,3,2,Going straight,,,,,No distancing,Slight Injury
2024-10-05 18:05:00,Wednesday,Under 18,Male,Junior high school,2-5yr,Long lorry,Owner,5-10yrs,Unknown,Church areas,Two-way (divided with broken lines road marking),Tangent road with flat terrain,Y Shape,Asphalt roads,Dry,Daylight,Normal,Collision with roadside objects,3,2,Going straight,Pedestrian,Female,Over 51,3.0,Changing lane to the left,Slight Injury
2024-10-05 18:05:00,Wednesday,Under 18,Male,Elementary school,Above 10yr,Lorry (11-40Q),Owner,5-10yrs,Unknown,Other,Two-way (divided with broken lines road marking),Tangent road with flat terrain,Y Shape,Asphalt roads,Dry,Daylight,Normal,Vehicle with vehicle collision,3,2,Going straight,Driver or rider,Male,31-50,2.0,Changing lane to the left,Slight Injury
2024-10-05 18:05:00,Wednesday,Over 51,Male,Elementary school,Above 10yr,Lorry (11-40Q),Owner,Unknown,Unknown,Residential areas,Two-way (divided with broken lines road marking),Tangent road with flat terrain,Y Shape,Asphalt roads,Dry,Daylight,Normal,Vehicle with vehicle collision,3,2,Going straight,,,,,No priority to pedestrian,Slight Injury
2024-10-05 12:55:00,Wednesday,18-30,Male,Elementary school,Above 10yr,Long lorry,Owner,2-5yrs,Unknown,Other,Undivided Two way,Tangent road with flat terrain,Y Shape,Asphalt roads,Dry,Daylight,Normal,Vehicle with vehicle collision,2,1,Getting off,Driver or rider,Male,18-30,2.0,Changing lane to the left,Slight Injury
2024-10-05 12:55:00,Wednesday,31-50,Male,Junior high school,Above 10yr,Turbo,Owner,2-5yrs,Unknown,Residential areas,Undivided Two way,Tangent road with flat terrain,Y Shape,Asphalt roads,Dry,Daylight,Normal,Vehicle with vehicle collision,2,1,Going straight,,,,,Driving carelessly,Slight Injury