Time,Day_of_week,Age_band_of_driver,Sex_of_driver,Educational_level,Driving_experience,Type_of_vehicle,Owner_of_vehicle,Service_year_of_vehicle,Defect_of_vehicle,Area_accident_occured,Lanes_or_Medians,Road_allignment,Types_of_Junction,Road_surface_type,Road_surface_conditions,Light_conditions,Weather_conditions,Type_of_collision,Number_of_vehicles_involved,Number_of_casualties,Vehicle_movement,Casualty_class,Sex_of_casualty,Age_band_of_casualty,Casualty_severity,Cause_of_accident,Accident_severity
2024-10-05 06:05:00,Tuesday,Unknown,Female,Elementary school,2-5yr,Automobile,Organization,Above 10yr,No defect,Outside rural areas,Undivided Two way,Tangent road with flat terrain,Y Shape,Asphalt roads,Dry,Daylight,Normal,Vehicle with vehicle collision,2,1,Entering a junction,Driver or rider,Female,31-50,3.0,Drunk driving,Slight Injury
2024-10-05 11:19:00,Friday,18-30,Male,Junior high school,1-2yr,Lorry (41-100Q),Owner,Unknown,No defect,Other,Other,Tangent road with flat terrain,No junction,Earth roads,Dry,Daylight,Normal,Collision with roadside objects,1,1,Other,Pedestrian,Female,31-50,3.0,Moving Backward,Slight Injury
2024-10-05 15:50:00,Saturday,31-50,Male,Elementary school,1-2yr,Automobile,Owner,Above 10yr,No defect,Residential areas,Two-way (divided with broken lines road marking),Tangent road with flat terrain,Y Shape,Asphalt roads,Dry,Daylight,Normal,Vehicle with vehicle collision,2,3,Going straight,Driver or rider,Male,18-30,3.0,No priority to pedestrian,Slight Injury
2024-10-05 15:50:00,Saturday,31-50,Male,High school,No Licence,Motorcycle,Owner,Above 10yr,Unknown,Office areas,Two-way (divided with broken lines road marking),Tangent road with flat terrain,Y Shape,Asphalt roads,Dry,Daylight,Normal,Vehicle with vehicle collision,2,3,Going straight,,,,,Changing lane to the left,Slight Injury
2024-10-05 15:50:00,Saturday,31-50,Male,Junior high school,5-10yr,Other,Owner,Unknown,Unknown,Office areas,Double carriageway (median),Tangent road with flat terrain,Y Shape,Other,Dry,Daylight,Normal,Vehicle with vehicle collision,2,3,Other,Driver or rider,Male,Over 51,3.0,Changing lane to the left,Slight Injury
2024-10-05 15:50:00,Saturday,Unknown,Male,Junior high school,1-2yr,Automobile,Other,2-5yrs,Unknown,Hospital areas,One way,Other,Y Shape,Gravel roads,Dry,Daylight,Normal,Vehicle with vehicle collision,2,3,Going straight,,,,,Getting off the vehicle improperly,Slight Injury
2024-10-05 06:41:00,Thursday,31-50,Male,Junior high school,2-5yr,Automobile,Owner,Unknown,Unknown,Industrial areas,Two-way (divided with broken lines road marking),Tangent road with flat terrain,No junction,Asphalt roads,Dry,Daylight,Normal,Vehicle with vehicle collision,2,3,Going straight,,,,,No distancing,Slight Injury
2024-10-05 06:41:00,Thursday,18-30,Male,Junior high school,5-10yr,Automobile,Owner,2-5yrs,No defect,Other,Undivided Two way,Tangent road with flat terrain,No junction,Other,Dry,Daylight,Normal,Collision with pedestrians,2,3,Going straight,Driver or rider,Male,Over 51,3.0,Changing lane to the right,Slight Injury
2024-10-05 06:41:00,Thursday,18-30,Male,Unknown,Unknown,Public (> 45 seats),Owner,Unknown,Unknown,Office areas,Undivided Two way,Tangent road with flat terrain,No junction,Asphalt roads,Dry,Daylight,Normal,Vehicle with vehicle collision,2,3,Going straight,Driver or rider,Male,31-50,3.0,Changing lane to the right,Slight Injury
2024-10-05 02:17:00,Friday,31-50,Male,Unknown,Unknown,Other,Owner,Unknown,No defect,Office areas,Other,Tangent road with flat terrain,No junction,Earth roads,Dry,Darkness - lights lit,Normal,Vehicle with vehicle collision,2,1,Going straight,Passenger,Female,Under 18,3.0,Moving Backward,Slight Injury
2024-10-05 02:17:00,Friday,Unknown,Male,Junior high school,2-5yr,Automobile,Owner,Unknown,Unknown,Residential areas,Two-way (divided with broken lines road marking),Tangent road with flat terrain,No junction,Asphalt roads,Dry,Darkness - lights lit,Normal,Collision with roadside objects,2,1,Reversing,Driver or rider,Male,Over 51,3.0,Driving at high speed,Slight Injury
2024-10-05 20:00:00,Saturday,18-30,Male,Junior high school,Above 10yr,Automobile,Owner,Unknown,Unknown,Residential areas,Other,Tangent road with flat terrain,Y Shape,Asphalt roads,Dry,Daylight,Normal,Vehicle with vehicle collision,2,1,Moving Backward,Driver or rider,Male,5,3.0,Changing lane to the left,Slight Injury
2024-10-05 20:00:00,Saturday,18-30,Male,Junior high school,Above 10yr,Other,Owner,Unknown,No defect,School areas,Two-way (divided with broken lines road marking),Tangent road with flat terrain,Y Shape,Asphalt roads,Dry,Daylight,Normal,Vehicle with vehicle collision,2,1,Overtaking,,,,,Changing lane to the right,Slight Injury
2024-10-05 20:03:00,Saturday,31-50,Male,Unknown,Unknown,Stationwagen,Governmental,Unknown,No defect,Other,Two-way (divided with broken lines road marking),Tangent road with flat terrain,No junction,Asphalt roads,Dry,Daylight,Normal,Collision with pedestrians,2,3,Going straight,,,,,No distancing,Fatal injury
2024-10-05 20:03:00,Saturday,31-50,Male,Elementary school,Above 10yr,Lorry (41-100Q),Governmental,Unknown,No defect,Market areas,Undivided Two way,Tangent road with flat terrain,No junction,Asphalt roads,Dry,Daylight,Normal,Vehicle with vehicle collision,2,3,Going straight,Driver or rider,Male,18-30,3.0,Changing lane to the right,Fatal injury
2024-10-05 20:03:00,Saturday,31-50,Male,Unknown,Unknown,Taxi,Owner,Unknown,No defect,Office areas,Other,Tangent road with flat terrain,No junction,Earth roads,Dry,Daylight,Normal,Vehicle with vehicle collision,2,3,Going straight,Pedestrian,Male,31-50,3.0,Changing lane to the right,Fatal injury
2024-10-05 06:45:00,Friday,Unknown,Male,Junior high school,5-10yr,Other,Owner,Unknown,No defect,Church areas,Two-way (divided with broken lines road marking),Tangent road with flat terrain,Y Shape,Asphalt roads,Dry,Daylight,Normal,Collision with pedestrians,3,2,Going straight,Passenger,Male,18-30,3.0,No distancing,Slight Injury
2024-10-05 06:45:00,Friday,Unknown,Male,Junior high school,Above 10yr,Public (12 seats),Governmental,Unknown,No defect,Church areas,Two-way (divided with broken lines road marking),Tangent road with flat terrain,Y Shape,Asphalt roads,Dry,Daylight,Normal,Collision with pedestrians,3,2,Going straight,Driver or rider,Male,18-30,3.0,Changing lane to the right,Slight Injury
2024-10-05 06:45:00,Friday,18-30,Male,High school,Above 10yr,Automobile,Owner,Unknown,No defect,Residential areas,Double carriageway (median),Tangent road with flat terrain,Y Shape,Asphalt roads,Dry,Daylight,Normal,Collision with pedestrians,3,2,Going straight,,,,,Driving carelessly,Slight Injury
2024-10-05 06:45:00,Friday,18-30,Male,Unknown,Unknown,Automobile,Owner,Above 10yr,No defect,Residential areas,Two-way (divided with broken lines road marking),Tangent road with flat terrain,Y Shape,Asphalt roads,Dry,Daylight,Normal,Collision with roadside objects,3,2,Going straight,Pedestrian,Male,Under 18,3.0,Driving carelessly,Slight Injury
2024-10-05 15:36:00,Saturday,18-30,Male,Elementary school,5-10yr,Public (13-45 seats),Owner,Unknown,No defect,Residential areas,Double carriageway (median),Tangent road with flat terrain,T Shape,Asphalt roads,Dry,Daylight,Normal,Vehicle with vehicle collision,2,1,Reversing,Driver or rider,Male,18-30,2.0,Changing lane to the right,Slight Injury
2024-10-05 15:36:00,Saturday,31-50,Male,Elementary school,Above 10yr,Lorry (41-100Q),Owner,Above 10yr,No defect,Residential areas,Two-way (divided with broken lines road marking),Tangent road with flat terrain,T Shape,Asphalt roads,Dry,Daylight,Normal,Vehicle with vehicle collision,2,1,Going straight,,,,,Overturning,Slight Injury
2024-10-05 16:20:00,Friday,18-30,Male,Junior high school,Below 1yr,Lorry (41-100Q),Owner,1-2yr,No defect,Other,Double carriageway (median),Tangent road with flat terrain,Y Shape,Asphalt roads,Dry,Daylight,Normal,Vehicle with vehicle collision,2,1,Going straight,Driver or rider,Male,18-30,3.0,Changing lane to the right,Slight Injury
2024-10-05 16:20:00,Friday,18-30,Male,Junior high school,2-5yr,Lorry (11-40Q),Owner,Unknown,No defect,Other,Two-way (divided with broken lines road marking),Tangent road with flat terrain,Y Shape,Asphalt roads,Dry,Daylight,Normal,Vehicle with vehicle collision,2,1,Other,,,,,Moving Backward,Slight Injury
2024-10-05 12:03:00,Sunday,31-50,Male,Junior high school,2-5yr,Motorcycle,Owner,2-5yrs,No defect,Residential areas,Two-way (divided with broken lines road marking),Tangent road with flat terrain,Crossing,Asphalt roads,Dry,Daylight,Normal,Vehicle with vehicle collision,2,3,Entering a junction,,,,,No distancing,Slight Injury
2024-10-05 12:03:00,Sunday,Over 51,Male,High school,5-10yr,Lorry (41-100Q),Owner,Unknown,No defect,Other,Other,Tangent road with flat terrain,Crossing,Asphalt roads,Dry,Daylight,Normal,Vehicle with vehicle collision,2,3,Turnover,,,,,Overturning,Slight Injury
2024-10-05 12:03:00,Sunday,Over 51,Male,Junior high school,Unknown,Stationwagen,Owner,Unknown,No defect,Church areas,Undivided Two way,Tangent road with flat terrain,Crossing,Asphalt roads,Dry,Daylight,Normal,Collision with pedestrians,2,3,Going straight,Driver or rider,Male,31-50,3.0,Driving carelessly,Slight Injury
2024-10-05 07:40:00,Friday,31-50,Male,Unknown,Below 1yr,Automobile,Owner,Unknown,No defect,Other,Undivided Two way,Tangent road with flat terrain,Other,Earth roads,Dry,Daylight,Normal,Collision with roadside objects,2,1,Going straight,Pedestrian,Male,18-30,3.0,Changing lane to the right,Slight Injury
2024-10-05 07:40:00,Friday,Over 51,Male,Elementary school,Above 10yr,Other,Owner,Unknown,No defect,Office areas,Undivided Two way,Tangent road with flat terrain,Other,Asphalt roads,Dry,Daylight,Normal,Vehicle with vehicle collision,2,1,Going straight,,,,,Driving at high speed,Slight Injury
2024-10-05 04:57:00,Monday,18-30,Male,Elementary school,Below 1yr,Other,Owner,2-5yrs,No defect,Office areas,Two-way (divided with broken lines road marking),Tangent road with flat terrain,No junction,Asphalt roads,Dry,Daylight,Normal,Vehicle with vehicle collision,1,1,Going straight,Driver or rider,Female,31-50,3.0,Changing lane to the left,Slight Injury
2024-10-05 07:03:00,Monday,Under 18,Male,Junior high school,5-10yr,Taxi,Owner,Unknown,Unknown,Residential areas,Undivided Two way,Tangent road with flat terrain,No junction,Asphalt roads,Dry,Daylight,Normal,Vehicle with vehicle collision,2,1,Going straight,,,,,Driving carelessly,Slight Injury
2024-10-05 07:03:00,Monday,18-30,Male,Junior high school,5-10yr,Automobile,Owner,Unknown,Unknown,Other,Two-way (divided with broken lines road marking),Tangent road with flat terrain,No junction,Asphalt roads,Dry,Daylight,Normal,Vehicle with vehicle collision,2,1,Going straight,Driver or rider,Male,31-50,3.0,No distancing,Slight Injury
2024-10-05 17:28:00,Tuesday,18-30,Male,Unknown,Unknown,Long lorry,Owner,Above 10yr,Unknown,Industrial areas,Undivided Two way,Tangent road with flat terrain,Other,Other,Dry,Daylight,Normal,With Train,2,1,Going straight,Pedestrian,Male,18-30,3.0,Moving Backward,Serious Injury
2024-10-05 17:28:00,Tuesday,18-30,Male,Junior high school,1-2yr,Long lorry,Owner,Unknown,Unknown,Office areas,Two-way (divided with broken lines road marking),Tangent road with flat terrain,Other,Gravel roads,Dry,Daylight,Normal,Vehicle with vehicle collision,2,1,Going straight,,,,,No priority to pedestrian,Serious Injury
2024-10-05 13:00:00,Wednesday,18-30,Male,High school,5-10yr,Lorry (41-100Q),Organization,Unknown,Unknown,Recreational areas,Two-way (divided with broken lines road marking),Tangent road with flat terrain,No junction,Gravel roads,Dry,Daylight,Normal,Vehicle with vehicle collision,1,1,Getting off,,,,,Moving Backward,Slight Injury
2024-10-05 01:30:00,Monday,18-30,Male,Junior high school,5-10yr,Lorry (41-100Q),Owner,1-2yr,No defect,Residential areas,Two-way (divided with broken lines road marking),Tangent road with flat terrain,Y Shape,Asphalt roads,Dry,Darkness - lights lit,Normal,Vehicle with vehicle collision,3,2,Getting off,Pedestrian,Male,18-30,3.0,Changing lane to the right,Slight Injury
2024-10-05 01:30:00,Monday,18-30,Male,Junior high school,5-10yr,Lorry (11-40Q),Owner,Above 10yr,Unknown,Residential areas,Undivided Two way,Tangent road with flat terrain,Y Shape,Asphalt roads,Dry,Darkness - lights lit,Normal,Vehicle with vehicle collision,3,2,Getting off,Driver or rider,Male,Under 18,3.0,No distancing,Slight Injury
2024-10-05 01:30:00,Monday,Unknown,Male,Junior high school,5-10yr,Automobile,Owner,5-10yrs,Unknown,Church areas,Undivided Two way,Steep grade downward with mountainous terrain,Y Shape,Earth roads,Dry,Darkness - lights lit,Normal,Vehicle with vehicle collision,3,2,Moving Backward,,,,,Drunk driving,Slight Injury
2024-10-05 01:30:00,Monday,Unknown,Male,Junior high school,Above 10yr,Taxi,Owner,5-10yrs,Unknown,Residential areas,Undivided Two way,Tangent road with flat terrain,Y Shape,Asphalt roads,Dry,Darkness - lights lit,Normal,Vehicle with vehicle collision,3,2,Going straight,,,,,Changing lane to the right,Slight Injury
2024-10-05 01:30:00,Monday,Unknown,Male,Junior high school,5-10yr,Other,Owner,Unknown,No defect,Other,Other,Tangent road with flat terrain,Y Shape,Asphalt roads,Dry,Darkness - lights lit,Normal,Vehicle with vehicle collision,3,2,Going straight,Driver or rider,Male,18-30,3.0,Driving carelessly,Slight Injury
2024-10-05 01:30:00,Monday,Unknown,Male,Junior high school,No Licence,Automobile,Owner,5-10yrs,No defect,Other,Undivided Two way,Tangent road with flat terrain,Y Shape,Asphalt roads,Dry,Darkness - lights lit,Normal,Vehicle with vehicle collision,3,2,Waiting to go,,,,,Driving to the left,Slight Injury
2024-10-05 19:45:00,Saturday,Over 51,Male,Above high school,Below 1yr,Automobile,Owner,Unknown,Unknown,Other,Two-way (divided with solid lines road marking),Tangent road with flat terrain,No junction,Asphalt roads,Dry,Daylight,Normal,Vehicle with vehicle collision,2,1,Going straight,Driver or rider,Male,31-50,3.0,Changing lane to the right,Slight Injury
2024-10-05 19:45:00,Saturday,18-30,Male,Elementary school,5-10yr,Automobile,Owner,Unknown,No defect,Church areas,Two-way (divided with solid lines road marking),Tangent road with flat terrain,No junction,Earth roads,Dry,Daylight,Normal,Collision with pedestrians,2,1,Other,Passenger,Female,18-30,2.0,Changing lane to the right,Slight Injury
2024-10-05 16:12:00,Saturday,18-30,Male,Elementary school,5-10yr,Automobile,Governmental,Unknown,No defect,Other,Two-way (divided with solid lines road marking),Tangent road with flat terrain,Y Shape,Asphalt roads,Dry,Daylight,Normal,Collision with roadside objects,2,1,Going straight,Passenger,Male,Under 18,3.0,Driving carelessly,Slight Injury
2024-10-05 16:12:00,Saturday,18-30,Male,Junior high school,5-10yr,Public (> 45 seats),Owner,Unknown,No defect,Church areas,Two-way (divided with solid lines road marking),Tangent road with flat terrain,Y Shape,Asphalt roads,Dry,Daylight,Normal,Collision with roadside objects,2,1,Going straight,Driver or rider,Male,18-30,3.0,Changing lane to the left,Slight Injury
2024-10-05 16:46:00,Wednesday,31-50,Male,High school,5-10yr,Lorry (11-40Q),Owner,Unknown,No defect,Church areas,Two-way (divided with broken lines road marking),Tangent road with flat terrain,O Shape,Asphalt roads,Dry,Daylight,Normal,Vehicle with vehicle collision,2,1,Going straight,,,,,No priority to vehicle,Slight Injury
2024-10-05 16:46:00,Wednesday,31-50,Male,Junior high school,5-10yr,Lorry (41-100Q),Owner,Above 10yr,No defect,Other,Undivided Two way,Tangent road with flat terrain,O Shape,Asphalt roads,Dry,Daylight,Normal,Vehicle with vehicle collision,2,1,Going straight,,,,,Driving carelessly,Slight Injury
2024-10-05 16:46:00,Wednesday,31-50,Male,Junior high school,2-5yr,Lorry (41-100Q),Governmental,5-10yrs,No defect,Other,Undivided Two way,Tangent road with flat terrain,O Shape,Asphalt roads,Dry,Daylight,Normal,Vehicle with vehicle collision,2,1,Overtaking,Driver or rider,Male,18-30,3.0,Changing lane to the right,Slight Injury
2024-10-05 16:46:00,Wednesday,31-50,Male,Writing & reading,5-10yr,Stationwagen,Owner,5-10yrs,No defect,School areas,Other,Tangent road with flat terrain,O Shape,Asphalt roads,Dry,Daylight,Normal,Vehicle with vehicle collision,2,1,Going straight,Pedestrian,Male,31-50,2.0,Driving carelessly,Slight Injury
2024-10-05 17:15:00,Monday,Unknown,Female,Junior high school,Above 10yr,Other,Owner,Above 10yr,No defect,Residential areas,Undivided Two way,Tangent road with flat terrain,Y Shape,Asphalt roads,Dry,Daylight,Other,Vehicle with vehicle collision,2,1,Going straight,Driver or rider,Male,18-30,3.0,Driving under the influence of drugs,Slight Injury
2024-10-05 17:15:00,Monday,31-50,Male,Junior high school,1-2yr,Automobile,Other,1-2yr,No defect,Other,Two-way (divided with broken lines road marking),Tangent road with flat terrain,Y Shape,Asphalt roads,Dry,Daylight,Other,Collision with roadside objects,2,1,Going straight,,,,,No distancing,Slight Injury
2024-10-05 13:40:00,Sunday,18-30,Male,Writing & reading,Below 1yr,Pick up upto 10Q,Owner,Above 10yr,No defect,Office areas,Undivided Two way,Tangent road with flat terrain,Crossing,Asphalt roads,Dry,Daylight,Normal,Vehicle with vehicle collision,2,1,Turnover,Driver or rider,Male,31-50,3.0,Changing lane to the left,Slight Injury
2024-10-05 13:40:00,Sunday,18-30,Male,Elementary school,1-2yr,Motorcycle,Owner,Above 10yr,No defect,Residential areas,Undivided Two way,Tangent road with flat terrain,Crossing,Asphalt roads,Dry,Daylight,Normal,Vehicle with vehicle collision,2,1,Going straight,,,,,No priority to vehicle,Slight Injury
2024-10-05 18:10:00,Wednesday,Unknown,Male,Junior high school,5-10yr,Automobile,Owner,Above 10yr,No defect,Other,One way,Steep grade downward with mountainous terrain,Y Shape,Earth roads,Dry,Daylight,Other,Vehicle with vehicle collision,2,1,Going straight,,,,,Moving Backward,Slight Injury
2024-10-05 18:10:00,Wednesday,31-50,Male,Elementary school,Above 10yr,Pick up upto 10Q,Owner,Above 10yr,No defect,Residential areas,Two-way (divided with broken lines road marking),Tangent road with flat terrain,Y Shape,Asphalt roads,Dry,Daylight,Other,Vehicle with vehicle collision,2,1,Getting off,Driver or rider,Male,31-50,3.0,Moving Backward,Slight Injury
2024-10-05 02:20:00,Saturday,31-50,Male,Junior high school,5-10yr,Motorcycle,Owner,5-10yrs,No defect,Residential areas,Undivided Two way,Tangent road with flat terrain,No junction,Asphalt roads,Wet or damp,Darkness - lights lit,Normal,Vehicle with vehicle collision,2,1,Moving Backward,Driver or rider,Male,18-30,3.0,No distancing,Serious Injury
2024-10-05 02:20:00,Saturday,31-50,Male,Elementary school,2-5yr,Stationwagen,Owner,Unknown,No defect,Residential areas,Two-way (divided with broken lines road marking),Tangent road with flat terrain,No junction,Asphalt roads,Wet or damp,Darkness - lights lit,Normal,Vehicle with vehicle collision,2,1,Getting off,,,,,Changing lane to the right,Serious Injury
2024-10-05 13:50:00,Monday,31-50,Male,Junior high school,2-5yr,Lorry (41-100Q),Owner,1-2yr,No defect,Other,Other,Tangent road with flat terrain,No junction,Asphalt roads,Dry,Daylight,Normal,Collision with pedestrians,2,1,Overtaking,,,,,Changing lane to the right,Slight Injury
2024-10-05 13:50:00,Monday,Unknown,Male,Junior high school,Above 10yr,Taxi,Owner,5-10yrs,No defect,Other,Undivided Two way,Tangent road with flat terrain,No junction,Earth roads,Dry,Daylight,Normal,Collision with pedestrians,2,1,Going straight,Driver or rider,Male,31-50,3.0,Moving Backward,Slight Injury
2024-10-05 00:17:00,Sunday,31-50,Male,Junior high school,2-5yr,Automobile,Owner,5-10yrs,No defect,Other,One way,Tangent road with flat terrain,Y Shape,Asphalt roads,Dry,Darkness - lights lit,Normal,Collision with roadside objects,2,2,Going straight,,,,,Driving carelessly,Slight Injury
2024-10-05 00:17:00,Sunday,31-50,Male,Junior high school,Below 1yr,Long lorry,Owner,1-2yr,No defect,Hospital areas,Undivided Two way,Tangent road with flat terrain,Y Shape,Asphalt roads,Dry,Darkness - lights lit,Normal,Collision with pedestrians,2,2,Going straight,Driver or rider,Female,18-30,3.0,Driving under the influence of drugs,Slight Injury
2024-10-05 00:17:00,Sunday,Under 18,Male,Junior high school,2-5yr,Automobile,Owner,2-5yrs,No defect,Residential areas,Undivided Two way,Tangent road with flat terrain,Y Shape,Asphalt roads,Dry,Darkness - lights lit,Normal,Vehicle with vehicle collision,2,2,Reversing,Driver or rider,Male,31-50,3.0,No distancing,Slight Injury
2024-10-05 17:30:00,Wednesday,Unknown,Male,Junior high school,Above 10yr,Public (12 seats),Owner,5-10yrs,No defect,Residential areas,One way,Tangent road with flat terrain,Other,Asphalt roads,Dry,Daylight,Normal,Vehicle with vehicle collision,2,1,Getting off,Driver or rider,Male,Under 18,3.0,No distancing,Slight Injury
2024-10-05 17:30:00,Wednesday,18-30,Male,Junior high school,2-5yr,Lorry (11-40Q),Owner,5-10yrs,No defect,Residential areas,Undivided Two way,Tangent road with flat terrain,Other,Asphalt roads,Dry,Daylight,Normal,Vehicle with vehicle collision,2,1,Going straight,Pedestrian,Male,5,3.0,No priority to vehicle,Slight Injury
2024-10-05 18:03:00,Wednesday,Unknown,Female,Elementary school,Above 10yr,Pick up upto 10Q,Owner,1-2yr,No defect,Other,Two-way (divided with broken lines road marking),Tangent road with flat terrain,No junction,Asphalt roads,Dry,Daylight,Normal,Collision with roadside objects,2,2,Going straight,Driver or rider,Male,18-30,3.0,Driving to the left,Slight Injury
2024-10-05 18:03:00,Wednesday,18-30,Male,Elementary school,Above 10yr,Lorry (41-100Q),Owner,1-2yr,No defect,Office areas,Two-way (divided with broken lines road marking),Tangent road with flat terrain,No junction,Asphalt roads,Dry,Daylight,Normal,Collision with roadside objects,2,2,Going straight,,,,,No priority to vehicle,Slight Injury
2024-10-05 18:03:00,Wednesday,18-30,Male,Elementary school,Above 10yr,Other,Owner,2-5yrs,No defect,Other,Other,Tangent road with flat terrain,No junction,Asphalt roads,Dry,Daylight,Normal,Vehicle with vehicle collision,2,2,Reversing,Driver or rider,Male,Over 51,2.0,No priority to vehicle,Slight Injury
2024-10-05 16:50:00,Thursday,18-30,Male,Junior high school,Above 10yr,Automobile,Owner,Unknown,No defect,Office areas,Double carriageway (median),Tangent road with flat terrain,No junction,Other,Dry,Daylight,Normal,Vehicle with vehicle collision,2,1,Going straight,,,,,No priority to vehicle,Serious Injury
2024-10-05 16:50:00,Thursday,31-50,Male,Junior high school,Below 1yr,Long lorry,Owner,Unknown,No defect,Residential areas,Two-way (divided with broken lines road marking),Tangent road with flat terrain,No junction,Asphalt roads,Dry,Daylight,Normal,Vehicle with vehicle collision,2,1,Stopping,Driver or rider,Female,18-30,3.0,No distancing,Serious Injury
2024-10-05 21:18:00,Monday,18-30,Male,Elementary school,5-10yr,Lorry (11-40Q),Owner,Unknown,No defect,Office areas,Double carriageway (median),Gentle horizontal curve,Y Shape,Asphalt roads,Dry,Darkness - lights lit,Normal,Vehicle with vehicle collision,1,1,Overtaking,,,,,Moving Backward,Fatal injury
2024-10-05 18:10:00,Friday,Unknown,Male,Junior high school,2-5yr,Long lorry,Owner,Unknown,No defect,Office areas,Double carriageway (median),Tangent road with flat terrain,No junction,Asphalt roads,Wet or damp,Daylight,Raining,Vehicle with vehicle collision,1,1,Going straight,Driver or rider,Male,31-50,3.0,Changing lane to the right,Slight Injury
2024-10-05 10:20:00,Sunday,31-50,Male,Junior high school,Above 10yr,Automobile,Organization,Unknown,No defect,Other,Double carriageway (median),Tangent road with flat terrain,Y Shape,Asphalt roads,Dry,Daylight,Other,Vehicle with vehicle collision,2,1,Reversing,Passenger,Female,Over 51,3.0,Driving carelessly,Slight Injury
2024-10-05 10:20:00,Sunday,18-30,Male,Junior high school,Below 1yr,Taxi,Owner,Unknown,No defect,Office areas,Two-way (divided with broken lines road marking),Tangent road with flat terrain,Y Shape,Asphalt roads,Dry,Daylight,Other,Vehicle with vehicle collision,2,1,Going straight,Pedestrian,Female,31-50,3.0,Changing lane to the left,Slight Injury
2024-10-05 21:00:00,Friday,Under 18,Male,Junior high school,2-5yr,Taxi,Owner,Unknown,No defect,Office areas,Other,Tangent road with flat terrain,Crossing,Asphalt roads,Dry,Darkness - lights lit,Normal,Vehicle with vehicle collision,4,1,Going straight,Driver or rider,Male,18-30,3.0,No distancing,Slight Injury
2024-10-05 21:00:00,Friday,18-30,Male,Junior high school,Above 10yr,Long lorry,Governmental,Unknown,Unknown,Office areas,One way,Tangent road with flat terrain,Crossing,Asphalt roads,Dry,Darkness - lights lit,Normal,Vehicle with vehicle collision,4,1,Reversing,,,,,Changing lane to the right,Slight Injury
2024-10-05 21:00:00,Friday,31-50,Male,Writing & reading,2-5yr,Lorry (11-40Q),Owner,Unknown,Unknown,Other,Undivided Two way,Tangent road with flat terrain,Crossing,Earth roads,Dry,Darkness - lights lit,Normal,Collision with roadside objects,4,1,Going straight,Driver or rider,Male,18-30,3.0,Driving under the influence of drugs,Slight Injury
2024-10-05 21:00:00,Friday,31-50,Male,Junior high school,2-5yr,Lorry (11-40Q),Owner,Unknown,Unknown,Residential areas,Other,Tangent road with flat terrain,Crossing,Asphalt roads,Dry,Darkness - lights lit,Normal,Collision with roadside objects,4,1,Waiting to go,,,,,No distancing,Slight Injury
2024-10-05 18:00:00,Saturday,Under 18,Male,High school,2-5yr,Long lorry,Owner,2-5yrs,No defect,Residential areas,Two-way (divided with broken lines road marking),Gentle horizontal curve,No junction,Asphalt roads,Dry,Daylight,Normal,Collision with pedestrians,2,1,Going straight,Passenger,Female,18-30,3.0,Overturning,Serious Injury
2024-10-05 18:00:00,Saturday,18-30,Male,Junior high school,1-2yr,Turbo,Owner,5-10yrs,Unknown,Church areas,Two-way (divided with broken lines road marking),Tangent road with flat terrain,No junction,Asphalt roads,Dry,Daylight,Normal,Vehicle with vehicle collision,2,1,Going straight,,,,,No distancing,Serious Injury
2024-10-05 17:00:00,Thursday,Unknown,Male,High school,5-10yr,Long lorry,Owner,5-10yrs,Unknown,Other,Two-way (divided with broken lines road marking),Tangent road with flat terrain,Y Shape,Asphalt roads,Dry,Daylight,Normal,Vehicle with vehicle collision,2,1,Going straight,Driver or rider,Male,31-50,3.0,Changing lane to the right,Slight Injury
2024-10-05 17:00:00,Thursday,18-30,Male,Elementary school,2-5yr,Long lorry,Owner,Unknown,Unknown,Residential areas,Two-way (divided with broken lines road marking),Tangent road with flat terrain,Y Shape,Asphalt roads,Dry,Daylight,Normal,Vehicle with vehicle collision,2,1,Going straight,,,,,No priority to vehicle,Slight Injury
2024-10-05 18:53:00,Tuesday,Unknown,Female,Junior high school,1-2yr,Public (13-45 seats),Owner,2-5yrs,Unknown,Other,Undivided Two way,Tangent road with flat terrain,No junction,Asphalt roads,Dry,Daylight,Normal,Vehicle with vehicle collision,3,1,Getting off,Driver or rider,Female,18-30,3.0,Changing lane to the right,Slight Injury
2024-10-05 18:53:00,Tuesday,31-50,Male,Elementary school,1-2yr,Automobile,Owner,2-5yrs,Unknown,Residential areas,Undivided Two way,Tangent road with flat terrain,No junction,Asphalt roads,Dry,Daylight,Normal,Vehicle with vehicle collision,3,1,Going straight,,,,,Changing lane to the left,Slight Injury
2024-10-05 18:53:00,Tuesday,18-30,Male,High school,No Licence,Automobile,Owner,2-5yrs,Unknown,Residential areas,Two-way (divided with broken lines road marking),Tangent road with flat terrain,No junction,Asphalt roads,Dry,Daylight,Normal,Vehicle with vehicle collision,3,1,Going straight,Driver or rider,Male,31-50,3.0,No distancing,Slight Injury
2024-10-05 13:19:00,Saturday,Unknown,Female,Junior high school,5-10yr,Pick up upto 10Q,Owner,5-10yrs,No defect,Other,Two-way (divided with broken lines road marking),Tangent road with flat terrain,No junction,Asphalt roads,Dry,Daylight,Normal,Vehicle with vehicle collision,2,1,Going straight,Passenger,Female,18-30,3.0,No priority to pedestrian,Slight Injury