Time,Day_of_week,Age_band_of_driver,Sex_of_driver,Educational_level,Driving_experience,Type_of_vehicle,Owner_of_vehicle,Service_year_of_vehicle,Defect_of_vehicle,Area_accident_occured,Lanes_or_Medians,Road_allignment,Types_of_Junction,Road_surface_type,Road_surface_conditions,Light_conditions,Weather_conditions,Type_of_collision,Number_of_vehicles_involved,Number_of_casualties,Vehicle_movement,Casualty_class,Sex_of_casualty,Age_band_of_casualty,Casualty_severity,Cause_of_accident,Accident_severity
2024-10-05 13:19:00,Saturday,31-50,Male,Junior high school,1-2yr,Other,Other,Unknown,Unknown,Other,Two-way (divided with broken lines road marking),Tangent road with flat terrain,No junction,Asphalt roads,Dry,Daylight,Normal,Vehicle with vehicle collision,2,1,Reversing,Passenger,Male,Over 51,3.0,Driving carelessly,Slight Injury
2024-10-05 10:10:00,Saturday,18-30,Male,Junior high school,2-5yr,Stationwagen,Owner,Unknown,No defect,Other,Undivided Two way,Tangent road with flat terrain,Crossing,Asphalt roads,Dry,Daylight,Normal,Vehicle with vehicle collision,2,2,Turnover,,,,,No distancing,Slight Injury
2024-10-05 10:10:00,Saturday,Unknown,Male,Junior high school,5-10yr,Other,Owner,Unknown,No defect,Other,Double carriageway (median),Tangent road with flat terrain,Crossing,Asphalt roads,Dry,Daylight,Normal,Collision with pedestrians,2,2,Going straight,Driver or rider,Male,18-30,3.0,Driving carelessly,Slight Injury
2024-10-05 21:55:00,Sunday,18-30,Male,Unknown,Unknown,Automobile,Owner,Unknown,Unknown,Residential areas,Two-way (divided with broken lines road marking),Tangent road with flat terrain,Crossing,Asphalt roads,Dry,Darkness - lights lit,Normal,Collision with pedestrians,2,1,Going straight,Driver or rider,Female,Over 51,3.0,Driving carelessly,Slight Injury
2024-10-05 21:55:00,Sunday,18-30,Male,Unknown,Unknown,Automobile,Owner,2-5yrs,Unknown,Recreational areas,Undivided Two way,Tangent road with flat terrain,Crossing,Asphalt roads,Dry,Darkness - lights lit,Normal,Vehicle with vehicle collision,2,1,Going straight,,,,,Moving Backward,Slight Injury
2024-10-05 21:37:00,Monday,18-30,Male,Junior high school,2-5yr,Long lorry,Owner,Unknown,Unknown,Other,Other,Tangent road with flat terrain,Y Shape,Asphalt roads,Dry,Darkness - lights lit,Normal,Vehicle with vehicle collision,1,2,Going straight,Pedestrian,Female,18-30,3.0,Overtaking,Slight Injury
2024-10-05 21:37:00,Monday,18-30,Male,Junior high school,Above 10yr,Public (13-45 seats),Owner,Unknown,Unknown,Office areas,Undivided Two way,Tangent road with flat terrain,Y Shape,Earth roads,Dry,Darkness - lights lit,Normal,Vehicle with vehicle collision,1,2,Getting off,Driver or rider,Female,31-50,3.0,No priority to vehicle,Slight Injury
2024-10-05 08:20:00,Wednesday,18-30,Male,Junior high school,Above 10yr,Public (13-45 seats),Other,Unknown,Unknown,Other,Undivided Two way,Tangent road with flat terrain,Crossing,Asphalt roads,Dry,Daylight,Normal,Vehicle with vehicle collision,2,1,Going straight,,,,,No priority to vehicle,Slight Injury
2024-10-05 08:20:00,Wednesday,18-30,Male,Unknown,Unknown,Lorry (11-40Q),Owner,Unknown,Unknown,Office areas,Undivided Two way,Tangent road with flat terrain,Crossing,Other,Dry,Daylight,Normal,Vehicle with vehicle collision,2,1,Going straight,Pedestrian,Female,31-50,3.0,Changing lane to the left,Slight Injury
2024-10-05 16:49:00,Wednesday,18-30,Male,Elementary school,Above 10yr,Lorry (11-40Q),Owner,Unknown,Unknown,Office areas,One way,Tangent road with flat terrain,Crossing,Asphalt roads,Wet or damp,Daylight,Raining,Vehicle with vehicle collision,2,1,Going straight,,,,,No priority to vehicle,Slight Injury
2024-10-05 16:49:00,Wednesday,31-50,Male,Unknown,Unknown,Pick up upto 10Q,Owner,Unknown,Unknown,Office areas,Undivided Two way,Tangent road with flat terrain,Crossing,Asphalt roads,Wet or damp,Daylight,Raining,Vehicle with vehicle collision,2,1,Going straight,Driver or rider,Male,31-50,3.0,No distancing,Slight Injury
2024-10-05 13:01:00,Thursday,18-30,Male,Junior high school,5-10yr,Automobile,Owner,Unknown,No defect,Other,Undivided Two way,Tangent road with flat terrain,Y Shape,Asphalt roads,Dry,Daylight,Normal,Vehicle with vehicle collision,2,1,Going straight,Passenger,Female,Under 18,3.0,Moving Backward,Slight Injury
2024-10-05 13:01:00,Thursday,31-50,Male,Junior high school,Above 10yr,Automobile,Governmental,Unknown,Unknown,Other,Double carriageway (median),Tangent road with flat terrain,Y Shape,Asphalt roads,Dry,Daylight,Normal,Vehicle with vehicle collision,2,1,Going straight,Passenger,Female,Over 51,3.0,Changing lane to the right,Slight Injury
2024-10-05 13:10:00,Tuesday,Over 51,Male,High school,Above 10yr,Automobile,Owner,Unknown,No defect,Office areas,Two-way (divided with solid lines road marking),Tangent road with flat terrain,Y Shape,Asphalt roads,Dry,Daylight,Normal,Vehicle with vehicle collision,2,1,Going straight,,,,,No distancing,Slight Injury
2024-10-05 13:10:00,Tuesday,31-50,Male,Unknown,Unknown,Long lorry,Owner,Unknown,Unknown,Residential areas,Other,Tangent road with flat terrain,Y Shape,Asphalt roads,Dry,Daylight,Normal,Vehicle with vehicle collision,2,1,Going straight,Driver or rider,Female,18-30,3.0,Overtaking,Slight Injury
2024-10-05 15:43:00,Monday,Over 51,Male,Elementary school,5-10yr,Long lorry,Governmental,2-5yrs,Unknown,Recreational areas,Undivided Two way,Tangent road with flat terrain,No junction,Asphalt roads,Dry,Daylight,Normal,Vehicle with vehicle collision,2,3,Going straight,,,,,No distancing,Serious Injury
2024-10-05 15:43:00,Monday,Over 51,Male,Elementary school,Above 10yr,Automobile,Owner,1-2yr,No defect,Other,Other,Tangent road with flat terrain,No junction,Asphalt roads,Dry,Daylight,Normal,Vehicle with vehicle collision,2,3,Going straight,Driver or rider,Male,31-50,3.0,Changing lane to the left,Serious Injury
2024-10-05 15:43:00,Monday,Over 51,Male,Junior high school,Below 1yr,Stationwagen,Owner,Above 10yr,No defect,Residential areas,Other,Tangent road with flat terrain,No junction,Asphalt roads,Dry,Daylight,Normal,Vehicle with vehicle collision,2,3,Reversing,Pedestrian,Male,31-50,3.0,Driving under the influence of drugs,Serious Injury
2024-10-05 15:43:00,Monday,Unknown,Female,Junior high school,2-5yr,Other,Owner,Unknown,No defect,Other,Other,Tangent road with flat terrain,No junction,Gravel roads,Dry,Daylight,Normal,Vehicle with vehicle collision,2,3,Going straight,,,,,No distancing,Serious Injury
2024-10-05 15:32:00,Friday,Over 51,Male,Junior high school,2-5yr,Other,Owner,Unknown,Unknown,Other,Other,Tangent road with flat terrain,No junction,Asphalt roads,Wet or damp,Daylight,Other,Vehicle with vehicle collision,1,1,Turnover,Passenger,Female,31-50,3.0,No distancing,Serious Injury
2024-10-05 20:11:00,Friday,31-50,Male,High school,5-10yr,Special vehicle,Owner,5-10yrs,Unknown,Other,One way,Tangent road with flat terrain,Y Shape,Asphalt roads,Dry,Daylight,Normal,Vehicle with vehicle collision,2,2,Going straight,,,,,Changing lane to the right,Serious Injury
2024-10-05 20:11:00,Friday,31-50,Male,Junior high school,Unknown,Lorry (41-100Q),Owner,Unknown,No defect,Other,Two-way (divided with broken lines road marking),Tangent road with flat terrain,Y Shape,Asphalt roads,Dry,Daylight,Normal,Vehicle with vehicle collision,2,2,Going straight,Passenger,Female,Under 18,3.0,Changing lane to the left,Serious Injury
2024-10-05 10:30:00,Monday,Unknown,Female,Unknown,Below 1yr,Pick up upto 10Q,Owner,2-5yrs,No defect,Other,Other,Tangent road with flat terrain,Y Shape,Asphalt roads,Dry,Daylight,Normal,Vehicle with vehicle collision,2,1,Going straight,Driver or rider,Male,31-50,3.0,Moving Backward,Slight Injury
2024-10-05 10:30:00,Monday,31-50,Male,Elementary school,Above 10yr,Lorry (11-40Q),Owner,Unknown,No defect,School areas,Undivided Two way,Tangent road with flat terrain,Y Shape,Asphalt roads,Dry,Daylight,Normal,Vehicle with vehicle collision,2,1,Going straight,,,,,No distancing,Slight Injury
2024-10-05 17:46:00,Friday,18-30,Male,Elementary school,Below 1yr,Lorry (41-100Q),Owner,Unknown,No defect,Office areas,Two-way (divided with broken lines road marking),Tangent road with flat terrain,Crossing,Asphalt roads,Wet or damp,Daylight,Raining,Vehicle with vehicle collision,2,2,Reversing,Driver or rider,Female,31-50,3.0,No distancing,Slight Injury
2024-10-05 17:46:00,Friday,31-50,Male,Junior high school,5-10yr,Motorcycle,Owner,Unknown,No defect,Office areas,Two-way (divided with broken lines road marking),Tangent road with flat terrain,Crossing,Asphalt roads,Wet or damp,Daylight,Raining,Collision with roadside objects,2,2,Going straight,Driver or rider,Male,Under 18,3.0,Driving carelessly,Slight Injury
2024-10-05 17:46:00,Friday,31-50,Male,Junior high school,5-10yr,Automobile,Owner,5-10yrs,No defect,Office areas,Two-way (divided with broken lines road marking),Tangent road with flat terrain,Crossing,Asphalt roads,Wet or damp,Daylight,Raining,Collision with roadside objects,2,2,Turnover,Passenger,Female,18-30,3.0,Moving Backward,Slight Injury
2024-10-05 07:28:00,Wednesday,31-50,Male,Unknown,Unknown,Automobile,Owner,Unknown,No defect,School areas,Other,Tangent road with flat terrain,Y Shape,Asphalt roads,Dry,Daylight,Normal,Vehicle with vehicle collision,2,1,Going straight,Passenger,Female,31-50,3.0,No distancing,Slight Injury
2024-10-05 07:28:00,Wednesday,18-30,Male,Junior high school,1-2yr,Automobile,Governmental,Unknown,No defect,School areas,Undivided Two way,Tangent road with flat terrain,Y Shape,Asphalt roads,Dry,Daylight,Normal,Vehicle with vehicle collision,2,1,Going straight,,,,,Changing lane to the right,Slight Injury
2024-10-05 18:15:00,Friday,18-30,Male,High school,5-10yr,Stationwagen,Owner,Unknown,No defect,Office areas,Two-way (divided with broken lines road marking),Tangent road with flat terrain,Y Shape,Asphalt roads,Dry,Daylight,Normal,Vehicle with vehicle collision,2,1,Going straight,Driver or rider,Male,Under 18,3.0,Driving carelessly,Serious Injury
2024-10-05 18:15:00,Friday,31-50,Male,Junior high school,5-10yr,Other,Owner,Unknown,No defect,Office areas,Two-way (divided with broken lines road marking),Tangent road with flat terrain,Y Shape,Asphalt roads,Dry,Daylight,Normal,Vehicle with vehicle collision,2,1,Going straight,Driver or rider,Male,Over 51,3.0,Driving to the left,Serious Injury
2024-10-05 22:34:00,Wednesday,18-30,Male,Junior high school,5-10yr,Public (> 45 seats),Governmental,Above 10yr,No defect,School areas,Two-way (divided with broken lines road marking),Tangent road with flat terrain,T Shape,Asphalt roads,Wet or damp,Darkness - lights lit,Raining,Collision with roadside objects,1,1,Going straight,,,,,Changing lane to the right,Slight Injury
2024-10-05 13:15:00,Monday,Under 18,Male,Junior high school,5-10yr,Public (> 45 seats),Owner,1-2yr,No defect,Other,Two-way (divided with broken lines road marking),Tangent road with flat terrain,Other,Asphalt roads,Dry,Daylight,Normal,Vehicle with vehicle collision,3,1,Getting off,Driver or rider,Male,31-50,3.0,Driving carelessly,Slight Injury
2024-10-05 13:15:00,Monday,Over 51,Male,Junior high school,Above 10yr,Stationwagen,Owner,Above 10yr,No defect,Other,Two-way (divided with broken lines road marking),Tangent road with flat terrain,Other,Asphalt roads,Dry,Daylight,Normal,Collision with roadside objects,3,1,Moving Backward,,,,,Changing lane to the right,Slight Injury
2024-10-05 13:15:00,Monday,18-30,Male,Junior high school,5-10yr,Automobile,Owner,Below 1yr,No defect,Other,Undivided Two way,Tangent road with flat terrain,Other,Asphalt roads,Dry,Daylight,Normal,Collision with roadside objects,3,1,Going straight,Pedestrian,Male,Under 18,3.0,No priority to vehicle,Slight Injury
2024-10-05 20:17:00,Monday,18-30,Male,Junior high school,No Licence,Bicycle,Owner,Above 10yr,No defect,Other,Two-way (divided with broken lines road marking),Tangent road with flat terrain,No junction,Asphalt roads,Wet or damp,Darkness - lights lit,Raining,Collision with pedestrians,2,3,Turnover,Driver or rider,Male,18-30,3.0,Changing lane to the right,Slight Injury
2024-10-05 20:17:00,Monday,18-30,Male,Above high school,Below 1yr,Automobile,Owner,Unknown,No defect,Residential areas,Undivided Two way,Tangent road with flat terrain,No junction,Other,Wet or damp,Darkness - lights lit,Raining,Vehicle with vehicle collision,2,3,Going straight,Pedestrian,Male,Over 51,3.0,Turnover,Slight Injury
2024-10-05 20:17:00,Monday,18-30,Male,Elementary school,5-10yr,Lorry (41-100Q),Governmental,1-2yr,No defect,Other,Undivided Two way,Tangent road with flat terrain,No junction,Asphalt roads,Wet or damp,Darkness - lights lit,Raining,Collision with roadside objects,2,3,Other,,,,,No priority to vehicle,Slight Injury
2024-10-05 20:17:00,Monday,Unknown,Female,Elementary school,5-10yr,Automobile,Owner,1-2yr,No defect,Other,Undivided Two way,Tangent road with flat terrain,No junction,Asphalt roads,Wet or damp,Darkness - lights lit,Raining,Vehicle with vehicle collision,2,3,Going straight,Driver or rider,Female,31-50,2.0,Driving at high speed,Slight Injury
2024-10-05 21:15:00,Monday,Unknown,Female,Junior high school,5-10yr,Public (13-45 seats),Owner,Unknown,No defect,Industrial areas,Undivided Two way,Tangent road with flat terrain,No junction,Asphalt roads,Dry,Darkness - lights lit,Normal,Vehicle with vehicle collision,2,1,Going straight,Pedestrian,Male,Over 51,3.0,No distancing,Slight Injury
2024-10-05 21:15:00,Monday,18-30,Male,High school,5-10yr,Special vehicle,Owner,Unknown,No defect,Recreational areas,Undivided Two way,Tangent road with flat terrain,No junction,Asphalt roads,Dry,Darkness - lights lit,Normal,Vehicle with vehicle collision,2,1,Going straight,Pedestrian,Female,18-30,3.0,No distancing,Slight Injury
2024-10-05 16:00:00,Saturday,18-30,Male,Junior high school,5-10yr,Automobile,Owner,Above 10yr,No defect,Church areas,Two-way (divided with broken lines road marking),Tangent road with flat terrain,No junction,Asphalt roads,Dry,Daylight,Normal,Vehicle with vehicle collision,2,4,Going straight,Pedestrian,Female,18-30,3.0,Driving carelessly,Slight Injury
2024-10-05 16:00:00,Saturday,18-30,Male,Junior high school,2-5yr,Public (13-45 seats),Owner,Unknown,Unknown,Office areas,Two-way (divided with broken lines road marking),Tangent road with flat terrain,No junction,Asphalt roads,Dry,Daylight,Normal,Vehicle with vehicle collision,2,4,Turnover,Pedestrian,Female,18-30,3.0,Driving carelessly,Slight Injury
2024-10-05 16:00:00,Saturday,18-30,Male,Writing & reading,5-10yr,Other,Owner,Unknown,Unknown,Other,Two-way (divided with broken lines road marking),Tangent road with flat terrain,No junction,Asphalt roads,Dry,Daylight,Normal,Vehicle with vehicle collision,2,4,Turnover,Passenger,Male,18-30,3.0,Moving Backward,Slight Injury
2024-10-05 16:00:00,Saturday,Over 51,Male,Junior high school,Above 10yr,Lorry (41-100Q),Owner,Unknown,Unknown,Office areas,Undivided Two way,Tangent road with flat terrain,No junction,Other,Dry,Daylight,Normal,Collision with roadside objects,2,4,Going straight,,,,,No distancing,Slight Injury
2024-10-05 18:30:00,Wednesday,Under 18,Male,Junior high school,1-2yr,Lorry (41-100Q),Owner,Unknown,Unknown,Office areas,Two-way (divided with broken lines road marking),Tangent road with flat terrain,No junction,Asphalt roads,Dry,Daylight,Normal,Vehicle with vehicle collision,3,1,Getting off,Driver or rider,Male,18-30,3.0,Changing lane to the right,Slight Injury
2024-10-05 18:30:00,Wednesday,Under 18,Male,Writing & reading,Below 1yr,Public (12 seats),Owner,Unknown,Unknown,Other,Two-way (divided with broken lines road marking),Tangent road with flat terrain,No junction,Asphalt roads,Dry,Daylight,Normal,Collision with roadside objects,3,1,Getting off,,,,,Overtaking,Slight Injury
2024-10-05 18:30:00,Wednesday,31-50,Male,Elementary school,1-2yr,Lorry (41-100Q),Owner,Above 10yr,Unknown,Residential areas,Undivided Two way,Tangent road with flat terrain,No junction,Asphalt roads,Dry,Daylight,Normal,Vehicle with vehicle collision,3,1,Going straight,Passenger,Female,Over 51,3.0,No distancing,Slight Injury
2024-10-05 18:30:00,Wednesday,Unknown,Male,Junior high school,5-10yr,Lorry (41-100Q),Owner,Above 10yr,Unknown,Office areas,Other,Tangent road with mountainous terrain and,No junction,Asphalt roads,Dry,Daylight,Normal,Vehicle with vehicle collision,3,1,Overtaking,Pedestrian,Male,31-50,3.0,Overtaking,Slight Injury
2024-10-05 18:30:00,Wednesday,Unknown,Male,Junior high school,1-2yr,Public (12 seats),Owner,Above 10yr,No defect,Residential areas,Other,Tangent road with flat terrain,No junction,Asphalt roads,Dry,Daylight,Normal,Vehicle with vehicle collision,3,1,Reversing,Pedestrian,Female,31-50,3.0,Moving Backward,Slight Injury
2024-10-05 16:54:00,Wednesday,31-50,Male,Elementary school,5-10yr,Public (> 45 seats),Other,Unknown,Unknown,School areas,Two-way (divided with broken lines road marking),Tangent road with flat terrain,Other,Asphalt roads,Dry,Daylight,Normal,Collision with roadside objects,2,1,Going straight,,,,,No distancing,Slight Injury
2024-10-05 16:54:00,Wednesday,31-50,Male,Junior high school,2-5yr,Automobile,Owner,Above 10yr,No defect,Office areas,Two-way (divided with broken lines road marking),Sharp reverse curve,Other,Asphalt roads,Dry,Daylight,Normal,Collision with roadside objects,2,1,Getting off,Driver or rider,Male,31-50,3.0,No distancing,Slight Injury
2024-10-05 18:56:00,Thursday,31-50,Male,Junior high school,Below 1yr,Pick up upto 10Q,Owner,5-10yrs,No defect,Other,Other,Tangent road with flat terrain,No junction,Asphalt roads,Dry,Daylight,Normal,Vehicle with vehicle collision,4,5,Getting off,Driver or rider,Male,Under 18,3.0,No priority to vehicle,Slight Injury
2024-10-05 18:56:00,Thursday,31-50,Male,Writing & reading,5-10yr,Stationwagen,Owner,Above 10yr,No defect,Other,Undivided Two way,Tangent road with flat terrain,No junction,Other,Dry,Daylight,Normal,Vehicle with vehicle collision,4,5,Reversing,,,,,No priority to vehicle,Slight Injury
2024-10-05 18:56:00,Thursday,18-30,Male,Writing & reading,5-10yr,Other,Owner,Above 10yr,No defect,Church areas,Other,Tangent road with flat terrain,No junction,Other,Dry,Daylight,Normal,Vehicle with vehicle collision,4,5,Turnover,Driver or rider,Male,18-30,3.0,Changing lane to the left,Slight Injury
2024-10-05 18:56:00,Thursday,18-30,Male,Junior high school,5-10yr,Other,Owner,Unknown,No defect,Office areas,Two-way (divided with broken lines road marking),Tangent road with flat terrain,No junction,Asphalt roads,Dry,Daylight,Normal,Vehicle with vehicle collision,4,5,Moving Backward,Pedestrian,Female,31-50,3.0,No distancing,Slight Injury
2024-10-05 18:56:00,Thursday,31-50,Male,Junior high school,2-5yr,Automobile,Owner,Unknown,No defect,Other,Two-way (divided with broken lines road marking),Tangent road with flat terrain,No junction,Asphalt roads,Dry,Daylight,Normal,Vehicle with vehicle collision,4,5,Going straight,Pedestrian,Female,Over 51,3.0,Driving under the influence of drugs,Slight Injury
2024-10-05 18:56:00,Thursday,18-30,Male,Junior high school,Above 10yr,Stationwagen,Owner,Unknown,No defect,Office areas,Two-way (divided with broken lines road marking),Tangent road with mild grade and flat terrain,No junction,Asphalt roads,Dry,Daylight,Normal,Vehicle with vehicle collision,4,5,Going straight,,,,,Changing lane to the left,Slight Injury
2024-10-05 20:15:00,Thursday,31-50,Male,Junior high school,5-10yr,Pick up upto 10Q,Owner,Unknown,No defect,Office areas,Two-way (divided with broken lines road marking),Tangent road with flat terrain,Y Shape,Asphalt roads,Dry,Daylight,Normal,Vehicle with vehicle collision,2,1,Going straight,Driver or rider,Male,31-50,3.0,Changing lane to the right,Slight Injury
2024-10-05 20:15:00,Thursday,31-50,Male,Junior high school,Above 10yr,Lorry (41-100Q),Owner,Above 10yr,No defect,Office areas,Two-way (divided with broken lines road marking),Sharp reverse curve,Y Shape,Asphalt roads with some distress,Dry,Daylight,Normal,Collision with roadside objects,2,1,Going straight,,,,,Driving to the left,Slight Injury
2024-10-05 16:22:00,Thursday,18-30,Male,Junior high school,2-5yr,Automobile,Owner,Above 10yr,No defect,Church areas,Undivided Two way,Sharp reverse curve,Other,Other,Dry,Daylight,Normal,Collision with roadside objects,2,1,Reversing,Driver or rider,Male,Over 51,3.0,Driving at high speed,Serious Injury
2024-10-05 16:22:00,Thursday,Under 18,Male,Junior high school,Below 1yr,Other,Owner,Above 10yr,No defect,Office areas,Undivided Two way,Gentle horizontal curve,Other,Asphalt roads,Dry,Daylight,Normal,Collision with roadside objects,2,1,Going straight,,,,,Overtaking,Serious Injury
2024-10-05 16:25:00,Monday,Unknown,Male,Junior high school,Below 1yr,Lorry (41-100Q),Owner,5-10yrs,No defect,Other,Double carriageway (median),Gentle horizontal curve,Y Shape,Asphalt roads,Wet or damp,Daylight,Normal,Vehicle with vehicle collision,2,1,Going straight,Driver or rider,Male,18-30,3.0,Changing lane to the right,Slight Injury
2024-10-05 16:25:00,Monday,31-50,Male,Junior high school,5-10yr,Lorry (41-100Q),Owner,Unknown,Unknown,Other,Two-way (divided with broken lines road marking),Tangent road with flat terrain,Y Shape,Asphalt roads,Wet or damp,Daylight,Normal,Vehicle with vehicle collision,2,1,Going straight,Driver or rider,Female,31-50,3.0,Changing lane to the right,Slight Injury
2024-10-05 16:04:00,Tuesday,31-50,Male,Junior high school,2-5yr,Lorry (41-100Q),Owner,5-10yrs,No defect,Church areas,Other,Tangent road with mountainous terrain and,No junction,Asphalt roads,Dry,Daylight,Normal,Vehicle with vehicle collision,2,1,Going straight,,,,,Moving Backward,Slight Injury
2024-10-05 16:04:00,Tuesday,Under 18,Male,Elementary school,Below 1yr,Pick up upto 10Q,Owner,1-2yr,Unknown,School areas,Undivided Two way,Tangent road with flat terrain,No junction,Earth roads,Dry,Daylight,Normal,Vehicle with vehicle collision,2,1,Getting off,Driver or rider,Male,31-50,3.0,Moving Backward,Slight Injury
2024-10-05 17:50:00,Tuesday,31-50,Male,Junior high school,2-5yr,Pick up upto 10Q,Other,Unknown,Unknown,Church areas,Two-way (divided with broken lines road marking),Tangent road with flat terrain,No junction,Asphalt roads,Dry,Daylight,Normal,Collision with pedestrians,2,1,Going straight,,,,,Changing lane to the left,Slight Injury
2024-10-05 17:50:00,Tuesday,31-50,Male,Junior high school,5-10yr,Automobile,Owner,Above 10yr,Unknown,Office areas,Undivided Two way,Tangent road with flat terrain,No junction,Asphalt roads,Dry,Daylight,Normal,Collision with pedestrians,2,1,Going straight,Driver or rider,Male,18-30,3.0,Moving Backward,Slight Injury
2024-10-05 16:04:00,Thursday,18-30,Male,High school,Above 10yr,Other,Owner,2-5yrs,No defect,Other,Other,Tangent road with flat terrain,Y Shape,Asphalt roads,Dry,Daylight,Normal,Vehicle with vehicle collision,2,1,Going straight,Pedestrian,Male,5,3.0,No distancing,Slight Injury
2024-10-05 16:04:00,Thursday,18-30,Male,High school,Above 10yr,Other,Owner,Above 10yr,Unknown,Church areas,Two-way (divided with broken lines road marking),Steep grade upward with mountainous terrain,Y Shape,Asphalt roads,Dry,Daylight,Normal,Vehicle with vehicle collision,2,1,Going straight,Driver or rider,Male,18-30,3.0,Moving Backward,Slight Injury
2024-10-05 16:53:00,Saturday,31-50,Male,Junior high school,5-10yr,Automobile,Governmental,1-2yr,No defect,Other,Double carriageway (median),Tangent road with flat terrain,Y Shape,Asphalt roads,Dry,Daylight,Normal,Vehicle with vehicle collision,2,2,Reversing,,,,,Changing lane to the right,Slight Injury
2024-10-05 16:53:00,Saturday,31-50,Male,Elementary school,1-2yr,Motorcycle,Governmental,Above 10yr,Unknown,Other,Double carriageway (median),Tangent road with flat terrain,Y Shape,Asphalt roads,Dry,Daylight,Normal,Vehicle with vehicle collision,2,2,Moving Backward,Driver or rider,Male,31-50,3.0,Changing lane to the left,Slight Injury
2024-10-05 16:53:00,Saturday,Over 51,Male,Elementary school,5-10yr,Automobile,Organization,5-10yrs,No defect,Office areas,Two-way (divided with broken lines road marking),Gentle horizontal curve,Y Shape,Asphalt roads,Dry,Daylight,Normal,Vehicle with vehicle collision,2,2,Going straight,,,,,No priority to vehicle,Slight Injury
2024-10-05 19:44:00,Saturday,18-30,Male,Junior high school,5-10yr,Automobile,Organization,Above 10yr,No defect,Other,Two-way (divided with broken lines road marking),Tangent road with flat terrain,Y Shape,Asphalt roads,Dry,Daylight,Normal,Vehicle with vehicle collision,2,2,Going straight,Driver or rider,Male,31-50,3.0,No distancing,Serious Injury
2024-10-05 19:44:00,Saturday,18-30,Male,Junior high school,1-2yr,Public (12 seats),Owner,2-5yrs,No defect,Other,Two-way (divided with broken lines road marking),Tangent road with flat terrain,Y Shape,Asphalt roads,Dry,Daylight,Normal,Vehicle with vehicle collision,2,2,Going straight,,,,,No priority to vehicle,Serious Injury
2024-10-05 08:57:00,Wednesday,Over 51,Male,Junior high school,5-10yr,Long lorry,Governmental,Unknown,No defect,Residential areas,Two-way (divided with broken lines road marking),Tangent road with flat terrain,Y Shape,Asphalt roads,Dry,Daylight,Normal,Vehicle with vehicle collision,2,1,Going straight,Driver or rider,Female,Under 18,3.0,Driving under the influence of drugs,Slight Injury
2024-10-05 08:57:00,Wednesday,Over 51,Male,High school,Above 10yr,Other,Owner,2-5yrs,No defect,Office areas,Two-way (divided with broken lines road marking),Tangent road with flat terrain,Y Shape,Asphalt roads,Dry,Daylight,Normal,Vehicle with vehicle collision,2,1,Going straight,,,,,Changing lane to the right,Slight Injury
2024-10-05 18:34:00,Tuesday,Under 18,Male,Unknown,Below 1yr,Automobile,Owner,2-5yrs,No defect,Church areas,One way,Tangent road with flat terrain,Y Shape,Gravel roads,Wet or damp,Daylight,Raining,Vehicle with vehicle collision,2,4,Going straight,Pedestrian,Female,Over 51,3.0,No distancing,Slight Injury
2024-10-05 18:34:00,Tuesday,Under 18,Male,Writing & reading,5-10yr,Public (> 45 seats),Owner,1-2yr,No defect,Other,Undivided Two way,Tangent road with flat terrain,Y Shape,Asphalt roads,Wet or damp,Daylight,Raining,Collision with roadside objects,2,4,Turnover,,,,,No distancing,Slight Injury
2024-10-05 18:34:00,Tuesday,Under 18,Male,Above high school,Above 10yr,Pick up upto 10Q,Owner,Above 10yr,Unknown,Market areas,Other,Steep grade downward with mountainous terrain,Y Shape,Asphalt roads,Wet or damp,Daylight,Raining,Rollover,2,4,Going straight,Driver or rider,Male,18-30,2.0,Changing lane to the left,Slight Injury
2024-10-05 18:34:00,Tuesday,Under 18,Male,High school,Below 1yr,Lorry (41-100Q),Owner,Above 10yr,Unknown,Other,Two-way (divided with broken lines road marking),Tangent road with mountainous terrain and,Y Shape,Asphalt roads,Wet or damp,Daylight,Raining,Vehicle with vehicle collision,2,4,Other,Driver or rider,Female,Over 51,3.0,Changing lane to the right,Slight Injury
2024-10-05 08:10:00,Thursday,31-50,Male,Junior high school,1-2yr,Automobile,Owner,Unknown,No defect,Other,Undivided Two way,Tangent road with mountainous terrain and,Y Shape,Asphalt roads,Dry,Daylight,Normal,Vehicle with vehicle collision,2,1,Going straight,,,,,Changing lane to the right,Serious Injury
2024-10-05 08:10:00,Thursday,31-50,Male,Junior high school,Above 10yr,Public (13-45 seats),Owner,Unknown,No defect,Church areas,Undivided Two way,Tangent road with flat terrain,Y Shape,Asphalt roads,Dry,Daylight,Normal,Vehicle with vehicle collision,2,1,Going straight,,,,,Driving under the influence of drugs,Serious Injury
2024-10-05 12:44:00,Thursday,Unknown,Female,Junior high school,Above 10yr,Automobile,Governmental,1-2yr,No defect,Residential areas,Undivided Two way,Tangent road with flat terrain,No junction,Asphalt roads,Dry,Daylight,Normal,Vehicle with vehicle collision,2,2,Going straight,Driver or rider,Male,18-30,3.0,Moving Backward,Slight Injury
2024-10-05 12:44:00,Thursday,18-30,Male,Junior high school,Above 10yr,Public (> 45 seats),Owner,Unknown,No defect,Other,Undivided Two way,Tangent road with flat terrain,No junction,Asphalt roads,Dry,Daylight,Normal,Vehicle with vehicle collision,2,2,Going straight,Driver or rider,Male,31-50,3.0,Changing lane to the left,Slight Injury