Time,Day_of_week,Age_band_of_driver,Sex_of_driver,Educational_level,Driving_experience,Type_of_vehicle,Owner_of_vehicle,Service_year_of_vehicle,Defect_of_vehicle,Area_accident_occured,Lanes_or_Medians,Road_allignment,Types_of_Junction,Road_surface_type,Road_surface_conditions,Light_conditions,Weather_conditions,Type_of_collision,Number_of_vehicles_involved,Number_of_casualties,Vehicle_movement,Casualty_class,Sex_of_casualty,Age_band_of_casualty,Casualty_severity,Cause_of_accident,Accident_severity
2024-10-05 12:44:00,Thursday,18-30,Male,Junior high school,No Licence,Public (12 seats),Owner,Unknown,No defect,Other,Two-way (divided with broken lines road marking),Tangent road with flat terrain,No junction,Asphalt roads,Dry,Daylight,Normal,Collision with roadside objects,2,2,Going straight,Pedestrian,Male,18-30,3.0,No priority to pedestrian,Slight Injury
2024-10-05 16:35:00,Saturday,Under 18,Male,Junior high school,1-2yr,Automobile,Owner,Unknown,No defect,Other,Double carriageway (median),Tangent road with flat terrain,No junction,Asphalt roads,Dry,Daylight,Normal,Collision with roadside objects,1,1,Moving Backward,,,,,No distancing,Serious Injury
2024-10-05 19:50:00,Friday,Unknown,Male,Illiterate,1-2yr,Lorry (41-100Q),Owner,Unknown,No defect,Recreational areas,Two-way (divided with broken lines road marking),Tangent road with flat terrain,No junction,Asphalt roads,Wet or damp,Daylight,Raining,Vehicle with vehicle collision,2,1,Moving Backward,Driver or rider,Male,31-50,3.0,No distancing,Slight Injury
2024-10-05 19:50:00,Friday,18-30,Male,Junior high school,Below 1yr,Automobile,Owner,Unknown,No defect,Recreational areas,One way,Tangent road with flat terrain,No junction,Asphalt roads,Wet or damp,Daylight,Raining,Collision with roadside objects,2,1,Moving Backward,,,,,Changing lane to the left,Slight Injury
2024-10-05 23:00:00,Tuesday,31-50,Male,Junior high school,1-2yr,Pick up upto 10Q,Owner,Unknown,No defect,Other,Two-way (divided with broken lines road marking),Tangent road with flat terrain,No junction,Asphalt roads,Dry,Darkness - lights lit,Normal,Vehicle with vehicle collision,1,1,Other,Pedestrian,Female,18-30,3.0,Changing lane to the right,Slight Injury
2024-10-05 22:40:00,Sunday,18-30,Male,Junior high school,2-5yr,Public (12 seats),Organization,1-2yr,No defect,Office areas,Two-way (divided with broken lines road marking),Tangent road with flat terrain,No junction,Asphalt roads,Dry,Darkness - lights lit,Normal,Vehicle with vehicle collision,3,2,Going straight,,,,,Driving carelessly,Slight Injury
2024-10-05 22:40:00,Sunday,18-30,Male,Unknown,5-10yr,Automobile,Owner,2-5yrs,No defect,Residential areas,Two-way (divided with broken lines road marking),Tangent road with flat terrain,No junction,Asphalt roads,Dry,Darkness - lights lit,Normal,Vehicle with vehicle collision,3,2,Other,Driver or rider,Male,18-30,3.0,No distancing,Slight Injury
2024-10-05 22:40:00,Sunday,18-30,Male,Unknown,Above 10yr,Automobile,Owner,2-5yrs,No defect,Other,Two-way (divided with broken lines road marking),Tangent road with flat terrain,No junction,Asphalt roads,Dry,Darkness - lights lit,Normal,Vehicle with vehicle collision,3,2,Turnover,,,,,Changing lane to the left,Slight Injury
2024-10-05 22:40:00,Sunday,31-50,Male,Junior high school,2-5yr,Automobile,Other,1-2yr,Unknown,Residential areas,Undivided Two way,Steep grade downward with mountainous terrain,No junction,Asphalt roads,Dry,Darkness - lights lit,Normal,Vehicle with vehicle collision,3,2,Getting off,Pedestrian,Male,31-50,3.0,Moving Backward,Slight Injury
2024-10-05 19:03:00,Friday,31-50,Male,Elementary school,Above 10yr,Stationwagen,Owner,Unknown,No defect,Church areas,Double carriageway (median),Tangent road with flat terrain,Y Shape,Asphalt roads,Dry,Daylight,Normal,Vehicle with vehicle collision,2,1,Going straight,Pedestrian,Female,18-30,3.0,No distancing,Slight Injury
2024-10-05 19:03:00,Friday,18-30,Male,Writing & reading,5-10yr,Other,Owner,2-5yrs,Unknown,Other,One way,Tangent road with flat terrain,Y Shape,Asphalt roads,Dry,Daylight,Normal,Collision with pedestrians,2,1,Going straight,Passenger,Male,Under 18,3.0,No priority to pedestrian,Slight Injury
2024-10-05 14:20:00,Friday,Unknown,Female,Unknown,Unknown,Other,Owner,5-10yrs,No defect,Office areas,Two-way (divided with broken lines road marking),Tangent road with mountainous terrain and,Y Shape,Asphalt roads,Dry,Daylight,Normal,Vehicle with vehicle collision,2,1,Going straight,Driver or rider,Male,Under 18,3.0,Changing lane to the left,Slight Injury
2024-10-05 14:20:00,Friday,31-50,Male,Junior high school,5-10yr,Other,Owner,2-5yrs,Unknown,Other,Undivided Two way,Tangent road with flat terrain,Y Shape,Asphalt roads,Dry,Daylight,Normal,Collision with roadside objects,2,1,Turnover,Driver or rider,Male,18-30,3.0,No distancing,Slight Injury
2024-10-05 07:59:00,Thursday,18-30,Male,Junior high school,Below 1yr,Public (13-45 seats),Owner,Unknown,Unknown,Recreational areas,Two-way (divided with broken lines road marking),Steep grade downward with mountainous terrain,No junction,Asphalt roads,Wet or damp,Daylight,Normal,Vehicle with vehicle collision,4,1,Reversing,,,,,Driving carelessly,Slight Injury
2024-10-05 07:59:00,Thursday,31-50,Male,Junior high school,2-5yr,Lorry (41-100Q),Owner,Unknown,No defect,Other,Undivided Two way,Tangent road with flat terrain,No junction,Asphalt roads,Wet or damp,Daylight,Normal,Collision with roadside objects,4,1,Moving Backward,,,,,No priority to vehicle,Slight Injury
2024-10-05 07:59:00,Thursday,18-30,Male,Elementary school,2-5yr,Public (12 seats),Owner,1-2yr,No defect,Office areas,Two-way (divided with broken lines road marking),Tangent road with flat terrain,No junction,Asphalt roads,Wet or damp,Daylight,Normal,Vehicle with vehicle collision,4,1,Other,Driver or rider,Male,5,3.0,Changing lane to the right,Slight Injury
2024-10-05 07:59:00,Thursday,31-50,Male,Junior high school,2-5yr,Automobile,Governmental,Unknown,No defect,Residential areas,Undivided Two way,Tangent road with flat terrain,No junction,Asphalt roads,Wet or damp,Daylight,Normal,Vehicle with vehicle collision,4,1,Going straight,,,,,Moving Backward,Slight Injury
2024-10-05 17:10:00,Friday,18-30,Male,Junior high school,2-5yr,Automobile,Owner,Unknown,No defect,Office areas,One way,Tangent road with flat terrain,Y Shape,Earth roads,Dry,Daylight,Normal,Collision with pedestrians,2,1,Going straight,Driver or rider,Male,Under 18,3.0,No priority to vehicle,Slight Injury
2024-10-05 17:10:00,Friday,18-30,Male,Junior high school,5-10yr,Stationwagen,Owner,Unknown,No defect,Office areas,Two-way (divided with broken lines road marking),Tangent road with flat terrain,Y Shape,Asphalt roads,Dry,Daylight,Normal,Vehicle with vehicle collision,2,1,Going straight,Driver or rider,Male,18-30,2.0,No priority to pedestrian,Slight Injury
2024-10-05 20:05:00,Wednesday,Under 18,Male,Junior high school,5-10yr,Lorry (41-100Q),Owner,Unknown,No defect,Church areas,Double carriageway (median),Tangent road with flat terrain,No junction,Other,Wet or damp,Darkness - lights lit,Normal,Vehicle with vehicle collision,2,1,Going straight,,,,,Changing lane to the left,Slight Injury
2024-10-05 20:05:00,Wednesday,31-50,Male,Junior high school,Above 10yr,Lorry (41-100Q),Owner,Unknown,No defect,Church areas,Undivided Two way,Tangent road with flat terrain,No junction,Other,Wet or damp,Darkness - lights lit,Normal,Vehicle with vehicle collision,2,1,Going straight,Driver or rider,Male,Under 18,3.0,Changing lane to the left,Slight Injury
2024-10-05 17:30:00,Monday,18-30,Male,Elementary school,5-10yr,Lorry (41-100Q),Owner,Unknown,No defect,Residential areas,Undivided Two way,Tangent road with flat terrain,Other,Asphalt roads,Wet or damp,Daylight,Normal,Vehicle with vehicle collision,2,1,Going straight,,,,,Driving under the influence of drugs,Slight Injury
2024-10-05 17:30:00,Monday,18-30,Male,Junior high school,5-10yr,Public (> 45 seats),Owner,Unknown,No defect,Other,Undivided Two way,Tangent road with flat terrain,Other,Earth roads,Wet or damp,Daylight,Normal,Collision with pedestrians,2,1,Going straight,Pedestrian,Female,18-30,3.0,Moving Backward,Slight Injury
2024-10-05 11:36:00,Monday,18-30,Male,Junior high school,Above 10yr,Public (12 seats),Owner,Unknown,Unknown,Other,Other,Tangent road with flat terrain,No junction,Asphalt roads,Dry,Daylight,Normal,Vehicle with vehicle collision,2,1,Going straight,Driver or rider,Male,18-30,2.0,Changing lane to the right,Serious Injury
2024-10-05 11:36:00,Monday,Under 18,Male,Elementary school,Unknown,Other,Owner,Unknown,No defect,Other,Undivided Two way,Tangent road with flat terrain,No junction,Asphalt roads,Dry,Daylight,Normal,Vehicle with vehicle collision,2,1,Going straight,,,,,Changing lane to the right,Serious Injury
2024-10-05 16:12:00,Tuesday,18-30,Male,Junior high school,5-10yr,Public (12 seats),Owner,2-5yrs,Unknown,Residential areas,Undivided Two way,Tangent road with flat terrain,No junction,Earth roads,Dry,Daylight,Normal,Vehicle with vehicle collision,2,1,Other,,,,,No distancing,Slight Injury
2024-10-05 16:12:00,Tuesday,31-50,Male,Junior high school,5-10yr,Other,Owner,Unknown,Unknown,Office areas,Undivided Two way,Tangent road with flat terrain,No junction,Asphalt roads,Dry,Daylight,Normal,Vehicle with vehicle collision,2,1,Moving Backward,Driver or rider,Male,18-30,3.0,Moving Backward,Slight Injury
2024-10-05 13:43:00,Monday,Over 51,Male,Junior high school,Below 1yr,Public (12 seats),Owner,Unknown,Unknown,Residential areas,Undivided Two way,Tangent road with flat terrain,Other,Asphalt roads,Dry,Daylight,Normal,Collision with roadside objects,2,1,Going straight,,,,,No distancing,Serious Injury
2024-10-05 13:43:00,Monday,31-50,Male,Unknown,Unknown,Stationwagen,Owner,Unknown,No defect,Other,Two-way (divided with broken lines road marking),Tangent road with flat terrain,Other,Asphalt roads,Dry,Daylight,Normal,Vehicle with vehicle collision,2,1,Moving Backward,Driver or rider,Male,18-30,3.0,Driving carelessly,Serious Injury
2024-10-05 08:45:00,Wednesday,Unknown,Male,Junior high school,5-10yr,Automobile,Owner,Unknown,No defect,Other,Two-way (divided with broken lines road marking),Tangent road with flat terrain,No junction,Asphalt roads,Dry,Daylight,Normal,Vehicle with vehicle collision,1,1,Going straight,Pedestrian,Female,31-50,3.0,No priority to pedestrian,Slight Injury
2024-10-05 12:45:00,Saturday,Unknown,Male,Junior high school,5-10yr,Lorry (41-100Q),Owner,Unknown,No defect,Recreational areas,Two-way (divided with broken lines road marking),Tangent road with flat terrain,Y Shape,Asphalt roads,Dry,Daylight,Normal,Vehicle with vehicle collision,2,3,Moving Backward,Pedestrian,Male,Over 51,2.0,No priority to vehicle,Slight Injury
2024-10-05 12:45:00,Saturday,31-50,Male,Junior high school,Above 10yr,Special vehicle,Owner,5-10yrs,Unknown,Church areas,One way,Tangent road with flat terrain,Y Shape,Asphalt roads,Dry,Daylight,Normal,Vehicle with vehicle collision,2,3,Other,Driver or rider,Female,18-30,3.0,Moving Backward,Slight Injury
2024-10-05 12:45:00,Saturday,31-50,Male,High school,Above 10yr,Lorry (41-100Q),Owner,Unknown,Unknown,School areas,Two-way (divided with broken lines road marking),Tangent road with flat terrain,Y Shape,Asphalt roads,Dry,Daylight,Normal,Collision with roadside objects,2,3,Going straight,,,,,Changing lane to the right,Slight Injury
2024-10-05 12:45:00,Saturday,31-50,Male,Junior high school,Above 10yr,Lorry (41-100Q),Owner,2-5yrs,Unknown,Office areas,Undivided Two way,Tangent road with flat terrain,Y Shape,Asphalt roads,Dry,Daylight,Normal,Vehicle with vehicle collision,2,3,Going straight,,,,,No distancing,Slight Injury
2024-10-05 10:15:00,Thursday,18-30,Male,Junior high school,Above 10yr,Public (> 45 seats),Owner,1-2yr,Unknown,Other,Other,Tangent road with flat terrain,Y Shape,Asphalt roads,Dry,Daylight,Normal,Vehicle with vehicle collision,2,1,Going straight,Passenger,Female,18-30,3.0,Driving carelessly,Slight Injury
2024-10-05 10:15:00,Thursday,31-50,Male,Junior high school,Above 10yr,Automobile,Owner,5-10yrs,Unknown,Residential areas,Undivided Two way,Tangent road with flat terrain,Y Shape,Asphalt roads,Dry,Daylight,Normal,Vehicle with vehicle collision,2,1,Going straight,Passenger,Female,Under 18,3.0,Changing lane to the left,Slight Injury
2024-10-05 13:38:00,Thursday,Over 51,Male,Junior high school,Above 10yr,Automobile,Owner,Above 10yr,Unknown,Other,Undivided Two way,Tangent road with flat terrain,No junction,Asphalt roads,Dry,Daylight,Normal,Vehicle with vehicle collision,1,1,Other,Driver or rider,Male,18-30,3.0,Moving Backward,Slight Injury
2024-10-05 21:05:00,Saturday,18-30,Male,Junior high school,5-10yr,Automobile,Owner,1-2yr,No defect,Other,Other,Steep grade downward with mountainous terrain,Y Shape,Asphalt roads,Dry,Darkness - lights lit,Normal,Vehicle with vehicle collision,1,1,Going straight,Pedestrian,Male,5,3.0,No distancing,Serious Injury
2024-10-05 15:41:00,Friday,31-50,Male,Junior high school,2-5yr,Public (> 45 seats),Owner,2-5yrs,Unknown,Office areas,One way,Steep grade downward with mountainous terrain,Y Shape,Asphalt roads with some distress,Dry,Daylight,Normal,Vehicle with vehicle collision,3,2,Moving Backward,Pedestrian,Male,31-50,3.0,Changing lane to the right,Slight Injury
2024-10-05 15:41:00,Friday,31-50,Male,Junior high school,Below 1yr,Lorry (11-40Q),Owner,Unknown,No defect,Residential areas,Two-way (divided with broken lines road marking),Tangent road with flat terrain,Y Shape,Asphalt roads,Dry,Daylight,Normal,Vehicle with vehicle collision,3,2,Moving Backward,Passenger,Female,31-50,3.0,No priority to vehicle,Slight Injury
2024-10-05 15:41:00,Friday,Unknown,Male,Junior high school,Below 1yr,Pick up upto 10Q,Owner,Unknown,No defect,Other,Two-way (divided with broken lines road marking),Tangent road with flat terrain,Y Shape,Asphalt roads,Dry,Daylight,Normal,Vehicle with vehicle collision,3,2,Moving Backward,Passenger,Female,31-50,3.0,Getting off the vehicle improperly,Slight Injury
2024-10-05 08:39:00,Friday,18-30,Male,Junior high school,2-5yr,Lorry (11-40Q),Organization,2-5yrs,Unknown,Residential areas,Undivided Two way,Tangent road with flat terrain,No junction,Asphalt roads,Dry,Daylight,Normal,Vehicle with vehicle collision,2,2,Going straight,Driver or rider,Male,18-30,3.0,No distancing,Slight Injury
2024-10-05 08:39:00,Friday,18-30,Male,Elementary school,Below 1yr,Pick up upto 10Q,Owner,Unknown,No defect,Church areas,Two-way (divided with broken lines road marking),Tangent road with flat terrain,No junction,Asphalt roads,Dry,Daylight,Normal,Vehicle with vehicle collision,2,2,Going straight,Pedestrian,Male,18-30,3.0,No distancing,Slight Injury
2024-10-05 08:39:00,Friday,Unknown,Male,Junior high school,Below 1yr,Special vehicle,Governmental,Unknown,No defect,Residential areas,Two-way (divided with broken lines road marking),Tangent road with flat terrain,No junction,Asphalt roads,Dry,Daylight,Normal,Vehicle with vehicle collision,2,2,Going straight,Driver or rider,Male,18-30,3.0,Changing lane to the left,Slight Injury
2024-10-05 22:00:00,Monday,18-30,Male,Junior high school,Unknown,Lorry (11-40Q),Owner,Unknown,No defect,Office areas,One way,Tangent road with flat terrain,No junction,Asphalt roads,Wet or damp,Darkness - lights lit,Normal,Collision with roadside objects,2,1,Going straight,,,,,No priority to vehicle,Slight Injury
2024-10-05 22:00:00,Monday,Unknown,Female,Unknown,5-10yr,Other,Governmental,Below 1yr,No defect,Residential areas,Two-way (divided with broken lines road marking),Tangent road with flat terrain,No junction,Asphalt roads,Wet or damp,Darkness - lights lit,Normal,Collision with roadside objects,2,1,Other,Driver or rider,Male,31-50,3.0,Driving carelessly,Slight Injury
2024-10-05 14:35:00,Wednesday,18-30,Male,Writing & reading,Below 1yr,Other,Owner,Unknown,No defect,Other,One way,Tangent road with flat terrain,Other,Asphalt roads,Dry,Daylight,Normal,Collision with roadside objects,2,2,Going straight,Passenger,Male,Over 51,3.0,Changing lane to the right,Serious Injury
2024-10-05 14:35:00,Wednesday,18-30,Male,Junior high school,Below 1yr,Lorry (41-100Q),Owner,Unknown,Unknown,Industrial areas,Two-way (divided with broken lines road marking),Tangent road with flat terrain,Other,Asphalt roads,Dry,Daylight,Normal,Collision with pedestrians,2,2,Going straight,Driver or rider,Female,Under 18,3.0,No distancing,Serious Injury
2024-10-05 14:35:00,Wednesday,18-30,Male,Junior high school,1-2yr,Other,Owner,Unknown,Unknown,Church areas,Two-way (divided with broken lines road marking),Tangent road with flat terrain,Other,Asphalt roads,Dry,Daylight,Normal,Vehicle with vehicle collision,2,2,Going straight,,,,,Changing lane to the right,Serious Injury
2024-10-05 11:50:00,Friday,Unknown,Male,Elementary school,Above 10yr,Other,Owner,2-5yrs,No defect,Residential areas,Undivided Two way,Steep grade downward with mountainous terrain,No junction,Asphalt roads,Dry,Daylight,Other,Vehicle with vehicle collision,2,2,Reversing,Driver or rider,Female,5,3.0,No distancing,Slight Injury
2024-10-05 11:50:00,Friday,31-50,Male,Elementary school,Above 10yr,Automobile,Other,Unknown,Unknown,Other,Two-way (divided with broken lines road marking),Tangent road with flat terrain,No junction,Asphalt roads,Dry,Daylight,Other,Collision with pedestrians,2,2,Moving Backward,Driver or rider,Female,Under 18,3.0,Driving under the influence of drugs,Slight Injury
2024-10-05 11:50:00,Friday,31-50,Male,Elementary school,Below 1yr,Other,Other,Unknown,Unknown,Other,Two-way (divided with broken lines road marking),Tangent road with flat terrain,No junction,Asphalt roads,Dry,Daylight,Other,Vehicle with vehicle collision,2,2,Going straight,Driver or rider,Male,31-50,3.0,Changing lane to the left,Slight Injury
2024-10-05 08:29:00,Wednesday,18-30,Male,High school,2-5yr,Automobile,Owner,1-2yr,No defect,Office areas,Undivided Two way,Tangent road with flat terrain,Y Shape,Asphalt roads,Dry,Daylight,Normal,Vehicle with vehicle collision,3,3,Going straight,,,,,Getting off the vehicle improperly,Slight Injury
2024-10-05 08:29:00,Wednesday,18-30,Male,Junior high school,2-5yr,Public (13-45 seats),Owner,Above 10yr,No defect,Outside rural areas,Two-way (divided with broken lines road marking),Tangent road with mountainous terrain and,Y Shape,Asphalt roads,Dry,Daylight,Normal,Vehicle with vehicle collision,3,3,Reversing,Driver or rider,Male,18-30,3.0,Overloading,Slight Injury
2024-10-05 08:29:00,Wednesday,18-30,Male,Above high school,Above 10yr,Lorry (41-100Q),Owner,Above 10yr,No defect,Church areas,Two-way (divided with broken lines road marking),Steep grade downward with mountainous terrain,Y Shape,Asphalt roads,Dry,Daylight,Normal,Vehicle with vehicle collision,3,3,Going straight,Pedestrian,Female,18-30,3.0,Driving carelessly,Slight Injury
2024-10-05 08:29:00,Wednesday,31-50,Male,Junior high school,2-5yr,Other,Owner,Unknown,No defect,Office areas,Other,Tangent road with mountainous terrain and,Y Shape,Asphalt roads,Dry,Daylight,Normal,Vehicle with vehicle collision,3,3,Reversing,Driver or rider,Male,18-30,3.0,Overtaking,Slight Injury
2024-10-05 01:20:00,Monday,Under 18,Male,Junior high school,2-5yr,Automobile,Owner,Above 10yr,Unknown,Church areas,Two-way (divided with broken lines road marking),Steep grade downward with mountainous terrain,No junction,Asphalt roads,Wet or damp,Darkness - lights lit,Raining,Vehicle with vehicle collision,2,1,Other,,,,,No distancing,Slight Injury
2024-10-05 01:20:00,Monday,31-50,Male,High school,1-2yr,Other,Other,Unknown,Unknown,Office areas,Other,Tangent road with mountainous terrain and,No junction,Asphalt roads,Wet or damp,Darkness - lights lit,Raining,Collision with roadside objects,2,1,Other,Driver or rider,Male,18-30,3.0,Overturning,Slight Injury
2024-10-05 21:20:00,Wednesday,18-30,Male,Junior high school,5-10yr,Lorry (41-100Q),Governmental,Unknown,No defect,Office areas,Undivided Two way,Tangent road with flat terrain,Crossing,Gravel roads,Dry,Darkness - lights lit,Normal,Collision with pedestrians,2,1,Going straight,,,,,Driving carelessly,Serious Injury
2024-10-05 21:20:00,Wednesday,Under 18,Male,Junior high school,Below 1yr,Other,Owner,1-2yr,No defect,School areas,Two-way (divided with broken lines road marking),Tangent road with flat terrain,Crossing,Asphalt roads,Dry,Darkness - lights lit,Normal,Vehicle with vehicle collision,2,1,Going straight,Pedestrian,Male,18-30,2.0,No priority to pedestrian,Serious Injury
2024-10-05 17:48:00,Thursday,18-30,Male,Junior high school,Below 1yr,Lorry (41-100Q),Owner,Below 1yr,No defect,Residential areas,Two-way (divided with broken lines road marking),Tangent road with flat terrain,No junction,Asphalt roads,Dry,Daylight,Normal,Vehicle with vehicle collision,2,1,Going straight,Driver or rider,Male,18-30,3.0,No distancing,Slight Injury
2024-10-05 17:48:00,Thursday,18-30,Male,Elementary school,Unknown,Taxi,Owner,Unknown,No defect,Office areas,Other,Tangent road with mountainous terrain and,No junction,Asphalt roads,Dry,Daylight,Normal,Collision with roadside objects,2,1,Going straight,,,,,No priority to vehicle,Slight Injury
2024-10-05 16:30:00,Tuesday,Over 51,Male,Junior high school,1-2yr,Lorry (41-100Q),Owner,Unknown,No defect,Other,Two-way (divided with broken lines road marking),Tangent road with flat terrain,Y Shape,Asphalt roads,Wet or damp,Daylight,Normal,Vehicle with vehicle collision,2,1,Going straight,Driver or rider,Male,18-30,3.0,No priority to pedestrian,Slight Injury
2024-10-05 14:26:00,Friday,18-30,Male,Elementary school,2-5yr,Other,Owner,Unknown,No defect,Residential areas,Undivided Two way,Tangent road with flat terrain,No junction,Asphalt roads,Dry,Daylight,Normal,Vehicle with vehicle collision,2,2,Going straight,Pedestrian,Female,31-50,2.0,Changing lane to the right,Slight Injury
2024-10-05 14:26:00,Friday,31-50,Male,High school,1-2yr,Stationwagen,Owner,Unknown,No defect,Office areas,Undivided Two way,Tangent road with flat terrain,No junction,Asphalt roads,Dry,Daylight,Normal,Vehicle with vehicle collision,2,2,Going straight,Passenger,Female,31-50,3.0,Moving Backward,Slight Injury
2024-10-05 14:26:00,Friday,31-50,Male,Junior high school,5-10yr,Stationwagen,Owner,Unknown,No defect,Office areas,Undivided Two way,Tangent road with flat terrain,No junction,Asphalt roads,Dry,Daylight,Normal,Vehicle with vehicle collision,2,2,Going straight,Passenger,Male,18-30,3.0,Changing lane to the left,Slight Injury
2024-10-05 18:25:00,Tuesday,31-50,Male,Junior high school,Below 1yr,Lorry (41-100Q),Owner,Unknown,No defect,Residential areas,Undivided Two way,Tangent road with flat terrain,No junction,Asphalt roads,Wet or damp,Daylight,Raining,Vehicle with vehicle collision,1,1,Going straight,Driver or rider,Male,18-30,3.0,No distancing,Slight Injury
2024-10-05 17:30:00,Thursday,Unknown,Male,High school,Above 10yr,Lorry (41-100Q),Owner,Unknown,No defect,Office areas,Undivided Two way,Tangent road with flat terrain,No junction,Asphalt roads,Dry,Daylight,Normal,Vehicle with vehicle collision,2,1,Going straight,Passenger,Female,18-30,3.0,Driving carelessly,Serious Injury
2024-10-05 17:30:00,Thursday,Under 18,Male,Elementary school,5-10yr,Other,Owner,Unknown,No defect,Office areas,Undivided Two way,Tangent road with flat terrain,No junction,Asphalt roads,Dry,Daylight,Normal,Vehicle with vehicle collision,2,1,Going straight,,,,,Driving under the influence of drugs,Serious Injury
2024-10-05 11:16:00,Thursday,Unknown,Female,Elementary school,Below 1yr,Automobile,Owner,Unknown,No defect,Office areas,Other,Tangent road with flat terrain,No junction,Asphalt roads,Dry,Daylight,Normal,Collision with roadside objects,1,1,Going straight,Driver or rider,Male,18-30,3.0,Driving carelessly,Slight Injury
2024-10-05 21:08:00,Saturday,Over 51,Male,Junior high school,5-10yr,Other,Owner,Unknown,No defect,Office areas,Two-way (divided with broken lines road marking),Tangent road with flat terrain,Crossing,Asphalt roads,Wet or damp,Darkness - lights lit,Other,Collision with roadside objects,2,1,Going straight,,,,,Driving carelessly,Slight Injury
2024-10-05 21:08:00,Saturday,31-50,Male,Elementary school,5-10yr,Taxi,Owner,Unknown,No defect,Other,Undivided Two way,Tangent road with flat terrain,Crossing,Asphalt roads,Wet or damp,Darkness - lights lit,Other,Collision with roadside objects,2,1,Going straight,Driver or rider,Male,31-50,3.0,Changing lane to the right,Slight Injury
2024-10-05 01:44:00,Saturday,Under 18,Male,Junior high school,2-5yr,Lorry (41-100Q),Owner,Unknown,No defect,Other,Two-way (divided with broken lines road marking),Tangent road with flat terrain,No junction,Gravel roads,Wet or damp,Darkness - lights lit,Raining,Vehicle with vehicle collision,1,1,Moving Backward,,,,,No distancing,Slight Injury
2024-10-05 08:53:00,Wednesday,31-50,Male,Junior high school,Above 10yr,Other,Owner,2-5yrs,Unknown,Other,Two-way (divided with broken lines road marking),Tangent road with flat terrain,No junction,Asphalt roads,Dry,Daylight,Normal,Collision with pedestrians,1,1,Going straight,Passenger,Female,Under 18,3.0,Driving carelessly,Serious Injury
2024-10-05 10:10:00,Saturday,Over 51,Male,Junior high school,5-10yr,Automobile,Owner,2-5yrs,Unknown,Residential areas,One way,Tangent road with flat terrain,Y Shape,Asphalt roads,Dry,Daylight,Normal,Vehicle with vehicle collision,2,1,Going straight,Passenger,Male,Under 18,3.0,No priority to pedestrian,Slight Injury
2024-10-05 10:10:00,Saturday,18-30,Male,High school,1-2yr,Public (> 45 seats),Owner,2-5yrs,Unknown,School areas,Undivided Two way,Tangent road with mild grade and flat terrain,Y Shape,Asphalt roads,Dry,Daylight,Normal,Collision with pedestrians,2,1,Going straight,Passenger,Female,Under 18,3.0,No distancing,Slight Injury
2024-10-05 17:15:00,Tuesday,31-50,Male,Elementary school,Unknown,Stationwagen,Owner,2-5yrs,Unknown,Residential areas,Undivided Two way,Tangent road with mild grade and flat terrain,Other,Asphalt roads,Dry,Daylight,Other,Vehicle with vehicle collision,2,1,Going straight,,,,,Moving Backward,Slight Injury
2024-10-05 17:15:00,Tuesday,18-30,Male,Junior high school,5-10yr,Automobile,Owner,2-5yrs,No defect,Office areas,Two-way (divided with broken lines road marking),Tangent road with flat terrain,Other,Earth roads,Dry,Daylight,Other,Collision with pedestrians,2,1,Going straight,Driver or rider,Male,18-30,3.0,Moving Backward,Slight Injury
2024-10-05 11:35:00,Wednesday,Unknown,Male,Junior high school,5-10yr,Lorry (41-100Q),Owner,Unknown,No defect,Church areas,One way,Tangent road with flat terrain,Crossing,Asphalt roads,Dry,Daylight,Normal,Vehicle with vehicle collision,2,1,Reversing,,,,,No priority to vehicle,Slight Injury
2024-10-05 11:35:00,Wednesday,31-50,Male,Junior high school,Below 1yr,Other,Owner,Unknown,No defect,Other,Undivided Two way,Tangent road with flat terrain,Crossing,Asphalt roads,Dry,Daylight,Normal,Vehicle with vehicle collision,2,1,Going straight,Passenger,Male,18-30,3.0,No distancing,Slight Injury
2024-10-05 13:35:00,Tuesday,Over 51,Male,Unknown,Unknown,Public (13-45 seats),Owner,2-5yrs,No defect,Other,One way,Tangent road with flat terrain,No junction,Other,Dry,Daylight,Normal,Vehicle with vehicle collision,2,5,Going straight,Passenger,Male,18-30,3.0,Moving Backward,Slight Injury
2024-10-05 13:35:00,Tuesday,31-50,Male,Junior high school,5-10yr,Other,Owner,5-10yrs,No defect,Other,Two-way (divided with broken lines road marking),Tangent road with flat terrain,No junction,Gravel roads,Dry,Daylight,Normal,Vehicle with vehicle collision,2,5,Other,Passenger,Male,18-30,3.0,Changing lane to the right,Slight Injury
2024-10-05 13:35:00,Tuesday,31-50,Male,Junior high school,5-10yr,Other,Owner,Unknown,No defect,Other,Two-way (divided with broken lines road marking),Tangent road with flat terrain,No junction,Asphalt roads,Dry,Daylight,Normal,Vehicle with vehicle collision,2,5,Entering a junction,Passenger,Male,18-30,3.0,Moving Backward,Slight Injury