Time,Day_of_week,Age_band_of_driver,Sex_of_driver,Educational_level,Driving_experience,Type_of_vehicle,Owner_of_vehicle,Service_year_of_vehicle,Defect_of_vehicle,Area_accident_occured,Lanes_or_Medians,Road_allignment,Types_of_Junction,Road_surface_type,Road_surface_conditions,Light_conditions,Weather_conditions,Type_of_collision,Number_of_vehicles_involved,Number_of_casualties,Vehicle_movement,Casualty_class,Sex_of_casualty,Age_band_of_casualty,Casualty_severity,Cause_of_accident,Accident_severity
2024-10-05 13:00:00,Thursday,18-30,Male,Junior high school,2-5yr,Other,Owner,Unknown,No defect,Office areas,Undivided Two way,Tangent road with flat terrain,No junction,Asphalt roads,Dry,Daylight,Normal,Vehicle with vehicle collision,2,1,Going straight,,,,,Overtaking,Slight Injury
2024-10-05 02:49:00,Sunday,18-30,Male,Junior high school,Above 10yr,Public (12 seats),Owner,Unknown,No defect,Other,Two-way (divided with broken lines road marking),Tangent road with flat terrain,No junction,Other,Dry,Darkness - lights lit,Normal,Rollover,2,1,Turnover,Driver or rider,Female,18-30,3.0,No priority to pedestrian,Slight Injury
2024-10-05 02:49:00,Sunday,Unknown,Male,Junior high school,Below 1yr,Public (12 seats),Owner,Unknown,No defect,Office areas,One way,Tangent road with flat terrain,No junction,Asphalt roads,Dry,Darkness - lights lit,Normal,Vehicle with vehicle collision,2,1,Going straight,,,,,No distancing,Slight Injury
2024-10-05 17:15:00,Tuesday,Over 51,Male,Junior high school,2-5yr,Automobile,Owner,Unknown,No defect,School areas,Undivided Two way,Tangent road with flat terrain,Y Shape,Asphalt roads,Dry,Daylight,Normal,Vehicle with vehicle collision,1,1,Going straight,,,,,Changing lane to the right,Slight Injury
2024-10-05 18:55:00,Thursday,18-30,Male,Junior high school,Below 1yr,Other,Owner,Unknown,Unknown,Residential areas,One way,Tangent road with flat terrain,No junction,Asphalt roads,Dry,Darkness - lights lit,Normal,Collision with pedestrians,2,2,Going straight,Passenger,Female,Over 51,3.0,Driving carelessly,Slight Injury
2024-10-05 18:55:00,Thursday,31-50,Male,High school,5-10yr,Automobile,Owner,Unknown,Unknown,Office areas,Undivided Two way,Tangent road with flat terrain,No junction,Asphalt roads,Dry,Darkness - lights lit,Normal,Vehicle with vehicle collision,2,2,Going straight,,,,,Changing lane to the right,Slight Injury
2024-10-05 19:35:00,Saturday,Unknown,Female,Above high school,1-2yr,Lorry (41-100Q),Owner,Unknown,No defect,Residential areas,Undivided Two way,Tangent road with flat terrain,No junction,Asphalt roads,Dry,Darkness - lights lit,Normal,Vehicle with vehicle collision,2,1,Going straight,Driver or rider,Male,18-30,3.0,Overtaking,Serious Injury
2024-10-05 19:35:00,Saturday,31-50,Male,Junior high school,Below 1yr,Public (12 seats),Owner,Unknown,No defect,Office areas,Undivided Two way,Tangent road with flat terrain,No junction,Asphalt roads,Dry,Darkness - lights lit,Normal,Vehicle with vehicle collision,2,1,Getting off,Driver or rider,Male,18-30,3.0,Other,Serious Injury
2024-10-05 19:20:00,Thursday,18-30,Male,Unknown,Unknown,Lorry (11-40Q),Owner,2-5yrs,No defect,Office areas,Two-way (divided with broken lines road marking),Tangent road with flat terrain,Y Shape,Asphalt roads,Wet or damp,Darkness - lights lit,Normal,Collision with pedestrians,1,1,Moving Backward,,,,,Driving to the left,Serious Injury
2024-10-05 12:05:00,Sunday,Unknown,Male,High school,Below 1yr,Automobile,Owner,Unknown,Unknown,Residential areas,Undivided Two way,Tangent road with flat terrain,No junction,Asphalt roads,Dry,Daylight,Normal,Vehicle with vehicle collision,2,2,Going straight,Passenger,Female,Over 51,3.0,Driving at high speed,Slight Injury
2024-10-05 12:05:00,Sunday,18-30,Male,High school,Below 1yr,Automobile,Owner,Unknown,Unknown,Other,Two-way (divided with broken lines road marking),Tangent road with flat terrain,No junction,Asphalt roads,Dry,Daylight,Normal,Collision with pedestrians,2,2,Turnover,Driver or rider,Male,Under 18,3.0,Other,Slight Injury
2024-10-05 06:55:00,Monday,Unknown,Male,Unknown,Unknown,Automobile,Owner,Above 10yr,Unknown,Industrial areas,Undivided Two way,Tangent road with flat terrain,No junction,Gravel roads,Dry,Daylight,Normal,Vehicle with vehicle collision,2,1,Going straight,,,,,Changing lane to the right,Slight Injury
2024-10-05 06:55:00,Monday,Over 51,Male,High school,2-5yr,Bajaj,Owner,Unknown,Unknown,Office areas,Two-way (divided with broken lines road marking),Tangent road with flat terrain,No junction,Asphalt roads,Dry,Daylight,Normal,Vehicle with vehicle collision,2,1,Other,Passenger,Female,18-30,3.0,No distancing,Slight Injury
2024-10-05 20:40:00,Friday,Unknown,Male,Junior high school,Above 10yr,Public (12 seats),Organization,Unknown,Unknown,Recreational areas,Two-way (divided with broken lines road marking),Tangent road with flat terrain,No junction,Asphalt roads,Dry,Darkness - lights lit,Normal,Vehicle with vehicle collision,2,1,Going straight,Pedestrian,Female,31-50,3.0,Other,Slight Injury
2024-10-05 20:40:00,Friday,Unknown,Female,Junior high school,Above 10yr,Lorry (11-40Q),Owner,1-2yr,No defect,Residential areas,Two-way (divided with broken lines road marking),Tangent road with flat terrain,No junction,Asphalt roads,Dry,Darkness - lights lit,Normal,Vehicle with vehicle collision,2,1,Going straight,,,,,No priority to vehicle,Slight Injury
2024-10-05 18:05:00,Sunday,18-30,Male,Junior high school,5-10yr,Other,Owner,Above 10yr,Unknown,Residential areas,Undivided Two way,Tangent road with flat terrain,Y Shape,Asphalt roads,Dry,Darkness - no lighting,Other,Vehicle with vehicle collision,2,1,Going straight,Driver or rider,Male,31-50,3.0,Changing lane to the left,Slight Injury
2024-10-05 18:05:00,Sunday,Under 18,Male,Junior high school,1-2yr,Other,Owner,5-10yrs,Unknown,Church areas,Undivided Two way,Steep grade downward with mountainous terrain,Y Shape,Asphalt roads,Dry,Darkness - no lighting,Other,Collision with roadside objects,2,1,Going straight,,,,,No priority to pedestrian,Slight Injury
2024-10-05 22:45:00,Friday,Unknown,Female,Unknown,Below 1yr,Automobile,Owner,5-10yrs,Unknown,Residential areas,Undivided Two way,Tangent road with flat terrain,No junction,Asphalt roads,Dry,Darkness - lights lit,Normal,Vehicle with vehicle collision,1,1,Turnover,Driver or rider,Male,18-30,3.0,Overtaking,Serious Injury
2024-10-05 16:58:00,Friday,31-50,Male,Junior high school,Below 1yr,Lorry (11-40Q),Owner,Unknown,No defect,Other,Other,Tangent road with flat terrain,No junction,Asphalt roads,Dry,Daylight,Other,Vehicle with vehicle collision,1,1,Turnover,,,,,Driving carelessly,Slight Injury
2024-10-05 18:30:00,Monday,Unknown,Male,High school,2-5yr,Lorry (41-100Q),Owner,5-10yrs,No defect,Other,Undivided Two way,Tangent road with flat terrain,No junction,Asphalt roads,Wet or damp,Darkness - lights lit,Raining,Collision with roadside objects,2,2,Going straight,Driver or rider,Male,Under 18,3.0,No priority to vehicle,Slight Injury
2024-10-05 18:30:00,Monday,31-50,Male,Junior high school,1-2yr,Pick up upto 10Q,Owner,Unknown,Unknown,Other,Two-way (divided with solid lines road marking),Tangent road with flat terrain,No junction,Asphalt roads,Wet or damp,Darkness - lights lit,Raining,Vehicle with vehicle collision,2,2,Getting off,,,,,No priority to pedestrian,Slight Injury
2024-10-05 18:30:00,Monday,31-50,Male,Junior high school,5-10yr,Lorry (11-40Q),Owner,Unknown,No defect,Church areas,Two-way (divided with solid lines road marking),Tangent road with flat terrain,No junction,Asphalt roads,Wet or damp,Darkness - lights lit,Raining,Vehicle with vehicle collision,2,2,Getting off,Driver or rider,Male,Over 51,3.0,Changing lane to the right,Slight Injury
2024-10-05 17:20:00,Saturday,Unknown,Male,Elementary school,2-5yr,Stationwagen,Governmental,Unknown,No defect,Other,Two-way (divided with solid lines road marking),Tangent road with flat terrain,Y Shape,Asphalt roads,Dry,Daylight,Normal,Vehicle with vehicle collision,2,1,Going straight,Pedestrian,Female,Over 51,3.0,Driving carelessly,Slight Injury
2024-10-05 17:20:00,Saturday,31-50,Male,Elementary school,5-10yr,Other,Owner,Unknown,No defect,Church areas,Two-way (divided with solid lines road marking),Tangent road with flat terrain,Y Shape,Asphalt roads,Dry,Daylight,Normal,Vehicle with vehicle collision,2,1,Overtaking,,,,,Changing lane to the right,Slight Injury
2024-10-05 12:20:00,Monday,Unknown,Female,Junior high school,Above 10yr,Other,Owner,Unknown,No defect,Church areas,Two-way (divided with broken lines road marking),Tangent road with flat terrain,Y Shape,Asphalt roads,Dry,Daylight,Normal,Collision with pedestrians,2,1,Reversing,Driver or rider,Male,31-50,3.0,Changing lane to the right,Slight Injury
2024-10-05 12:20:00,Monday,31-50,Male,Junior high school,5-10yr,Lorry (11-40Q),Owner,Above 10yr,No defect,Other,Undivided Two way,Tangent road with flat terrain,Y Shape,Asphalt roads,Dry,Daylight,Normal,Collision with pedestrians,2,1,Going straight,Passenger,Male,Under 18,3.0,Changing lane to the left,Slight Injury
2024-10-05 19:58:00,Tuesday,Over 51,Male,High school,5-10yr,Other,Governmental,5-10yrs,No defect,Other,Undivided Two way,Tangent road with flat terrain,Y Shape,Asphalt roads,Dry,Darkness - lights lit,Normal,Vehicle with vehicle collision,1,1,Getting off,Pedestrian,Female,18-30,3.0,Overturning,Slight Injury
2024-10-05 08:54:00,Sunday,31-50,Male,Junior high school,5-10yr,Automobile,Owner,5-10yrs,No defect,School areas,Other,Tangent road with flat terrain,Y Shape,Asphalt roads,Dry,Daylight,Normal,Vehicle with vehicle collision,2,1,Getting off,Pedestrian,Male,Over 51,3.0,Driving carelessly,Slight Injury
2024-10-05 08:54:00,Sunday,31-50,Male,Junior high school,Above 10yr,Lorry (41-100Q),Owner,Above 10yr,No defect,Residential areas,Undivided Two way,Tangent road with flat terrain,Y Shape,Asphalt roads,Dry,Daylight,Normal,Collision with roadside objects,2,1,Reversing,Pedestrian,Male,Over 51,3.0,No distancing,Slight Injury
2024-10-05 18:03:00,Wednesday,31-50,Male,Junior high school,1-2yr,Other,Other,1-2yr,No defect,Other,Two-way (divided with broken lines road marking),Tangent road with flat terrain,Y Shape,Other,Dry,Daylight,Normal,Vehicle with vehicle collision,1,1,Turnover,,,,,Driving carelessly,Slight Injury
2024-10-05 11:24:00,Sunday,18-30,Male,Junior high school,2-5yr,Lorry (41-100Q),Owner,Above 10yr,No defect,Office areas,Undivided Two way,Tangent road with flat terrain,Y Shape,Asphalt roads,Wet or damp,Daylight,Raining,Vehicle with vehicle collision,2,3,Moving Backward,Driver or rider,Female,18-30,3.0,Changing lane to the left,Slight Injury
2024-10-05 11:24:00,Sunday,Over 51,Male,Junior high school,1-2yr,Automobile,Owner,Above 10yr,No defect,Residential areas,Undivided Two way,Tangent road with flat terrain,Y Shape,Asphalt roads,Wet or damp,Daylight,Raining,Vehicle with vehicle collision,2,3,Going straight,Driver or rider,Male,31-50,3.0,No priority to vehicle,Slight Injury
2024-10-05 11:24:00,Sunday,Over 51,Male,Unknown,Unknown,Pick up upto 10Q,Owner,Above 10yr,No defect,Other,One way,Steep grade downward with mountainous terrain,Y Shape,Asphalt roads,Wet or damp,Daylight,Raining,Vehicle with vehicle collision,2,3,Going straight,,,,,Changing lane to the right,Slight Injury
2024-10-05 11:24:00,Sunday,Over 51,Male,Elementary school,5-10yr,Lorry (41-100Q),Owner,Above 10yr,No defect,Residential areas,Two-way (divided with broken lines road marking),Tangent road with flat terrain,Y Shape,Asphalt roads,Wet or damp,Daylight,Raining,Collision with roadside objects,2,3,Going straight,,,,,No distancing,Slight Injury
2024-10-05 11:55:00,Friday,Over 51,Male,Junior high school,5-10yr,Public (13-45 seats),Owner,5-10yrs,No defect,Residential areas,Undivided Two way,Tangent road with flat terrain,Crossing,Asphalt roads,Dry,Daylight,Normal,Vehicle with vehicle collision,2,1,Going straight,Driver or rider,Male,31-50,3.0,Moving Backward,Slight Injury
2024-10-05 11:55:00,Friday,18-30,Male,Junior high school,Above 10yr,Long lorry,Owner,Unknown,No defect,Residential areas,Two-way (divided with broken lines road marking),Tangent road with flat terrain,Crossing,Asphalt roads,Dry,Daylight,Normal,Vehicle with vehicle collision,2,1,Reversing,Pedestrian,Male,Under 18,3.0,Moving Backward,Slight Injury
2024-10-05 23:15:00,Tuesday,31-50,Male,Junior high school,2-5yr,Automobile,Owner,1-2yr,No defect,Other,Other,Tangent road with flat terrain,Y Shape,Asphalt roads,Dry,Darkness - lights lit,Normal,Collision with roadside objects,2,1,Going straight,Driver or rider,Male,18-30,3.0,No distancing,Slight Injury
2024-10-05 23:15:00,Tuesday,31-50,Male,Junior high school,Above 10yr,Automobile,Owner,5-10yrs,No defect,Other,Undivided Two way,Tangent road with flat terrain,Y Shape,Other,Dry,Darkness - lights lit,Normal,Vehicle with vehicle collision,2,1,Going straight,Pedestrian,Male,31-50,3.0,No distancing,Slight Injury
2024-10-05 08:25:00,Thursday,Unknown,Male,Junior high school,2-5yr,Other,Owner,5-10yrs,No defect,Other,One way,Tangent road with flat terrain,No junction,Asphalt roads,Dry,Daylight,Normal,Collision with roadside objects,2,1,Going straight,Driver or rider,Male,18-30,3.0,No distancing,Slight Injury
2024-10-05 08:25:00,Thursday,31-50,Male,Elementary school,5-10yr,Other,Owner,1-2yr,No defect,Hospital areas,Undivided Two way,Tangent road with flat terrain,No junction,Asphalt roads,Dry,Daylight,Normal,Vehicle with vehicle collision,2,1,Going straight,,,,,No priority to pedestrian,Slight Injury
2024-10-05 16:35:00,Wednesday,18-30,Male,Elementary school,5-10yr,Long lorry,Owner,2-5yrs,No defect,Residential areas,Undivided Two way,Tangent road with flat terrain,Y Shape,Asphalt roads,Dry,Daylight,Normal,Vehicle with vehicle collision,1,1,Getting off,Driver or rider,Male,Under 18,3.0,Driving carelessly,Slight Injury
2024-10-05 12:20:00,Tuesday,Unknown,Female,Junior high school,5-10yr,Public (12 seats),Owner,5-10yrs,No defect,Residential areas,One way,Tangent road with flat terrain,No junction,Asphalt roads,Dry,Daylight,Normal,Vehicle with vehicle collision,2,1,Going straight,,,,,Changing lane to the right,Slight Injury
2024-10-05 12:20:00,Tuesday,18-30,Male,Junior high school,5-10yr,Public (12 seats),Owner,5-10yrs,No defect,Residential areas,Undivided Two way,Tangent road with flat terrain,No junction,Asphalt roads,Dry,Daylight,Normal,Vehicle with vehicle collision,2,1,Going straight,Pedestrian,Female,Under 18,3.0,Changing lane to the left,Slight Injury
2024-10-05 18:08:00,Tuesday,31-50,Male,Elementary school,Above 10yr,Other,Owner,1-2yr,No defect,Other,Two-way (divided with broken lines road marking),Tangent road with flat terrain,No junction,Asphalt roads,Dry,Daylight,Normal,Vehicle with vehicle collision,1,1,Going straight,,,,,Driving carelessly,Serious Injury
2024-10-05 19:42:00,Friday,Under 18,Male,Junior high school,Below 1yr,Other,Owner,1-2yr,No defect,Office areas,Two-way (divided with broken lines road marking),Tangent road with flat terrain,Crossing,Asphalt roads,Dry,Daylight,Normal,Vehicle with vehicle collision,2,1,Going straight,,,,,Driving carelessly,Slight Injury
2024-10-05 19:42:00,Friday,31-50,Male,Junior high school,5-10yr,Other,Owner,2-5yrs,No defect,Other,Other,Tangent road with flat terrain,Crossing,Asphalt roads,Dry,Daylight,Normal,Vehicle with vehicle collision,2,1,Reversing,Driver or rider,Male,31-50,3.0,No distancing,Slight Injury
2024-10-05 13:19:00,Saturday,31-50,Male,Elementary school,1-2yr,Public (12 seats),Owner,Unknown,No defect,Office areas,Double carriageway (median),Tangent road with flat terrain,Y Shape,Other,Wet or damp,Daylight,Raining,Vehicle with vehicle collision,2,1,Moving Backward,Pedestrian,Male,18-30,3.0,Other,Slight Injury
2024-10-05 13:19:00,Saturday,Over 51,Male,Unknown,Unknown,Lorry (41-100Q),Owner,Unknown,No defect,Residential areas,Two-way (divided with broken lines road marking),Tangent road with flat terrain,Y Shape,Other,Wet or damp,Daylight,Raining,Collision with pedestrians,2,1,Going straight,,,,,Changing lane to the right,Slight Injury
2024-10-05 00:25:00,Saturday,Over 51,Male,Junior high school,Above 10yr,Other,Owner,Unknown,No defect,Office areas,Double carriageway (median),Gentle horizontal curve,No junction,Asphalt roads,Dry,Darkness - lights lit,Normal,Collision with roadside objects,2,2,Going straight,Driver or rider,Male,5,3.0,Changing lane to the right,Slight Injury
2024-10-05 00:25:00,Saturday,18-30,Male,High school,2-5yr,Public (12 seats),Owner,Unknown,No defect,Office areas,Double carriageway (median),Tangent road with flat terrain,No junction,Asphalt roads,Dry,Darkness - lights lit,Normal,Vehicle with vehicle collision,2,2,Going straight,Pedestrian,Female,18-30,3.0,No distancing,Slight Injury
2024-10-05 15:25:00,Monday,Over 51,Male,Junior high school,1-2yr,Other,Organization,Unknown,No defect,Other,Double carriageway (median),Tangent road with flat terrain,Y Shape,Asphalt roads,Dry,Daylight,Windy,Vehicle with vehicle collision,2,1,Going straight,Driver or rider,Male,31-50,3.0,No distancing,Slight Injury
2024-10-05 15:25:00,Monday,Under 18,Male,Junior high school,1-2yr,Lorry (11-40Q),Owner,Unknown,No defect,Office areas,Two-way (divided with broken lines road marking),Tangent road with flat terrain,Y Shape,Asphalt roads,Dry,Daylight,Windy,Collision with roadside objects,2,1,Going straight,,,,,Overturning,Slight Injury
2024-10-05 15:42:00,Friday,31-50,Male,Above high school,2-5yr,Other,Owner,Unknown,No defect,Office areas,Other,Tangent road with flat terrain,No junction,Asphalt roads with some distress,Dry,Daylight,Normal,Vehicle with vehicle collision,2,1,Going straight,,,,,Driving at high speed,Slight Injury
2024-10-05 15:42:00,Friday,Unknown,Female,Unknown,Unknown,Other,Governmental,Unknown,Unknown,Office areas,One way,Tangent road with flat terrain,No junction,Other,Dry,Daylight,Normal,Vehicle with vehicle collision,2,1,Turnover,Pedestrian,Male,31-50,2.0,No priority to vehicle,Slight Injury
2024-10-05 12:45:00,Friday,18-30,Male,Elementary school,2-5yr,Other,Owner,Unknown,Unknown,Other,Undivided Two way,Tangent road with flat terrain,No junction,Asphalt roads,Wet or damp,Daylight,Raining,Collision with pedestrians,2,3,Going straight,Driver or rider,Male,18-30,3.0,No priority to pedestrian,Serious Injury
2024-10-05 12:45:00,Friday,18-30,Male,Junior high school,1-2yr,Pick up upto 10Q,Owner,Unknown,Unknown,Residential areas,Other,Tangent road with flat terrain,No junction,Asphalt roads,Wet or damp,Daylight,Raining,Vehicle with vehicle collision,2,3,Other,,,,,No priority to vehicle,Serious Injury
2024-10-05 12:45:00,Friday,Over 51,Male,Unknown,5-10yr,Automobile,Owner,2-5yrs,No defect,Residential areas,Two-way (divided with broken lines road marking),Gentle horizontal curve,No junction,Asphalt roads,Wet or damp,Daylight,Raining,Collision with pedestrians,2,3,Going straight,,,,,Other,Serious Injury
2024-10-05 14:56:00,Friday,Over 51,Male,Junior high school,Below 1yr,Other,Owner,5-10yrs,Unknown,Church areas,Two-way (divided with broken lines road marking),Tangent road with flat terrain,Y Shape,Asphalt roads,Dry,Daylight,Normal,Vehicle with vehicle collision,2,2,Going straight,Driver or rider,Male,31-50,3.0,Other,Slight Injury
2024-10-05 14:56:00,Friday,Over 51,Male,Junior high school,2-5yr,Lorry (41-100Q),Owner,5-10yrs,Unknown,Other,Two-way (divided with broken lines road marking),Tangent road with flat terrain,Y Shape,Earth roads,Dry,Daylight,Normal,Vehicle with vehicle collision,2,2,Going straight,,,,,Moving Backward,Slight Injury
2024-10-05 16:50:00,Tuesday,Unknown,Male,Junior high school,5-10yr,Public (13-45 seats),Owner,Unknown,Unknown,Residential areas,Two-way (divided with broken lines road marking),Tangent road with flat terrain,Y Shape,Asphalt roads,Dry,Daylight,Normal,Collision with roadside objects,2,1,Going straight,Pedestrian,Male,18-30,3.0,No distancing,Slight Injury
2024-10-05 16:50:00,Tuesday,18-30,Male,Junior high school,Above 10yr,Automobile,Owner,2-5yrs,Unknown,Other,Undivided Two way,Tangent road with flat terrain,Y Shape,Asphalt roads,Dry,Daylight,Normal,Vehicle with vehicle collision,2,1,Going straight,,,,,Moving Backward,Slight Injury
2024-10-05 06:30:00,Wednesday,18-30,Male,Elementary school,2-5yr,Pick up upto 10Q,Owner,2-5yrs,Unknown,Residential areas,Undivided Two way,Tangent road with flat terrain,No junction,Asphalt roads,Wet or damp,Daylight,Raining,Vehicle with vehicle collision,1,1,Moving Backward,Driver or rider,Male,18-30,3.0,No priority to vehicle,Slight Injury
2024-10-05 16:45:00,Tuesday,Under 18,Male,Elementary school,Above 10yr,Lorry (41-100Q),Owner,2-5yrs,Unknown,Residential areas,Two-way (divided with broken lines road marking),Tangent road with flat terrain,Crossing,Asphalt roads,Dry,Daylight,Normal,Vehicle with vehicle collision,1,1,Moving Backward,,,,,Driving carelessly,Slight Injury
2024-10-05 14:30:00,Sunday,18-30,Male,Junior high school,1-2yr,Public (12 seats),Owner,5-10yrs,No defect,Other,Two-way (divided with broken lines road marking),Tangent road with flat terrain,No junction,Asphalt roads,Dry,Daylight,Normal,Collision with pedestrians,2,2,Moving Backward,Driver or rider,Male,31-50,2.0,No distancing,Slight Injury
2024-10-05 14:30:00,Sunday,18-30,Male,Junior high school,5-10yr,Other,Other,Unknown,Unknown,Other,Two-way (divided with broken lines road marking),Tangent road with flat terrain,No junction,Asphalt roads,Dry,Daylight,Normal,Collision with roadside objects,2,2,Other,Passenger,Female,5,3.0,Other,Slight Injury
2024-10-05 10:00:00,Saturday,18-30,Male,Junior high school,2-5yr,Lorry (41-100Q),Owner,Unknown,No defect,Other,Undivided Two way,Tangent road with flat terrain,O Shape,Asphalt roads,Dry,Daylight,Normal,Collision with pedestrians,2,1,Going straight,,,,,Changing lane to the right,Slight Injury
2024-10-05 10:00:00,Saturday,Over 51,Male,Junior high school,2-5yr,Pick up upto 10Q,Owner,Unknown,No defect,Other,Double carriageway (median),Tangent road with flat terrain,O Shape,Asphalt roads,Dry,Daylight,Normal,Vehicle with vehicle collision,2,1,Other,,,,,No distancing,Slight Injury
2024-10-05 07:45:00,Friday,18-30,Male,Junior high school,2-5yr,Other,Owner,Unknown,Unknown,Residential areas,Two-way (divided with broken lines road marking),Tangent road with flat terrain,Y Shape,Asphalt roads,Wet or damp,Daylight,Raining,Vehicle with vehicle collision,3,1,Turnover,Driver or rider,Male,Under 18,3.0,Driving carelessly,Slight Injury
2024-10-05 07:45:00,Friday,Unknown,Male,Junior high school,2-5yr,Lorry (41-100Q),Owner,2-5yrs,Unknown,Recreational areas,Undivided Two way,Tangent road with flat terrain,Y Shape,Asphalt roads,Wet or damp,Daylight,Raining,Vehicle with vehicle collision,3,1,Getting off,Driver or rider,Male,31-50,3.0,No distancing,Slight Injury
2024-10-05 07:45:00,Friday,18-30,Male,Junior high school,Above 10yr,Ridden horse,Owner,Unknown,Unknown,Other,Other,Tangent road with flat terrain,Y Shape,Asphalt roads,Wet or damp,Daylight,Raining,Vehicle with vehicle collision,3,1,Going straight,,,,,No priority to vehicle,Slight Injury
2024-10-05 19:45:00,Friday,18-30,Male,Junior high school,Above 10yr,Automobile,Owner,Unknown,Unknown,Office areas,Undivided Two way,Tangent road with flat terrain,Crossing,Gravel roads,Dry,Darkness - lights lit,Normal,Vehicle with vehicle collision,2,4,Going straight,Driver or rider,Female,18-30,3.0,Changing lane to the right,Slight Injury
2024-10-05 19:45:00,Friday,18-30,Male,Elementary school,5-10yr,Automobile,Other,Unknown,Unknown,Other,Undivided Two way,Tangent road with flat terrain,Crossing,Asphalt roads,Dry,Darkness - lights lit,Normal,Collision with roadside objects,2,4,Going straight,,,,,No priority to pedestrian,Slight Injury
2024-10-05 19:45:00,Friday,18-30,Male,Unknown,Unknown,Stationwagen,Owner,Unknown,Unknown,Office areas,Undivided Two way,Tangent road with flat terrain,Crossing,Asphalt roads,Dry,Darkness - lights lit,Normal,Collision with roadside objects,2,4,Turnover,,,,,No priority to vehicle,Slight Injury
2024-10-05 19:45:00,Friday,18-30,Male,Unknown,2-5yr,Other,Owner,Unknown,Unknown,Office areas,One way,Tangent road with flat terrain,Crossing,Asphalt roads,Dry,Darkness - lights lit,Normal,Vehicle with vehicle collision,2,4,Reversing,Driver or rider,Female,18-30,3.0,Changing lane to the left,Slight Injury
2024-10-05 19:45:00,Friday,18-30,Male,Elementary school,5-10yr,Lorry (41-100Q),Owner,Unknown,Unknown,Office areas,Undivided Two way,Tangent road with flat terrain,Crossing,Asphalt roads,Dry,Darkness - lights lit,Normal,Vehicle with vehicle collision,2,4,Moving Backward,Driver or rider,Male,31-50,3.0,Turnover,Slight Injury
2024-10-05 18:50:00,Friday,31-50,Male,Junior high school,5-10yr,Lorry (41-100Q),Owner,Unknown,No defect,Other,Undivided Two way,Tangent road with flat terrain,Crossing,Asphalt roads,Wet or damp,Darkness - lights lit,Normal,Vehicle with vehicle collision,2,1,Other,Pedestrian,Male,31-50,3.0,Driving to the left,Slight Injury
2024-10-05 18:50:00,Friday,18-30,Male,Junior high school,Above 10yr,Long lorry,Governmental,Unknown,Unknown,Other,Double carriageway (median),Tangent road with flat terrain,Crossing,Asphalt roads,Wet or damp,Darkness - lights lit,Normal,Vehicle with vehicle collision,2,1,Going straight,Pedestrian,Male,18-30,3.0,Driving carelessly,Slight Injury
2024-10-05 11:42:00,Wednesday,Over 51,Male,Junior high school,5-10yr,Stationwagen,Owner,Unknown,No defect,Office areas,Two-way (divided with solid lines road marking),Tangent road with flat terrain,No junction,Asphalt roads,Dry,Daylight,Normal,Vehicle with vehicle collision,2,1,Going straight,,,,,Driving to the left,Serious Injury
2024-10-05 11:42:00,Wednesday,31-50,Male,Junior high school,Above 10yr,Public (12 seats),Owner,Unknown,Unknown,Residential areas,Other,Tangent road with flat terrain,No junction,Asphalt roads,Dry,Daylight,Normal,Vehicle with vehicle collision,2,1,Going straight,Driver or rider,Male,18-30,3.0,Driving carelessly,Serious Injury
2024-10-05 17:57:00,Thursday,18-30,Male,Elementary school,Below 1yr,Automobile,Governmental,2-5yrs,Unknown,Recreational areas,Undivided Two way,Tangent road with flat terrain,No junction,Asphalt roads,Dry,Daylight,Normal,Vehicle with vehicle collision,1,1,Going straight,,,,,No priority to pedestrian,Slight Injury
2024-10-05 20:30:00,Sunday,Over 51,Male,Elementary school,5-10yr,Public (12 seats),Owner,1-2yr,No defect,Other,Other,Tangent road with flat terrain,No junction,Asphalt roads,Dry,Darkness - lights lit,Raining and Windy,Vehicle with vehicle collision,1,1,Going straight,Driver or rider,Male,18-30,3.0,Driving carelessly,Slight Injury
2024-10-05 12:28:00,Thursday,Over 51,Male,Elementary school,1-2yr,Lorry (41-100Q),Owner,Above 10yr,No defect,Residential areas,Other,Tangent road with flat terrain,Other,Asphalt roads,Wet or damp,Daylight,Raining,Vehicle with vehicle collision,2,1,Going straight,Driver or rider,Male,18-30,3.0,Changing lane to the right,Slight Injury
2024-10-05 12:28:00,Thursday,18-30,Male,Elementary school,5-10yr,Automobile,Owner,Unknown,No defect,Other,Other,Tangent road with flat terrain,Other,Asphalt roads,Wet or damp,Daylight,Raining,Vehicle with vehicle collision,2,1,Going straight,,,,,Moving Backward,Slight Injury
2024-10-05 08:35:00,Friday,18-30,Male,Elementary school,5-10yr,Lorry (41-100Q),Owner,Unknown,Unknown,Other,Other,Tangent road with flat terrain,No junction,Asphalt roads,Wet or damp,Daylight,Normal,Other,1,1,Going straight,Passenger,Female,5,3.0,Driving carelessly,Slight Injury
2024-10-05 12:25:00,Wednesday,18-30,Male,Elementary school,2-5yr,Lorry (41-100Q),Owner,5-10yrs,Unknown,Other,One way,Tangent road with flat terrain,Crossing,Asphalt roads,Dry,Daylight,Normal,Vehicle with vehicle collision,3,1,Going straight,Driver or rider,Male,18-30,3.0,Changing lane to the right,Serious Injury
2024-10-05 12:25:00,Wednesday,18-30,Male,Elementary school,5-10yr,Pick up upto 10Q,Owner,Unknown,No defect,Other,Two-way (divided with broken lines road marking),Tangent road with flat terrain,Crossing,Asphalt roads,Dry,Daylight,Normal,Collision with roadside objects,3,1,Other,Passenger,Male,5,3.0,Driving carelessly,Serious Injury