Time,Day_of_week,Age_band_of_driver,Sex_of_driver,Educational_level,Driving_experience,Type_of_vehicle,Owner_of_vehicle,Service_year_of_vehicle,Defect_of_vehicle,Area_accident_occured,Lanes_or_Medians,Road_allignment,Types_of_Junction,Road_surface_type,Road_surface_conditions,Light_conditions,Weather_conditions,Type_of_collision,Number_of_vehicles_involved,Number_of_casualties,Vehicle_movement,Casualty_class,Sex_of_casualty,Age_band_of_casualty,Casualty_severity,Cause_of_accident,Accident_severity
2024-10-05 12:25:00,Wednesday,Unknown,Female,Unknown,5-10yr,Other,Owner,2-5yrs,No defect,Other,Other,Tangent road with flat terrain,Crossing,Asphalt roads,Dry,Daylight,Normal,Vehicle with vehicle collision,3,1,Moving Backward,,,,,Driving carelessly,Serious Injury
2024-10-05 12:30:00,Sunday,Over 51,Male,Junior high school,Above 10yr,Automobile,Owner,Unknown,No defect,School areas,Undivided Two way,Tangent road with flat terrain,No junction,Asphalt roads,Wet or damp,Daylight,Normal,Vehicle with vehicle collision,1,1,Going straight,Pedestrian,Male,Over 51,3.0,Driving carelessly,Slight Injury
2024-10-05 18:05:00,Thursday,31-50,Male,Junior high school,Above 10yr,Automobile,Owner,Unknown,No defect,Office areas,Two-way (divided with broken lines road marking),Tangent road with flat terrain,No junction,Asphalt roads,Dry,Darkness - lights lit,Normal,Vehicle with vehicle collision,2,1,Moving Backward,Driver or rider,Male,18-30,3.0,Changing lane to the right,Serious Injury
2024-10-05 18:05:00,Thursday,31-50,Male,Elementary school,Below 1yr,Lorry (11-40Q),Owner,Unknown,No defect,Office areas,Two-way (divided with broken lines road marking),Tangent road with flat terrain,No junction,Asphalt roads,Dry,Darkness - lights lit,Normal,Vehicle with vehicle collision,2,1,Going straight,,,,,Changing lane to the right,Serious Injury
2024-10-05 10:50:00,Tuesday,31-50,Male,Elementary school,5-10yr,Bajaj,Owner,5-10yrs,No defect,Office areas,Two-way (divided with broken lines road marking),Tangent road with flat terrain,Crossing,Asphalt roads,Dry,Daylight,Normal,Vehicle with vehicle collision,1,1,Moving Backward,Pedestrian,Male,Over 51,3.0,Driving carelessly,Slight Injury
2024-10-05 14:12:00,Saturday,Over 51,Male,Elementary school,5-10yr,Automobile,Owner,Unknown,No defect,School areas,Other,Tangent road with flat terrain,No junction,Asphalt roads,Dry,Daylight,Normal,Vehicle with vehicle collision,2,1,Other,,,,,Overtaking,Slight Injury
2024-10-05 14:12:00,Saturday,Under 18,Male,Elementary school,2-5yr,Lorry (41-100Q),Governmental,Unknown,No defect,School areas,Undivided Two way,Tangent road with flat terrain,No junction,Other,Dry,Daylight,Normal,Collision with roadside objects,2,1,Going straight,Driver or rider,Female,31-50,3.0,Changing lane to the right,Slight Injury
2024-10-05 10:20:00,Friday,Over 51,Male,Elementary school,Above 10yr,Lorry (11-40Q),Owner,Unknown,No defect,Office areas,Two-way (divided with broken lines road marking),Tangent road with flat terrain,Crossing,Other,Dry,Daylight,Normal,Collision with roadside objects,3,1,Going straight,Passenger,Female,18-30,3.0,No distancing,Slight Injury
2024-10-05 10:20:00,Friday,18-30,Male,Elementary school,2-5yr,Lorry (11-40Q),Owner,Unknown,No defect,Office areas,Two-way (divided with broken lines road marking),Tangent road with flat terrain,Crossing,Asphalt roads,Dry,Daylight,Normal,Vehicle with vehicle collision,3,1,Going straight,,,,,Other,Slight Injury
2024-10-05 10:20:00,Friday,Unknown,Male,Junior high school,Above 10yr,Automobile,Governmental,Above 10yr,No defect,School areas,Two-way (divided with broken lines road marking),Tangent road with flat terrain,Crossing,Asphalt roads,Dry,Daylight,Normal,Collision with roadside objects,3,1,Going straight,Driver or rider,Male,18-30,3.0,Changing lane to the right,Slight Injury
2024-10-05 18:30:00,Wednesday,18-30,Male,Junior high school,Below 1yr,Other,Owner,1-2yr,No defect,Other,Two-way (divided with broken lines road marking),Tangent road with flat terrain,Other,Asphalt roads,Dry,Darkness - lights lit,Other,Collision with roadside objects,2,1,Other,Driver or rider,Male,31-50,2.0,Changing lane to the right,Serious Injury
2024-10-05 18:30:00,Wednesday,Unknown,Female,Junior high school,2-5yr,Automobile,Owner,Above 10yr,No defect,Other,Two-way (divided with broken lines road marking),Tangent road with flat terrain,Other,Asphalt roads,Dry,Darkness - lights lit,Other,Vehicle with vehicle collision,2,1,Going straight,,,,,Overtaking,Serious Injury
2024-10-05 19:17:00,Tuesday,18-30,Male,Elementary school,5-10yr,Public (13-45 seats),Owner,Below 1yr,No defect,Other,Undivided Two way,Tangent road with flat terrain,Y Shape,Asphalt roads,Wet or damp,Darkness - lights lit,Snow,Vehicle with vehicle collision,1,1,Moving Backward,Driver or rider,Male,31-50,3.0,Other,Serious Injury
2024-10-05 10:30:00,Thursday,Unknown,Male,Elementary school,5-10yr,Public (12 seats),Owner,Above 10yr,No defect,Other,Two-way (divided with broken lines road marking),Tangent road with flat terrain,No junction,Asphalt roads,Dry,Daylight,Normal,Collision with roadside objects,2,3,Moving Backward,,,,,Driving to the left,Slight Injury
2024-10-05 10:30:00,Thursday,18-30,Male,Elementary school,1-2yr,Other,Owner,Unknown,No defect,Residential areas,Undivided Two way,Tangent road with flat terrain,No junction,Asphalt roads,Dry,Daylight,Normal,Vehicle with vehicle collision,2,3,Moving Backward,Driver or rider,Male,18-30,3.0,Overtaking,Slight Injury
2024-10-05 10:30:00,Thursday,18-30,Male,Elementary school,Unknown,Automobile,Governmental,1-2yr,No defect,Other,Undivided Two way,Tangent road with flat terrain,No junction,Asphalt roads,Dry,Daylight,Normal,Vehicle with vehicle collision,2,3,Going straight,,,,,No priority to vehicle,Slight Injury
2024-10-05 10:30:00,Thursday,18-30,Male,Junior high school,1-2yr,Automobile,Owner,1-2yr,No defect,Other,Undivided Two way,Tangent road with flat terrain,No junction,Asphalt roads,Dry,Daylight,Normal,Vehicle with vehicle collision,2,3,Going straight,Pedestrian,Female,Under 18,3.0,Moving Backward,Slight Injury
2024-10-05 13:35:00,Sunday,Under 18,Male,Unknown,5-10yr,Public (13-45 seats),Owner,Unknown,No defect,Industrial areas,Undivided Two way,Tangent road with flat terrain,No junction,Asphalt roads,Dry,Daylight,Other,Vehicle with vehicle collision,1,1,Going straight,Driver or rider,Male,18-30,3.0,Other,Slight Injury
2024-10-05 13:43:00,Monday,31-50,Male,Elementary school,1-2yr,Public (13-45 seats),Owner,Unknown,No defect,Recreational areas,Undivided Two way,Tangent road with flat terrain,Y Shape,Asphalt roads,Wet or damp,Daylight,Raining,Vehicle with vehicle collision,3,5,Going straight,,,,,No priority to vehicle,Slight Injury
2024-10-05 13:43:00,Monday,Under 18,Male,Junior high school,5-10yr,Automobile,Owner,Above 10yr,No defect,Church areas,Two-way (divided with broken lines road marking),Tangent road with flat terrain,Y Shape,Asphalt roads,Wet or damp,Daylight,Raining,Vehicle with vehicle collision,3,5,Other,Driver or rider,Male,18-30,3.0,No priority to pedestrian,Slight Injury
2024-10-05 13:43:00,Monday,Under 18,Male,Junior high school,2-5yr,Other,Owner,Unknown,Unknown,Office areas,Two-way (divided with broken lines road marking),Tangent road with flat terrain,Y Shape,Other,Wet or damp,Daylight,Raining,Collision with pedestrians,3,5,Going straight,Passenger,Male,Over 51,3.0,Changing lane to the right,Slight Injury
2024-10-05 13:43:00,Monday,Under 18,Male,Junior high school,2-5yr,Pick up upto 10Q,Owner,Unknown,Unknown,Other,Two-way (divided with broken lines road marking),Tangent road with flat terrain,Y Shape,Asphalt roads,Wet or damp,Daylight,Raining,Vehicle with vehicle collision,3,5,Going straight,Passenger,Female,31-50,3.0,Changing lane to the right,Slight Injury
2024-10-05 13:43:00,Monday,31-50,Male,Junior high school,5-10yr,Lorry (41-100Q),Owner,Unknown,Unknown,Office areas,Undivided Two way,Tangent road with flat terrain,Y Shape,Asphalt roads,Wet or damp,Daylight,Raining,Collision with roadside objects,3,5,Going straight,Driver or rider,Male,Under 18,3.0,Changing lane to the right,Slight Injury
2024-10-05 15:56:00,Friday,Unknown,Male,Junior high school,Below 1yr,Automobile,Owner,Unknown,Unknown,Office areas,Two-way (divided with broken lines road marking),Tangent road with flat terrain,No junction,Asphalt roads,Dry,Daylight,Cloudy,Vehicle with vehicle collision,2,1,Reversing,,,,,Driving to the left,Slight Injury
2024-10-05 15:56:00,Friday,18-30,Male,High school,Below 1yr,Automobile,Owner,Unknown,Unknown,Other,Two-way (divided with broken lines road marking),Tangent road with flat terrain,No junction,Asphalt roads,Dry,Daylight,Cloudy,Vehicle with vehicle collision,2,1,Moving Backward,Driver or rider,Male,31-50,3.0,Changing lane to the left,Slight Injury
2024-10-05 17:00:00,Saturday,31-50,Male,Junior high school,Unknown,Lorry (41-100Q),Owner,Above 10yr,Unknown,Residential areas,Undivided Two way,Tangent road with flat terrain,No junction,Asphalt roads,Wet or damp,Darkness - lights lit,Other,Vehicle with vehicle collision,2,2,Going straight,Passenger,Male,31-50,3.0,Moving Backward,Slight Injury
2024-10-05 17:00:00,Saturday,31-50,Male,Junior high school,Below 1yr,Other,Owner,Above 10yr,Unknown,Office areas,Other,Tangent road with mountainous terrain and,No junction,Asphalt roads,Wet or damp,Darkness - lights lit,Other,Vehicle with vehicle collision,2,2,Going straight,,,,,Driving at high speed,Slight Injury
2024-10-05 17:00:00,Saturday,31-50,Male,Junior high school,2-5yr,Other,Owner,Above 10yr,No defect,Residential areas,Other,Tangent road with flat terrain,No junction,Asphalt roads,Wet or damp,Darkness - lights lit,Other,Vehicle with vehicle collision,2,2,Reversing,Passenger,Male,Over 51,3.0,Moving Backward,Slight Injury
2024-10-05 06:50:00,Wednesday,18-30,Male,Junior high school,2-5yr,Automobile,Other,Unknown,Unknown,School areas,Two-way (divided with broken lines road marking),Tangent road with flat terrain,Crossing,Asphalt roads,Dry,Darkness - lights lit,Raining,Vehicle with vehicle collision,2,1,Going straight,,,,,No distancing,Slight Injury
2024-10-05 06:50:00,Wednesday,Over 51,Male,Junior high school,5-10yr,Automobile,Owner,Above 10yr,No defect,Office areas,Two-way (divided with broken lines road marking),Sharp reverse curve,Crossing,Asphalt roads,Dry,Darkness - lights lit,Raining,Vehicle with vehicle collision,2,1,Reversing,Driver or rider,Male,31-50,3.0,Other,Slight Injury
2024-10-05 16:30:00,Tuesday,Under 18,Male,Elementary school,5-10yr,Automobile,Owner,5-10yrs,No defect,Other,Other,Tangent road with flat terrain,Y Shape,Other,Dry,Darkness - lights lit,Normal,Vehicle with vehicle collision,2,2,Other,Pedestrian,Female,31-50,3.0,No priority to vehicle,Slight Injury
2024-10-05 16:30:00,Tuesday,Under 18,Male,Unknown,5-10yr,Automobile,Owner,Above 10yr,No defect,Other,Undivided Two way,Tangent road with flat terrain,Y Shape,Asphalt roads,Dry,Darkness - lights lit,Normal,Vehicle with vehicle collision,2,2,Other,Pedestrian,Male,Under 18,3.0,Changing lane to the right,Slight Injury
2024-10-05 16:30:00,Tuesday,18-30,Male,Junior high school,5-10yr,Lorry (41-100Q),Owner,Above 10yr,No defect,Church areas,Other,Tangent road with flat terrain,Y Shape,Asphalt roads,Dry,Darkness - lights lit,Normal,Collision with roadside objects,2,2,Going straight,Pedestrian,Male,18-30,3.0,Other,Slight Injury
2024-10-05 13:40:00,Tuesday,Unknown,Female,Junior high school,5-10yr,Other,Owner,Unknown,No defect,Office areas,Two-way (divided with broken lines road marking),Tangent road with flat terrain,Crossing,Other,Dry,Daylight,Normal,Vehicle with vehicle collision,2,1,Going straight,Pedestrian,Female,Under 18,3.0,No distancing,Slight Injury
2024-10-05 13:40:00,Tuesday,18-30,Male,Illiterate,2-5yr,Pick up upto 10Q,Owner,Unknown,No defect,Other,Two-way (divided with broken lines road marking),Tangent road with flat terrain,Crossing,Asphalt roads,Dry,Daylight,Normal,Collision with roadside objects,2,1,Going straight,Pedestrian,Female,5,3.0,Driving carelessly,Slight Injury
2024-10-05 05:02:00,Sunday,18-30,Male,Junior high school,5-10yr,Stationwagen,Owner,Unknown,No defect,Office areas,Two-way (divided with broken lines road marking),Tangent road with mild grade and flat terrain,No junction,Asphalt roads,Wet or damp,Darkness - lights lit,Raining,Vehicle with vehicle collision,1,3,Going straight,,,,,No distancing,Slight Injury
2024-10-05 05:02:00,Sunday,18-30,Male,Junior high school,Below 1yr,Other,Owner,Unknown,No defect,Office areas,Two-way (divided with broken lines road marking),Tangent road with flat terrain,No junction,Asphalt roads,Wet or damp,Darkness - lights lit,Raining,Vehicle with vehicle collision,1,3,Going straight,Driver or rider,Male,18-30,3.0,Moving Backward,Slight Injury
2024-10-05 05:02:00,Sunday,18-30,Male,Junior high school,1-2yr,Pick up upto 10Q,Owner,Above 10yr,No defect,Office areas,Two-way (divided with broken lines road marking),Sharp reverse curve,No junction,Earth roads,Wet or damp,Darkness - lights lit,Raining,Other,1,3,Going straight,,,,,No distancing,Slight Injury
2024-10-05 16:05:00,Thursday,Unknown,Male,Elementary school,2-5yr,Stationwagen,Owner,Above 10yr,No defect,Church areas,Undivided Two way,Sharp reverse curve,Crossing,Asphalt roads,Wet or damp,Daylight,Normal,Collision with pedestrians,2,1,Going straight,Driver or rider,Male,31-50,3.0,Moving Backward,Slight Injury
2024-10-05 16:05:00,Thursday,31-50,Male,Elementary school,2-5yr,Lorry (41-100Q),Owner,Above 10yr,No defect,Office areas,Undivided Two way,Gentle horizontal curve,Crossing,Asphalt roads,Wet or damp,Daylight,Normal,Vehicle with vehicle collision,2,1,Going straight,Driver or rider,Male,18-30,3.0,No priority to pedestrian,Slight Injury
2024-10-05 07:58:00,Monday,18-30,Male,Elementary school,5-10yr,Automobile,Owner,5-10yrs,No defect,Other,Double carriageway (median),Gentle horizontal curve,No junction,Asphalt roads,Wet or damp,Daylight,Normal,Vehicle with vehicle collision,1,1,Going straight,Passenger,Female,18-30,3.0,Changing lane to the left,Slight Injury
2024-10-05 15:16:00,Thursday,18-30,Male,Junior high school,5-10yr,Other,Owner,Unknown,Unknown,Other,Two-way (divided with broken lines road marking),Tangent road with flat terrain,Y Shape,Asphalt roads,Wet or damp,Daylight,Normal,Vehicle with vehicle collision,2,1,Going straight,Passenger,Female,18-30,3.0,No distancing,Slight Injury
2024-10-05 15:16:00,Thursday,Under 18,Male,Unknown,Unknown,Automobile,Owner,5-10yrs,No defect,Church areas,Other,Tangent road with mountainous terrain and,Y Shape,Asphalt roads,Wet or damp,Daylight,Normal,Collision with pedestrians,2,1,Going straight,Pedestrian,Male,Over 51,2.0,Other,Slight Injury
2024-10-05 07:14:00,Tuesday,18-30,Male,Junior high school,Above 10yr,Automobile,Owner,1-2yr,Unknown,School areas,Undivided Two way,Tangent road with flat terrain,Crossing,Asphalt roads,Wet or damp,Darkness - lights lit,Other,Collision with roadside objects,2,1,Going straight,Pedestrian,Female,31-50,2.0,No distancing,Slight Injury
2024-10-05 07:14:00,Tuesday,Under 18,Male,Junior high school,Above 10yr,Turbo,Other,Unknown,Unknown,Church areas,Two-way (divided with broken lines road marking),Tangent road with flat terrain,Crossing,Asphalt roads,Wet or damp,Darkness - lights lit,Other,Other,2,1,Going straight,Driver or rider,Male,18-30,3.0,No priority to pedestrian,Slight Injury
2024-10-05 13:17:00,Friday,18-30,Male,Junior high school,Above 10yr,Other,Owner,Above 10yr,Unknown,Office areas,Undivided Two way,Tangent road with flat terrain,No junction,Asphalt roads,Wet or damp,Daylight,Normal,Vehicle with vehicle collision,2,1,Going straight,,,,,Moving Backward,Slight Injury
2024-10-05 13:17:00,Friday,31-50,Male,Junior high school,Unknown,Stationwagen,Owner,2-5yrs,No defect,Other,Other,Tangent road with flat terrain,No junction,Asphalt roads,Wet or damp,Daylight,Normal,Other,2,1,Going straight,Pedestrian,Female,31-50,3.0,No priority to pedestrian,Slight Injury
2024-10-05 17:44:00,Thursday,Under 18,Male,Junior high school,5-10yr,Automobile,Owner,Above 10yr,Unknown,Church areas,Two-way (divided with broken lines road marking),Steep grade upward with mountainous terrain,No junction,Asphalt roads,Wet or damp,Darkness - lights lit,Cloudy,Other,2,2,Moving Backward,Driver or rider,Female,31-50,2.0,No distancing,Slight Injury
2024-10-05 17:44:00,Thursday,18-30,Male,Junior high school,2-5yr,Automobile,Governmental,1-2yr,No defect,Other,Double carriageway (median),Tangent road with flat terrain,No junction,Asphalt roads,Wet or damp,Darkness - lights lit,Cloudy,Other,2,2,Going straight,,,,,No priority to pedestrian,Slight Injury
2024-10-05 17:44:00,Thursday,18-30,Male,Elementary school,5-10yr,Automobile,Governmental,Above 10yr,Unknown,Other,Double carriageway (median),Tangent road with flat terrain,No junction,Asphalt roads,Wet or damp,Darkness - lights lit,Cloudy,Vehicle with vehicle collision,2,2,Going straight,Pedestrian,Male,31-50,3.0,Driving carelessly,Slight Injury
2024-10-05 07:16:00,Monday,Over 51,Male,Junior high school,2-5yr,Pick up upto 10Q,Organization,5-10yrs,No defect,Office areas,Two-way (divided with broken lines road marking),Gentle horizontal curve,No junction,Asphalt roads,Wet or damp,Darkness - lights lit,Other,Vehicle with vehicle collision,2,1,Going straight,Pedestrian,Male,18-30,3.0,Getting off the vehicle improperly,Slight Injury
2024-10-05 07:16:00,Monday,Under 18,Male,High school,5-10yr,Lorry (41-100Q),Organization,Above 10yr,No defect,Other,Two-way (divided with broken lines road marking),Tangent road with flat terrain,No junction,Asphalt roads,Wet or damp,Darkness - lights lit,Other,Collision with roadside objects,2,1,Other,Driver or rider,Male,Under 18,3.0,Driving carelessly,Slight Injury
2024-10-05 18:15:00,Friday,31-50,Male,Junior high school,Above 10yr,Lorry (41-100Q),Owner,2-5yrs,No defect,Other,Two-way (divided with broken lines road marking),Tangent road with flat terrain,No junction,Asphalt roads,Wet or damp,Darkness - lights lit,Other,Collision with roadside objects,1,1,Turnover,,,,,Changing lane to the left,Slight Injury
2024-10-05 17:10:00,Friday,Unknown,Male,Junior high school,2-5yr,Automobile,Governmental,Unknown,No defect,Residential areas,Two-way (divided with broken lines road marking),Tangent road with flat terrain,No junction,Asphalt roads,Dry,Darkness - lights lit,Normal,Vehicle with vehicle collision,2,1,Going straight,,,,,No priority to vehicle,Slight Injury
2024-10-05 17:10:00,Friday,18-30,Male,Elementary school,2-5yr,Lorry (41-100Q),Owner,Above 10yr,No defect,Residential areas,Other,Tangent road with flat terrain,No junction,Asphalt roads,Dry,Darkness - lights lit,Normal,Vehicle with vehicle collision,2,1,Going straight,Passenger,Male,Over 51,3.0,Changing lane to the right,Slight Injury
2024-10-05 12:45:00,Saturday,Unknown,Male,High school,Above 10yr,Lorry (41-100Q),Owner,5-10yrs,No defect,Office areas,Undivided Two way,Tangent road with flat terrain,No junction,Earth roads,Wet or damp,Daylight,Raining,Vehicle with vehicle collision,2,1,Going straight,Passenger,Male,Over 51,3.0,Changing lane to the right,Slight Injury
2024-10-05 12:45:00,Saturday,18-30,Male,Elementary school,1-2yr,Lorry (41-100Q),Owner,Unknown,No defect,Recreational areas,Other,Other,No junction,Asphalt roads,Wet or damp,Daylight,Raining,Vehicle with vehicle collision,2,1,Going straight,,,,,No distancing,Slight Injury
2024-10-05 11:05:00,Monday,Over 51,Male,Junior high school,Above 10yr,Lorry (41-100Q),Governmental,Unknown,No defect,Office areas,Other,Tangent road with mild grade and flat terrain,No junction,Asphalt roads,Wet or damp,Daylight,Raining,Vehicle with vehicle collision,2,2,Going straight,Driver or rider,Female,18-30,3.0,No distancing,Slight Injury
2024-10-05 11:05:00,Monday,Over 51,Male,Unknown,Unknown,Automobile,Owner,5-10yrs,No defect,Industrial areas,Other,Tangent road with flat terrain,No junction,Asphalt roads,Wet or damp,Daylight,Raining,Rollover,2,2,Going straight,Driver or rider,Male,31-50,3.0,Changing lane to the left,Slight Injury
2024-10-05 11:05:00,Monday,Unknown,Male,Junior high school,5-10yr,Automobile,Other,Unknown,Unknown,Other,Other,Other,No junction,Asphalt roads,Wet or damp,Daylight,Raining,Vehicle with vehicle collision,2,2,Going straight,,,,,Changing lane to the right,Slight Injury
2024-10-05 08:51:00,Friday,Under 18,Male,Above high school,5-10yr,Automobile,Owner,Unknown,No defect,Residential areas,Undivided Two way,Tangent road with flat terrain,Y Shape,Asphalt roads,Dry,Daylight,Normal,Collision with roadside objects,2,1,Going straight,Driver or rider,Male,5,3.0,No priority to vehicle,Slight Injury
2024-10-05 08:51:00,Friday,31-50,Male,Junior high school,5-10yr,Public (13-45 seats),Governmental,Above 10yr,No defect,Residential areas,Other,Tangent road with flat terrain,Y Shape,Asphalt roads,Dry,Daylight,Normal,Collision with pedestrians,2,1,Going straight,,,,,Changing lane to the left,Slight Injury
2024-10-05 18:50:00,Wednesday,18-30,Male,Junior high school,Above 10yr,Automobile,Owner,1-2yr,No defect,Industrial areas,Other,Tangent road with flat terrain,Y Shape,Asphalt roads,Dry,Darkness - lights lit,Other,Vehicle with vehicle collision,2,1,Turnover,,,,,No priority to vehicle,Slight Injury
2024-10-05 18:50:00,Wednesday,Unknown,Male,Junior high school,1-2yr,Public (13-45 seats),Owner,2-5yrs,No defect,Residential areas,Undivided Two way,Tangent road with flat terrain,Y Shape,Asphalt roads,Dry,Darkness - lights lit,Other,Vehicle with vehicle collision,2,1,Other,Driver or rider,Male,18-30,3.0,Moving Backward,Slight Injury
2024-10-05 08:35:00,Wednesday,18-30,Male,Junior high school,2-5yr,Public (13-45 seats),Owner,Unknown,No defect,Residential areas,Other,Tangent road with flat terrain,No junction,Asphalt roads,Dry,Daylight,Other,Vehicle with vehicle collision,1,1,Reversing,Passenger,Female,18-30,3.0,Turnover,Slight Injury
2024-10-05 15:35:00,Monday,31-50,Male,Junior high school,Below 1yr,Automobile,Owner,Unknown,No defect,Office areas,Undivided Two way,Tangent road with flat terrain,No junction,Asphalt roads,Dry,Daylight,Normal,Vehicle with vehicle collision,1,1,Other,Passenger,Female,18-30,3.0,No distancing,Serious Injury
2024-10-05 17:15:00,Wednesday,18-30,Male,Junior high school,Above 10yr,Lorry (11-40Q),Owner,2-5yrs,No defect,Office areas,Double carriageway (median),Escarpments,No junction,Earth roads,Dry,Darkness - lights lit,Normal,Vehicle with vehicle collision,2,1,Going straight,Passenger,Female,31-50,3.0,No distancing,Slight Injury
2024-10-05 17:15:00,Wednesday,31-50,Male,Junior high school,1-2yr,Automobile,Owner,Above 10yr,No defect,Office areas,Other,Tangent road with flat terrain,No junction,Asphalt roads,Dry,Darkness - lights lit,Normal,Vehicle with vehicle collision,2,1,Going straight,,,,,No distancing,Slight Injury
2024-10-05 13:00:00,Sunday,31-50,Male,Above high school,5-10yr,Lorry (41-100Q),Owner,1-2yr,No defect,Office areas,Undivided Two way,Escarpments,Other,Asphalt roads,Dry,Daylight,Normal,Vehicle with vehicle collision,2,1,Turnover,Driver or rider,Male,Over 51,3.0,Changing lane to the left,Slight Injury
2024-10-05 13:00:00,Sunday,Unknown,Male,Junior high school,5-10yr,Other,Owner,Unknown,No defect,Office areas,One way,Tangent road with flat terrain,Other,Asphalt roads,Dry,Daylight,Normal,Collision with roadside objects,2,1,Other,,,,,No priority to vehicle,Slight Injury
2024-10-05 11:29:00,Sunday,Over 51,Male,Elementary school,Below 1yr,Pick up upto 10Q,Owner,Unknown,No defect,Office areas,Undivided Two way,Tangent road with flat terrain,No junction,Asphalt roads,Dry,Daylight,Normal,Rollover,2,1,Going straight,Driver or rider,Male,18-30,3.0,Driving at high speed,Serious Injury
2024-10-05 11:29:00,Sunday,31-50,Male,Unknown,Unknown,Lorry (11-40Q),Owner,Unknown,No defect,Office areas,Other,Tangent road with flat terrain,No junction,Asphalt roads,Dry,Daylight,Normal,Vehicle with vehicle collision,2,1,Going straight,Pedestrian,Male,18-30,3.0,Overtaking,Serious Injury
2024-10-05 17:26:00,Tuesday,18-30,Male,Junior high school,Above 10yr,Motorcycle,Owner,Above 10yr,No defect,Residential areas,Other,Tangent road with flat terrain,No junction,Asphalt roads,Dry,Darkness - lights lit,Normal,Collision with pedestrians,1,1,Other,,,,,Other,Slight Injury
2024-10-05 13:23:00,Sunday,Under 18,Male,Junior high school,Unknown,Pick up upto 10Q,Owner,5-10yrs,No defect,Residential areas,One way,Tangent road with flat terrain,No junction,Asphalt roads,Dry,Daylight,Other,Vehicle with vehicle collision,2,1,Going straight,Driver or rider,Male,18-30,3.0,Changing lane to the left,Serious Injury
2024-10-05 13:23:00,Sunday,Under 18,Male,Junior high school,1-2yr,Lorry (11-40Q),Owner,Unknown,No defect,Other,One way,Tangent road with flat terrain,No junction,Asphalt roads,Dry,Daylight,Other,Vehicle with vehicle collision,2,1,Turnover,Driver or rider,Male,31-50,3.0,No priority to pedestrian,Serious Injury
2024-10-05 14:00:00,Wednesday,18-30,Male,Junior high school,2-5yr,Lorry (11-40Q),Owner,5-10yrs,No defect,Church areas,Undivided Two way,Tangent road with flat terrain,Crossing,Gravel roads,Dry,Daylight,Raining,Collision with pedestrians,3,2,Going straight,,,,,Changing lane to the left,Serious Injury
2024-10-05 14:00:00,Wednesday,Over 51,Male,Unknown,Unknown,Automobile,Owner,Unknown,No defect,Recreational areas,Other,Tangent road with flat terrain,Crossing,Asphalt roads,Dry,Daylight,Raining,Collision with pedestrians,3,2,Turnover,Driver or rider,Male,31-50,3.0,No distancing,Serious Injury
2024-10-05 14:00:00,Wednesday,Over 51,Male,Junior high school,Above 10yr,Automobile,Owner,Unknown,Unknown,Industrial areas,Undivided Two way,Tangent road with flat terrain,Crossing,Asphalt roads,Dry,Daylight,Raining,Vehicle with vehicle collision,3,2,Going straight,,,,,Moving Backward,Serious Injury
2024-10-05 14:00:00,Wednesday,Over 51,Male,Junior high school,2-5yr,Other,Other,Unknown,Unknown,Residential areas,Other,Other,Crossing,Asphalt roads,Dry,Daylight,Raining,Vehicle with vehicle collision,3,2,Moving Backward,Pedestrian,Male,31-50,2.0,Changing lane to the left,Serious Injury
2024-10-05 03:00:00,Friday,18-30,Male,Junior high school,5-10yr,Other,Owner,Above 10yr,No defect,Residential areas,Other,Tangent road with rolling terrain,Crossing,Asphalt roads,Dry,Darkness - no lighting,Normal,Vehicle with vehicle collision,2,1,Other,Pedestrian,Female,18-30,2.0,Other,Serious Injury
2024-10-05 03:00:00,Friday,18-30,Male,Junior high school,2-5yr,Automobile,Owner,2-5yrs,No defect,Office areas,Double carriageway (median),Tangent road with flat terrain,Crossing,Asphalt roads,Dry,Darkness - no lighting,Normal,Vehicle with vehicle collision,2,1,Going straight,,,,,No distancing,Serious Injury
2024-10-05 08:30:00,Monday,Unknown,Male,Junior high school,1-2yr,Taxi,Owner,2-5yrs,No defect,Market areas,Undivided Two way,Tangent road with flat terrain,O Shape,Asphalt roads,Wet or damp,Daylight,Other,Vehicle with vehicle collision,1,1,Going straight,Driver or rider,Male,18-30,3.0,Moving Backward,Slight Injury
2024-10-05 13:05:00,Monday,18-30,Male,Junior high school,5-10yr,Other,Other,Unknown,Unknown,Other,Other,Tangent road with flat terrain,No junction,Asphalt roads,Dry,Daylight,Normal,Collision with roadside objects,3,1,Reversing,Passenger,Female,31-50,3.0,No distancing,Serious Injury
2024-10-05 13:05:00,Monday,31-50,Male,Junior high school,2-5yr,Taxi,Owner,Unknown,No defect,Industrial areas,Other,Tangent road with flat terrain,No junction,Asphalt roads,Dry,Daylight,Normal,Vehicle with vehicle collision,3,1,Reversing,Passenger,Male,31-50,3.0,Changing lane to the left,Serious Injury
2024-10-05 13:05:00,Monday,31-50,Male,Elementary school,5-10yr,Lorry (11-40Q),Owner,Unknown,No defect,Residential areas,Two-way (divided with solid lines road marking),Tangent road with flat terrain,No junction,Asphalt roads,Dry,Daylight,Normal,Vehicle with vehicle collision,3,1,Reversing,Driver or rider,Male,18-30,3.0,Changing lane to the left,Serious Injury