Time,Day_of_week,Age_band_of_driver,Sex_of_driver,Educational_level,Driving_experience,Type_of_vehicle,Owner_of_vehicle,Service_year_of_vehicle,Defect_of_vehicle,Area_accident_occured,Lanes_or_Medians,Road_allignment,Types_of_Junction,Road_surface_type,Road_surface_conditions,Light_conditions,Weather_conditions,Type_of_collision,Number_of_vehicles_involved,Number_of_casualties,Vehicle_movement,Casualty_class,Sex_of_casualty,Age_band_of_casualty,Casualty_severity,Cause_of_accident,Accident_severity
2024-10-05 19:49:00,Wednesday,31-50,Male,Junior high school,5-10yr,Pick up upto 10Q,Owner,2-5yrs,Unknown,Office areas,Double carriageway (median),Tangent road with flat terrain,No junction,Asphalt roads,Wet or damp,Darkness - lights lit,Normal,Collision with pedestrians,3,1,Going straight,Driver or rider,Male,18-30,3.0,No distancing,Serious Injury
2024-10-05 16:00:00,Thursday,Unknown,Female,Elementary school,Above 10yr,Special vehicle,Owner,5-10yrs,Unknown,Office areas,Undivided Two way,Tangent road with mountainous terrain and,Y Shape,Asphalt roads,Snow,Daylight,Fog or mist,Vehicle with vehicle collision,1,1,Going straight,Driver or rider,Male,18-30,3.0,No priority to vehicle,Serious Injury
2024-10-05 18:30:00,Thursday,Unknown,Male,Junior high school,5-10yr,Lorry (11-40Q),Other,Unknown,Unknown,Office areas,Other,Tangent road with flat terrain,Y Shape,Gravel roads,Wet or damp,Darkness - lights lit,Other,Vehicle with vehicle collision,2,1,Going straight,,,,,Changing lane to the right,Slight Injury
2024-10-05 18:30:00,Thursday,Under 18,Male,Elementary school,2-5yr,Other,Owner,5-10yrs,No defect,Other,Two-way (divided with broken lines road marking),Tangent road with mild grade and flat terrain,Y Shape,Asphalt roads,Wet or damp,Darkness - lights lit,Other,Vehicle with vehicle collision,2,1,Going straight,Pedestrian,Female,31-50,2.0,Moving Backward,Slight Injury
2024-10-05 11:30:00,Friday,18-30,Male,Junior high school,2-5yr,Other,Owner,Unknown,No defect,Church areas,Undivided Two way,Tangent road with flat terrain,Other,Asphalt roads,Dry,Daylight,Normal,Collision with pedestrians,1,1,Other,Driver or rider,Male,Under 18,3.0,Driving under the influence of drugs,Slight Injury
2024-10-05 16:02:00,Wednesday,Under 18,Male,Junior high school,Above 10yr,Lorry (41-100Q),Owner,Unknown,No defect,Industrial areas,Undivided Two way,Tangent road with flat terrain,Crossing,Asphalt roads,Wet or damp,Daylight,Normal,Collision with pedestrians,1,1,Going straight,,,,,Changing lane to the right,Slight Injury
2024-10-05 07:48:00,Wednesday,Under 18,Male,Junior high school,2-5yr,Other,Owner,1-2yr,No defect,Office areas,Double carriageway (median),Tangent road with flat terrain,No junction,Asphalt roads,Dry,Daylight,Normal,Vehicle with vehicle collision,1,1,Going straight,Pedestrian,Male,Over 51,3.0,No priority to vehicle,Slight Injury
2024-10-05 18:50:00,Friday,Under 18,Male,Junior high school,Below 1yr,Other,Owner,Unknown,No defect,Church areas,Undivided Two way,Tangent road with flat terrain,Y Shape,Asphalt roads,Dry,Darkness - lights lit,Normal,Vehicle with vehicle collision,3,2,Going straight,Driver or rider,Male,31-50,3.0,Changing lane to the left,Slight Injury
2024-10-05 18:50:00,Friday,Under 18,Male,Junior high school,2-5yr,Automobile,Owner,Unknown,Unknown,Office areas,Undivided Two way,Tangent road with flat terrain,Y Shape,Asphalt roads,Dry,Darkness - lights lit,Normal,Vehicle with vehicle collision,3,2,Going straight,,,,,Driving carelessly,Slight Injury
2024-10-05 18:50:00,Friday,Unknown,Male,Junior high school,Above 10yr,Other,Owner,Unknown,No defect,Office areas,Other,Tangent road with flat terrain,Y Shape,Asphalt roads,Dry,Darkness - lights lit,Normal,Collision with roadside objects,3,2,Going straight,,,,,No priority to pedestrian,Slight Injury
2024-10-05 18:50:00,Friday,Unknown,Female,Junior high school,2-5yr,Automobile,Owner,Unknown,Unknown,Residential areas,Two-way (divided with broken lines road marking),Tangent road with flat terrain,Y Shape,Asphalt roads,Dry,Darkness - lights lit,Normal,Vehicle with vehicle collision,3,2,Going straight,Driver or rider,Male,31-50,3.0,No priority to pedestrian,Slight Injury
2024-10-05 12:00:00,Wednesday,Unknown,Male,Elementary school,Above 10yr,Public (13-45 seats),Owner,5-10yrs,Unknown,Office areas,Two-way (divided with broken lines road marking),Tangent road with flat terrain,Y Shape,Asphalt roads,Dry,Daylight,Normal,Collision with roadside objects,2,1,Moving Backward,,,,,Changing lane to the right,Slight Injury
2024-10-05 12:00:00,Wednesday,Over 51,Male,Elementary school,Above 10yr,Lorry (41-100Q),Owner,5-10yrs,Unknown,Residential areas,Undivided Two way,Tangent road with flat terrain,Y Shape,Asphalt roads with some distress,Dry,Daylight,Normal,Vehicle with vehicle collision,2,1,Going straight,,,,,Drunk driving,Slight Injury
2024-10-05 21:15:00,Friday,Unknown,Male,Elementary school,Above 10yr,Other,Owner,2-5yrs,Unknown,Office areas,Double carriageway (median),Tangent road with flat terrain,Crossing,Asphalt roads,Dry,Darkness - lights lit,Normal,Vehicle with vehicle collision,2,1,Going straight,Driver or rider,Male,5,3.0,Changing lane to the left,Slight Injury
2024-10-05 21:15:00,Friday,18-30,Male,Junior high school,Above 10yr,Automobile,Owner,2-5yrs,No defect,Office areas,Double carriageway (median),Tangent road with flat terrain,Crossing,Asphalt roads,Dry,Darkness - lights lit,Normal,Collision with roadside objects,2,1,Going straight,Passenger,Female,Over 51,3.0,Changing lane to the left,Slight Injury
2024-10-05 21:39:00,Tuesday,Under 18,Male,Junior high school,Below 1yr,Other,Other,Unknown,No defect,Other,Two-way (divided with broken lines road marking),Tangent road with flat terrain,Y Shape,Asphalt roads,Wet or damp,Darkness - lights lit,Normal,Vehicle with vehicle collision,1,2,Going straight,Driver or rider,Male,31-50,3.0,Driving to the left,Slight Injury
2024-10-05 21:39:00,Tuesday,Under 18,Male,Elementary school,5-10yr,Lorry (41-100Q),Owner,Unknown,No defect,Other,Two-way (divided with broken lines road marking),Tangent road with flat terrain,Y Shape,Asphalt roads,Wet or damp,Darkness - lights lit,Normal,Vehicle with vehicle collision,1,2,Going straight,,,,,Changing lane to the left,Slight Injury
2024-10-05 16:02:00,Monday,Over 51,Male,Junior high school,2-5yr,Other,Owner,Above 10yr,No defect,Residential areas,Two-way (divided with broken lines road marking),Tangent road with flat terrain,Crossing,Asphalt roads,Wet or damp,Daylight,Raining,Collision with roadside objects,1,3,Going straight,,,,,Driving under the influence of drugs,Slight Injury
2024-10-05 16:02:00,Monday,Over 51,Male,Junior high school,Above 10yr,Lorry (41-100Q),Owner,Unknown,Unknown,Church areas,Two-way (divided with broken lines road marking),Tangent road with flat terrain,Crossing,Asphalt roads,Wet or damp,Daylight,Raining,Collision with roadside objects,1,3,Going straight,Driver or rider,Male,5,3.0,No priority to pedestrian,Slight Injury
2024-10-05 16:02:00,Monday,Over 51,Male,Junior high school,Below 1yr,Taxi,Governmental,Unknown,No defect,Church areas,Double carriageway (median),Tangent road with flat terrain,Crossing,Asphalt roads,Wet or damp,Daylight,Raining,Vehicle with vehicle collision,1,3,Getting off,Driver or rider,Female,31-50,3.0,Changing lane to the left,Slight Injury
2024-10-05 16:37:00,Tuesday,31-50,Male,Junior high school,2-5yr,Lorry (41-100Q),Owner,2-5yrs,No defect,Residential areas,Double carriageway (median),Tangent road with flat terrain,Y Shape,Asphalt roads,Dry,Daylight,Normal,Vehicle with vehicle collision,2,1,Going straight,,,,,Moving Backward,Serious Injury
2024-10-05 16:37:00,Tuesday,31-50,Male,Junior high school,Above 10yr,Lorry (41-100Q),Owner,Unknown,No defect,Office areas,Two-way (divided with broken lines road marking),Tangent road with mild grade and flat terrain,Y Shape,Asphalt roads,Dry,Daylight,Normal,Vehicle with vehicle collision,2,1,Going straight,,,,,Overtaking,Serious Injury
2024-10-05 13:43:00,Monday,31-50,Male,Writing & reading,2-5yr,Other,Owner,5-10yrs,No defect,Office areas,Two-way (divided with broken lines road marking),Tangent road with mild grade and flat terrain,Crossing,Asphalt roads,Dry,Daylight,Normal,Vehicle with vehicle collision,2,1,Turnover,Driver or rider,Male,31-50,2.0,Changing lane to the left,Slight Injury
2024-10-05 13:43:00,Monday,31-50,Male,Junior high school,2-5yr,Stationwagen,Owner,2-5yrs,Unknown,Residential areas,Two-way (divided with broken lines road marking),Tangent road with flat terrain,Crossing,Asphalt roads,Dry,Daylight,Normal,Vehicle with vehicle collision,2,1,Moving Backward,Pedestrian,Male,31-50,3.0,Changing lane to the right,Slight Injury
2024-10-05 08:00:00,Wednesday,18-30,Male,High school,2-5yr,Stationwagen,Owner,5-10yrs,Unknown,Church areas,Other,Tangent road with flat terrain,Crossing,Asphalt roads,Dry,Darkness - lights lit,Other,Vehicle with vehicle collision,2,1,Going straight,Pedestrian,Female,31-50,3.0,Overtaking,Slight Injury
2024-10-05 08:00:00,Wednesday,18-30,Male,Junior high school,1-2yr,Lorry (41-100Q),Owner,Above 10yr,No defect,Residential areas,Other,Tangent road with flat terrain,Crossing,Asphalt roads,Dry,Darkness - lights lit,Other,Vehicle with vehicle collision,2,1,Moving Backward,Pedestrian,Female,18-30,3.0,Overloading,Slight Injury
2024-10-05 12:58:00,Thursday,Unknown,Male,High school,5-10yr,Lorry (41-100Q),Owner,5-10yrs,No defect,Office areas,Undivided Two way,Tangent road with flat terrain,No junction,Asphalt roads,Snow,Daylight,Snow,Vehicle with vehicle collision,2,5,Going straight,,,,,Other,Slight Injury
2024-10-05 12:58:00,Thursday,18-30,Male,Elementary school,2-5yr,Other,Owner,Unknown,No defect,Recreational areas,Other,Other,No junction,Asphalt roads,Snow,Daylight,Snow,Vehicle with vehicle collision,2,5,Other,Driver or rider,Male,31-50,3.0,No priority to vehicle,Slight Injury
2024-10-05 12:58:00,Thursday,18-30,Male,Junior high school,1-2yr,Automobile,Governmental,Unknown,No defect,Office areas,Other,Tangent road with mild grade and flat terrain,No junction,Asphalt roads,Snow,Daylight,Snow,Vehicle with vehicle collision,2,5,Going straight,,,,,Changing lane to the right,Slight Injury
2024-10-05 12:58:00,Thursday,18-30,Male,Elementary school,1-2yr,Other,Owner,5-10yrs,No defect,Industrial areas,Other,Tangent road with flat terrain,No junction,Asphalt roads,Snow,Daylight,Snow,Vehicle with vehicle collision,2,5,Other,Pedestrian,Female,18-30,3.0,Moving Backward,Slight Injury
2024-10-05 12:58:00,Thursday,18-30,Male,High school,No Licence,Taxi,Other,Unknown,Unknown,Other,Other,Other,No junction,Asphalt roads,Snow,Daylight,Snow,Vehicle with vehicle collision,2,5,Going straight,Pedestrian,Female,31-50,3.0,Changing lane to the left,Slight Injury
2024-10-05 12:58:00,Thursday,18-30,Male,Junior high school,5-10yr,Lorry (41-100Q),Owner,Unknown,No defect,Residential areas,Undivided Two way,Tangent road with flat terrain,No junction,Asphalt roads,Snow,Daylight,Snow,Vehicle with vehicle collision,2,5,Other,Pedestrian,Male,Over 51,3.0,No priority to pedestrian,Slight Injury
2024-10-05 09:00:00,Tuesday,31-50,Male,Junior high school,1-2yr,Other,Governmental,Above 10yr,No defect,Residential areas,Other,Tangent road with flat terrain,No junction,Asphalt roads,Dry,Daylight,Normal,Vehicle with vehicle collision,1,1,Going straight,,,,,No distancing,Serious Injury
2024-10-05 17:00:00,Thursday,Unknown,Female,Junior high school,2-5yr,Automobile,Owner,1-2yr,No defect,Industrial areas,Other,Tangent road with flat terrain,No junction,Asphalt roads,Dry,Daylight,Other,Vehicle with vehicle collision,1,1,Going straight,Driver or rider,Male,18-30,3.0,No priority to vehicle,Slight Injury
2024-10-05 15:08:00,Tuesday,18-30,Male,Junior high school,5-10yr,Public (> 45 seats),Owner,2-5yrs,No defect,Residential areas,Undivided Two way,Tangent road with flat terrain,Y Shape,Asphalt roads,Dry,Daylight,Normal,Vehicle with vehicle collision,1,1,Going straight,,,,,No distancing,Slight Injury
2024-10-05 08:59:00,Thursday,31-50,Male,Unknown,Unknown,Stationwagen,Owner,Unknown,No defect,Residential areas,Other,Tangent road with flat terrain,Y Shape,Asphalt roads,Wet or damp,Daylight,Raining,Vehicle with vehicle collision,2,1,Going straight,Driver or rider,Female,31-50,3.0,No distancing,Slight Injury
2024-10-05 08:59:00,Thursday,18-30,Male,Unknown,Unknown,Automobile,Owner,Unknown,No defect,Office areas,Undivided Two way,Tangent road with flat terrain,Y Shape,Asphalt roads,Wet or damp,Daylight,Raining,Vehicle with vehicle collision,2,1,Going straight,Pedestrian,Male,31-50,3.0,Moving Backward,Slight Injury
2024-10-05 14:20:00,Friday,18-30,Male,Junior high school,2-5yr,Lorry (41-100Q),Owner,2-5yrs,No defect,Office areas,Double carriageway (median),Escarpments,Crossing,Asphalt roads,Dry,Daylight,Normal,Collision with roadside objects,2,1,Other,Driver or rider,Male,18-30,3.0,Changing lane to the right,Slight Injury
2024-10-05 14:20:00,Friday,31-50,Male,Junior high school,Above 10yr,Other,Owner,Above 10yr,No defect,Office areas,Other,Tangent road with flat terrain,Crossing,Asphalt roads,Dry,Daylight,Normal,Vehicle with vehicle collision,2,1,Other,,,,,No priority to pedestrian,Slight Injury
2024-10-05 16:37:00,Friday,18-30,Male,Junior high school,Above 10yr,Public (13-45 seats),Owner,1-2yr,No defect,Office areas,Undivided Two way,Escarpments,No junction,Asphalt roads,Dry,Daylight,Normal,Collision with pedestrians,2,1,Going straight,,,,,Moving Backward,Slight Injury
2024-10-05 16:37:00,Friday,31-50,Male,Unknown,Unknown,Other,Owner,Unknown,No defect,Office areas,One way,Tangent road with flat terrain,No junction,Asphalt roads,Dry,Daylight,Normal,Vehicle with vehicle collision,2,1,Going straight,Driver or rider,Male,5,3.0,Moving Backward,Slight Injury
2024-10-05 07:17:00,Wednesday,31-50,Male,Elementary school,Above 10yr,Other,Owner,Unknown,No defect,Office areas,Undivided Two way,Tangent road with flat terrain,O Shape,Asphalt roads,Dry,Daylight,Normal,Collision with roadside objects,2,1,Getting off,,,,,Overtaking,Slight Injury
2024-10-05 07:17:00,Wednesday,Unknown,Male,Unknown,Unknown,Ridden horse,Owner,Unknown,No defect,Office areas,Other,Tangent road with flat terrain,O Shape,Asphalt roads,Dry,Daylight,Normal,Vehicle with vehicle collision,2,1,Going straight,Driver or rider,Male,18-30,3.0,Changing lane to the left,Slight Injury
2024-10-05 17:15:00,Sunday,31-50,Male,Junior high school,5-10yr,Lorry (41-100Q),Owner,Above 10yr,No defect,Residential areas,Other,Tangent road with flat terrain,Y Shape,Asphalt roads,Wet or damp,Darkness - lights lit,Normal,Vehicle with vehicle collision,2,1,Going straight,,,,,Changing lane to the right,Slight Injury
2024-10-05 17:15:00,Sunday,18-30,Male,Junior high school,Above 10yr,Lorry (41-100Q),Owner,5-10yrs,No defect,Residential areas,One way,Tangent road with flat terrain,Y Shape,Asphalt roads,Wet or damp,Darkness - lights lit,Normal,Vehicle with vehicle collision,2,1,Going straight,Driver or rider,Male,31-50,3.0,Overtaking,Slight Injury
2024-10-05 13:40:00,Tuesday,Over 51,Male,High school,Above 10yr,Pick up upto 10Q,Owner,Unknown,No defect,Other,One way,Tangent road with flat terrain,Crossing,Asphalt roads,Dry,Daylight,Other,Vehicle with vehicle collision,2,1,Going straight,Driver or rider,Female,18-30,3.0,Overloading,Slight Injury
2024-10-05 13:40:00,Tuesday,Over 51,Male,Unknown,Unknown,Lorry (11-40Q),Owner,5-10yrs,No defect,Church areas,Undivided Two way,Tangent road with flat terrain,Crossing,Asphalt roads,Dry,Daylight,Other,Vehicle with vehicle collision,2,1,Going straight,,,,,Other,Slight Injury
2024-10-05 09:51:00,Thursday,Over 51,Male,Elementary school,5-10yr,Automobile,Owner,Unknown,No defect,Recreational areas,Other,Tangent road with flat terrain,Y Shape,Asphalt roads,Dry,Daylight,Normal,Rollover,2,2,Getting off,Driver or rider,Male,31-50,3.0,No priority to vehicle,Serious Injury
2024-10-05 09:51:00,Thursday,31-50,Male,Elementary school,Above 10yr,Automobile,Owner,Unknown,Unknown,Industrial areas,Undivided Two way,Tangent road with flat terrain,Y Shape,Asphalt roads,Dry,Daylight,Normal,Collision with roadside objects,2,2,Going straight,Passenger,Male,18-30,3.0,Changing lane to the right,Serious Injury
2024-10-05 00:25:00,Monday,Under 18,Male,Junior high school,Below 1yr,Lorry (11-40Q),Other,Unknown,Unknown,Residential areas,Other,Other,Y Shape,Asphalt roads,Wet or damp,Darkness - lights lit,Other,Vehicle with vehicle collision,1,2,Going straight,,,,,Moving Backward,Slight Injury
2024-10-05 00:25:00,Monday,Under 18,Male,Junior high school,2-5yr,Motorcycle,Owner,Above 10yr,No defect,Residential areas,Other,Tangent road with rolling terrain,Y Shape,Asphalt roads,Wet or damp,Darkness - lights lit,Other,Collision with roadside objects,1,2,Other,Driver or rider,Male,31-50,3.0,Changing lane to the left,Slight Injury
2024-10-05 19:41:00,Thursday,18-30,Male,Junior high school,2-5yr,Lorry (41-100Q),Owner,2-5yrs,No defect,Office areas,Double carriageway (median),Tangent road with flat terrain,Y Shape,Asphalt roads,Wet or damp,Darkness - lights lit,Raining,Vehicle with vehicle collision,3,1,Going straight,Pedestrian,Female,5,3.0,No priority to pedestrian,Serious Injury
2024-10-05 19:41:00,Thursday,31-50,Male,High school,5-10yr,Stationwagen,Owner,2-5yrs,No defect,Market areas,Undivided Two way,Tangent road with flat terrain,Y Shape,Asphalt roads,Wet or damp,Darkness - lights lit,Raining,Vehicle with vehicle collision,3,1,Going straight,,,,,No distancing,Serious Injury
2024-10-05 19:41:00,Thursday,18-30,Male,Junior high school,Unknown,Automobile,Other,Unknown,Unknown,Other,Other,Tangent road with flat terrain,Y Shape,Asphalt roads,Wet or damp,Darkness - lights lit,Raining,Vehicle with vehicle collision,3,1,Going straight,Driver or rider,Male,18-30,3.0,No priority to vehicle,Serious Injury
2024-10-05 16:00:00,Tuesday,31-50,Male,Unknown,Below 1yr,Other,Owner,Unknown,No defect,Industrial areas,Other,Tangent road with flat terrain,Y Shape,Asphalt roads,Dry,Daylight,Normal,Vehicle with vehicle collision,1,1,Going straight,,,,,No distancing,Serious Injury
2024-10-05 07:45:00,Monday,Unknown,Female,Elementary school,Above 10yr,Other,Owner,Unknown,No defect,Residential areas,Two-way (divided with solid lines road marking),Tangent road with flat terrain,No junction,Asphalt roads,Dry,Daylight,Normal,Vehicle with vehicle collision,2,1,Going straight,Driver or rider,Female,31-50,3.0,Moving Backward,Serious Injury
2024-10-05 07:45:00,Monday,31-50,Male,Elementary school,Below 1yr,Taxi,Governmental,Below 1yr,No defect,Residential areas,Undivided Two way,Tangent road with flat terrain,No junction,Asphalt roads,Dry,Daylight,Normal,Collision with roadside objects,2,1,Reversing,,,,,Overtaking,Serious Injury
2024-10-05 12:32:00,Wednesday,18-30,Male,Junior high school,5-10yr,Automobile,Owner,5-10yrs,No defect,Other,Undivided Two way,Tangent road with flat terrain,No junction,Asphalt roads,Dry,Daylight,Normal,Vehicle with vehicle collision,2,2,Other,Driver or rider,Male,18-30,3.0,Changing lane to the left,Slight Injury
2024-10-05 12:32:00,Wednesday,18-30,Male,Junior high school,5-10yr,Long lorry,Governmental,Unknown,No defect,Residential areas,Other,Tangent road with flat terrain,No junction,Asphalt roads,Dry,Daylight,Normal,Collision with roadside objects,2,2,Going straight,Driver or rider,Male,18-30,3.0,Changing lane to the right,Slight Injury
2024-10-05 12:32:00,Wednesday,Unknown,Male,Unknown,Unknown,Long lorry,Owner,1-2yr,No defect,Rural village areas,Undivided Two way,Gentle horizontal curve,No junction,Asphalt roads,Dry,Daylight,Normal,Vehicle with vehicle collision,2,2,Going straight,Pedestrian,Female,18-30,3.0,Overtaking,Slight Injury
2024-10-05 08:20:00,Tuesday,18-30,Male,Junior high school,1-2yr,Lorry (41-100Q),Owner,2-5yrs,No defect,Rural village areas,Undivided Two way,Gentle horizontal curve,No junction,Asphalt roads,Dry,Daylight,Normal,Vehicle with vehicle collision,2,1,Going straight,Passenger,Female,18-30,3.0,Overloading,Slight Injury
2024-10-05 08:20:00,Tuesday,31-50,Male,High school,5-10yr,Lorry (41-100Q),Owner,Unknown,No defect,Office areas,Double carriageway (median),Tangent road with flat terrain,No junction,Asphalt roads,Dry,Daylight,Normal,Vehicle with vehicle collision,2,1,Going straight,,,,,Other,Slight Injury
2024-10-05 21:30:00,Sunday,31-50,Male,Junior high school,5-10yr,Lorry (11-40Q),Owner,2-5yrs,No defect,Residential areas,Undivided Two way,Gentle horizontal curve,No junction,Asphalt roads,Dry,Darkness - lights lit,Other,Vehicle with vehicle collision,2,1,Going straight,,,,,No priority to vehicle,Slight Injury
2024-10-05 21:30:00,Sunday,18-30,Male,Junior high school,5-10yr,Automobile,Owner,Unknown,Unknown,Residential areas,Other,Tangent road with flat terrain,No junction,Asphalt roads,Dry,Darkness - lights lit,Other,Vehicle with vehicle collision,2,1,Going straight,,,,,Changing lane to the right,Slight Injury
2024-10-05 18:00:00,Tuesday,Unknown,Unknown,Junior high school,5-10yr,Taxi,Owner,Unknown,7,Outside rural areas,Other,Tangent road with flat terrain,No junction,Asphalt roads,Wet or damp,Darkness - lights lit,Normal,Vehicle with vehicle collision,2,1,Going straight,Driver or rider,Male,31-50,3.0,Moving Backward,Slight Injury
2024-10-05 18:00:00,Tuesday,Over 51,Male,Junior high school,Above 10yr,Other,Owner,Above 10yr,Unknown,Residential areas,Other,Tangent road with flat terrain,No junction,Asphalt roads,Wet or damp,Darkness - lights lit,Normal,Vehicle with vehicle collision,2,1,Going straight,,,,,Changing lane to the left,Slight Injury
2024-10-05 17:00:00,Thursday,Unknown,Male,Junior high school,5-10yr,Automobile,Owner,5-10yrs,5,Church areas,Other,Tangent road with flat terrain,Y Shape,Asphalt roads,Wet or damp,Darkness - lights lit,Raining,Vehicle with vehicle collision,2,1,Going straight,Driver or rider,Male,18-30,3.0,No priority to pedestrian,Slight Injury
2024-10-05 17:00:00,Thursday,18-30,Male,Junior high school,No Licence,Automobile,Owner,Unknown,No defect,Office areas,Undivided Two way,Tangent road with flat terrain,Y Shape,Asphalt roads,Wet or damp,Darkness - lights lit,Raining,Vehicle with vehicle collision,2,1,Moving Backward,,,,,No distancing,Slight Injury
2024-10-05 16:00:00,Friday,Unknown,Male,Above high school,Below 1yr,Automobile,Owner,Unknown,No defect,Office areas,Two-way (divided with broken lines road marking),Tangent road with mountainous terrain and,Y Shape,Asphalt roads,Dry,Daylight,Other,Vehicle with vehicle collision,2,1,Moving Backward,Passenger,Female,18-30,3.0,No priority to vehicle,Slight Injury
2024-10-05 16:00:00,Friday,18-30,Male,Elementary school,5-10yr,Automobile,Governmental,Unknown,No defect,Office areas,Two-way (divided with broken lines road marking),Escarpments,Y Shape,Asphalt roads,Dry,Daylight,Other,Vehicle with vehicle collision,2,1,Turnover,,,,,No distancing,Slight Injury
2024-10-05 16:40:00,Saturday,Over 51,Male,Elementary school,5-10yr,Public (> 45 seats),Owner,2-5yrs,Unknown,Other,Undivided Two way,Tangent road with mountainous terrain and,No junction,Asphalt roads,Dry,Daylight,Normal,Rollover,1,1,Other,Passenger,Male,Over 51,3.0,No distancing,Slight Injury
2024-10-05 16:41:00,Saturday,31-50,Male,Junior high school,5-10yr,Lorry (11-40Q),Owner,2-5yrs,Unknown,Other,Undivided Two way,Tangent road with flat terrain,Crossing,Asphalt roads,Dry,Daylight,Normal,Collision with roadside objects,3,1,Other,Passenger,Female,Over 51,3.0,Moving Backward,Slight Injury
2024-10-05 16:41:00,Saturday,31-50,Male,High school,5-10yr,Lorry (41-100Q),Owner,Unknown,No defect,Residential areas,Two-way (divided with broken lines road marking),Tangent road with flat terrain,Crossing,Asphalt roads,Dry,Daylight,Normal,Vehicle with vehicle collision,3,1,Going straight,,,,,Changing lane to the right,Slight Injury
2024-10-05 12:56:00,Monday,31-50,Male,Junior high school,5-10yr,Lorry (41-100Q),Owner,Unknown,Unknown,Other,Two-way (divided with broken lines road marking),Tangent road with flat terrain,Y Shape,Asphalt roads,Dry,Daylight,Normal,Vehicle with vehicle collision,2,1,Going straight,Driver or rider,Male,18-30,3.0,No priority to pedestrian,Slight Injury
2024-10-05 15:55:00,Saturday,18-30,Male,Junior high school,2-5yr,Stationwagen,Owner,Below 1yr,Unknown,Other,Undivided Two way,Tangent road with mild grade and flat terrain,Crossing,Asphalt roads,Dry,Daylight,Normal,Collision with roadside objects,2,1,Other,,,,,Moving Backward,Slight Injury
2024-10-05 15:55:00,Saturday,31-50,Male,Writing & reading,5-10yr,Other,Owner,5-10yrs,Unknown,Other,Two-way (divided with broken lines road marking),Tangent road with flat terrain,Crossing,Asphalt roads,Dry,Daylight,Normal,Vehicle with vehicle collision,2,1,Other,,,,,Getting off the vehicle improperly,Slight Injury
2024-10-05 10:15:00,Wednesday,31-50,Male,Junior high school,Above 10yr,Automobile,Governmental,5-10yrs,No defect,Other,Undivided Two way,Tangent road with flat terrain,No junction,Asphalt roads,Dry,Daylight,Normal,Vehicle with vehicle collision,1,1,Going straight,Driver or rider,Male,18-30,3.0,Overtaking,Slight Injury
2024-10-05 08:03:00,Friday,18-30,Male,Junior high school,1-2yr,Pick up upto 10Q,Owner,2-5yrs,No defect,Other,Double carriageway (median),Tangent road with mild grade and flat terrain,Y Shape,Asphalt roads with some distress,Dry,Daylight,Normal,Vehicle with vehicle collision,2,1,Reversing,Pedestrian,Male,18-30,3.0,Overloading,Slight Injury
2024-10-05 08:03:00,Friday,31-50,Male,Writing & reading,Below 1yr,Motorcycle,Owner,Unknown,No defect,Other,Two-way (divided with broken lines road marking),Tangent road with flat terrain,Y Shape,Asphalt roads,Dry,Daylight,Normal,Rollover,2,1,Other,,,,,Changing lane to the right,Slight Injury
2024-10-05 20:35:00,Thursday,18-30,Male,Elementary school,1-2yr,Automobile,Owner,2-5yrs,Unknown,Church areas,Two-way (divided with broken lines road marking),Tangent road with flat terrain,Crossing,Asphalt roads,Dry,Darkness - no lighting,Normal,Rollover,2,1,Turnover,Driver or rider,Male,31-50,3.0,Improper parking,Slight Injury
2024-10-05 20:35:00,Thursday,18-30,Male,Junior high school,5-10yr,Pick up upto 10Q,Owner,5-10yrs,Unknown,Other,Undivided Two way,Tangent road with flat terrain,Crossing,Asphalt roads,Dry,Darkness - no lighting,Normal,Collision with pedestrians,2,1,Going straight,Passenger,Female,31-50,3.0,Other,Slight Injury
2024-10-05 17:15:00,Thursday,18-30,Male,Junior high school,1-2yr,Motorcycle,Organization,2-5yrs,Unknown,Industrial areas,Two-way (divided with broken lines road marking),Tangent road with flat terrain,Y Shape,Asphalt roads,Dry,Daylight,Normal,Vehicle with vehicle collision,1,1,Going straight,Passenger,Male,Over 51,3.0,Changing lane to the left,Slight Injury
2024-10-05 21:10:00,Thursday,18-30,Male,Elementary school,5-10yr,Stationwagen,Owner,Unknown,No defect,Residential areas,Double carriageway (median),Tangent road with flat terrain,No junction,Gravel roads,Dry,Darkness - lights lit,Normal,Vehicle with vehicle collision,2,1,Going straight,Pedestrian,Male,31-50,3.0,Changing lane to the right,Slight Injury
2024-10-05 21:10:00,Thursday,31-50,Male,Junior high school,2-5yr,Lorry (41-100Q),Governmental,Above 10yr,No defect,Other,Two-way (divided with broken lines road marking),Tangent road with flat terrain,No junction,Asphalt roads,Dry,Darkness - lights lit,Normal,Vehicle with vehicle collision,2,1,Going straight,,,,,No priority to pedestrian,Slight Injury
2024-10-05 22:32:00,Wednesday,18-30,Male,Junior high school,Below 1yr,Taxi,Owner,Unknown,No defect,Office areas,Two-way (divided with broken lines road marking),Tangent road with flat terrain,Crossing,Asphalt roads,Dry,Darkness - lights lit,Normal,Collision with pedestrians,2,1,Going straight,Driver or rider,Female,Over 51,3.0,Overspeed,Slight Injury
2024-10-05 22:32:00,Wednesday,31-50,Male,Writing & reading,5-10yr,Automobile,Owner,Unknown,No defect,Industrial areas,Other,Tangent road with flat terrain,Crossing,Asphalt roads,Dry,Darkness - lights lit,Normal,Collision with pedestrians,2,1,Going straight,Driver or rider,Male,31-50,3.0,Changing lane to the left,Slight Injury