Time,Day_of_week,Age_band_of_driver,Sex_of_driver,Educational_level,Driving_experience,Type_of_vehicle,Owner_of_vehicle,Service_year_of_vehicle,Defect_of_vehicle,Area_accident_occured,Lanes_or_Medians,Road_allignment,Types_of_Junction,Road_surface_type,Road_surface_conditions,Light_conditions,Weather_conditions,Type_of_collision,Number_of_vehicles_involved,Number_of_casualties,Vehicle_movement,Casualty_class,Sex_of_casualty,Age_band_of_casualty,Casualty_severity,Cause_of_accident,Accident_severity
2024-10-05 08:30:00,Wednesday,31-50,Male,Writing & reading,5-10yr,Long lorry,Owner,1-2yr,No defect,Industrial areas,Double carriageway (median),Tangent road with flat terrain,Crossing,Asphalt roads,Dry,Daylight,Normal,Vehicle with vehicle collision,3,1,Going straight,,,,,No priority to vehicle,Slight Injury
2024-10-05 08:30:00,Wednesday,18-30,Male,Junior high school,5-10yr,Automobile,Owner,Unknown,No defect,Other,Two-way (divided with broken lines road marking),Tangent road with flat terrain,Crossing,Asphalt roads,Dry,Daylight,Normal,Vehicle with vehicle collision,3,1,Going straight,,,,,Changing lane to the right,Slight Injury
2024-10-05 08:30:00,Wednesday,31-50,Male,Junior high school,2-5yr,Public (12 seats),Organization,Above 10yr,Unknown,Hospital areas,Two-way (divided with broken lines road marking),Tangent road with flat terrain,Crossing,Asphalt roads,Dry,Daylight,Normal,Vehicle with vehicle collision,3,1,Going straight,Driver or rider,Male,18-30,2.0,No distancing,Slight Injury
2024-10-05 08:30:00,Wednesday,31-50,Male,Junior high school,Above 10yr,Lorry (11-40Q),Owner,Unknown,Unknown,Office areas,One way,Tangent road with flat terrain,Crossing,Asphalt roads,Dry,Daylight,Normal,Collision with roadside objects,3,1,Other,Driver or rider,Male,18-30,2.0,No priority to pedestrian,Slight Injury
2024-10-05 08:30:00,Wednesday,31-50,Male,Junior high school,5-10yr,Pick up upto 10Q,Owner,2-5yrs,No defect,Church areas,Undivided Two way,Tangent road with flat terrain,Crossing,Asphalt roads,Dry,Daylight,Normal,Vehicle with vehicle collision,3,1,Going straight,,,,,No distancing,Slight Injury
2024-10-05 15:33:00,Monday,31-50,Male,Junior high school,Above 10yr,Lorry (41-100Q),Organization,5-10yrs,No defect,Hospital areas,Undivided Two way,Tangent road with mountainous terrain and,Crossing,Asphalt roads,Wet or damp,Daylight,Raining,Collision with roadside objects,2,1,Going straight,,,,,No priority to vehicle,Slight Injury
2024-10-05 15:33:00,Monday,Under 18,Male,Junior high school,2-5yr,Other,Owner,Above 10yr,No defect,Office areas,Other,Tangent road with flat terrain,Crossing,Asphalt roads,Wet or damp,Daylight,Raining,Vehicle with vehicle collision,2,1,Moving Backward,Driver or rider,Male,31-50,3.0,Other,Slight Injury
2024-10-05 14:07:00,Wednesday,31-50,Male,Junior high school,Below 1yr,Automobile,Owner,2-5yrs,No defect,Other,Two-way (divided with broken lines road marking),Escarpments,No junction,Asphalt roads,Dry,Daylight,Normal,Vehicle with vehicle collision,2,3,Going straight,,,,,Driving carelessly,Slight Injury
2024-10-05 14:07:00,Wednesday,18-30,Male,Junior high school,Below 1yr,Long lorry,Owner,1-2yr,Unknown,Office areas,Undivided Two way,Tangent road with flat terrain,No junction,Asphalt roads,Dry,Daylight,Normal,Collision with roadside objects,2,3,Moving Backward,Driver or rider,Male,18-30,3.0,Changing lane to the left,Slight Injury
2024-10-05 14:07:00,Wednesday,18-30,Male,Junior high school,5-10yr,Lorry (11-40Q),Owner,2-5yrs,Unknown,Office areas,Two-way (divided with broken lines road marking),Tangent road with mountainous terrain and,No junction,Asphalt roads,Dry,Daylight,Normal,Vehicle with vehicle collision,2,3,Other,,,,,Driving carelessly,Slight Injury
2024-10-05 14:07:00,Wednesday,18-30,Male,Junior high school,2-5yr,Long lorry,Owner,Unknown,No defect,Other,Double carriageway (median),Steep grade downward with mountainous terrain,No junction,Earth roads,Dry,Daylight,Normal,Vehicle with vehicle collision,2,3,Going straight,Driver or rider,Female,18-30,3.0,Changing lane to the left,Slight Injury
2024-10-05 11:30:00,Saturday,31-50,Male,Elementary school,Below 1yr,Automobile,Owner,1-2yr,No defect,Office areas,Undivided Two way,Tangent road with mild grade and flat terrain,Y Shape,Asphalt roads,Dry,Daylight,Normal,Collision with roadside objects,2,1,Reversing,Pedestrian,Male,Under 18,3.0,No priority to vehicle,Slight Injury
2024-10-05 11:30:00,Saturday,31-50,Male,Junior high school,2-5yr,Taxi,Owner,Unknown,No defect,Residential areas,Undivided Two way,Tangent road with flat terrain,Y Shape,Other,Dry,Daylight,Normal,Collision with roadside objects,2,1,Going straight,,,,,No distancing,Slight Injury
2024-10-05 17:05:00,Thursday,31-50,Male,Junior high school,5-10yr,Taxi,Owner,Unknown,Unknown,Other,Two-way (divided with broken lines road marking),Tangent road with flat terrain,Y Shape,Other,Dry,Daylight,Normal,Vehicle with vehicle collision,1,1,Other,Driver or rider,Male,18-30,3.0,Changing lane to the right,Slight Injury
2024-10-05 13:45:00,Wednesday,31-50,Male,High school,Above 10yr,Long lorry,Owner,2-5yrs,Unknown,Office areas,Double carriageway (median),Tangent road with flat terrain,Crossing,Asphalt roads,Dry,Daylight,Normal,Vehicle with vehicle collision,2,1,Other,Passenger,Female,18-30,3.0,Changing lane to the right,Slight Injury
2024-10-05 13:45:00,Wednesday,31-50,Male,High school,Above 10yr,Lorry (11-40Q),Owner,5-10yrs,Unknown,Office areas,Undivided Two way,Tangent road with mountainous terrain and,Crossing,Earth roads,Dry,Daylight,Normal,Vehicle with vehicle collision,2,1,Other,Passenger,Male,31-50,3.0,Driving at high speed,Slight Injury
2024-10-05 07:10:00,Sunday,18-30,Male,Junior high school,5-10yr,Lorry (11-40Q),Other,Unknown,Unknown,Office areas,Other,Tangent road with flat terrain,No junction,Asphalt roads,Dry,Daylight,Normal,Vehicle with vehicle collision,1,1,Stopping,Driver or rider,Male,31-50,3.0,No distancing,Serious Injury
2024-10-05 16:53:00,Wednesday,Unknown,Female,Elementary school,1-2yr,Long lorry,Owner,5-10yrs,No defect,Other,Two-way (divided with broken lines road marking),Tangent road with mild grade and flat terrain,No junction,Asphalt roads,Dry,Daylight,Normal,Vehicle with vehicle collision,2,2,Other,,,,,Changing lane to the right,Slight Injury
2024-10-05 16:53:00,Wednesday,18-30,Male,Elementary school,5-10yr,Turbo,Owner,Unknown,No defect,Church areas,Undivided Two way,Tangent road with flat terrain,No junction,Earth roads,Dry,Daylight,Normal,Vehicle with vehicle collision,2,2,Other,Driver or rider,Male,31-50,3.0,Changing lane to the left,Slight Injury
2024-10-05 16:53:00,Wednesday,18-30,Male,Junior high school,5-10yr,Long lorry,Owner,Unknown,No defect,Industrial areas,Undivided Two way,Tangent road with flat terrain,No junction,Asphalt roads,Dry,Daylight,Normal,Vehicle with vehicle collision,2,2,Other,,,,,Getting off the vehicle improperly,Slight Injury
2024-10-05 15:25:00,Saturday,Under 18,Male,Junior high school,1-2yr,Long lorry,Owner,1-2yr,No defect,Office areas,Double carriageway (median),Tangent road with flat terrain,Crossing,Asphalt roads,Dry,Daylight,Normal,Vehicle with vehicle collision,2,1,Going straight,,,,,Other,Slight Injury
2024-10-05 15:25:00,Saturday,18-30,Male,Junior high school,5-10yr,Public (13-45 seats),Owner,Unknown,No defect,Church areas,Undivided Two way,Tangent road with flat terrain,Crossing,Asphalt roads,Dry,Daylight,Normal,Vehicle with vehicle collision,2,1,Going straight,Driver or rider,Female,18-30,3.0,Other,Slight Injury
2024-10-05 15:30:00,Friday,Unknown,Female,High school,Above 10yr,Automobile,Owner,Unknown,Unknown,Office areas,Undivided Two way,Tangent road with flat terrain,No junction,Asphalt roads,Dry,Daylight,Normal,Vehicle with vehicle collision,1,1,Going straight,Driver or rider,Male,31-50,3.0,No distancing,Slight Injury
2024-10-05 10:50:00,Saturday,18-30,Male,Unknown,Below 1yr,Automobile,Owner,Unknown,No defect,Office areas,Other,Tangent road with flat terrain,No junction,Asphalt roads,Dry,Daylight,Normal,Vehicle with vehicle collision,2,1,Going straight,Driver or rider,Male,31-50,3.0,No priority to vehicle,Serious Injury
2024-10-05 10:50:00,Saturday,18-30,Male,Writing & reading,5-10yr,Pick up upto 10Q,Owner,Unknown,Unknown,Residential areas,Two-way (divided with broken lines road marking),Tangent road with flat terrain,No junction,Asphalt roads,Dry,Daylight,Normal,Vehicle with vehicle collision,2,1,Going straight,Passenger,Male,31-50,3.0,Overtaking,Serious Injury
2024-10-05 15:48:00,Sunday,18-30,Male,Above high school,Above 10yr,Other,Owner,5-10yrs,Unknown,Office areas,Two-way (divided with broken lines road marking),Tangent road with flat terrain,Crossing,Asphalt roads,Dry,Daylight,Normal,Vehicle with vehicle collision,2,1,Going straight,Driver or rider,Male,Over 51,2.0,No priority to pedestrian,Slight Injury
2024-10-05 15:48:00,Sunday,18-30,Male,High school,Below 1yr,Stationwagen,Owner,5-10yrs,Unknown,Residential areas,Undivided Two way,Tangent road with flat terrain,Crossing,Asphalt roads,Dry,Daylight,Normal,Vehicle with vehicle collision,2,1,Going straight,,,,,No distancing,Slight Injury
2024-10-05 18:40:00,Sunday,18-30,Male,Junior high school,1-2yr,Other,Owner,2-5yrs,Unknown,Office areas,Double carriageway (median),Tangent road with flat terrain,No junction,Asphalt roads,Dry,Daylight,Normal,Vehicle with vehicle collision,3,2,Going straight,Driver or rider,Male,18-30,3.0,Changing lane to the right,Slight Injury
2024-10-05 18:40:00,Sunday,31-50,Male,Junior high school,Above 10yr,Automobile,Owner,2-5yrs,No defect,Office areas,Double carriageway (median),Tangent road with flat terrain,No junction,Asphalt roads,Dry,Daylight,Normal,Vehicle with vehicle collision,3,2,Going straight,,,,,Driving carelessly,Slight Injury
2024-10-05 18:40:00,Sunday,18-30,Male,Junior high school,Above 10yr,Automobile,Other,Unknown,No defect,Other,Two-way (divided with broken lines road marking),Tangent road with flat terrain,No junction,Asphalt roads,Dry,Daylight,Normal,Vehicle with vehicle collision,3,2,Going straight,Driver or rider,Male,Over 51,3.0,Changing lane to the right,Slight Injury
2024-10-05 23:50:00,Thursday,18-30,Male,Junior high school,Above 10yr,Long lorry,Owner,Unknown,No defect,Other,Two-way (divided with broken lines road marking),Tangent road with flat terrain,No junction,Asphalt roads,Dry,Darkness - lights lit,Normal,Vehicle with vehicle collision,1,1,Going straight,,,,,Overtaking,Slight Injury
2024-10-05 12:25:00,Thursday,Under 18,Male,Junior high school,No Licence,Public (13-45 seats),Owner,Above 10yr,No defect,Residential areas,Two-way (divided with broken lines road marking),Tangent road with flat terrain,Y Shape,Asphalt roads with some distress,Dry,Daylight,Normal,Collision with roadside objects,2,1,Reversing,Driver or rider,Male,31-50,3.0,Other,Slight Injury
2024-10-05 12:25:00,Thursday,31-50,Male,Junior high school,1-2yr,Public (13-45 seats),Owner,Unknown,Unknown,Church areas,Two-way (divided with broken lines road marking),Tangent road with flat terrain,Y Shape,Asphalt roads,Dry,Daylight,Normal,Vehicle with vehicle collision,2,1,Going straight,,,,,Driving to the left,Slight Injury
2024-10-05 18:30:00,Thursday,18-30,Male,Illiterate,1-2yr,Lorry (11-40Q),Governmental,Unknown,No defect,Church areas,Double carriageway (median),Tangent road with flat terrain,No junction,Asphalt roads,Dry,Daylight,Normal,Collision with pedestrians,2,1,Other,Driver or rider,Male,31-50,3.0,Driving at high speed,Slight Injury
2024-10-05 18:30:00,Thursday,18-30,Male,Junior high school,Below 1yr,Lorry (11-40Q),Owner,2-5yrs,No defect,Residential areas,Double carriageway (median),Tangent road with flat terrain,No junction,Asphalt roads,Dry,Daylight,Normal,Vehicle with vehicle collision,2,1,Other,,,,,Other,Slight Injury
2024-10-05 08:45:00,Wednesday,31-50,Male,Junior high school,1-2yr,Pick up upto 10Q,Owner,Unknown,No defect,Office areas,Two-way (divided with broken lines road marking),Tangent road with mild grade and flat terrain,Y Shape,Asphalt roads,Dry,Daylight,Normal,Collision with roadside objects,2,1,Getting off,Driver or rider,Male,18-30,3.0,Moving Backward,Serious Injury
2024-10-05 08:45:00,Wednesday,18-30,Male,Junior high school,2-5yr,Automobile,Owner,5-10yrs,No defect,Office areas,Two-way (divided with broken lines road marking),Tangent road with mild grade and flat terrain,Y Shape,Asphalt roads,Dry,Daylight,Normal,Vehicle with vehicle collision,2,1,Going straight,,,,,Overtaking,Serious Injury
2024-10-05 06:45:00,Friday,Over 51,Male,Unknown,5-10yr,Automobile,Owner,2-5yrs,Unknown,Residential areas,Two-way (divided with broken lines road marking),Tangent road with flat terrain,Crossing,Asphalt roads,Dry,Daylight,Normal,Vehicle with vehicle collision,2,1,Going straight,Driver or rider,Male,18-30,2.0,Changing lane to the left,Slight Injury
2024-10-05 06:45:00,Friday,18-30,Male,Unknown,Above 10yr,Automobile,Owner,5-10yrs,Unknown,Church areas,Other,Tangent road with flat terrain,Crossing,Asphalt roads,Dry,Daylight,Normal,Vehicle with vehicle collision,2,1,Going straight,Driver or rider,Male,31-50,3.0,Changing lane to the right,Slight Injury
2024-10-05 12:05:00,Thursday,31-50,Male,Junior high school,2-5yr,Long lorry,Owner,Above 10yr,No defect,Residential areas,Other,Tangent road with flat terrain,No junction,Asphalt roads,Dry,Daylight,Normal,Vehicle with vehicle collision,3,2,Going straight,,,,,Overtaking,Slight Injury
2024-10-05 12:05:00,Thursday,31-50,Male,Elementary school,Above 10yr,Long lorry,Owner,5-10yrs,No defect,Office areas,Undivided Two way,Tangent road with flat terrain,No junction,Asphalt roads,Dry,Daylight,Normal,Vehicle with vehicle collision,3,2,Turnover,Pedestrian,Male,18-30,3.0,Overloading,Slight Injury
2024-10-05 12:05:00,Thursday,18-30,Male,Writing & reading,5-10yr,Automobile,Owner,Unknown,No defect,Recreational areas,Other,Other,No junction,Asphalt roads,Dry,Daylight,Normal,Rollover,3,2,Entering a junction,,,,,Other,Slight Injury
2024-10-05 22:47:00,Saturday,18-30,Male,Unknown,Unknown,Stationwagen,Governmental,Unknown,No defect,Office areas,Other,Tangent road with mild grade and flat terrain,No junction,Asphalt roads,Dry,Darkness - lights lit,Normal,Collision with roadside objects,1,1,Entering a junction,Driver or rider,Male,Under 18,3.0,No priority to vehicle,Slight Injury
2024-10-05 10:15:00,Tuesday,31-50,Male,Junior high school,5-10yr,Other,Owner,5-10yrs,No defect,Industrial areas,Other,Tangent road with flat terrain,Other,Asphalt roads,Dry,Daylight,Normal,Vehicle with vehicle collision,3,1,Entering a junction,Passenger,Female,Under 18,3.0,Changing lane to the right,Slight Injury
2024-10-05 10:15:00,Tuesday,31-50,Unknown,Junior high school,Below 1yr,Other,Other,Unknown,Unknown,Other,Other,Other,Other,Asphalt roads,Dry,Daylight,Normal,Vehicle with vehicle collision,3,1,Entering a junction,,,,,Moving Backward,Slight Injury
2024-10-05 10:15:00,Tuesday,31-50,Male,Junior high school,2-5yr,Special vehicle,Owner,Unknown,No defect,Residential areas,Undivided Two way,Tangent road with flat terrain,Other,Asphalt roads,Dry,Daylight,Normal,Collision with roadside objects,3,1,Other,,,,,Changing lane to the left,Slight Injury
2024-10-05 10:30:00,Monday,18-30,Male,Elementary school,2-5yr,Lorry (41-100Q),Governmental,Above 10yr,No defect,Residential areas,Other,Tangent road with flat terrain,No junction,Asphalt roads,Dry,Daylight,Normal,Vehicle with vehicle collision,2,1,Entering a junction,,,,,No priority to pedestrian,Slight Injury
2024-10-05 10:30:00,Monday,18-30,Male,Junior high school,2-5yr,Pick up upto 10Q,Owner,1-2yr,No defect,Industrial areas,Other,Tangent road with flat terrain,No junction,Asphalt roads,Dry,Daylight,Normal,Vehicle with vehicle collision,2,1,Turnover,Passenger,Male,31-50,3.0,No distancing,Slight Injury
2024-10-05 20:40:00,Wednesday,18-30,Male,Junior high school,2-5yr,Lorry (11-40Q),Owner,2-5yrs,No defect,Residential areas,Undivided Two way,Tangent road with flat terrain,Other,Asphalt roads,Dry,Darkness - lights lit,Normal,Vehicle with vehicle collision,2,1,Entering a junction,Pedestrian,Female,Under 18,3.0,No priority to vehicle,Slight Injury
2024-10-05 20:40:00,Wednesday,Under 18,Male,Junior high school,5-10yr,Lorry (41-100Q),Owner,Unknown,No defect,Residential areas,Other,Tangent road with flat terrain,Other,Asphalt roads,Dry,Darkness - lights lit,Normal,Vehicle with vehicle collision,2,1,Entering a junction,Driver or rider,Female,18-30,3.0,No distancing,Slight Injury
2024-10-05 10:00:00,Monday,Over 51,Male,Junior high school,5-10yr,Motorcycle,Owner,Unknown,No defect,Office areas,Undivided Two way,Tangent road with flat terrain,Y Shape,Asphalt roads,Dry,Daylight,Normal,Vehicle with vehicle collision,2,3,Entering a junction,,,,,No distancing,Slight Injury
2024-10-05 10:00:00,Monday,Over 51,Male,Junior high school,Above 10yr,Automobile,Owner,2-5yrs,No defect,Office areas,Double carriageway (median),Escarpments,Y Shape,Gravel roads,Dry,Daylight,Normal,Vehicle with vehicle collision,2,3,Entering a junction,Passenger,Male,Over 51,3.0,Moving Backward,Slight Injury
2024-10-05 10:00:00,Monday,Over 51,Male,Elementary school,5-10yr,Automobile,Owner,Above 10yr,No defect,Office areas,Other,Tangent road with flat terrain,Y Shape,Asphalt roads,Dry,Daylight,Normal,Collision with pedestrians,2,3,Entering a junction,Passenger,Male,31-50,3.0,Changing lane to the right,Slight Injury
2024-10-05 10:00:00,Monday,Over 51,Male,Junior high school,5-10yr,Automobile,Owner,1-2yr,No defect,Office areas,Undivided Two way,Escarpments,Y Shape,Asphalt roads,Dry,Daylight,Normal,Vehicle with vehicle collision,2,3,Other,Pedestrian,Female,31-50,3.0,No priority to pedestrian,Slight Injury
2024-10-05 17:35:00,Sunday,18-30,Male,Junior high school,Above 10yr,Stationwagen,Owner,Unknown,No defect,Office areas,One way,Tangent road with flat terrain,Other,Asphalt roads,Dry,Daylight,Normal,Collision with roadside objects,2,1,Going straight,Pedestrian,Male,18-30,3.0,Moving Backward,Slight Injury
2024-10-05 17:35:00,Sunday,31-50,Male,Elementary school,Unknown,Other,Owner,Unknown,No defect,Office areas,Undivided Two way,Tangent road with flat terrain,Other,Asphalt roads,Dry,Daylight,Normal,Vehicle with vehicle collision,2,1,Going straight,Driver or rider,Male,18-30,3.0,Getting off the vehicle improperly,Slight Injury
2024-10-05 00:28:00,Saturday,18-30,Male,Junior high school,5-10yr,Public (> 45 seats),Owner,Unknown,No defect,Office areas,Other,Tangent road with flat terrain,Y Shape,Asphalt roads,Dry,Darkness - lights lit,Normal,Vehicle with vehicle collision,2,2,Other,,,,,Overtaking,Slight Injury
2024-10-05 00:28:00,Saturday,18-30,Male,Junior high school,5-10yr,Public (> 45 seats),Owner,Above 10yr,No defect,Residential areas,Other,Tangent road with flat terrain,Y Shape,Asphalt roads,Dry,Darkness - lights lit,Normal,Vehicle with vehicle collision,2,2,Going straight,Pedestrian,Female,31-50,3.0,Overloading,Slight Injury
2024-10-05 00:28:00,Saturday,31-50,Male,Junior high school,Below 1yr,Stationwagen,Owner,5-10yrs,No defect,Residential areas,One way,Tangent road with flat terrain,Y Shape,Asphalt roads,Dry,Darkness - lights lit,Normal,Vehicle with vehicle collision,2,2,Going straight,Driver or rider,Male,18-30,3.0,Changing lane to the right,Slight Injury
2024-10-05 09:23:00,Saturday,18-30,Male,Unknown,Unknown,Automobile,Owner,Unknown,No defect,Other,One way,Tangent road with flat terrain,Crossing,Asphalt roads,Dry,Daylight,Normal,Vehicle with vehicle collision,2,2,Going straight,,,,,Improper parking,Slight Injury
2024-10-05 09:23:00,Saturday,Over 51,Male,Junior high school,5-10yr,Bicycle,Owner,5-10yrs,No defect,Church areas,Undivided Two way,Tangent road with flat terrain,Crossing,Asphalt roads,Dry,Daylight,Normal,Vehicle with vehicle collision,2,2,Going straight,Pedestrian,Male,Over 51,3.0,Other,Slight Injury
2024-10-05 06:33:00,Wednesday,31-50,Male,Junior high school,5-10yr,Automobile,Owner,Unknown,No defect,Recreational areas,Other,Tangent road with flat terrain,Crossing,Asphalt roads,Wet or damp,Daylight,Normal,Vehicle with vehicle collision,2,1,Going straight,,,,,Changing lane to the left,Slight Injury
2024-10-05 06:33:00,Wednesday,31-50,Male,Junior high school,Above 10yr,Lorry (41-100Q),Owner,Unknown,Unknown,Industrial areas,Undivided Two way,Tangent road with flat terrain,Crossing,Asphalt roads,Wet or damp,Daylight,Normal,Vehicle with vehicle collision,2,1,Reversing,Driver or rider,Male,5,3.0,Changing lane to the right,Slight Injury
2024-10-05 22:10:00,Tuesday,Unknown,Female,High school,Above 10yr,Automobile,Other,Unknown,Unknown,Residential areas,Other,Other,Y Shape,Asphalt roads,Dry,Darkness - lights lit,Normal,Vehicle with vehicle collision,1,1,Moving Backward,Pedestrian,Female,18-30,3.0,No priority to pedestrian,Slight Injury
2024-10-05 05:20:00,Thursday,31-50,Male,Junior high school,Above 10yr,Public (13-45 seats),Owner,Above 10yr,No defect,Residential areas,Other,Tangent road with rolling terrain,Y Shape,Asphalt roads,Wet or damp,Daylight,Raining,Collision with roadside objects,2,1,Overtaking,,,,,Overspeed,Slight Injury
2024-10-05 05:20:00,Thursday,18-30,Male,Junior high school,Above 10yr,Special vehicle,Owner,2-5yrs,No defect,Office areas,Double carriageway (median),Tangent road with flat terrain,Y Shape,Asphalt roads,Wet or damp,Daylight,Raining,Vehicle with vehicle collision,2,1,Going straight,Driver or rider,Male,18-30,3.0,Changing lane to the left,Slight Injury
2024-10-05 10:20:00,Saturday,31-50,Male,Junior high school,Above 10yr,Automobile,Owner,2-5yrs,No defect,Market areas,Undivided Two way,Tangent road with flat terrain,Crossing,Gravel roads,Dry,Daylight,Normal,Collision with roadside objects,2,1,Going straight,Driver or rider,Female,18-30,3.0,No priority to vehicle,Slight Injury
2024-10-05 10:20:00,Saturday,31-50,Male,Junior high school,Above 10yr,Public (13-45 seats),Other,Unknown,Unknown,Other,Other,Tangent road with flat terrain,Crossing,Asphalt roads,Dry,Daylight,Normal,Vehicle with vehicle collision,2,1,Going straight,,,,,Changing lane to the right,Slight Injury
2024-10-05 22:43:00,Saturday,18-30,Male,Junior high school,5-10yr,Other,Owner,Unknown,No defect,Industrial areas,Other,Tangent road with flat terrain,No junction,Asphalt roads,Dry,Darkness - lights lit,Normal,Vehicle with vehicle collision,2,1,Going straight,Pedestrian,Female,31-50,3.0,No distancing,Serious Injury
2024-10-05 22:43:00,Saturday,31-50,Male,Junior high school,2-5yr,Lorry (41-100Q),Owner,Unknown,No defect,Residential areas,Two-way (divided with solid lines road marking),Tangent road with flat terrain,No junction,Asphalt roads,Dry,Darkness - lights lit,Normal,Other,2,1,Going straight,Driver or rider,Male,18-30,2.0,No priority to pedestrian,Serious Injury
2024-10-05 15:06:00,Thursday,18-30,Male,Junior high school,Below 1yr,Lorry (41-100Q),Governmental,Below 1yr,No defect,Residential areas,Undivided Two way,Tangent road with flat terrain,Y Shape,Asphalt roads,Dry,Daylight,Normal,Collision with pedestrians,1,1,Going straight,Passenger,Female,18-30,3.0,No distancing,Slight Injury
2024-10-05 16:47:00,Monday,18-30,Male,Junior high school,Below 1yr,Public (12 seats),Owner,5-10yrs,No defect,Other,Undivided Two way,Tangent road with flat terrain,Crossing,Earth roads,Dry,Daylight,Normal,Vehicle with vehicle collision,2,1,Going straight,Driver or rider,Male,Under 18,3.0,No priority to vehicle,Slight Injury
2024-10-05 16:47:00,Monday,31-50,Male,Junior high school,2-5yr,Lorry (41-100Q),Governmental,Unknown,No defect,Residential areas,Other,Tangent road with flat terrain,Crossing,Asphalt roads,Dry,Daylight,Normal,Vehicle with vehicle collision,2,1,Reversing,Passenger,Female,Under 18,3.0,Other,Slight Injury
2024-10-05 17:06:00,Thursday,31-50,Male,Elementary school,Below 1yr,Lorry (41-100Q),Owner,1-2yr,No defect,Rural village areas,Undivided Two way,Gentle horizontal curve,Crossing,Asphalt roads,Dry,Daylight,Normal,Vehicle with vehicle collision,2,1,Going straight,,,,,Driving carelessly,Slight Injury
2024-10-05 17:06:00,Thursday,31-50,Male,Junior high school,Below 1yr,Public (12 seats),Owner,2-5yrs,No defect,Rural village areas,Undivided Two way,Gentle horizontal curve,Crossing,Other,Dry,Daylight,Normal,Collision with pedestrians,2,1,Going straight,Driver or rider,Male,31-50,3.0,Changing lane to the left,Slight Injury
2024-10-05 17:15:00,Tuesday,18-30,Female,Junior high school,Unknown,Public (> 45 seats),Owner,Unknown,No defect,Office areas,Double carriageway (median),Tangent road with flat terrain,No junction,Gravel roads,Dry,Daylight,Normal,Collision with roadside objects,2,1,Other,,,,,Driving carelessly,Slight Injury
2024-10-05 17:15:00,Tuesday,18-30,Male,Unknown,5-10yr,Automobile,Owner,2-5yrs,No defect,Residential areas,Undivided Two way,Gentle horizontal curve,No junction,Asphalt roads,Dry,Daylight,Normal,Other,2,1,Entering a junction,,,,,Changing lane to the left,Slight Injury
2024-10-05 20:00:00,Tuesday,31-50,Male,Writing & reading,Below 1yr,Pick up upto 10Q,Owner,Unknown,Unknown,Residential areas,Other,Tangent road with flat terrain,Y Shape,Other,Dry,Daylight,Normal,Vehicle with vehicle collision,2,1,Turnover,Driver or rider,Male,Under 18,3.0,No priority to vehicle,Slight Injury
2024-10-05 20:00:00,Tuesday,31-50,Male,Junior high school,Below 1yr,Stationwagen,Owner,Unknown,7,Outside rural areas,Other,Tangent road with flat terrain,Y Shape,Asphalt roads,Dry,Daylight,Normal,Other,2,1,Going straight,Pedestrian,Female,18-30,2.0,No distancing,Slight Injury
2024-10-05 15:10:00,Wednesday,31-50,Male,Junior high school,1-2yr,Other,Owner,Above 10yr,Unknown,Residential areas,Other,Tangent road with flat terrain,Y Shape,Earth roads,Dry,Daylight,Normal,Other,2,1,Going straight,Driver or rider,Male,Over 51,3.0,Changing lane to the right,Slight Injury
2024-10-05 15:10:00,Wednesday,18-30,Male,Elementary school,Above 10yr,Other,Owner,5-10yrs,5,Church areas,Other,Tangent road with flat terrain,Y Shape,Asphalt roads,Dry,Daylight,Normal,Other,2,1,Going straight,,,,,Changing lane to the right,Slight Injury
2024-10-05 09:06:00,Monday,31-50,Male,Elementary school,Above 10yr,Automobile,Owner,Unknown,No defect,Office areas,Undivided Two way,Tangent road with flat terrain,Y Shape,Asphalt roads,Dry,Daylight,Normal,Vehicle with vehicle collision,4,1,Going straight,Pedestrian,Female,Over 51,3.0,Driving at high speed,Slight Injury
2024-10-05 09:06:00,Monday,31-50,Male,Elementary school,Below 1yr,Stationwagen,Owner,Unknown,No defect,Office areas,Two-way (divided with broken lines road marking),Tangent road with mountainous terrain and,Y Shape,Asphalt roads,Dry,Daylight,Normal,Vehicle with vehicle collision,4,1,Going straight,,,,,No distancing,Slight Injury
2024-10-05 09:06:00,Monday,18-30,Male,High school,2-5yr,Pick up upto 10Q,Governmental,Unknown,No defect,Office areas,Two-way (divided with broken lines road marking),Escarpments,Y Shape,Asphalt roads,Dry,Daylight,Normal,Collision with roadside objects,4,1,Going straight,Driver or rider,Female,18-30,3.0,Changing lane to the right,Slight Injury
2024-10-05 09:06:00,Monday,18-30,Male,Junior high school,2-5yr,Lorry (41-100Q),Owner,2-5yrs,Unknown,Other,Undivided Two way,Tangent road with mountainous terrain and,Y Shape,Asphalt roads,Dry,Daylight,Normal,Collision with roadside objects,4,1,Going straight,Driver or rider,Male,Over 51,3.0,Changing lane to the left,Slight Injury
2024-10-05 14:50:00,Thursday,31-50,Male,Above high school,Above 10yr,Automobile,Owner,2-5yrs,Unknown,Other,Undivided Two way,Tangent road with flat terrain,Other,Earth roads,Dry,Daylight,Normal,Vehicle with vehicle collision,2,2,Going straight,,,,,Getting off the vehicle improperly,Serious Injury
2024-10-05 14:50:00,Thursday,Over 51,Male,Junior high school,2-5yr,Other,Owner,Unknown,No defect,Residential areas,Two-way (divided with broken lines road marking),Tangent road with flat terrain,Other,Asphalt roads,Dry,Daylight,Normal,Vehicle with vehicle collision,2,2,Getting off,Pedestrian,Male,31-50,3.0,Other,Serious Injury