Time,Day_of_week,Age_band_of_driver,Sex_of_driver,Educational_level,Driving_experience,Type_of_vehicle,Owner_of_vehicle,Service_year_of_vehicle,Defect_of_vehicle,Area_accident_occured,Lanes_or_Medians,Road_allignment,Types_of_Junction,Road_surface_type,Road_surface_conditions,Light_conditions,Weather_conditions,Type_of_collision,Number_of_vehicles_involved,Number_of_casualties,Vehicle_movement,Casualty_class,Sex_of_casualty,Age_band_of_casualty,Casualty_severity,Cause_of_accident,Accident_severity
2024-10-05 17:40:00,Sunday,31-50,Male,Junior high school,2-5yr,Lorry (41-100Q),Owner,Unknown,Unknown,Other,Two-way (divided with broken lines road marking),Tangent road with flat terrain,No junction,Asphalt roads,Dry,Daylight,Normal,Vehicle with vehicle collision,2,1,Getting off,,,,,Other,Slight Injury
2024-10-05 17:40:00,Sunday,31-50,Male,High school,1-2yr,Lorry (41-100Q),Owner,Below 1yr,Unknown,Other,Undivided Two way,Tangent road with mild grade and flat terrain,No junction,Asphalt roads,Dry,Daylight,Normal,Vehicle with vehicle collision,2,1,Getting off,Driver or rider,Female,18-30,3.0,No distancing,Slight Injury
2024-10-05 18:26:00,Tuesday,18-30,Male,Junior high school,5-10yr,Lorry (41-100Q),Owner,5-10yrs,Unknown,Other,Two-way (divided with broken lines road marking),Tangent road with flat terrain,No junction,Asphalt roads,Dry,Daylight,Normal,Vehicle with vehicle collision,2,1,Moving Backward,Pedestrian,Male,18-30,3.0,No priority to vehicle,Slight Injury
2024-10-05 18:26:00,Tuesday,31-50,Male,Junior high school,Below 1yr,Pick up upto 10Q,Governmental,5-10yrs,No defect,Other,Undivided Two way,Tangent road with flat terrain,No junction,Asphalt roads,Dry,Daylight,Normal,Rollover,2,1,Going straight,,,,,Overtaking,Slight Injury
2024-10-05 15:19:00,Sunday,18-30,Male,Junior high school,Below 1yr,Pick up upto 10Q,Owner,2-5yrs,No defect,Other,Double carriageway (median),Tangent road with mild grade and flat terrain,No junction,Asphalt roads,Dry,Daylight,Normal,Vehicle with vehicle collision,2,1,Going straight,Driver or rider,Male,31-50,3.0,No priority to pedestrian,Serious Injury
2024-10-05 15:19:00,Sunday,18-30,Male,Elementary school,Unknown,Automobile,Owner,Unknown,No defect,Other,Two-way (divided with broken lines road marking),Tangent road with flat terrain,No junction,Asphalt roads,Dry,Daylight,Normal,Collision with roadside objects,2,1,Waiting to go,Passenger,Female,Over 51,3.0,No distancing,Serious Injury
2024-10-05 16:15:00,Saturday,18-30,Male,Junior high school,Below 1yr,Other,Owner,2-5yrs,Unknown,Church areas,Two-way (divided with broken lines road marking),Tangent road with flat terrain,Crossing,Asphalt roads,Dry,Daylight,Normal,Collision with pedestrians,2,1,Going straight,,,,,Changing lane to the right,Serious Injury
2024-10-05 16:15:00,Saturday,18-30,Male,Junior high school,1-2yr,Other,Owner,5-10yrs,Unknown,Other,Undivided Two way,Tangent road with flat terrain,Crossing,Asphalt roads,Dry,Daylight,Normal,Vehicle with vehicle collision,2,1,Other,Driver or rider,Male,Under 18,2.0,Driving carelessly,Serious Injury
2024-10-05 18:30:00,Thursday,31-50,Male,Elementary school,2-5yr,Automobile,Organization,2-5yrs,Unknown,Industrial areas,Two-way (divided with broken lines road marking),Tangent road with flat terrain,No junction,Asphalt roads,Dry,Daylight,Normal,Vehicle with vehicle collision,4,1,Going straight,,,,,Changing lane to the right,Serious Injury
2024-10-05 18:30:00,Thursday,18-30,Male,High school,1-2yr,Motorcycle,Owner,Unknown,No defect,Residential areas,Double carriageway (median),Tangent road with flat terrain,No junction,Asphalt roads,Dry,Daylight,Normal,Vehicle with vehicle collision,4,1,Going straight,Driver or rider,Male,31-50,3.0,Overtaking,Serious Injury
2024-10-05 18:30:00,Thursday,31-50,Male,Junior high school,5-10yr,Automobile,Governmental,Above 10yr,No defect,Other,Two-way (divided with broken lines road marking),Tangent road with flat terrain,No junction,Earth roads,Dry,Daylight,Normal,Vehicle with vehicle collision,4,1,Going straight,Pedestrian,Male,31-50,3.0,Other,Serious Injury
2024-10-05 18:30:00,Thursday,Over 51,Male,Junior high school,Below 1yr,Automobile,Owner,Unknown,No defect,Office areas,Two-way (divided with broken lines road marking),Tangent road with flat terrain,No junction,Asphalt roads,Dry,Daylight,Normal,Vehicle with vehicle collision,4,1,Going straight,Driver or rider,Male,18-30,3.0,Driving to the left,Serious Injury
2024-10-05 15:40:00,Wednesday,18-30,Male,High school,Above 10yr,Public (12 seats),Owner,Unknown,No defect,Industrial areas,Other,Tangent road with flat terrain,No junction,Asphalt roads,Dry,Daylight,Normal,Vehicle with vehicle collision,2,1,Overtaking,,,,,Driving at high speed,Slight Injury
2024-10-05 15:40:00,Wednesday,Over 51,Male,Elementary school,5-10yr,Automobile,Owner,1-2yr,No defect,Industrial areas,Double carriageway (median),Tangent road with flat terrain,No junction,Asphalt roads,Dry,Daylight,Normal,Vehicle with vehicle collision,2,1,Going straight,,,,,Other,Slight Injury
2024-10-05 18:53:00,Saturday,31-50,Male,Elementary school,Below 1yr,Public (> 45 seats),Owner,Unknown,No defect,Other,Two-way (divided with broken lines road marking),Tangent road with flat terrain,Crossing,Asphalt roads,Dry,Daylight,Normal,Collision with roadside objects,2,2,Going straight,,,,,Changing lane to the right,Slight Injury
2024-10-05 18:53:00,Saturday,18-30,Male,Junior high school,5-10yr,Lorry (41-100Q),Organization,Above 10yr,Unknown,Hospital areas,Two-way (divided with broken lines road marking),Tangent road with flat terrain,Crossing,Other,Dry,Daylight,Normal,Rollover,2,2,Going straight,Driver or rider,Male,18-30,3.0,No distancing,Slight Injury
2024-10-05 18:53:00,Saturday,18-30,Male,Elementary school,5-10yr,Public (> 45 seats),Owner,Unknown,Unknown,Office areas,One way,Tangent road with flat terrain,Crossing,Gravel roads,Dry,Daylight,Normal,Vehicle with vehicle collision,2,2,Turnover,Driver or rider,Female,18-30,3.0,Other,Slight Injury
2024-10-05 18:22:00,Wednesday,18-30,Male,Junior high school,2-5yr,Other,Owner,2-5yrs,No defect,Church areas,Undivided Two way,Tangent road with flat terrain,No junction,Gravel roads,Dry,Daylight,Normal,Collision with pedestrians,2,1,Going straight,,,,,No priority to vehicle,Slight Injury
2024-10-05 18:22:00,Wednesday,18-30,Male,Junior high school,Above 10yr,Other,Organization,5-10yrs,No defect,Hospital areas,Undivided Two way,Tangent road with mountainous terrain and,No junction,Asphalt roads,Dry,Daylight,Normal,Vehicle with vehicle collision,2,1,Going straight,Driver or rider,Male,18-30,3.0,Changing lane to the left,Slight Injury
2024-10-05 10:00:00,Sunday,18-30,Male,Junior high school,5-10yr,Automobile,Owner,Above 10yr,No defect,Office areas,Other,Tangent road with flat terrain,No junction,Asphalt roads,Dry,Daylight,Normal,Vehicle with vehicle collision,3,1,Getting off,,,,,No priority to pedestrian,Slight Injury
2024-10-05 10:00:00,Sunday,18-30,Male,High school,1-2yr,Automobile,Owner,2-5yrs,No defect,Other,Two-way (divided with broken lines road marking),Escarpments,No junction,Earth roads,Dry,Daylight,Normal,Collision with pedestrians,3,1,Moving Backward,,,,,Overtaking,Slight Injury
2024-10-05 10:00:00,Sunday,18-30,Male,Junior high school,5-10yr,Lorry (41-100Q),Owner,1-2yr,Unknown,Office areas,Undivided Two way,Tangent road with flat terrain,No junction,Asphalt roads,Dry,Daylight,Normal,Collision with pedestrians,3,1,Getting off,Passenger,Female,Under 18,3.0,Driving carelessly,Slight Injury
2024-10-05 10:00:00,Monday,18-30,Male,Junior high school,Above 10yr,Automobile,Owner,2-5yrs,Unknown,Office areas,Two-way (divided with broken lines road marking),Tangent road with mountainous terrain and,Y Shape,Asphalt roads,Dry,Daylight,Normal,Vehicle with vehicle collision,2,1,Overtaking,Driver or rider,Female,18-30,3.0,No priority to vehicle,Slight Injury
2024-10-05 10:00:00,Monday,31-50,Male,Elementary school,Unknown,Public (13-45 seats),Owner,Unknown,No defect,Other,Double carriageway (median),Steep grade downward with mountainous terrain,Y Shape,Asphalt roads,Dry,Daylight,Normal,Vehicle with vehicle collision,2,1,Going straight,,,,,No priority to pedestrian,Slight Injury
2024-10-05 13:00:00,Thursday,Over 51,Male,Junior high school,5-10yr,Automobile,Owner,1-2yr,No defect,Office areas,Undivided Two way,Tangent road with mild grade and flat terrain,No junction,Asphalt roads,Dry,Daylight,Normal,Vehicle with vehicle collision,2,1,Going straight,Passenger,Male,31-50,3.0,Changing lane to the right,Slight Injury
2024-10-05 13:00:00,Thursday,18-30,Male,Junior high school,5-10yr,Public (> 45 seats),Owner,Unknown,No defect,Residential areas,Undivided Two way,Tangent road with flat terrain,No junction,Earth roads,Dry,Daylight,Normal,Vehicle with vehicle collision,2,1,Going straight,,,,,Driving carelessly,Slight Injury
2024-10-05 22:10:00,Wednesday,18-30,Male,Junior high school,Below 1yr,Lorry (41-100Q),Owner,Unknown,Unknown,Other,Two-way (divided with broken lines road marking),Tangent road with flat terrain,No junction,Asphalt roads,Dry,Darkness - lights lit,Normal,Vehicle with vehicle collision,1,2,Reversing,Driver or rider,Male,31-50,3.0,Changing lane to the right,Serious Injury
2024-10-05 22:10:00,Wednesday,18-30,Male,Unknown,Unknown,Automobile,Owner,2-5yrs,Unknown,Office areas,Double carriageway (median),Tangent road with flat terrain,No junction,Asphalt roads,Dry,Darkness - lights lit,Normal,Collision with roadside objects,1,2,Getting off,Driver or rider,Male,31-50,3.0,Changing lane to the right,Serious Injury
2024-10-05 12:35:00,Wednesday,Over 51,Male,Junior high school,5-10yr,Lorry (11-40Q),Owner,5-10yrs,Unknown,Office areas,Undivided Two way,Tangent road with mountainous terrain and,Y Shape,Asphalt roads,Dry,Daylight,Normal,Vehicle with vehicle collision,2,1,Going straight,,,,,Changing lane to the left,Slight Injury
2024-10-05 12:35:00,Wednesday,18-30,Male,Junior high school,5-10yr,Public (13-45 seats),Other,Unknown,Unknown,Office areas,Other,Tangent road with flat terrain,Y Shape,Asphalt roads,Dry,Daylight,Normal,Vehicle with vehicle collision,2,1,Going straight,Driver or rider,Male,Over 51,3.0,Overturning,Slight Injury
2024-10-05 10:34:00,Thursday,Over 51,Male,Junior high school,Above 10yr,Public (13-45 seats),Owner,5-10yrs,No defect,Other,Two-way (divided with broken lines road marking),Tangent road with mild grade and flat terrain,No junction,Asphalt roads,Dry,Daylight,Normal,Vehicle with vehicle collision,1,1,Going straight,,,,,Driving carelessly,Slight Injury
2024-10-05 17:50:00,Thursday,18-30,Male,High school,Above 10yr,Other,Owner,Unknown,No defect,Church areas,Undivided Two way,Tangent road with flat terrain,No junction,Asphalt roads,Dry,Daylight,Normal,Vehicle with vehicle collision,3,2,Reversing,Driver or rider,Male,18-30,3.0,No distancing,Slight Injury
2024-10-05 17:50:00,Thursday,18-30,Male,Junior high school,Above 10yr,Long lorry,Owner,Unknown,No defect,Industrial areas,Undivided Two way,Tangent road with flat terrain,No junction,Asphalt roads,Dry,Daylight,Normal,Vehicle with vehicle collision,3,2,Going straight,,,,,Driving carelessly,Slight Injury
2024-10-05 17:50:00,Thursday,18-30,Male,Junior high school,Above 10yr,Lorry (41-100Q),Owner,1-2yr,No defect,Office areas,Double carriageway (median),Tangent road with flat terrain,No junction,Asphalt roads,Dry,Daylight,Normal,Vehicle with vehicle collision,3,2,Stopping,Driver or rider,Female,31-50,3.0,Changing lane to the left,Slight Injury
2024-10-05 17:50:00,Thursday,31-50,Female,Junior high school,Above 10yr,Lorry (11-40Q),Owner,Unknown,No defect,Church areas,Undivided Two way,Tangent road with flat terrain,No junction,Asphalt roads,Dry,Daylight,Normal,Vehicle with vehicle collision,3,2,Overtaking,,,,,No priority to vehicle,Slight Injury
2024-10-05 18:30:00,Friday,Over 51,Male,Junior high school,Above 10yr,Lorry (41-100Q),Owner,Unknown,Unknown,Office areas,Undivided Two way,Tangent road with flat terrain,X Shape,Asphalt roads,Dry,Daylight,Normal,Vehicle with vehicle collision,4,4,Going straight,Driver or rider,Male,31-50,3.0,Changing lane to the right,Slight Injury
2024-10-05 18:30:00,Friday,31-50,Male,Junior high school,5-10yr,Public (12 seats),Owner,Unknown,No defect,Office areas,Other,Tangent road with flat terrain,X Shape,Earth roads,Dry,Daylight,Normal,Vehicle with vehicle collision,4,4,Reversing,,,,,No distancing,Slight Injury
2024-10-05 18:30:00,Friday,Over 51,Male,Junior high school,2-5yr,Other,Owner,Unknown,Unknown,Residential areas,Two-way (divided with broken lines road marking),Tangent road with flat terrain,X Shape,Asphalt roads,Dry,Daylight,Normal,Vehicle with vehicle collision,4,4,Going straight,Driver or rider,Male,18-30,3.0,Moving Backward,Slight Injury
2024-10-05 18:30:00,Friday,Over 51,Male,Junior high school,Below 1yr,Taxi,Owner,5-10yrs,Unknown,Office areas,Two-way (divided with broken lines road marking),Tangent road with flat terrain,X Shape,Asphalt roads,Dry,Daylight,Normal,Vehicle with vehicle collision,4,4,Going straight,Pedestrian,Female,Over 51,3.0,Moving Backward,Slight Injury
2024-10-05 18:50:00,Wednesday,Under 18,Male,Junior high school,Below 1yr,Other,Owner,5-10yrs,Unknown,Residential areas,Undivided Two way,Tangent road with flat terrain,No junction,Asphalt roads,Dry,Daylight,Normal,Vehicle with vehicle collision,2,2,Reversing,Driver or rider,Male,5,3.0,No distancing,Slight Injury
2024-10-05 18:50:00,Wednesday,18-30,Male,Junior high school,2-5yr,Automobile,Owner,2-5yrs,Unknown,Office areas,Double carriageway (median),Tangent road with flat terrain,No junction,Asphalt roads,Dry,Daylight,Normal,Vehicle with vehicle collision,2,2,Going straight,,,,,No distancing,Slight Injury
2024-10-05 18:50:00,Wednesday,18-30,Male,Elementary school,Below 1yr,Other,Owner,2-5yrs,No defect,Office areas,Double carriageway (median),Tangent road with flat terrain,No junction,Earth roads,Dry,Daylight,Normal,Vehicle with vehicle collision,2,2,Waiting to go,Driver or rider,Male,18-30,3.0,No distancing,Slight Injury
2024-10-05 17:15:00,Saturday,31-50,Male,Junior high school,Below 1yr,Lorry (41-100Q),Other,Unknown,No defect,Other,Two-way (divided with broken lines road marking),Tangent road with flat terrain,Y Shape,Asphalt roads,Dry,Daylight,Normal,Vehicle with vehicle collision,1,1,Going straight,Pedestrian,Female,18-30,3.0,No priority to pedestrian,Slight Injury
2024-10-05 19:00:00,Friday,18-30,Male,Junior high school,Unknown,Automobile,Owner,Unknown,No defect,Other,Two-way (divided with broken lines road marking),Tangent road with flat terrain,No junction,Asphalt roads,Dry,Daylight,Normal,Collision with roadside objects,3,1,Going straight,,,,,Driving carelessly,Slight Injury
2024-10-05 19:00:00,Friday,18-30,Male,Unknown,5-10yr,Automobile,Owner,Above 10yr,No defect,Residential areas,Two-way (divided with broken lines road marking),Tangent road with flat terrain,No junction,Asphalt roads,Dry,Daylight,Normal,Vehicle with vehicle collision,3,1,Going straight,Driver or rider,Female,18-30,3.0,Changing lane to the right,Slight Injury
2024-10-05 19:00:00,Friday,31-50,Male,Writing & reading,Below 1yr,Lorry (41-100Q),Owner,Unknown,Unknown,Church areas,Two-way (divided with broken lines road marking),Tangent road with flat terrain,No junction,Asphalt roads,Dry,Daylight,Normal,Vehicle with vehicle collision,3,1,Going straight,Passenger,Female,18-30,3.0,Changing lane to the left,Slight Injury
2024-10-05 09:10:00,Tuesday,18-30,Male,Junior high school,Below 1yr,Automobile,Governmental,Unknown,No defect,Church areas,Double carriageway (median),Tangent road with flat terrain,Y Shape,Asphalt roads,Dry,Daylight,Normal,Vehicle with vehicle collision,2,2,Getting off,Passenger,Male,Under 18,3.0,Driving carelessly,Slight Injury
2024-10-05 09:10:00,Tuesday,Over 51,Male,Junior high school,1-2yr,Automobile,Owner,2-5yrs,No defect,Residential areas,Double carriageway (median),Tangent road with flat terrain,Y Shape,Asphalt roads,Dry,Daylight,Normal,Vehicle with vehicle collision,2,2,Going straight,Passenger,Female,Under 18,3.0,Driving carelessly,Slight Injury
2024-10-05 21:33:00,Saturday,Under 18,Male,Elementary school,Above 10yr,Automobile,Owner,Unknown,No defect,Office areas,Two-way (divided with broken lines road marking),Tangent road with mild grade and flat terrain,Y Shape,Asphalt roads,Dry,Daylight,Normal,Collision with pedestrians,1,1,Going straight,,,,,No distancing,Fatal injury
2024-10-05 22:17:00,Friday,18-30,Male,Elementary school,Above 10yr,Taxi,Owner,5-10yrs,No defect,Office areas,Two-way (divided with broken lines road marking),Tangent road with mild grade and flat terrain,Y Shape,Asphalt roads,Dry,Darkness - lights lit,Normal,Vehicle with vehicle collision,2,1,Going straight,,,,,Other,Slight Injury
2024-10-05 22:17:00,Friday,31-50,Unknown,Elementary school,Below 1yr,Other,Owner,2-5yrs,Unknown,Residential areas,Two-way (divided with broken lines road marking),Tangent road with flat terrain,Y Shape,Other,Dry,Darkness - lights lit,Normal,Vehicle with vehicle collision,2,1,Reversing,Pedestrian,Male,18-30,3.0,Changing lane to the right,Slight Injury
2024-10-05 16:40:00,Saturday,18-30,Male,High school,2-5yr,Other,Owner,5-10yrs,Unknown,Church areas,Other,Tangent road with flat terrain,Y Shape,Asphalt roads,Dry,Daylight,Normal,Vehicle with vehicle collision,2,2,Turnover,Driver or rider,Male,18-30,3.0,Changing lane to the right,Slight Injury
2024-10-05 16:40:00,Saturday,Over 51,Male,Junior high school,2-5yr,Automobile,Owner,Unknown,Unknown,Other,Two-way (divided with broken lines road marking),Tangent road with flat terrain,Y Shape,Asphalt roads,Dry,Daylight,Normal,Vehicle with vehicle collision,2,2,Going straight,,,,,No distancing,Slight Injury
2024-10-05 08:02:00,Thursday,31-50,Male,Above high school,Above 10yr,Pick up upto 10Q,Owner,Unknown,Unknown,Office areas,Two-way (divided with broken lines road marking),Tangent road with flat terrain,No junction,Asphalt roads,Dry,Daylight,Normal,Vehicle with vehicle collision,2,1,Going straight,Driver or rider,Female,18-30,3.0,No distancing,Slight Injury
2024-10-05 08:02:00,Thursday,31-50,Male,Junior high school,2-5yr,Other,Owner,Unknown,Unknown,Other,Two-way (divided with broken lines road marking),Tangent road with flat terrain,No junction,Asphalt roads,Dry,Daylight,Normal,Vehicle with vehicle collision,2,1,Going straight,,,,,Overturning,Slight Injury
2024-10-05 18:20:00,Thursday,Over 51,Male,Junior high school,2-5yr,Automobile,Owner,Above 10yr,No defect,Residential areas,Other,Tangent road with flat terrain,No junction,Asphalt roads,Dry,Daylight,Normal,Vehicle with vehicle collision,2,2,Going straight,Driver or rider,Male,18-30,3.0,Driving at high speed,Slight Injury
2024-10-05 18:20:00,Thursday,Over 51,Male,High school,1-2yr,Public (12 seats),Owner,5-10yrs,No defect,Office areas,Undivided Two way,Tangent road with flat terrain,No junction,Asphalt roads,Dry,Daylight,Normal,Vehicle with vehicle collision,2,2,Getting off,,,,,No priority to vehicle,Slight Injury
2024-10-05 12:59:00,Tuesday,Over 51,Male,Junior high school,5-10yr,Public (13-45 seats),Owner,Unknown,No defect,Recreational areas,Other,Other,Crossing,Asphalt roads,Dry,Daylight,Normal,Collision with pedestrians,2,1,Going straight,Driver or rider,Male,31-50,2.0,No priority to pedestrian,Slight Injury
2024-10-05 12:59:00,Tuesday,Over 51,Male,Junior high school,Below 1yr,Lorry (11-40Q),Governmental,Unknown,No defect,Office areas,Other,Tangent road with mild grade and flat terrain,Crossing,Earth roads,Dry,Daylight,Normal,Vehicle with vehicle collision,2,1,Going straight,,,,,No priority to vehicle,Slight Injury
2024-10-05 19:20:00,Monday,18-30,Male,Junior high school,Below 1yr,Stationwagen,Owner,5-10yrs,No defect,Industrial areas,Other,Tangent road with flat terrain,Y Shape,Asphalt roads,Wet or damp,Daylight,Raining,Vehicle with vehicle collision,2,2,Going straight,Driver or rider,Male,Under 18,3.0,Other,Slight Injury
2024-10-05 19:20:00,Monday,18-30,Male,Elementary school,Unknown,Ridden horse,Other,Unknown,Unknown,Other,Other,Other,Y Shape,Asphalt roads,Wet or damp,Daylight,Raining,Vehicle with vehicle collision,2,2,Going straight,Passenger,Male,Under 18,2.0,Other,Slight Injury
2024-10-05 19:20:00,Monday,18-30,Male,Junior high school,Below 1yr,Stationwagen,Owner,Unknown,No defect,Residential areas,Undivided Two way,Tangent road with flat terrain,Y Shape,Asphalt roads,Wet or damp,Daylight,Raining,Vehicle with vehicle collision,2,2,Going straight,,,,,Moving Backward,Slight Injury
2024-10-05 18:27:00,Friday,31-50,Male,Junior high school,1-2yr,Automobile,Governmental,Above 10yr,No defect,Residential areas,Other,Tangent road with flat terrain,Crossing,Asphalt roads,Dry,Daylight,Normal,Collision with roadside objects,2,1,Going straight,Driver or rider,Male,Under 18,3.0,No distancing,Serious Injury
2024-10-05 18:27:00,Friday,18-30,Male,Elementary school,2-5yr,Automobile,Owner,1-2yr,No defect,Industrial areas,Other,Tangent road with flat terrain,Crossing,Asphalt roads,Dry,Daylight,Normal,Vehicle with vehicle collision,2,1,Going straight,,,,,Moving Backward,Serious Injury
2024-10-05 19:41:00,Thursday,Under 18,Male,High school,1-2yr,Other,Owner,2-5yrs,No defect,Residential areas,Undivided Two way,Tangent road with flat terrain,Y Shape,Asphalt roads,Dry,Daylight,Normal,Vehicle with vehicle collision,2,1,Going straight,Driver or rider,Male,18-30,3.0,No priority to vehicle,Slight Injury
2024-10-05 19:41:00,Thursday,Under 18,Male,Junior high school,5-10yr,Taxi,Owner,Unknown,No defect,Residential areas,Other,Tangent road with flat terrain,Y Shape,Asphalt roads,Dry,Daylight,Normal,Vehicle with vehicle collision,2,1,Going straight,Driver or rider,Male,18-30,3.0,Driving carelessly,Slight Injury
2024-10-05 12:50:00,Monday,18-30,Male,Junior high school,Below 1yr,Automobile,Owner,Unknown,No defect,Office areas,Undivided Two way,Tangent road with flat terrain,No junction,Asphalt roads,Wet or damp,Daylight,Raining,Vehicle with vehicle collision,1,1,Going straight,,,,,No distancing,Slight Injury
2024-10-05 12:55:00,Thursday,18-30,Male,High school,Above 10yr,Stationwagen,Owner,2-5yrs,No defect,Office areas,Double carriageway (median),Escarpments,No junction,Asphalt roads,Dry,Daylight,Normal,Vehicle with vehicle collision,2,1,Reversing,Driver or rider,Male,18-30,3.0,Other,Slight Injury
2024-10-05 12:55:00,Thursday,31-50,Male,Elementary school,5-10yr,Automobile,Owner,Above 10yr,No defect,Office areas,Other,Tangent road with flat terrain,No junction,Asphalt roads,Dry,Daylight,Normal,Vehicle with vehicle collision,2,1,Going straight,Passenger,Female,18-30,3.0,Changing lane to the right,Slight Injury
2024-10-05 14:00:00,Friday,31-50,Male,Elementary school,Below 1yr,Public (12 seats),Owner,1-2yr,No defect,Office areas,Undivided Two way,Escarpments,Y Shape,Asphalt roads,Dry,Daylight,Normal,Vehicle with vehicle collision,2,1,Turnover,Driver or rider,Male,18-30,3.0,No distancing,Slight Injury
2024-10-05 14:00:00,Friday,18-30,Male,Junior high school,5-10yr,Other,Owner,Unknown,No defect,Office areas,One way,Tangent road with flat terrain,Y Shape,Asphalt roads,Dry,Daylight,Normal,Collision with roadside objects,2,1,Going straight,,,,,Driving carelessly,Slight Injury
2024-10-05 22:40:00,Sunday,18-30,Male,Elementary school,5-10yr,Automobile,Owner,Unknown,No defect,Office areas,Undivided Two way,Tangent road with flat terrain,Y Shape,Asphalt roads,Dry,Darkness - lights lit,Normal,Vehicle with vehicle collision,2,1,Going straight,Pedestrian,Female,Under 18,2.0,No distancing,Serious Injury
2024-10-05 22:40:00,Sunday,31-50,Male,Junior high school,2-5yr,Lorry (41-100Q),Owner,Unknown,No defect,Office areas,Other,Tangent road with flat terrain,Y Shape,Asphalt roads,Dry,Darkness - lights lit,Normal,Vehicle with vehicle collision,2,1,Going straight,,,,,No priority to vehicle,Serious Injury
2024-10-05 18:20:00,Monday,31-50,Male,Junior high school,Above 10yr,Other,Owner,Above 10yr,No defect,Residential areas,Other,Tangent road with flat terrain,Y Shape,Asphalt roads,Dry,Daylight,Normal,Vehicle with vehicle collision,2,1,Going straight,Driver or rider,Female,18-30,3.0,Changing lane to the right,Slight Injury
2024-10-05 18:20:00,Monday,18-30,Male,Junior high school,5-10yr,Public (> 45 seats),Owner,5-10yrs,No defect,Residential areas,One way,Tangent road with flat terrain,Y Shape,Earth roads,Dry,Daylight,Normal,Vehicle with vehicle collision,2,1,Reversing,,,,,No priority to pedestrian,Slight Injury
2024-10-05 12:49:00,Sunday,Over 51,Male,High school,1-2yr,Other,Owner,Unknown,No defect,Other,One way,Tangent road with flat terrain,Y Shape,Asphalt roads,Dry,Daylight,Normal,Rollover,2,1,Going straight,Passenger,Male,31-50,3.0,No priority to vehicle,Slight Injury
2024-10-05 12:49:00,Sunday,31-50,Male,Junior high school,Above 10yr,Public (12 seats),Owner,5-10yrs,No defect,Church areas,Undivided Two way,Tangent road with flat terrain,Y Shape,Other,Dry,Daylight,Normal,Vehicle with vehicle collision,2,1,Turnover,Pedestrian,Male,18-30,3.0,Changing lane to the left,Slight Injury
2024-10-05 16:00:00,Tuesday,18-30,Male,Elementary school,2-5yr,Public (12 seats),Owner,Unknown,No defect,Recreational areas,Other,Tangent road with flat terrain,Crossing,Asphalt roads,Dry,Daylight,Normal,Vehicle with vehicle collision,1,1,Going straight,Pedestrian,Female,31-50,3.0,Turnover,Slight Injury
2024-10-05 23:23:00,Saturday,Unknown,Female,Junior high school,5-10yr,Automobile,Owner,Unknown,Unknown,Industrial areas,Undivided Two way,Tangent road with flat terrain,Other,Asphalt roads,Dry,Darkness - lights lit,Normal,Collision with roadside objects,2,1,Going straight,Driver or rider,Male,31-50,2.0,Driving to the left,Slight Injury
2024-10-05 23:23:00,Saturday,Under 18,Male,Junior high school,Below 1yr,Other,Other,Unknown,Unknown,Residential areas,Other,Other,Other,Asphalt roads,Dry,Darkness - lights lit,Normal,Vehicle with vehicle collision,2,1,Going straight,,,,,Driving carelessly,Slight Injury
2024-10-05 08:40:00,Wednesday,31-50,Male,Junior high school,5-10yr,Automobile,Owner,Above 10yr,No defect,Residential areas,Other,Tangent road with rolling terrain,No junction,Asphalt roads,Dry,Daylight,Normal,Vehicle with vehicle collision,2,2,Going straight,Driver or rider,Male,18-30,3.0,Driving to the left,Serious Injury
2024-10-05 08:40:00,Wednesday,31-50,Male,High school,Above 10yr,Lorry (41-100Q),Owner,2-5yrs,No defect,Office areas,Double carriageway (median),Tangent road with flat terrain,No junction,Asphalt roads,Dry,Daylight,Normal,Vehicle with vehicle collision,2,2,Going straight,Pedestrian,Male,Under 18,2.0,Driving carelessly,Serious Injury
2024-10-05 08:40:00,Wednesday,31-50,Male,Junior high school,5-10yr,Public (12 seats),Owner,2-5yrs,No defect,Market areas,Undivided Two way,Tangent road with flat terrain,No junction,Asphalt roads,Dry,Daylight,Normal,Collision with roadside objects,2,2,Getting off,Driver or rider,Male,18-30,3.0,No priority to pedestrian,Serious Injury
2024-10-05 18:20:00,Wednesday,Under 18,Male,Elementary school,1-2yr,Lorry (11-40Q),Other,Unknown,Unknown,Other,Other,Tangent road with flat terrain,Y Shape,Asphalt roads,Dry,Daylight,Normal,Collision with roadside objects,2,1,Moving Backward,,,,,Driving carelessly,Slight Injury
2024-10-05 18:20:00,Wednesday,Under 18,Male,Junior high school,Unknown,Automobile,Owner,Unknown,No defect,Industrial areas,Other,Tangent road with flat terrain,Y Shape,Asphalt roads,Dry,Daylight,Normal,Vehicle with vehicle collision,2,1,Going straight,,,,,Changing lane to the right,Slight Injury
2024-10-05 10:00:00,Friday,18-30,Male,Above high school,1-2yr,Automobile,Owner,Unknown,No defect,Residential areas,Two-way (divided with solid lines road marking),Tangent road with flat terrain,Y Shape,Asphalt roads,Dry,Daylight,Normal,Vehicle with vehicle collision,2,1,Turnover,Driver or rider,Male,18-30,3.0,Moving Backward,Slight Injury