Time,Day_of_week,Age_band_of_driver,Sex_of_driver,Educational_level,Driving_experience,Type_of_vehicle,Owner_of_vehicle,Service_year_of_vehicle,Defect_of_vehicle,Area_accident_occured,Lanes_or_Medians,Road_allignment,Types_of_Junction,Road_surface_type,Road_surface_conditions,Light_conditions,Weather_conditions,Type_of_collision,Number_of_vehicles_involved,Number_of_casualties,Vehicle_movement,Casualty_class,Sex_of_casualty,Age_band_of_casualty,Casualty_severity,Cause_of_accident,Accident_severity
2024-10-05 11:20:00,Thursday,18-30,Male,Junior high school,5-10yr,Other,Owner,Above 10yr,No defect,Residential areas,Two-way (divided with broken lines road marking),Tangent road with flat terrain,Y Shape,Asphalt roads,Dry,Daylight,Normal,Vehicle with vehicle collision,2,1,Other,Passenger,Male,5,3.0,Changing lane to the right,Slight Injury
2024-10-05 11:20:00,Thursday,31-50,Male,Junior high school,1-2yr,Other,Owner,Above 10yr,No defect,Residential areas,Other,Tangent road with flat terrain,Y Shape,Asphalt roads,Dry,Daylight,Normal,Vehicle with vehicle collision,2,1,Going straight,Passenger,Male,5,3.0,No priority to pedestrian,Slight Injury
2024-10-05 16:30:00,Saturday,18-30,Male,Junior high school,5-10yr,Automobile,Owner,Unknown,No defect,Residential areas,Undivided Two way,Tangent road with flat terrain,Y Shape,Asphalt roads,Dry,Daylight,Normal,Vehicle with vehicle collision,2,1,Other,,,,,No priority to vehicle,Slight Injury
2024-10-05 16:30:00,Saturday,31-50,Male,Junior high school,5-10yr,Pick up upto 10Q,Owner,Above 10yr,No defect,Other,Undivided Two way,Tangent road with flat terrain,Y Shape,Asphalt roads,Dry,Daylight,Normal,Vehicle with vehicle collision,2,1,Overtaking,Driver or rider,Male,18-30,2.0,Changing lane to the left,Slight Injury
2024-10-05 08:50:00,Friday,31-50,Male,Above high school,5-10yr,Other,Owner,Unknown,No defect,Office areas,Two-way (divided with broken lines road marking),Tangent road with flat terrain,Y Shape,Asphalt roads,Dry,Daylight,Normal,Vehicle with vehicle collision,2,1,Reversing,Passenger,Male,Over 51,3.0,Changing lane to the left,Serious Injury
2024-10-05 08:50:00,Friday,Under 18,Male,Junior high school,Above 10yr,Automobile,Owner,Unknown,Unknown,Other,Two-way (divided with broken lines road marking),Tangent road with flat terrain,Y Shape,Asphalt roads,Dry,Daylight,Normal,Vehicle with vehicle collision,2,1,Going straight,,,,,Overtaking,Serious Injury
2024-10-05 02:00:00,Sunday,18-30,Male,Elementary school,2-5yr,Public (12 seats),Owner,Above 10yr,Unknown,Other,Other,Tangent road with flat terrain,No junction,Asphalt roads,Dry,Darkness - no lighting,Other,Vehicle with vehicle collision,1,1,Other,Driver or rider,Male,31-50,3.0,No distancing,Slight Injury
2024-10-05 08:00:00,Wednesday,18-30,Male,Junior high school,5-10yr,Public (13-45 seats),Owner,5-10yrs,Unknown,Office areas,Two-way (divided with broken lines road marking),Tangent road with flat terrain,Crossing,Asphalt roads,Dry,Daylight,Normal,Collision with roadside objects,2,1,Moving Backward,Driver or rider,Male,Under 18,3.0,No priority to vehicle,Slight Injury
2024-10-05 08:00:00,Wednesday,18-30,Male,Unknown,Unknown,Lorry (11-40Q),Owner,Below 1yr,Unknown,Church areas,Other,Tangent road with flat terrain,Crossing,Asphalt roads,Dry,Daylight,Normal,Collision with roadside objects,2,1,Going straight,Driver or rider,Male,31-50,3.0,Changing lane to the right,Slight Injury
2024-10-05 07:10:00,Wednesday,18-30,Male,Junior high school,5-10yr,Stationwagen,Owner,Unknown,No defect,Other,Two-way (divided with broken lines road marking),Tangent road with flat terrain,Y Shape,Asphalt roads,Dry,Daylight,Normal,Collision with roadside objects,2,1,Other,,,,,Changing lane to the left,Slight Injury
2024-10-05 07:10:00,Wednesday,18-30,Male,Junior high school,Unknown,Ridden horse,Owner,Unknown,Unknown,Other,One way,Tangent road with flat terrain,Y Shape,Asphalt roads,Dry,Daylight,Normal,Collision with pedestrians,2,1,Moving Backward,,,,,No distancing,Slight Injury
2024-10-05 15:12:00,Monday,31-50,Male,Junior high school,Unknown,Stationwagen,Owner,Unknown,Unknown,Office areas,Double carriageway (median),Tangent road with flat terrain,Y Shape,Asphalt roads,Dry,Daylight,Normal,Vehicle with vehicle collision,1,1,Going straight,Driver or rider,Male,18-30,3.0,Driving carelessly,Slight Injury
2024-10-05 16:43:00,Monday,31-50,Male,Junior high school,1-2yr,Automobile,Owner,Unknown,Unknown,Office areas,One way,Tangent road with mild grade and flat terrain,No junction,Asphalt roads,Dry,Daylight,Normal,Vehicle with vehicle collision,1,1,Going straight,Driver or rider,Male,18-30,3.0,No priority to pedestrian,Slight Injury
2024-10-05 23:40:00,Tuesday,Unknown,Female,Above high school,5-10yr,Automobile,Owner,Unknown,Unknown,Office areas,Undivided Two way,Tangent road with flat terrain,Crossing,Asphalt roads,Wet or damp,Darkness - lights lit,Raining,Collision with pedestrians,3,1,Moving Backward,Driver or rider,Female,18-30,3.0,Driving carelessly,Slight Injury
2024-10-05 23:40:00,Tuesday,18-30,Male,Junior high school,2-5yr,Other,Owner,Unknown,No defect,Office areas,Double carriageway (median),Tangent road with flat terrain,Crossing,Asphalt roads,Wet or damp,Darkness - lights lit,Raining,Vehicle with vehicle collision,3,1,Going straight,Driver or rider,Male,18-30,3.0,Moving Backward,Slight Injury
2024-10-05 23:40:00,Tuesday,Unknown,Female,Junior high school,5-10yr,Taxi,Owner,Unknown,Unknown,Other,Two-way (divided with broken lines road marking),Tangent road with flat terrain,Crossing,Asphalt roads,Wet or damp,Darkness - lights lit,Raining,Vehicle with vehicle collision,3,1,Getting off,,,,,No distancing,Slight Injury
2024-10-05 19:30:00,Thursday,18-30,Male,High school,2-5yr,Automobile,Owner,Below 1yr,Unknown,Office areas,Undivided Two way,Tangent road with flat terrain,Crossing,Asphalt roads,Dry,Daylight,Normal,Vehicle with vehicle collision,2,1,Going straight,,,,,No distancing,Slight Injury
2024-10-05 19:30:00,Thursday,31-50,Male,Junior high school,Above 10yr,Stationwagen,Owner,Unknown,Unknown,Other,Other,Tangent road with flat terrain,Crossing,Asphalt roads,Dry,Daylight,Normal,Vehicle with vehicle collision,2,1,Going straight,Driver or rider,Male,31-50,3.0,No distancing,Slight Injury
2024-10-05 14:15:00,Monday,Over 51,Male,Junior high school,Below 1yr,Automobile,Owner,Unknown,Unknown,Other,Double carriageway (median),Tangent road with flat terrain,Crossing,Asphalt roads,Wet or damp,Daylight,Windy,Vehicle with vehicle collision,2,3,Moving Backward,,,,,Changing lane to the left,Slight Injury
2024-10-05 14:15:00,Monday,Over 51,Male,Junior high school,Below 1yr,Public (12 seats),Governmental,Unknown,Unknown,Other,Two-way (divided with broken lines road marking),Tangent road with flat terrain,Crossing,Asphalt roads,Wet or damp,Daylight,Windy,Vehicle with vehicle collision,2,3,Going straight,Passenger,Male,31-50,3.0,Changing lane to the left,Slight Injury
2024-10-05 14:15:00,Monday,Over 51,Male,Unknown,Unknown,Automobile,Owner,Unknown,Unknown,Office areas,Other,Tangent road with flat terrain,Crossing,Asphalt roads,Wet or damp,Daylight,Windy,Collision with roadside objects,2,3,Going straight,Passenger,Male,5,3.0,Moving Backward,Slight Injury
2024-10-05 15:20:00,Thursday,18-30,Male,Junior high school,2-5yr,Public (> 45 seats),Owner,Unknown,Unknown,Office areas,Other,Tangent road with flat terrain,Y Shape,Asphalt roads,Dry,Daylight,Normal,Collision with pedestrians,3,3,Going straight,Pedestrian,Female,18-30,3.0,Changing lane to the right,Slight Injury
2024-10-05 15:20:00,Thursday,31-50,Male,Unknown,Unknown,Lorry (41-100Q),Owner,Unknown,Unknown,Office areas,Two-way (divided with broken lines road marking),Tangent road with flat terrain,Y Shape,Asphalt roads,Dry,Daylight,Normal,Vehicle with vehicle collision,3,3,Going straight,Pedestrian,Male,Under 18,3.0,No priority to vehicle,Slight Injury
2024-10-05 15:20:00,Thursday,31-50,Male,Elementary school,No Licence,Public (> 45 seats),Governmental,Unknown,No defect,Office areas,Two-way (divided with broken lines road marking),Tangent road with flat terrain,Y Shape,Asphalt roads,Dry,Daylight,Normal,Vehicle with vehicle collision,3,3,Going straight,Passenger,Female,Under 18,3.0,Moving Backward,Slight Injury
2024-10-05 15:20:00,Thursday,31-50,Male,Junior high school,Above 10yr,Other,Owner,2-5yrs,Unknown,Church areas,Undivided Two way,Tangent road with flat terrain,Y Shape,Asphalt roads,Dry,Daylight,Normal,Collision with roadside objects,3,3,Moving Backward,Driver or rider,Male,Over 51,3.0,Driving carelessly,Slight Injury
2024-10-05 12:15:00,Monday,Over 51,Male,Junior high school,Above 10yr,Other,Governmental,Unknown,Unknown,Office areas,Two-way (divided with broken lines road marking),Tangent road with flat terrain,Y Shape,Asphalt roads,Wet or damp,Daylight,Normal,Vehicle with vehicle collision,2,3,Going straight,,,,,Driving carelessly,Slight Injury
2024-10-05 12:15:00,Monday,31-50,Male,Junior high school,Above 10yr,Automobile,Governmental,Unknown,Unknown,Residential areas,Two-way (divided with broken lines road marking),Tangent road with flat terrain,Y Shape,Asphalt roads,Wet or damp,Daylight,Normal,Vehicle with vehicle collision,2,3,Going straight,,,,,Driving under the influence of drugs,Slight Injury
2024-10-05 12:15:00,Monday,31-50,Male,Junior high school,Above 10yr,Automobile,Owner,Unknown,Unknown,School areas,Two-way (divided with broken lines road marking),Tangent road with flat terrain,Y Shape,Asphalt roads,Wet or damp,Daylight,Normal,Vehicle with vehicle collision,2,3,Moving Backward,Driver or rider,Male,18-30,3.0,No priority to pedestrian,Slight Injury
2024-10-05 12:15:00,Monday,31-50,Male,Junior high school,5-10yr,Lorry (41-100Q),Owner,Unknown,Unknown,Office areas,Undivided Two way,Tangent road with flat terrain,Y Shape,Asphalt roads,Wet or damp,Daylight,Normal,Vehicle with vehicle collision,2,3,Moving Backward,,,,,No priority to vehicle,Slight Injury
2024-10-05 11:30:00,Tuesday,18-30,Male,Junior high school,Below 1yr,Automobile,Owner,5-10yrs,Unknown,Other,Undivided Two way,Tangent road with flat terrain,Other,Asphalt roads,Wet or damp,Daylight,Normal,Vehicle with vehicle collision,1,1,Going straight,Driver or rider,Male,18-30,3.0,Driving carelessly,Slight Injury
2024-10-05 00:40:00,Saturday,Under 18,Male,Junior high school,2-5yr,Public (13-45 seats),Owner,Unknown,Unknown,Other,Double carriageway (median),Tangent road with flat terrain,Y Shape,Asphalt roads,Dry,Darkness - lights lit,Normal,Vehicle with vehicle collision,2,1,Going straight,Driver or rider,Male,18-30,3.0,Moving Backward,Serious Injury
2024-10-05 00:40:00,Saturday,18-30,Male,Junior high school,Unknown,Automobile,Governmental,Unknown,No defect,Other,Double carriageway (median),Tangent road with flat terrain,Y Shape,Asphalt roads,Dry,Darkness - lights lit,Normal,Vehicle with vehicle collision,2,1,Going straight,,,,,Driving carelessly,Serious Injury
2024-10-05 16:50:00,Thursday,31-50,Male,Above high school,1-2yr,Public (> 45 seats),Owner,5-10yrs,No defect,Other,Two-way (divided with broken lines road marking),Tangent road with flat terrain,No junction,Asphalt roads,Dry,Daylight,Normal,Vehicle with vehicle collision,1,1,Going straight,Driver or rider,Female,18-30,3.0,No priority to vehicle,Slight Injury
2024-10-05 05:15:00,Wednesday,31-50,Male,Junior high school,1-2yr,Lorry (41-100Q),Owner,Unknown,No defect,Office areas,Double carriageway (median),Tangent road with mild grade and flat terrain,Y Shape,Asphalt roads,Dry,Daylight,Normal,Collision with roadside objects,2,1,Going straight,,,,,Changing lane to the right,Slight Injury
2024-10-05 05:15:00,Wednesday,18-30,Male,Junior high school,1-2yr,Automobile,Owner,Unknown,Unknown,Office areas,Two-way (divided with broken lines road marking),Tangent road with flat terrain,Y Shape,Asphalt roads,Dry,Daylight,Normal,Collision with roadside objects,2,1,Going straight,Pedestrian,Female,Under 18,3.0,Changing lane to the left,Slight Injury
2024-10-05 19:00:00,Wednesday,18-30,Male,Unknown,5-10yr,Lorry (11-40Q),Owner,Unknown,Unknown,Office areas,Other,Tangent road with mild grade and flat terrain,Crossing,Asphalt roads,Dry,Daylight,Normal,Collision with roadside objects,2,1,Going straight,Driver or rider,Female,31-50,3.0,No priority to vehicle,Slight Injury
2024-10-05 19:00:00,Wednesday,18-30,Male,Junior high school,Above 10yr,Public (13-45 seats),Owner,Unknown,Unknown,Office areas,Other,Tangent road with mild grade and flat terrain,Crossing,Asphalt roads,Dry,Daylight,Normal,Vehicle with vehicle collision,2,1,Going straight,,,,,Driving carelessly,Slight Injury
2024-10-05 04:10:00,Sunday,18-30,Male,Junior high school,Above 10yr,Public (13-45 seats),Owner,Unknown,Unknown,Office areas,One way,Tangent road with flat terrain,Y Shape,Asphalt roads,Dry,Daylight,Normal,Collision with pedestrians,1,4,Going straight,Pedestrian,Male,18-30,2.0,Moving Backward,Slight Injury
2024-10-05 04:10:00,Sunday,18-30,Male,Junior high school,5-10yr,Other,Other,Unknown,Unknown,Office areas,Two-way (divided with broken lines road marking),Tangent road with flat terrain,Y Shape,Asphalt roads,Dry,Daylight,Normal,Vehicle with vehicle collision,1,4,Going straight,Driver or rider,Male,18-30,3.0,No distancing,Slight Injury
2024-10-05 04:10:00,Sunday,18-30,Male,Junior high school,2-5yr,Long lorry,Owner,Unknown,Unknown,Office areas,Other,Tangent road with flat terrain,Y Shape,Asphalt roads,Dry,Daylight,Normal,Collision with pedestrians,1,4,Other,,,,,Changing lane to the left,Slight Injury
2024-10-05 04:10:00,Sunday,18-30,Male,Junior high school,Below 1yr,Lorry (41-100Q),Owner,5-10yrs,Unknown,Other,Undivided Two way,Tangent road with flat terrain,Y Shape,Asphalt roads,Dry,Daylight,Normal,Vehicle with vehicle collision,1,4,Going straight,,,,,Changing lane to the left,Slight Injury
2024-10-05 09:02:00,Wednesday,18-30,Male,Junior high school,1-2yr,Lorry (11-40Q),Owner,Unknown,No defect,Other,Two-way (divided with broken lines road marking),Tangent road with flat terrain,Crossing,Asphalt roads,Dry,Daylight,Normal,Collision with pedestrians,3,1,Reversing,Driver or rider,Male,31-50,3.0,No distancing,Serious Injury
2024-10-05 09:02:00,Wednesday,31-50,Male,Junior high school,5-10yr,Lorry (41-100Q),Other,2-5yrs,No defect,Residential areas,Two-way (divided with broken lines road marking),Tangent road with flat terrain,Crossing,Asphalt roads,Dry,Daylight,Normal,Vehicle with vehicle collision,3,1,Going straight,Passenger,Female,Over 51,3.0,Changing lane to the left,Serious Injury
2024-10-05 09:02:00,Wednesday,31-50,Male,Junior high school,Below 1yr,Public (12 seats),Owner,Unknown,No defect,Other,Two-way (divided with broken lines road marking),Tangent road with flat terrain,Crossing,Asphalt roads,Dry,Daylight,Normal,Vehicle with vehicle collision,3,1,Reversing,Driver or rider,Male,18-30,3.0,Driving carelessly,Serious Injury
2024-10-05 13:40:00,Sunday,18-30,Male,Elementary school,5-10yr,Other,Owner,5-10yrs,No defect,Other,Two-way (divided with broken lines road marking),Tangent road with flat terrain,Crossing,Asphalt roads,Dry,Daylight,Normal,Vehicle with vehicle collision,4,7,Going straight,,,,,Changing lane to the left,Slight Injury
2024-10-05 13:40:00,Sunday,18-30,Male,Junior high school,2-5yr,Taxi,Governmental,Unknown,No defect,Other,Two-way (divided with broken lines road marking),Tangent road with flat terrain,Crossing,Asphalt roads,Dry,Daylight,Normal,Vehicle with vehicle collision,4,7,Reversing,Pedestrian,Male,31-50,2.0,No distancing,Slight Injury
2024-10-05 13:40:00,Sunday,18-30,Male,Junior high school,5-10yr,Other,Owner,5-10yrs,Unknown,Other,Undivided Two way,Tangent road with flat terrain,Crossing,Asphalt roads,Dry,Daylight,Normal,Vehicle with vehicle collision,4,7,Other,Driver or rider,Male,18-30,3.0,Changing lane to the right,Slight Injury
2024-10-05 13:40:00,Sunday,31-50,Male,Elementary school,5-10yr,Automobile,Owner,Unknown,Unknown,Industrial areas,Undivided Two way,Tangent road with flat terrain,Crossing,Asphalt roads,Dry,Daylight,Normal,Vehicle with vehicle collision,4,7,Going straight,,,,,No distancing,Slight Injury
2024-10-05 13:40:00,Sunday,31-50,Male,Junior high school,Above 10yr,Other,Owner,5-10yrs,Unknown,Industrial areas,Undivided Two way,Tangent road with flat terrain,Crossing,Asphalt roads,Dry,Daylight,Normal,Vehicle with vehicle collision,4,7,Reversing,Driver or rider,Male,18-30,3.0,Driving to the left,Slight Injury
2024-10-05 13:40:00,Sunday,31-50,Male,Junior high school,1-2yr,Lorry (41-100Q),Owner,Unknown,No defect,Church areas,Double carriageway (median),Tangent road with flat terrain,Crossing,Asphalt roads,Dry,Daylight,Normal,Vehicle with vehicle collision,4,7,Other,,,,,No distancing,Slight Injury
2024-10-05 13:40:00,Sunday,18-30,Male,High school,Below 1yr,Automobile,Owner,Unknown,No defect,Other,Undivided Two way,Tangent road with flat terrain,Crossing,Asphalt roads,Dry,Daylight,Normal,Vehicle with vehicle collision,4,7,Going straight,Driver or rider,Male,31-50,3.0,Overtaking,Slight Injury
2024-10-05 13:40:00,Sunday,18-30,Male,Elementary school,Above 10yr,Automobile,Owner,Above 10yr,Unknown,Other,Undivided Two way,Tangent road with flat terrain,Crossing,Asphalt roads,Dry,Daylight,Normal,Vehicle with vehicle collision,4,7,Going straight,,,,,Driving under the influence of drugs,Slight Injury
2024-10-05 17:00:00,Sunday,Over 51,Male,High school,1-2yr,Lorry (41-100Q),Owner,Unknown,No defect,Office areas,Undivided Two way,Tangent road with flat terrain,No junction,Asphalt roads,Dry,Daylight,Normal,Vehicle with vehicle collision,1,1,Going straight,Driver or rider,Male,18-30,3.0,No priority to pedestrian,Slight Injury
2024-10-05 15:27:00,Monday,31-50,Male,Junior high school,2-5yr,Automobile,Owner,Unknown,No defect,Office areas,Undivided Two way,Tangent road with flat terrain,Crossing,Asphalt roads,Dry,Daylight,Normal,Vehicle with vehicle collision,2,1,Moving Backward,,,,,Moving Backward,Slight Injury
2024-10-05 15:27:00,Monday,18-30,Male,Unknown,5-10yr,Automobile,Governmental,Below 1yr,Unknown,Residential areas,Two-way (divided with broken lines road marking),Tangent road with flat terrain,Crossing,Asphalt roads,Dry,Daylight,Normal,Rollover,2,1,Going straight,Driver or rider,Male,31-50,3.0,Changing lane to the right,Slight Injury
2024-10-05 16:00:00,Wednesday,18-30,Male,High school,2-5yr,Automobile,Owner,Unknown,No defect,Industrial areas,Undivided Two way,Tangent road with flat terrain,Y Shape,Asphalt roads,Dry,Daylight,Normal,Collision with roadside objects,2,1,Going straight,,,,,Changing lane to the left,Slight Injury
2024-10-05 16:00:00,Wednesday,31-50,Male,High school,Above 10yr,Taxi,Owner,Unknown,No defect,Office areas,Undivided Two way,Tangent road with flat terrain,Y Shape,Asphalt roads,Dry,Daylight,Normal,Vehicle with vehicle collision,2,1,Going straight,,,,,Changing lane to the right,Slight Injury
2024-10-05 07:45:00,Wednesday,31-50,Male,Junior high school,1-2yr,Other,Owner,Unknown,No defect,Other,Undivided Two way,Tangent road with flat terrain,Y Shape,Asphalt roads,Dry,Daylight,Normal,Vehicle with vehicle collision,2,1,Going straight,Driver or rider,Female,31-50,3.0,Driving under the influence of drugs,Slight Injury
2024-10-05 07:45:00,Wednesday,18-30,Male,Elementary school,1-2yr,Other,Owner,Unknown,Unknown,Other,Two-way (divided with broken lines road marking),Tangent road with flat terrain,Y Shape,Asphalt roads,Dry,Daylight,Normal,Vehicle with vehicle collision,2,1,Other,Driver or rider,Male,18-30,3.0,No priority to vehicle,Slight Injury
2024-10-05 23:30:00,Friday,18-30,Male,High school,1-2yr,Automobile,Owner,Unknown,No defect,Residential areas,Undivided Two way,Tangent road with flat terrain,No junction,Asphalt roads,Dry,Darkness - lights lit,Normal,Collision with pedestrians,2,1,Other,,,,,No priority to vehicle,Serious Injury
2024-10-05 23:30:00,Friday,18-30,Male,Above high school,5-10yr,Pick up upto 10Q,Owner,Unknown,Unknown,Office areas,Two-way (divided with broken lines road marking),Tangent road with flat terrain,No junction,Asphalt roads,Dry,Darkness - lights lit,Normal,Collision with pedestrians,2,1,Going straight,Passenger,Female,Over 51,3.0,Changing lane to the left,Serious Injury
2024-10-05 15:40:00,Thursday,18-30,Unknown,Unknown,Unknown,Other,Organization,Unknown,Unknown,Residential areas,Other,Tangent road with flat terrain,Crossing,Asphalt roads,Dry,Daylight,Normal,Vehicle with vehicle collision,2,1,Turnover,Passenger,Female,Over 51,3.0,Changing lane to the right,Slight Injury
2024-10-05 15:40:00,Thursday,31-50,Male,Junior high school,5-10yr,Automobile,Owner,Unknown,Unknown,Office areas,Two-way (divided with broken lines road marking),Tangent road with flat terrain,Crossing,Asphalt roads,Dry,Daylight,Normal,Vehicle with vehicle collision,2,1,Going straight,Passenger,Female,18-30,3.0,Changing lane to the right,Slight Injury
2024-10-05 15:25:00,Thursday,Over 51,Male,Elementary school,5-10yr,Public (12 seats),Other,Unknown,Unknown,Church areas,Two-way (divided with broken lines road marking),Tangent road with flat terrain,No junction,Asphalt roads,Dry,Daylight,Normal,Collision with pedestrians,1,1,Moving Backward,Passenger,Male,Under 18,3.0,Changing lane to the left,Serious Injury
2024-10-05 16:07:00,Sunday,Under 18,Male,Elementary school,5-10yr,Public (13-45 seats),Organization,5-10yrs,Unknown,Residential areas,Two-way (divided with broken lines road marking),Tangent road with flat terrain,Y Shape,Asphalt roads,Dry,Daylight,Normal,Collision with pedestrians,3,6,Moving Backward,Passenger,Male,5,3.0,Changing lane to the left,Slight Injury
2024-10-05 16:07:00,Sunday,Under 18,Male,High school,5-10yr,Lorry (11-40Q),Owner,Above 10yr,Unknown,School areas,Other,Tangent road with flat terrain,Y Shape,Asphalt roads,Dry,Daylight,Normal,Collision with pedestrians,3,6,Going straight,Passenger,Female,18-30,3.0,Getting off the vehicle improperly,Slight Injury
2024-10-05 16:07:00,Sunday,31-50,Male,Junior high school,5-10yr,Stationwagen,Owner,5-10yrs,Unknown,Hospital areas,Other,Steep grade downward with mountainous terrain,Y Shape,Earth roads,Dry,Daylight,Normal,Vehicle with vehicle collision,3,6,Other,Passenger,Female,Under 18,3.0,Overtaking,Slight Injury
2024-10-05 16:07:00,Sunday,31-50,Male,Junior high school,1-2yr,Ridden horse,Owner,2-5yrs,Unknown,Other,Undivided Two way,Tangent road with flat terrain,Y Shape,Asphalt roads,Dry,Daylight,Normal,Collision with roadside objects,3,6,Going straight,Passenger,Female,18-30,3.0,Changing lane to the left,Slight Injury
2024-10-05 16:07:00,Sunday,31-50,Male,Junior high school,2-5yr,Stationwagen,Owner,Unknown,Unknown,School areas,Double carriageway (median),Tangent road with flat terrain,Y Shape,Other,Dry,Daylight,Normal,Vehicle with vehicle collision,3,6,Going straight,Passenger,Female,Under 18,3.0,Driving under the influence of drugs,Slight Injury
2024-10-05 16:07:00,Sunday,31-50,Male,Junior high school,5-10yr,Automobile,Owner,Above 10yr,No defect,Other,Other,Tangent road with flat terrain,Y Shape,Other,Dry,Daylight,Normal,Vehicle with vehicle collision,3,6,Going straight,Passenger,Female,Under 18,3.0,Driving carelessly,Slight Injury
2024-10-05 17:50:00,Saturday,Under 18,Male,Junior high school,Above 10yr,Automobile,Owner,5-10yrs,Unknown,Industrial areas,Undivided Two way,Tangent road with flat terrain,Crossing,Asphalt roads,Dry,Daylight,Normal,Collision with roadside objects,2,1,Going straight,Passenger,Female,Under 18,3.0,Moving Backward,Slight Injury
2024-10-05 17:50:00,Saturday,31-50,Male,High school,5-10yr,Other,Owner,Unknown,No defect,Church areas,Two-way (divided with broken lines road marking),Tangent road with flat terrain,Crossing,Earth roads,Dry,Daylight,Normal,Vehicle with vehicle collision,2,1,Going straight,Pedestrian,Male,18-30,3.0,No distancing,Slight Injury
2024-10-05 19:35:00,Thursday,18-30,Male,High school,2-5yr,Taxi,Owner,Unknown,No defect,Office areas,Two-way (divided with broken lines road marking),Tangent road with flat terrain,Y Shape,Asphalt roads,Dry,Daylight,Normal,Vehicle with vehicle collision,2,1,Going straight,Driver or rider,Male,31-50,3.0,No priority to vehicle,Slight Injury
2024-10-05 19:35:00,Thursday,Under 18,Male,Junior high school,5-10yr,Automobile,Owner,Unknown,No defect,Other,Two-way (divided with broken lines road marking),Tangent road with flat terrain,Y Shape,Asphalt roads,Dry,Daylight,Normal,Vehicle with vehicle collision,2,1,Going straight,,,,,Overturning,Slight Injury
2024-10-05 21:33:00,Saturday,18-30,Male,Elementary school,2-5yr,Stationwagen,Owner,Unknown,No defect,Office areas,Double carriageway (median),Tangent road with flat terrain,No junction,Earth roads,Dry,Daylight,Normal,Vehicle with vehicle collision,1,1,Going straight,Driver or rider,Male,31-50,3.0,Changing lane to the left,Slight Injury
2024-10-05 08:00:00,Tuesday,Over 51,Male,Elementary school,5-10yr,Automobile,Owner,Unknown,No defect,Office areas,Double carriageway (median),Tangent road with flat terrain,Y Shape,Asphalt roads,Dry,Daylight,Normal,Collision with pedestrians,2,1,Other,Driver or rider,Male,18-30,3.0,No distancing,Slight Injury
2024-10-05 08:00:00,Tuesday,31-50,Male,Junior high school,1-2yr,Public (12 seats),Governmental,Unknown,No defect,Office areas,Double carriageway (median),Tangent road with flat terrain,Y Shape,Asphalt roads,Dry,Daylight,Normal,Rollover,2,1,Going straight,Passenger,Female,31-50,3.0,Moving Backward,Slight Injury
2024-10-05 21:05:00,Wednesday,18-30,Male,Junior high school,5-10yr,Other,Owner,Unknown,No defect,Residential areas,Double carriageway (median),Tangent road with flat terrain,Y Shape,Asphalt roads,Dry,Darkness - lights lit,Normal,Vehicle with vehicle collision,2,1,Overtaking,,,,,No priority to vehicle,Slight Injury
2024-10-05 21:05:00,Wednesday,Over 51,Male,Unknown,Unknown,Automobile,Owner,Unknown,No defect,Office areas,Double carriageway (median),Tangent road with flat terrain,Y Shape,Asphalt roads,Dry,Darkness - lights lit,Normal,Vehicle with vehicle collision,2,1,Going straight,Driver or rider,Male,Under 18,3.0,No priority to vehicle,Slight Injury
2024-10-05 08:40:00,Monday,18-30,Male,Elementary school,Above 10yr,Lorry (41-100Q),Owner,2-5yrs,Unknown,Other,Undivided Two way,Tangent road with flat terrain,Y Shape,Asphalt roads,Dry,Daylight,Normal,Vehicle with vehicle collision,2,1,Going straight,,,,,No distancing,Slight Injury
2024-10-05 08:40:00,Monday,31-50,Male,Elementary school,Below 1yr,Other,Owner,2-5yrs,Unknown,Industrial areas,One way,Other,Y Shape,Asphalt roads,Dry,Daylight,Normal,Collision with roadside objects,2,1,Going straight,Passenger,Female,18-30,3.0,No distancing,Slight Injury
2024-10-05 16:55:00,Monday,18-30,Male,Junior high school,2-5yr,Public (> 45 seats),Owner,Unknown,No defect,Other,One way,Tangent road with flat terrain,Y Shape,Asphalt roads,Wet or damp,Daylight,Raining,Vehicle with vehicle collision,2,1,U-Turn,Passenger,Female,31-50,3.0,Overtaking,Slight Injury
2024-10-05 16:55:00,Monday,Over 51,Male,Elementary school,1-2yr,Other,Owner,Unknown,No defect,Office areas,Double carriageway (median),Tangent road with flat terrain,Y Shape,Asphalt roads,Wet or damp,Daylight,Raining,Rollover,2,1,Going straight,Driver or rider,Female,18-30,3.0,Driving under the influence of drugs,Slight Injury
2024-10-05 09:49:00,Saturday,18-30,Male,Junior high school,5-10yr,Public (12 seats),Governmental,Unknown,Unknown,Office areas,Two-way (divided with broken lines road marking),Tangent road with flat terrain,Crossing,Asphalt roads,Dry,Daylight,Normal,Collision with roadside objects,2,3,Going straight,,,,,Changing lane to the right,Slight Injury
2024-10-05 09:49:00,Saturday,31-50,Male,Junior high school,2-5yr,Public (12 seats),Governmental,Unknown,No defect,Other,Double carriageway (median),Tangent road with flat terrain,Crossing,Asphalt roads,Dry,Daylight,Normal,Vehicle with vehicle collision,2,3,Going straight,Driver or rider,Female,18-30,3.0,Changing lane to the left,Slight Injury