Time,Day_of_week,Age_band_of_driver,Sex_of_driver,Educational_level,Driving_experience,Type_of_vehicle,Owner_of_vehicle,Service_year_of_vehicle,Defect_of_vehicle,Area_accident_occured,Lanes_or_Medians,Road_allignment,Types_of_Junction,Road_surface_type,Road_surface_conditions,Light_conditions,Weather_conditions,Type_of_collision,Number_of_vehicles_involved,Number_of_casualties,Vehicle_movement,Casualty_class,Sex_of_casualty,Age_band_of_casualty,Casualty_severity,Cause_of_accident,Accident_severity
2024-10-05 16:25:00,Wednesday,18-30,Male,Junior high school,5-10yr,Lorry (41-100Q),Owner,Unknown,No defect,Other,Two-way (divided with broken lines road marking),Tangent road with flat terrain,Y Shape,Asphalt roads,Dry,Daylight,Normal,Collision with roadside objects,2,1,Going straight,Driver or rider,Female,18-30,3.0,Driving to the left,Serious Injury
2024-10-05 18:58:00,Sunday,31-50,Male,Elementary school,1-2yr,Stationwagen,Organization,2-5yrs,Unknown,Residential areas,Undivided Two way,Tangent road with flat terrain,Crossing,Asphalt roads,Dry,Daylight,Normal,Vehicle with vehicle collision,1,1,Going straight,,,,,Driving to the left,Serious Injury
2024-10-05 08:45:00,Thursday,Under 18,Male,Junior high school,Unknown,Lorry (41-100Q),Owner,Unknown,No defect,Church areas,Two-way (divided with broken lines road marking),Tangent road with flat terrain,Y Shape,Asphalt roads,Dry,Daylight,Normal,Vehicle with vehicle collision,3,1,Turnover,Driver or rider,Male,31-50,3.0,No priority to pedestrian,Slight Injury
2024-10-05 08:45:00,Thursday,18-30,Male,Above high school,1-2yr,Public (12 seats),Governmental,Unknown,No defect,Residential areas,Two-way (divided with broken lines road marking),Tangent road with flat terrain,Y Shape,Asphalt roads,Dry,Daylight,Normal,Collision with roadside objects,3,1,Moving Backward,,,,,Changing lane to the left,Slight Injury
2024-10-05 08:45:00,Thursday,Over 51,Male,Junior high school,Above 10yr,Lorry (41-100Q),Owner,Unknown,No defect,Office areas,One way,Tangent road with flat terrain,Y Shape,Asphalt roads,Dry,Daylight,Normal,Vehicle with vehicle collision,3,1,Going straight,,,,,Changing lane to the right,Slight Injury
2024-10-05 08:17:00,Tuesday,18-30,Male,Junior high school,1-2yr,Other,Governmental,Below 1yr,No defect,Residential areas,Two-way (divided with broken lines road marking),Tangent road with flat terrain,Y Shape,Asphalt roads,Wet or damp,Daylight,Raining,Vehicle with vehicle collision,2,2,Going straight,Driver or rider,Male,18-30,3.0,Driving carelessly,Slight Injury
2024-10-05 08:17:00,Tuesday,18-30,Male,Junior high school,5-10yr,Stationwagen,Owner,Unknown,No defect,Other,One way,Tangent road with flat terrain,Y Shape,Asphalt roads,Wet or damp,Daylight,Raining,Collision with roadside objects,2,2,Moving Backward,Driver or rider,Female,Over 51,3.0,No distancing,Slight Injury
2024-10-05 15:15:00,Wednesday,18-30,Male,Junior high school,2-5yr,Automobile,Owner,Unknown,Unknown,Industrial areas,Two-way (divided with broken lines road marking),Tangent road with flat terrain,Y Shape,Asphalt roads,Dry,Daylight,Normal,Collision with roadside objects,2,1,Going straight,,,,,Getting off the vehicle improperly,Slight Injury
2024-10-05 15:15:00,Wednesday,31-50,Male,Unknown,Unknown,Public (> 45 seats),Owner,Unknown,Unknown,Church areas,Two-way (divided with broken lines road marking),Tangent road with flat terrain,Y Shape,Gravel roads,Dry,Daylight,Normal,Vehicle with vehicle collision,2,1,Moving Backward,Passenger,Female,18-30,2.0,Driving under the influence of drugs,Slight Injury
2024-10-05 06:15:00,Monday,31-50,Male,Junior high school,2-5yr,Other,Owner,2-5yrs,No defect,Residential areas,Undivided Two way,Steep grade downward with mountainous terrain,No junction,Asphalt roads,Dry,Daylight,Normal,Vehicle with vehicle collision,3,1,Going straight,,,,,Changing lane to the right,Slight Injury
2024-10-05 06:15:00,Monday,Unknown,Female,Junior high school,2-5yr,Lorry (41-100Q),Other,Unknown,Unknown,Other,Two-way (divided with broken lines road marking),Tangent road with flat terrain,No junction,Asphalt roads,Dry,Daylight,Normal,Vehicle with vehicle collision,3,1,Going straight,Passenger,Male,Over 51,3.0,Driving carelessly,Slight Injury
2024-10-05 06:15:00,Monday,Unknown,Female,Junior high school,Above 10yr,Automobile,Other,Unknown,Unknown,Other,Two-way (divided with broken lines road marking),Tangent road with flat terrain,No junction,Asphalt roads,Dry,Daylight,Normal,Vehicle with vehicle collision,3,1,Going straight,,,,,Moving Backward,Slight Injury
2024-10-05 17:50:00,Tuesday,18-30,Male,Junior high school,1-2yr,Public (> 45 seats),Owner,1-2yr,No defect,Office areas,Undivided Two way,Tangent road with flat terrain,Y Shape,Asphalt roads,Dry,Daylight,Normal,Vehicle with vehicle collision,1,1,Other,Driver or rider,Male,18-30,3.0,Turnover,Slight Injury
2024-10-05 21:45:00,Saturday,18-30,Male,Above high school,1-2yr,Other,Owner,Above 10yr,No defect,Outside rural areas,Two-way (divided with broken lines road marking),Tangent road with mountainous terrain and,Crossing,Asphalt roads,Dry,Darkness - lights lit,Normal,Vehicle with vehicle collision,4,1,Other,,,,,Changing lane to the right,Slight Injury
2024-10-05 21:45:00,Saturday,Unknown,Female,Above high school,No Licence,Automobile,Owner,Above 10yr,No defect,Church areas,Two-way (divided with broken lines road marking),Steep grade downward with mountainous terrain,Crossing,Asphalt roads,Dry,Darkness - lights lit,Normal,Vehicle with vehicle collision,4,1,Going straight,Driver or rider,Male,18-30,3.0,Driving carelessly,Slight Injury
2024-10-05 21:45:00,Saturday,Unknown,Female,Junior high school,1-2yr,Pick up upto 10Q,Owner,Unknown,No defect,Office areas,Other,Tangent road with mountainous terrain and,Crossing,Asphalt roads,Dry,Darkness - lights lit,Normal,Vehicle with vehicle collision,4,1,Reversing,,,,,No priority to vehicle,Slight Injury
2024-10-05 21:45:00,Saturday,31-50,Male,Junior high school,5-10yr,Public (12 seats),Owner,Above 10yr,Unknown,Church areas,Two-way (divided with broken lines road marking),Steep grade downward with mountainous terrain,Crossing,Asphalt roads,Dry,Darkness - lights lit,Normal,Vehicle with vehicle collision,4,1,Going straight,Driver or rider,Male,18-30,3.0,Moving Backward,Slight Injury
2024-10-05 12:55:00,Monday,18-30,Male,Junior high school,Above 10yr,Lorry (41-100Q),Other,Unknown,Unknown,Office areas,Other,Tangent road with mountainous terrain and,Y Shape,Asphalt roads,Dry,Daylight,Normal,Vehicle with vehicle collision,3,3,Going straight,Driver or rider,Male,31-50,3.0,Changing lane to the left,Slight Injury
2024-10-05 12:55:00,Monday,31-50,Male,Junior high school,Above 10yr,Lorry (41-100Q),Governmental,Unknown,No defect,Office areas,Undivided Two way,Tangent road with flat terrain,Y Shape,Asphalt roads,Dry,Daylight,Normal,Vehicle with vehicle collision,3,3,Going straight,,,,,Overturning,Slight Injury
2024-10-05 12:55:00,Monday,31-50,Male,Junior high school,5-10yr,Lorry (41-100Q),Owner,1-2yr,No defect,School areas,Two-way (divided with broken lines road marking),Tangent road with flat terrain,Y Shape,Asphalt roads,Dry,Daylight,Normal,Vehicle with vehicle collision,3,3,Going straight,,,,,No distancing,Slight Injury
2024-10-05 21:10:00,Saturday,31-50,Male,Elementary school,2-5yr,Public (13-45 seats),Owner,Below 1yr,No defect,Residential areas,Two-way (divided with broken lines road marking),Tangent road with flat terrain,No junction,Asphalt roads,Dry,Daylight,Normal,Vehicle with vehicle collision,2,1,Moving Backward,Driver or rider,Male,31-50,3.0,Driving carelessly,Slight Injury
2024-10-05 21:10:00,Saturday,18-30,Male,Junior high school,2-5yr,Lorry (41-100Q),Owner,Unknown,No defect,Office areas,Other,Tangent road with mountainous terrain and,No junction,Asphalt roads,Dry,Daylight,Normal,Vehicle with vehicle collision,2,1,Going straight,Driver or rider,Female,31-50,3.0,No distancing,Slight Injury
2024-10-05 08:40:00,Thursday,31-50,Male,Junior high school,2-5yr,Motorcycle,Owner,Unknown,No defect,Other,Two-way (divided with broken lines road marking),Tangent road with flat terrain,Crossing,Asphalt roads,Dry,Daylight,Normal,Vehicle with vehicle collision,2,1,Going straight,,,,,No priority to pedestrian,Slight Injury
2024-10-05 18:30:00,Saturday,31-50,Male,Junior high school,2-5yr,Lorry (41-100Q),Owner,Unknown,No defect,Residential areas,Undivided Two way,Tangent road with flat terrain,Crossing,Asphalt roads,Dry,Daylight,Normal,Vehicle with vehicle collision,2,1,Going straight,Driver or rider,Male,31-50,3.0,No distancing,Slight Injury
2024-10-05 18:30:00,Saturday,Under 18,Male,Elementary school,5-10yr,Ridden horse,Owner,Unknown,No defect,Office areas,Undivided Two way,Tangent road with flat terrain,Crossing,Asphalt roads,Dry,Daylight,Normal,Vehicle with vehicle collision,2,1,Going straight,Pedestrian,Female,18-30,3.0,No distancing,Slight Injury
2024-10-05 13:55:00,Thursday,Under 18,Male,Junior high school,Above 10yr,Automobile,Owner,Unknown,No defect,Office areas,Undivided Two way,Tangent road with flat terrain,Other,Gravel roads,Dry,Daylight,Normal,Collision with roadside objects,2,1,Moving Backward,Pedestrian,Male,18-30,2.0,Changing lane to the left,Slight Injury
2024-10-05 13:55:00,Thursday,18-30,Male,Unknown,Unknown,Lorry (41-100Q),Owner,Unknown,No defect,Residential areas,Undivided Two way,Tangent road with flat terrain,Other,Asphalt roads,Dry,Daylight,Normal,Vehicle with vehicle collision,2,1,Going straight,Pedestrian,Female,Over 51,2.0,No distancing,Slight Injury
2024-10-05 15:00:00,Sunday,Over 51,Male,Junior high school,2-5yr,Pick up upto 10Q,Owner,Unknown,No defect,Office areas,Undivided Two way,Tangent road with flat terrain,Y Shape,Gravel roads,Dry,Daylight,Normal,Collision with pedestrians,1,1,Going straight,Pedestrian,Female,31-50,3.0,Changing lane to the left,Serious Injury
2024-10-05 08:40:00,Thursday,Under 18,Male,Junior high school,5-10yr,Public (> 45 seats),Owner,Unknown,No defect,Office areas,Undivided Two way,Tangent road with flat terrain,Y Shape,Asphalt roads,Dry,Daylight,Normal,Vehicle with vehicle collision,2,1,Moving Backward,,,,,No distancing,Slight Injury
2024-10-05 08:40:00,Thursday,18-30,Male,Above high school,2-5yr,Stationwagen,Owner,Unknown,No defect,Office areas,Other,Tangent road with flat terrain,Y Shape,Asphalt roads,Dry,Daylight,Normal,Collision with roadside objects,2,1,Moving Backward,Driver or rider,Male,31-50,3.0,No distancing,Slight Injury
2024-10-05 08:20:00,Friday,18-30,Male,Unknown,Unknown,Automobile,Owner,Unknown,No defect,Office areas,Two-way (divided with broken lines road marking),Tangent road with flat terrain,No junction,Asphalt roads,Dry,Daylight,Normal,Vehicle with vehicle collision,3,1,Going straight,Driver or rider,Male,31-50,3.0,No distancing,Slight Injury
2024-10-05 08:20:00,Friday,18-30,Male,Unknown,1-2yr,Public (12 seats),Owner,Unknown,No defect,Other,Undivided Two way,Tangent road with flat terrain,No junction,Asphalt roads,Dry,Daylight,Normal,Vehicle with vehicle collision,3,1,Turnover,,,,,Changing lane to the left,Slight Injury
2024-10-05 08:20:00,Friday,18-30,Female,Junior high school,2-5yr,Automobile,Owner,Unknown,No defect,Other,Two-way (divided with broken lines road marking),Tangent road with flat terrain,No junction,Asphalt roads,Dry,Daylight,Normal,Vehicle with vehicle collision,3,1,Turnover,Driver or rider,Female,18-30,3.0,Changing lane to the right,Slight Injury
2024-10-05 18:40:00,Thursday,18-30,Male,Junior high school,Above 10yr,Automobile,Owner,2-5yrs,Unknown,Other,Two-way (divided with broken lines road marking),Tangent road with flat terrain,No junction,Asphalt roads,Dry,Daylight,Normal,Vehicle with vehicle collision,1,1,Going straight,,,,,Moving Backward,Slight Injury
2024-10-05 10:40:00,Saturday,31-50,Male,Junior high school,Below 1yr,Automobile,Owner,2-5yrs,Unknown,Residential areas,One way,Tangent road with flat terrain,Y Shape,Asphalt roads,Dry,Daylight,Normal,Vehicle with vehicle collision,2,1,Going straight,,,,,Changing lane to the right,Slight Injury
2024-10-05 10:40:00,Saturday,18-30,Male,Junior high school,2-5yr,Lorry (41-100Q),Owner,2-5yrs,Unknown,School areas,Undivided Two way,Tangent road with mild grade and flat terrain,Y Shape,Asphalt roads,Dry,Daylight,Normal,Rollover,2,1,Going straight,Driver or rider,Male,18-30,3.0,No distancing,Slight Injury
2024-10-05 11:04:00,Wednesday,31-50,Male,Junior high school,Below 1yr,Automobile,Owner,2-5yrs,Unknown,Residential areas,Undivided Two way,Tangent road with mild grade and flat terrain,No junction,Asphalt roads,Dry,Daylight,Normal,Collision with roadside objects,1,2,Going straight,Pedestrian,Female,18-30,3.0,Overtaking,Serious Injury
2024-10-05 11:04:00,Wednesday,31-50,Male,High school,5-10yr,Automobile,Owner,2-5yrs,No defect,Office areas,Two-way (divided with broken lines road marking),Tangent road with flat terrain,No junction,Asphalt roads,Dry,Daylight,Normal,Vehicle with vehicle collision,1,2,Going straight,,,,,Other,Serious Injury
2024-10-05 15:30:00,Wednesday,18-30,Male,Above high school,1-2yr,Public (12 seats),Owner,Unknown,No defect,Church areas,One way,Tangent road with flat terrain,No junction,Asphalt roads,Dry,Daylight,Normal,Vehicle with vehicle collision,3,1,Going straight,Driver or rider,Male,31-50,3.0,Other,Slight Injury
2024-10-05 15:30:00,Wednesday,31-50,Male,Junior high school,Below 1yr,Taxi,Owner,Unknown,No defect,Other,Undivided Two way,Tangent road with flat terrain,No junction,Asphalt roads,Dry,Daylight,Normal,Collision with roadside objects,3,1,Getting off,,,,,Changing lane to the right,Slight Injury
2024-10-05 15:30:00,Wednesday,18-30,Male,Unknown,Unknown,Automobile,Owner,2-5yrs,No defect,Other,One way,Tangent road with flat terrain,No junction,Asphalt roads,Dry,Daylight,Normal,Vehicle with vehicle collision,3,1,Moving Backward,Pedestrian,Male,31-50,3.0,No priority to pedestrian,Slight Injury
2024-10-05 20:05:00,Tuesday,Over 51,Male,High school,Below 1yr,Public (12 seats),Owner,5-10yrs,No defect,Other,Two-way (divided with broken lines road marking),Tangent road with flat terrain,Crossing,Asphalt roads,Dry,Daylight,Normal,Vehicle with vehicle collision,2,1,Other,Driver or rider,Male,18-30,3.0,No priority to vehicle,Slight Injury
2024-10-05 20:05:00,Tuesday,18-30,Male,High school,Below 1yr,Stationwagen,Owner,Unknown,No defect,Other,Two-way (divided with broken lines road marking),Tangent road with flat terrain,Crossing,Asphalt roads,Dry,Daylight,Normal,Vehicle with vehicle collision,2,1,Going straight,,,,,Changing lane to the left,Slight Injury
2024-10-05 19:55:00,Monday,18-30,Male,Unknown,Unknown,Stationwagen,Owner,Unknown,No defect,Office areas,Undivided Two way,Tangent road with flat terrain,Crossing,Asphalt roads,Dry,Daylight,Normal,Vehicle with vehicle collision,2,1,Going straight,Driver or rider,Male,18-30,3.0,Changing lane to the left,Slight Injury
2024-10-05 19:55:00,Monday,18-30,Male,High school,2-5yr,Automobile,Owner,Unknown,No defect,Office areas,Two-way (divided with solid lines road marking),Tangent road with flat terrain,Crossing,Asphalt roads,Dry,Daylight,Normal,Vehicle with vehicle collision,2,1,Going straight,,,,,Overtaking,Slight Injury
2024-10-05 13:56:00,Thursday,18-30,Male,Junior high school,Above 10yr,Lorry (41-100Q),Owner,Unknown,No defect,Residential areas,Undivided Two way,Tangent road with flat terrain,No junction,Asphalt roads,Dry,Daylight,Normal,Vehicle with vehicle collision,3,1,Going straight,Driver or rider,Male,5,3.0,No distancing,Slight Injury
2024-10-05 13:56:00,Thursday,31-50,Male,Junior high school,Above 10yr,Automobile,Owner,Unknown,No defect,Office areas,One way,Tangent road with flat terrain,No junction,Asphalt roads,Dry,Daylight,Normal,Collision with pedestrians,3,1,Going straight,Driver or rider,Male,18-30,3.0,No priority to vehicle,Slight Injury
2024-10-05 13:56:00,Thursday,31-50,Male,Junior high school,5-10yr,Public (12 seats),Owner,Unknown,No defect,Residential areas,Two-way (divided with broken lines road marking),Tangent road with flat terrain,No junction,Asphalt roads,Dry,Daylight,Normal,Vehicle with vehicle collision,3,1,Going straight,,,,,Changing lane to the right,Slight Injury
2024-10-05 11:45:00,Saturday,Over 51,Male,Junior high school,1-2yr,Automobile,Owner,Unknown,No defect,Office areas,Undivided Two way,Tangent road with flat terrain,Y Shape,Asphalt roads,Dry,Daylight,Normal,Collision with roadside objects,2,1,Going straight,Pedestrian,Female,18-30,2.0,Changing lane to the left,Slight Injury
2024-10-05 11:45:00,Saturday,Over 51,Male,Unknown,Below 1yr,Automobile,Owner,Unknown,No defect,Other,Two-way (divided with broken lines road marking),Tangent road with flat terrain,Y Shape,Asphalt roads,Dry,Daylight,Normal,Vehicle with vehicle collision,2,1,Going straight,,,,,No distancing,Slight Injury
2024-10-05 22:50:00,Saturday,Under 18,Male,Junior high school,Below 1yr,Lorry (41-100Q),Owner,Unknown,No defect,Office areas,One way,Tangent road with flat terrain,No junction,Asphalt roads,Dry,Darkness - lights lit,Normal,Vehicle with vehicle collision,1,2,Going straight,Driver or rider,Male,18-30,3.0,Driving carelessly,Serious Injury
2024-10-05 22:50:00,Saturday,Under 18,Male,High school,2-5yr,Automobile,Owner,Unknown,No defect,School areas,Undivided Two way,Tangent road with flat terrain,No junction,Asphalt roads,Dry,Darkness - lights lit,Normal,Vehicle with vehicle collision,1,2,Going straight,Pedestrian,Female,18-30,3.0,No priority to pedestrian,Serious Injury
2024-10-05 16:05:00,Wednesday,Over 51,Male,Junior high school,1-2yr,Motorcycle,Owner,Unknown,Unknown,Residential areas,One way,Tangent road with flat terrain,Y Shape,Asphalt roads,Dry,Daylight,Normal,Vehicle with vehicle collision,3,1,Going straight,Pedestrian,Female,18-30,3.0,Driving carelessly,Slight Injury
2024-10-05 16:05:00,Wednesday,31-50,Male,Junior high school,5-10yr,Other,Owner,Unknown,Unknown,Office areas,Undivided Two way,Tangent road with flat terrain,Y Shape,Asphalt roads,Dry,Daylight,Normal,Vehicle with vehicle collision,3,1,Going straight,,,,,Moving Backward,Slight Injury
2024-10-05 16:05:00,Wednesday,18-30,Male,Elementary school,2-5yr,Automobile,Owner,Unknown,No defect,Residential areas,Undivided Two way,Tangent road with flat terrain,Y Shape,Asphalt roads,Dry,Daylight,Normal,Vehicle with vehicle collision,3,1,Moving Backward,Driver or rider,Male,18-30,3.0,No distancing,Slight Injury
2024-10-05 22:25:00,Tuesday,Under 18,Male,Elementary school,5-10yr,Automobile,Owner,Above 10yr,Unknown,Office areas,Undivided Two way,Tangent road with flat terrain,Crossing,Asphalt roads,Dry,Darkness - lights lit,Normal,Vehicle with vehicle collision,2,2,Going straight,Driver or rider,Male,18-30,3.0,No distancing,Slight Injury
2024-10-05 22:25:00,Tuesday,18-30,Male,Junior high school,Above 10yr,Automobile,Owner,Above 10yr,Unknown,Residential areas,One way,Tangent road with flat terrain,Crossing,Asphalt roads,Dry,Darkness - lights lit,Normal,Vehicle with vehicle collision,2,2,Moving Backward,,,,,No distancing,Slight Injury
2024-10-05 18:55:00,Friday,31-50,Male,Junior high school,5-10yr,Public (> 45 seats),Owner,Unknown,No defect,Other,Other,Tangent road with flat terrain,Y Shape,Asphalt roads,Dry,Daylight,Normal,Vehicle with vehicle collision,1,2,Moving Backward,Driver or rider,Male,31-50,3.0,Changing lane to the left,Serious Injury
2024-10-05 18:55:00,Friday,31-50,Male,High school,5-10yr,Other,Other,Unknown,Unknown,Other,Two-way (divided with broken lines road marking),Tangent road with flat terrain,Y Shape,Asphalt roads,Dry,Daylight,Normal,Collision with roadside objects,1,2,Going straight,,,,,Changing lane to the left,Serious Injury
2024-10-05 13:00:00,Friday,Over 51,Male,Junior high school,5-10yr,Automobile,Owner,5-10yrs,Unknown,Office areas,Two-way (divided with broken lines road marking),Tangent road with flat terrain,No junction,Asphalt roads,Dry,Daylight,Normal,Vehicle with vehicle collision,2,1,Going straight,,,,,Moving Backward,Slight Injury
2024-10-05 13:00:00,Friday,Over 51,Male,Junior high school,Above 10yr,Automobile,Owner,Above 10yr,No defect,Office areas,Two-way (divided with broken lines road marking),Tangent road with flat terrain,No junction,Asphalt roads,Dry,Daylight,Normal,Collision with roadside objects,2,1,Going straight,Driver or rider,Male,18-30,3.0,Changing lane to the right,Slight Injury
2024-10-05 23:26:00,Monday,18-30,Male,Junior high school,1-2yr,Other,Owner,2-5yrs,No defect,Residential areas,Two-way (divided with broken lines road marking),Tangent road with flat terrain,Y Shape,Asphalt roads,Dry,Darkness - lights lit,Normal,Vehicle with vehicle collision,1,1,Going straight,Driver or rider,Male,31-50,3.0,No priority to vehicle,Fatal injury
2024-10-05 13:50:00,Sunday,18-30,Male,Junior high school,2-5yr,Stationwagen,Owner,Unknown,No defect,Other,Two-way (divided with broken lines road marking),Tangent road with flat terrain,No junction,Asphalt roads,Dry,Daylight,Normal,Vehicle with vehicle collision,1,1,Going straight,Driver or rider,Female,18-30,3.0,Moving Backward,Slight Injury
2024-10-05 11:00:00,Saturday,31-50,Male,Junior high school,1-2yr,Lorry (41-100Q),Governmental,Unknown,No defect,Other,Undivided Two way,Tangent road with flat terrain,Crossing,Asphalt roads,Dry,Daylight,Normal,Other,2,2,Going straight,Driver or rider,Male,Under 18,3.0,Driving carelessly,Slight Injury
2024-10-05 11:00:00,Saturday,Over 51,Male,Unknown,Unknown,Taxi,Owner,Unknown,No defect,Office areas,Two-way (divided with broken lines road marking),Tangent road with flat terrain,Crossing,Asphalt roads,Dry,Daylight,Normal,Collision with pedestrians,2,2,Other,Driver or rider,Female,18-30,3.0,Driving carelessly,Slight Injury
2024-10-05 17:43:00,Friday,31-50,Male,Elementary school,5-10yr,Other,Owner,Unknown,No defect,Office areas,Two-way (divided with broken lines road marking),Tangent road with flat terrain,No junction,Asphalt roads,Dry,Daylight,Normal,Vehicle with vehicle collision,2,1,Other,,,,,Driving under the influence of drugs,Slight Injury
2024-10-05 17:43:00,Friday,18-30,Male,Junior high school,5-10yr,Public (12 seats),Owner,Unknown,No defect,Church areas,Undivided Two way,Tangent road with flat terrain,No junction,Asphalt roads,Dry,Daylight,Normal,Vehicle with vehicle collision,2,1,Going straight,,,,,No priority to pedestrian,Slight Injury
2024-10-05 16:25:00,Sunday,18-30,Male,Junior high school,Above 10yr,Automobile,Governmental,Unknown,No defect,Other,One way,Tangent road with flat terrain,No junction,Asphalt roads,Wet or damp,Daylight,Raining,Vehicle with vehicle collision,2,4,Other,Driver or rider,Male,Under 18,3.0,No priority to vehicle,Fatal injury
2024-10-05 16:25:00,Sunday,18-30,Male,Junior high school,2-5yr,Automobile,Owner,Unknown,No defect,Office areas,Undivided Two way,Tangent road with flat terrain,No junction,Asphalt roads,Wet or damp,Daylight,Raining,Collision with pedestrians,2,4,Overtaking,Driver or rider,Male,18-30,3.0,Driving carelessly,Fatal injury
2024-10-05 16:25:00,Sunday,18-30,Male,Junior high school,Above 10yr,Public (13-45 seats),Owner,1-2yr,Unknown,Office areas,Two-way (divided with broken lines road marking),Tangent road with flat terrain,No junction,Asphalt roads,Wet or damp,Daylight,Raining,Collision with roadside objects,2,4,Reversing,,,,,Moving Backward,Fatal injury
2024-10-05 16:25:00,Sunday,18-30,Male,Junior high school,2-5yr,Lorry (41-100Q),Owner,Below 1yr,Unknown,Residential areas,Two-way (divided with broken lines road marking),Tangent road with flat terrain,No junction,Asphalt roads,Wet or damp,Daylight,Raining,Other,2,4,Going straight,Driver or rider,Male,Over 51,3.0,Driving carelessly,Fatal injury
2024-10-05 09:58:00,Saturday,31-50,Male,Elementary school,5-10yr,Lorry (41-100Q),Other,Unknown,Unknown,Other,Undivided Two way,Tangent road with flat terrain,Y Shape,Asphalt roads,Dry,Daylight,Normal,Vehicle with vehicle collision,1,1,Other,,,,,No priority to vehicle,Slight Injury
2024-10-05 18:04:00,Saturday,31-50,Male,Elementary school,5-10yr,Lorry (11-40Q),Owner,5-10yrs,Unknown,Residential areas,Two-way (divided with broken lines road marking),Tangent road with flat terrain,Y Shape,Asphalt roads,Dry,Daylight,Normal,Other,1,1,Moving Backward,Driver or rider,Female,Over 51,3.0,Changing lane to the right,Slight Injury
2024-10-05 11:50:00,Sunday,31-50,Male,Junior high school,5-10yr,Motorcycle,Governmental,Unknown,Unknown,Office areas,Two-way (divided with broken lines road marking),Tangent road with flat terrain,No junction,Asphalt roads,Dry,Daylight,Normal,Other,2,1,Going straight,,,,,Changing lane to the left,Slight Injury
2024-10-05 14:31:00,Saturday,31-50,Male,Junior high school,5-10yr,Lorry (41-100Q),Owner,5-10yrs,Unknown,Office areas,Undivided Two way,Tangent road with flat terrain,No junction,Asphalt roads,Wet or damp,Daylight,Raining,Other,2,1,Other,Driver or rider,Male,18-30,3.0,No priority to vehicle,Slight Injury
2024-10-05 01:00:00,Saturday,Under 18,Male,Elementary school,Above 10yr,Stationwagen,Owner,Above 10yr,Unknown,Other,Undivided Two way,Tangent road with flat terrain,No junction,Asphalt roads,Wet or damp,Darkness - lights lit,Other,Vehicle with vehicle collision,2,1,Moving Backward,,,,,Driving carelessly,Slight Injury
2024-10-05 01:00:00,Saturday,31-50,Male,Junior high school,Below 1yr,Automobile,Owner,1-2yr,No defect,Other,Other,Steep grade downward with mountainous terrain,No junction,Asphalt roads,Wet or damp,Darkness - lights lit,Other,Vehicle with vehicle collision,2,1,Going straight,,,,,Moving Backward,Slight Injury
2024-10-05 05:55:00,Friday,18-30,Male,Junior high school,5-10yr,Other,Owner,2-5yrs,Unknown,Office areas,One way,Steep grade downward with mountainous terrain,Y Shape,Asphalt roads,Dry,Daylight,Normal,Collision with roadside objects,2,1,Going straight,,,,,No distancing,Slight Injury
2024-10-05 05:55:00,Friday,31-50,Male,Elementary school,1-2yr,Other,Owner,Unknown,No defect,Residential areas,Two-way (divided with broken lines road marking),Tangent road with flat terrain,Y Shape,Asphalt roads,Dry,Daylight,Normal,Collision with roadside objects,2,1,Moving Backward,Driver or rider,Male,18-30,3.0,Changing lane to the left,Slight Injury
2024-10-05 17:40:00,Friday,31-50,Male,Unknown,Unknown,Taxi,Owner,Unknown,No defect,Other,Two-way (divided with broken lines road marking),Tangent road with flat terrain,Y Shape,Asphalt roads,Wet or damp,Daylight,Raining,Vehicle with vehicle collision,2,2,Going straight,Driver or rider,Male,31-50,3.0,Changing lane to the left,Slight Injury
2024-10-05 17:40:00,Friday,18-30,Male,Junior high school,Above 10yr,Automobile,Organization,2-5yrs,Unknown,Residential areas,Undivided Two way,Tangent road with flat terrain,Y Shape,Asphalt roads,Wet or damp,Daylight,Raining,Vehicle with vehicle collision,2,2,Getting off,,,,,No distancing,Slight Injury
2024-10-05 15:10:00,Tuesday,Over 51,Male,High school,2-5yr,Long lorry,Owner,Unknown,No defect,Church areas,Two-way (divided with broken lines road marking),Tangent road with flat terrain,Y Shape,Asphalt roads,Dry,Daylight,Normal,Vehicle with vehicle collision,3,1,Going straight,Driver or rider,Male,18-30,3.0,Changing lane to the left,Slight Injury
2024-10-05 15:10:00,Tuesday,Over 51,Male,Junior high school,1-2yr,Long lorry,Governmental,Unknown,No defect,Residential areas,Two-way (divided with broken lines road marking),Tangent road with flat terrain,Y Shape,Asphalt roads,Dry,Daylight,Normal,Vehicle with vehicle collision,3,1,Going straight,,,,,Driving carelessly,Slight Injury
2024-10-05 15:10:00,Tuesday,31-50,Male,Junior high school,1-2yr,Lorry (41-100Q),Owner,Unknown,No defect,Office areas,One way,Tangent road with flat terrain,Y Shape,Asphalt roads,Dry,Daylight,Normal,Vehicle with vehicle collision,3,1,Moving Backward,Driver or rider,Male,18-30,3.0,Changing lane to the left,Slight Injury