Time,Day_of_week,Age_band_of_driver,Sex_of_driver,Educational_level,Driving_experience,Type_of_vehicle,Owner_of_vehicle,Service_year_of_vehicle,Defect_of_vehicle,Area_accident_occured,Lanes_or_Medians,Road_allignment,Types_of_Junction,Road_surface_type,Road_surface_conditions,Light_conditions,Weather_conditions,Type_of_collision,Number_of_vehicles_involved,Number_of_casualties,Vehicle_movement,Casualty_class,Sex_of_casualty,Age_band_of_casualty,Casualty_severity,Cause_of_accident,Accident_severity
2024-10-05 18:05:00,Wednesday,18-30,Male,Above high school,2-5yr,Lorry (41-100Q),Governmental,Below 1yr,No defect,Residential areas,Two-way (divided with broken lines road marking),Tangent road with flat terrain,Other,Asphalt roads,Dry,Daylight,Normal,Rollover,2,1,Going straight,,,,,No distancing,Slight Injury
2024-10-05 18:05:00,Wednesday,31-50,Male,Junior high school,Above 10yr,Lorry (11-40Q),Owner,Unknown,No defect,Other,One way,Tangent road with flat terrain,Other,Asphalt roads,Dry,Daylight,Normal,Vehicle with vehicle collision,2,1,Going straight,Driver or rider,Male,5,3.0,Changing lane to the right,Slight Injury
2024-10-05 11:00:00,Wednesday,Under 18,Male,Elementary school,2-5yr,Automobile,Owner,Unknown,Unknown,Industrial areas,Two-way (divided with broken lines road marking),Tangent road with flat terrain,No junction,Asphalt roads,Dry,Daylight,Normal,Collision with roadside objects,1,1,Going straight,,,,,No distancing,Slight Injury
2024-10-05 18:30:00,Sunday,31-50,Male,Junior high school,5-10yr,Taxi,Owner,Unknown,Unknown,Church areas,Two-way (divided with broken lines road marking),Tangent road with flat terrain,Y Shape,Asphalt roads,Dry,Daylight,Normal,Collision with pedestrians,1,1,Going straight,,,,,Driving to the left,Serious Injury
2024-10-05 13:50:00,Thursday,31-50,Male,Junior high school,Below 1yr,Other,Owner,2-5yrs,No defect,Residential areas,Undivided Two way,Steep grade downward with mountainous terrain,Y Shape,Asphalt roads,Dry,Daylight,Normal,Vehicle with vehicle collision,1,1,Going straight,Driver or rider,Male,18-30,3.0,No distancing,Slight Injury
2024-10-05 09:30:00,Tuesday,Over 51,Male,Junior high school,5-10yr,Automobile,Other,Unknown,Unknown,Other,Two-way (divided with broken lines road marking),Tangent road with flat terrain,Crossing,Asphalt roads,Dry,Daylight,Normal,Vehicle with vehicle collision,2,1,Moving Backward,,,,,Overtaking,Slight Injury
2024-10-05 09:30:00,Tuesday,18-30,Male,High school,Above 10yr,Automobile,Other,Unknown,Unknown,Other,Two-way (divided with broken lines road marking),Tangent road with flat terrain,Crossing,Asphalt roads,Dry,Daylight,Normal,Vehicle with vehicle collision,2,1,Going straight,Driver or rider,Male,31-50,3.0,Driving under the influence of drugs,Slight Injury
2024-10-05 18:15:00,Wednesday,Unknown,Female,Junior high school,5-10yr,Automobile,Owner,1-2yr,No defect,Office areas,Undivided Two way,Tangent road with flat terrain,No junction,Asphalt roads,Dry,Daylight,Normal,Vehicle with vehicle collision,1,1,Going straight,,,,,No priority to pedestrian,Slight Injury
2024-10-05 16:20:00,Saturday,Under 18,Male,Elementary school,1-2yr,Automobile,Owner,Above 10yr,No defect,Outside rural areas,Two-way (divided with broken lines road marking),Tangent road with mountainous terrain and,Y Shape,Asphalt roads,Dry,Daylight,Normal,Vehicle with vehicle collision,2,1,Moving Backward,Driver or rider,Male,5,3.0,Moving Backward,Slight Injury
2024-10-05 16:20:00,Saturday,18-30,Male,Junior high school,Unknown,Public (> 45 seats),Owner,Above 10yr,No defect,Church areas,Two-way (divided with broken lines road marking),Steep grade downward with mountainous terrain,Y Shape,Asphalt roads,Dry,Daylight,Normal,Vehicle with vehicle collision,2,1,Moving Backward,,,,,Changing lane to the right,Slight Injury
2024-10-05 10:30:00,Tuesday,Unknown,Female,Above high school,1-2yr,Lorry (11-40Q),Owner,Unknown,No defect,Office areas,Other,Tangent road with mountainous terrain and,No junction,Asphalt roads,Dry,Daylight,Normal,Vehicle with vehicle collision,1,1,Going straight,Driver or rider,Male,18-30,2.0,Changing lane to the left,Slight Injury
2024-10-05 15:30:00,Tuesday,Over 51,Male,Junior high school,Above 10yr,Lorry (41-100Q),Owner,Above 10yr,Unknown,Church areas,Two-way (divided with broken lines road marking),Steep grade downward with mountainous terrain,No junction,Asphalt roads,Wet or damp,Daylight,Raining,Collision with roadside objects,2,4,Going straight,Passenger,Male,5,2.0,Changing lane to the right,Slight Injury
2024-10-05 15:30:00,Tuesday,18-30,Male,Junior high school,1-2yr,Lorry (41-100Q),Other,Unknown,Unknown,Office areas,Other,Tangent road with mountainous terrain and,No junction,Asphalt roads,Wet or damp,Daylight,Raining,Rollover,2,4,Going straight,,,,,Driving under the influence of drugs,Slight Injury
2024-10-05 15:30:00,Tuesday,18-30,Male,Junior high school,5-10yr,Stationwagen,Governmental,Unknown,No defect,Office areas,Undivided Two way,Tangent road with flat terrain,No junction,Asphalt roads,Wet or damp,Daylight,Raining,Vehicle with vehicle collision,2,4,Going straight,Driver or rider,Male,18-30,3.0,No priority to vehicle,Slight Injury
2024-10-05 15:30:00,Tuesday,18-30,Male,Junior high school,2-5yr,Other,Owner,1-2yr,No defect,School areas,Two-way (divided with broken lines road marking),Tangent road with flat terrain,No junction,Asphalt roads,Wet or damp,Daylight,Raining,Collision with pedestrians,2,4,Going straight,,,,,No priority to vehicle,Slight Injury
2024-10-05 16:05:00,Sunday,31-50,Male,Unknown,Unknown,Automobile,Owner,Below 1yr,No defect,Residential areas,Two-way (divided with broken lines road marking),Tangent road with flat terrain,Y Shape,Asphalt roads,Dry,Daylight,Normal,Vehicle with vehicle collision,1,1,Going straight,Driver or rider,Female,31-50,3.0,Changing lane to the left,Serious Injury
2024-10-05 19:38:00,Thursday,Unknown,Female,Junior high school,2-5yr,Pick up upto 10Q,Owner,Unknown,No defect,Office areas,Other,Tangent road with mountainous terrain and,Y Shape,Asphalt roads,Dry,Daylight,Other,Vehicle with vehicle collision,1,1,Going straight,,,,,Changing lane to the right,Serious Injury
2024-10-05 18:50:00,Friday,18-30,Male,Junior high school,Above 10yr,Automobile,Owner,Unknown,No defect,Other,Two-way (divided with broken lines road marking),Tangent road with flat terrain,Crossing,Asphalt roads,Dry,Daylight,Normal,Collision with pedestrians,2,1,Going straight,Driver or rider,Female,Over 51,3.0,Changing lane to the left,Slight Injury
2024-10-05 18:50:00,Friday,Under 18,Male,Junior high school,1-2yr,Pick up upto 10Q,Owner,Unknown,No defect,Residential areas,Undivided Two way,Tangent road with flat terrain,Crossing,Asphalt roads,Dry,Daylight,Normal,Vehicle with vehicle collision,2,1,Going straight,Driver or rider,Male,Over 51,3.0,Changing lane to the left,Slight Injury
2024-10-05 18:15:00,Thursday,18-30,Male,Above high school,1-2yr,Motorcycle,Owner,Unknown,No defect,Office areas,Undivided Two way,Tangent road with flat terrain,Y Shape,Asphalt roads,Dry,Daylight,Normal,Vehicle with vehicle collision,2,1,Other,Passenger,Male,Over 51,3.0,Getting off the vehicle improperly,Slight Injury
2024-10-05 18:15:00,Thursday,18-30,Male,Above high school,No Licence,Stationwagen,Owner,Unknown,No defect,Office areas,Undivided Two way,Tangent road with flat terrain,Y Shape,Asphalt roads,Dry,Daylight,Normal,Vehicle with vehicle collision,2,1,Going straight,,,,,Overtaking,Slight Injury
2024-10-05 08:25:00,Thursday,Over 51,Male,Junior high school,1-2yr,Lorry (41-100Q),Owner,Unknown,No defect,Residential areas,Undivided Two way,Tangent road with flat terrain,Y Shape,Asphalt roads,Dry,Daylight,Normal,Vehicle with vehicle collision,1,1,Reversing,,,,,Changing lane to the left,Slight Injury
2024-10-05 21:05:00,Tuesday,18-30,Male,Junior high school,5-10yr,Taxi,Owner,Unknown,No defect,Office areas,Undivided Two way,Tangent road with flat terrain,Crossing,Asphalt roads,Wet or damp,Darkness - lights lit,Normal,Vehicle with vehicle collision,2,2,Going straight,,,,,Driving under the influence of drugs,Slight Injury
2024-10-05 21:05:00,Tuesday,18-30,Male,Junior high school,Above 10yr,Automobile,Owner,Unknown,No defect,Office areas,Undivided Two way,Tangent road with flat terrain,Crossing,Asphalt roads,Wet or damp,Darkness - lights lit,Normal,Collision with roadside objects,2,2,Reversing,Driver or rider,Male,18-30,3.0,Driving carelessly,Slight Injury
2024-10-05 19:00:00,Thursday,31-50,Male,Junior high school,Above 10yr,Long lorry,Owner,Unknown,No defect,Office areas,Other,Tangent road with flat terrain,Y Shape,Asphalt roads,Dry,Daylight,Normal,Vehicle with vehicle collision,1,1,Going straight,Passenger,Male,Over 51,3.0,Moving Backward,Serious Injury
2024-10-05 07:10:00,Friday,18-30,Male,Junior high school,5-10yr,Automobile,Owner,Unknown,No defect,Office areas,Two-way (divided with broken lines road marking),Tangent road with flat terrain,Crossing,Asphalt roads,Dry,Daylight,Normal,Vehicle with vehicle collision,2,1,Reversing,,,,,No distancing,Slight Injury
2024-10-05 07:10:00,Friday,Over 51,Male,Elementary school,2-5yr,Public (12 seats),Owner,Unknown,No defect,Other,Undivided Two way,Tangent road with flat terrain,Crossing,Asphalt roads,Dry,Daylight,Normal,Vehicle with vehicle collision,2,1,Other,,,,,No priority to vehicle,Slight Injury
2024-10-05 19:40:00,Monday,Under 18,Male,Junior high school,2-5yr,Lorry (11-40Q),Owner,Unknown,No defect,Other,Two-way (divided with broken lines road marking),Tangent road with flat terrain,No junction,Asphalt roads,Dry,Daylight,Normal,Vehicle with vehicle collision,1,1,Going straight,Driver or rider,Male,31-50,3.0,Overturning,Serious Injury
2024-10-05 19:52:00,Sunday,Under 18,Male,Junior high school,Below 1yr,Pick up upto 10Q,Owner,2-5yrs,Unknown,Other,Two-way (divided with broken lines road marking),Tangent road with flat terrain,Y Shape,Asphalt roads,Dry,Darkness - lights lit,Normal,Vehicle with vehicle collision,2,1,Reversing,,,,,Changing lane to the left,Slight Injury
2024-10-05 19:52:00,Sunday,18-30,Male,Junior high school,2-5yr,Lorry (41-100Q),Owner,2-5yrs,Unknown,Residential areas,One way,Tangent road with flat terrain,Y Shape,Asphalt roads,Dry,Darkness - lights lit,Normal,Vehicle with vehicle collision,2,1,Other,Pedestrian,Female,5,3.0,No distancing,Slight Injury
2024-10-05 15:25:00,Tuesday,18-30,Male,Junior high school,2-5yr,Other,Owner,2-5yrs,Unknown,School areas,Undivided Two way,Tangent road with mild grade and flat terrain,Y Shape,Asphalt roads,Dry,Daylight,Normal,Vehicle with vehicle collision,1,1,Going straight,Driver or rider,Male,31-50,3.0,Moving Backward,Serious Injury
2024-10-05 15:00:00,Thursday,31-50,Male,Elementary school,5-10yr,Automobile,Owner,2-5yrs,Unknown,Residential areas,Undivided Two way,Tangent road with mild grade and flat terrain,No junction,Asphalt roads,Dry,Daylight,Normal,Vehicle with vehicle collision,2,1,Going straight,Passenger,Female,5,3.0,No priority to vehicle,Slight Injury
2024-10-05 15:00:00,Thursday,Over 51,Male,Junior high school,Above 10yr,Long lorry,Owner,2-5yrs,No defect,Office areas,Two-way (divided with broken lines road marking),Tangent road with flat terrain,No junction,Asphalt roads,Dry,Daylight,Normal,Vehicle with vehicle collision,2,1,Going straight,,,,,No priority to vehicle,Slight Injury
2024-10-05 12:00:00,Saturday,Over 51,Male,Unknown,Unknown,Lorry (11-40Q),Owner,Unknown,No defect,Church areas,One way,Tangent road with flat terrain,Crossing,Asphalt roads,Dry,Daylight,Normal,Vehicle with vehicle collision,1,1,Moving Backward,Pedestrian,Female,18-30,2.0,No distancing,Slight Injury
2024-10-05 09:00:00,Monday,18-30,Male,Junior high school,2-5yr,Long lorry,Owner,Unknown,No defect,Other,Undivided Two way,Tangent road with flat terrain,Y Shape,Asphalt roads,Wet or damp,Daylight,Normal,Vehicle with vehicle collision,2,1,Going straight,,,,,No distancing,Slight Injury
2024-10-05 09:00:00,Monday,31-50,Male,Junior high school,5-10yr,Automobile,Owner,2-5yrs,No defect,Other,One way,Tangent road with flat terrain,Y Shape,Asphalt roads,Wet or damp,Daylight,Normal,Vehicle with vehicle collision,2,1,Going straight,Driver or rider,Male,31-50,3.0,Overtaking,Slight Injury
2024-10-05 17:22:00,Saturday,Over 51,Male,Above high school,2-5yr,Taxi,Owner,5-10yrs,No defect,Other,Two-way (divided with broken lines road marking),Tangent road with flat terrain,Y Shape,Asphalt roads,Dry,Daylight,Normal,Vehicle with vehicle collision,2,1,Going straight,Pedestrian,Female,31-50,2.0,Driving under the influence of drugs,Serious Injury
2024-10-05 17:22:00,Saturday,31-50,Male,Unknown,Unknown,Taxi,Owner,Unknown,No defect,Other,Two-way (divided with broken lines road marking),Tangent road with flat terrain,Y Shape,Asphalt roads,Dry,Daylight,Normal,Vehicle with vehicle collision,2,1,Going straight,Driver or rider,Female,18-30,3.0,Changing lane to the right,Serious Injury
2024-10-05 14:20:00,Monday,18-30,Male,Unknown,1-2yr,Long lorry,Owner,Unknown,No defect,Office areas,Undivided Two way,Tangent road with flat terrain,Y Shape,Asphalt roads,Dry,Daylight,Normal,Vehicle with vehicle collision,2,1,Other,Passenger,Male,5,3.0,Changing lane to the left,Serious Injury
2024-10-05 14:20:00,Monday,18-30,Male,Junior high school,2-5yr,Lorry (11-40Q),Owner,Unknown,No defect,Office areas,Two-way (divided with solid lines road marking),Tangent road with flat terrain,Y Shape,Asphalt roads,Dry,Daylight,Normal,Collision with roadside objects,2,1,Other,Driver or rider,Male,31-50,3.0,Driving carelessly,Serious Injury
2024-10-05 13:40:00,Friday,31-50,Male,Junior high school,Above 10yr,Lorry (11-40Q),Owner,Unknown,No defect,Residential areas,Undivided Two way,Tangent road with flat terrain,No junction,Asphalt roads,Dry,Daylight,Normal,Vehicle with vehicle collision,2,1,Going straight,Pedestrian,Female,31-50,3.0,Moving Backward,Serious Injury
2024-10-05 13:40:00,Friday,18-30,Male,Junior high school,Below 1yr,Long lorry,Owner,Unknown,No defect,Office areas,One way,Tangent road with flat terrain,No junction,Asphalt roads,Dry,Daylight,Normal,Vehicle with vehicle collision,2,1,Turnover,,,,,Moving Backward,Serious Injury
2024-10-05 17:40:00,Thursday,18-30,Male,Junior high school,2-5yr,Turbo,Owner,Unknown,No defect,Residential areas,Two-way (divided with broken lines road marking),Tangent road with flat terrain,Y Shape,Asphalt roads,Dry,Daylight,Normal,Vehicle with vehicle collision,2,2,Going straight,Driver or rider,Male,18-30,3.0,Changing lane to the right,Slight Injury
2024-10-05 17:40:00,Thursday,31-50,Male,Junior high school,Below 1yr,Long lorry,Owner,Unknown,No defect,Office areas,Undivided Two way,Tangent road with flat terrain,Y Shape,Asphalt roads,Dry,Daylight,Normal,Vehicle with vehicle collision,2,2,Moving Backward,Driver or rider,Male,18-30,3.0,No priority to vehicle,Slight Injury
2024-10-05 17:40:00,Thursday,31-50,Male,High school,5-10yr,Long lorry,Owner,Unknown,No defect,Other,Two-way (divided with broken lines road marking),Tangent road with flat terrain,Y Shape,Asphalt roads,Dry,Daylight,Normal,Collision with pedestrians,2,2,Moving Backward,Passenger,Male,18-30,3.0,Driving at high speed,Slight Injury
2024-10-05 11:40:00,Tuesday,18-30,Male,Above high school,1-2yr,Public (13-45 seats),Owner,Unknown,No defect,Office areas,One way,Tangent road with flat terrain,Y Shape,Asphalt roads,Wet or damp,Daylight,Normal,Vehicle with vehicle collision,2,2,Going straight,Passenger,Male,18-30,3.0,Driving under the influence of drugs,Slight Injury
2024-10-05 11:40:00,Tuesday,18-30,Male,Junior high school,Below 1yr,Automobile,Owner,Unknown,No defect,School areas,Undivided Two way,Tangent road with flat terrain,Y Shape,Asphalt roads,Wet or damp,Daylight,Normal,Vehicle with vehicle collision,2,2,Other,Passenger,Male,Under 18,3.0,Changing lane to the right,Slight Injury
2024-10-05 11:40:00,Tuesday,18-30,Male,Unknown,Unknown,Automobile,Owner,Unknown,Unknown,Residential areas,One way,Tangent road with flat terrain,Y Shape,Other,Wet or damp,Daylight,Normal,Vehicle with vehicle collision,2,2,Going straight,Passenger,Male,Under 18,3.0,Driving carelessly,Slight Injury
2024-10-05 08:20:00,Tuesday,Under 18,Male,High school,Below 1yr,Pick up upto 10Q,Owner,Unknown,Unknown,Office areas,Undivided Two way,Tangent road with flat terrain,Y Shape,Asphalt roads,Dry,Daylight,Normal,Vehicle with vehicle collision,2,1,Going straight,,,,,No distancing,Slight Injury
2024-10-05 08:20:00,Tuesday,31-50,Male,High school,Below 1yr,Other,Owner,Unknown,No defect,Residential areas,Undivided Two way,Tangent road with flat terrain,Y Shape,Asphalt roads,Dry,Daylight,Normal,Vehicle with vehicle collision,2,1,Going straight,,,,,Changing lane to the left,Slight Injury
2024-10-05 09:30:00,Tuesday,Over 51,Male,Unknown,Unknown,Stationwagen,Owner,Unknown,No defect,Office areas,Undivided Two way,Tangent road with flat terrain,No junction,Asphalt roads,Dry,Daylight,Normal,Vehicle with vehicle collision,2,1,Going straight,Pedestrian,Male,18-30,3.0,No distancing,Slight Injury
2024-10-05 09:30:00,Tuesday,18-30,Female,High school,2-5yr,Other,Owner,2-5yrs,No defect,Office areas,Two-way (divided with broken lines road marking),Tangent road with flat terrain,No junction,Asphalt roads,Dry,Daylight,Normal,Vehicle with vehicle collision,2,1,Going straight,Driver or rider,Male,18-30,3.0,No distancing,Slight Injury
2024-10-05 14:45:00,Wednesday,Under 18,Male,Junior high school,Above 10yr,Automobile,Owner,Unknown,Unknown,Residential areas,Undivided Two way,Tangent road with flat terrain,Y Shape,Asphalt roads,Dry,Daylight,Normal,Vehicle with vehicle collision,2,1,Going straight,,,,,Getting off the vehicle improperly,Serious Injury
2024-10-05 14:45:00,Wednesday,Under 18,Male,Junior high school,Above 10yr,Automobile,Owner,Unknown,Unknown,Other,Two-way (divided with broken lines road marking),Tangent road with flat terrain,Y Shape,Asphalt roads,Dry,Daylight,Normal,Collision with pedestrians,2,1,Going straight,Pedestrian,Male,Over 51,3.0,Overtaking,Serious Injury
2024-10-05 18:45:00,Thursday,31-50,Male,Junior high school,5-10yr,Long lorry,Owner,Above 10yr,Unknown,Industrial areas,Undivided Two way,Tangent road with flat terrain,Y Shape,Asphalt roads,Dry,Daylight,Normal,Vehicle with vehicle collision,2,1,Going straight,Driver or rider,Male,18-30,3.0,Driving carelessly,Serious Injury
2024-10-05 18:45:00,Thursday,31-50,Male,Junior high school,1-2yr,Public (13-45 seats),Owner,Unknown,Unknown,Office areas,Two-way (divided with broken lines road marking),Tangent road with flat terrain,Y Shape,Asphalt roads,Dry,Daylight,Normal,Vehicle with vehicle collision,2,1,Other,,,,,Driving under the influence of drugs,Serious Injury
2024-10-05 07:35:00,Monday,Over 51,Male,Unknown,Below 1yr,Public (13-45 seats),Organization,Unknown,Unknown,Recreational areas,Two-way (divided with broken lines road marking),Tangent road with flat terrain,No junction,Asphalt roads,Wet or damp,Daylight,Raining,Vehicle with vehicle collision,3,2,Going straight,Driver or rider,Female,Over 51,3.0,Moving Backward,Serious Injury
2024-10-05 07:35:00,Monday,18-30,Male,Junior high school,Below 1yr,Lorry (11-40Q),Owner,1-2yr,No defect,Residential areas,Two-way (divided with broken lines road marking),Tangent road with flat terrain,No junction,Asphalt roads,Wet or damp,Daylight,Raining,Vehicle with vehicle collision,3,2,Overtaking,,,,,Overturning,Serious Injury
2024-10-05 07:35:00,Monday,31-50,Male,High school,2-5yr,Lorry (11-40Q),Owner,Above 10yr,Unknown,Residential areas,Undivided Two way,Tangent road with flat terrain,No junction,Asphalt roads,Wet or damp,Daylight,Raining,Collision with roadside objects,3,2,Going straight,Passenger,Female,18-30,3.0,Driving under the influence of drugs,Serious Injury
2024-10-05 15:10:00,Wednesday,18-30,Male,Junior high school,1-2yr,Pick up upto 10Q,Owner,5-10yrs,Unknown,Church areas,Undivided Two way,Steep grade downward with mountainous terrain,Crossing,Asphalt roads,Dry,Daylight,Normal,Vehicle with vehicle collision,1,1,Going straight,Driver or rider,Female,18-30,3.0,Changing lane to the right,Serious Injury
2024-10-05 10:40:00,Friday,31-50,Male,Junior high school,5-10yr,Automobile,Owner,5-10yrs,Unknown,Residential areas,Undivided Two way,Tangent road with flat terrain,Crossing,Asphalt roads,Dry,Daylight,Normal,Vehicle with vehicle collision,2,1,Going straight,,,,,Changing lane to the left,Slight Injury
2024-10-05 10:40:00,Friday,31-50,Male,Elementary school,2-5yr,Automobile,Owner,Unknown,No defect,Other,Other,Tangent road with flat terrain,Crossing,Asphalt roads,Dry,Daylight,Normal,Vehicle with vehicle collision,2,1,U-Turn,Pedestrian,Female,Over 51,3.0,No distancing,Slight Injury
2024-10-05 17:20:00,Tuesday,31-50,Male,Elementary school,5-10yr,Automobile,Owner,5-10yrs,No defect,Other,Undivided Two way,Tangent road with flat terrain,Y Shape,Asphalt roads,Wet or damp,Daylight,Normal,Vehicle with vehicle collision,2,1,Going straight,,,,,No distancing,Slight Injury
2024-10-05 17:20:00,Tuesday,18-30,Male,Junior high school,Above 10yr,Long lorry,Owner,Unknown,Unknown,Other,Two-way (divided with solid lines road marking),Tangent road with flat terrain,Y Shape,Asphalt roads,Wet or damp,Daylight,Normal,Vehicle with vehicle collision,2,1,Going straight,Driver or rider,Female,31-50,3.0,No priority to vehicle,Slight Injury
2024-10-05 19:00:00,Thursday,18-30,Male,Junior high school,5-10yr,Long lorry,Owner,Unknown,No defect,Church areas,Two-way (divided with solid lines road marking),Tangent road with flat terrain,No junction,Asphalt roads,Dry,Darkness - lights unlit,Normal,Vehicle with vehicle collision,2,1,Going straight,,,,,Moving Backward,Slight Injury
2024-10-05 19:00:00,Thursday,31-50,Male,High school,5-10yr,Automobile,Governmental,Unknown,No defect,Other,Two-way (divided with solid lines road marking),Tangent road with flat terrain,No junction,Asphalt roads,Dry,Darkness - lights unlit,Normal,Vehicle with vehicle collision,2,1,Going straight,Driver or rider,Male,18-30,3.0,Moving Backward,Slight Injury
2024-10-05 06:20:00,Friday,Over 51,Male,Junior high school,5-10yr,Stationwagen,Owner,Unknown,No defect,Church areas,Two-way (divided with solid lines road marking),Tangent road with flat terrain,No junction,Asphalt roads,Wet or damp,Darkness - lights lit,Normal,Collision with roadside objects,2,1,Turnover,Pedestrian,Female,Under 18,3.0,Getting off the vehicle improperly,Slight Injury
2024-10-05 06:20:00,Friday,31-50,Male,Junior high school,Above 10yr,Other,Owner,Unknown,No defect,Church areas,Two-way (divided with broken lines road marking),Tangent road with flat terrain,No junction,Asphalt roads,Wet or damp,Darkness - lights lit,Normal,Vehicle with vehicle collision,2,1,Going straight,Pedestrian,Female,31-50,3.0,Changing lane to the left,Slight Injury
2024-10-05 02:30:00,Sunday,18-30,Male,Junior high school,1-2yr,Other,Owner,Above 10yr,No defect,Other,Undivided Two way,Tangent road with flat terrain,Y Shape,Asphalt roads,Dry,Darkness - lights lit,Normal,Vehicle with vehicle collision,1,2,Going straight,Driver or rider,Female,18-30,3.0,Changing lane to the left,Slight Injury
2024-10-05 02:30:00,Sunday,18-30,Male,Junior high school,2-5yr,Special vehicle,Governmental,5-10yrs,No defect,Other,Undivided Two way,Tangent road with flat terrain,Y Shape,Asphalt roads,Dry,Darkness - lights lit,Normal,Vehicle with vehicle collision,1,2,Moving Backward,,,,,No priority to vehicle,Slight Injury
2024-10-05 08:35:00,Saturday,Under 18,Male,Junior high school,1-2yr,Lorry (41-100Q),Owner,5-10yrs,No defect,School areas,Other,Tangent road with flat terrain,No junction,Asphalt roads,Dry,Daylight,Normal,Vehicle with vehicle collision,2,1,Going straight,Pedestrian,Female,18-30,3.0,Changing lane to the right,Serious Injury
2024-10-05 08:35:00,Saturday,18-30,Male,Unknown,Unknown,Pick up upto 10Q,Owner,Above 10yr,No defect,Residential areas,Undivided Two way,Tangent road with flat terrain,No junction,Asphalt roads,Dry,Daylight,Normal,Rollover,2,1,Moving Backward,Driver or rider,Female,18-30,3.0,Changing lane to the right,Serious Injury
2024-10-05 07:00:00,Thursday,18-30,Male,Elementary school,5-10yr,Lorry (11-40Q),Other,1-2yr,No defect,Other,Two-way (divided with broken lines road marking),Tangent road with flat terrain,No junction,Asphalt roads,Wet or damp,Darkness - lights lit,Normal,Vehicle with vehicle collision,1,1,Going straight,,,,,Driving carelessly,Serious Injury
2024-10-05 10:20:00,Thursday,Over 51,Male,Junior high school,5-10yr,Lorry (41-100Q),Owner,Above 10yr,No defect,Office areas,Undivided Two way,Tangent road with flat terrain,Y Shape,Asphalt roads,Dry,Daylight,Normal,Vehicle with vehicle collision,2,2,Going straight,Driver or rider,Male,18-30,3.0,Changing lane to the left,Slight Injury
2024-10-05 10:20:00,Thursday,Over 51,Male,Junior high school,Above 10yr,Motorcycle,Owner,Above 10yr,No defect,Residential areas,Undivided Two way,Tangent road with flat terrain,Y Shape,Asphalt roads,Dry,Daylight,Normal,Collision with roadside objects,2,2,Going straight,Pedestrian,Female,Under 18,3.0,Changing lane to the right,Slight Injury
2024-10-05 10:20:00,Thursday,Over 51,Male,Junior high school,2-5yr,Automobile,Owner,Above 10yr,No defect,Other,One way,Steep grade downward with mountainous terrain,Y Shape,Asphalt roads,Dry,Daylight,Normal,Vehicle with vehicle collision,2,2,Going straight,Pedestrian,Male,Over 51,2.0,Driving under the influence of drugs,Slight Injury
2024-10-05 18:18:00,Saturday,18-30,Male,Junior high school,Above 10yr,Automobile,Owner,Above 10yr,No defect,Residential areas,Two-way (divided with broken lines road marking),Tangent road with flat terrain,Crossing,Gravel roads,Dry,Darkness - lights lit,Normal,Vehicle with vehicle collision,2,3,U-Turn,Pedestrian,Male,Under 18,3.0,Driving carelessly,Serious Injury
2024-10-05 18:18:00,Saturday,31-50,Male,Junior high school,2-5yr,Automobile,Owner,5-10yrs,No defect,Residential areas,Undivided Two way,Tangent road with flat terrain,Crossing,Asphalt roads,Dry,Darkness - lights lit,Normal,Vehicle with vehicle collision,2,3,Going straight,,,,,No distancing,Serious Injury
2024-10-05 18:18:00,Saturday,31-50,Male,Elementary school,5-10yr,Stationwagen,Owner,Unknown,No defect,Residential areas,Two-way (divided with broken lines road marking),Tangent road with flat terrain,Crossing,Asphalt roads,Dry,Darkness - lights lit,Normal,Collision with roadside objects,2,3,Going straight,Driver or rider,Male,18-30,3.0,No priority to vehicle,Serious Injury
2024-10-05 18:18:00,Saturday,31-50,Male,Elementary school,5-10yr,Other,Owner,1-2yr,No defect,Other,Other,Tangent road with flat terrain,Crossing,Asphalt roads,Dry,Darkness - lights lit,Normal,Collision with roadside objects,2,3,Going straight,,,,,No priority to vehicle,Serious Injury
2024-10-05 08:40:00,Wednesday,31-50,Male,Junior high school,5-10yr,Public (> 45 seats),Owner,5-10yrs,No defect,Other,Undivided Two way,Tangent road with flat terrain,No junction,Asphalt roads,Dry,Daylight,Normal,Vehicle with vehicle collision,1,1,Going straight,Driver or rider,Male,31-50,3.0,No priority to vehicle,Slight Injury
2024-10-05 02:40:00,Saturday,18-30,Male,Junior high school,5-10yr,Public (> 45 seats),Owner,5-10yrs,No defect,Other,One way,Tangent road with flat terrain,No junction,Asphalt roads,Dry,Darkness - lights lit,Normal,Vehicle with vehicle collision,1,1,Going straight,,,,,Changing lane to the left,Slight Injury
2024-10-05 17:02:00,Monday,31-50,Male,Elementary school,Above 10yr,Stationwagen,Owner,1-2yr,No defect,Hospital areas,Undivided Two way,Tangent road with flat terrain,Y Shape,Asphalt roads,Dry,Daylight,Normal,Collision with roadside objects,2,1,Going straight,Driver or rider,Male,Under 18,3.0,Moving Backward,Slight Injury
2024-10-05 17:02:00,Monday,18-30,Male,Junior high school,Below 1yr,Automobile,Owner,2-5yrs,No defect,Residential areas,Undivided Two way,Tangent road with flat terrain,Y Shape,Asphalt roads,Dry,Daylight,Normal,Collision with roadside objects,2,1,Stopping,Driver or rider,Male,18-30,3.0,Driving carelessly,Slight Injury
2024-10-05 18:00:00,Wednesday,31-50,Male,Junior high school,5-10yr,Bicycle,Owner,5-10yrs,No defect,Residential areas,One way,Tangent road with flat terrain,No junction,Asphalt roads,Dry,Darkness - lights lit,Normal,Vehicle with vehicle collision,2,1,Turnover,,,,,Driving under the influence of drugs,Slight Injury