Time,Day_of_week,Age_band_of_driver,Sex_of_driver,Educational_level,Driving_experience,Type_of_vehicle,Owner_of_vehicle,Service_year_of_vehicle,Defect_of_vehicle,Area_accident_occured,Lanes_or_Medians,Road_allignment,Types_of_Junction,Road_surface_type,Road_surface_conditions,Light_conditions,Weather_conditions,Type_of_collision,Number_of_vehicles_involved,Number_of_casualties,Vehicle_movement,Casualty_class,Sex_of_casualty,Age_band_of_casualty,Casualty_severity,Cause_of_accident,Accident_severity
2024-10-05 11:08:00,Thursday,Over 51,Male,Junior high school,5-10yr,Public (12 seats),Owner,Unknown,Unknown,Other,Undivided Two way,Tangent road with flat terrain,No junction,Asphalt roads,Dry,Daylight,Normal,Vehicle with vehicle collision,1,2,Going straight,,,,,No distancing,Serious Injury
2024-10-05 11:08:00,Thursday,Over 51,Male,Junior high school,Above 10yr,Lorry (11-40Q),Owner,Unknown,No defect,Other,Undivided Two way,Tangent road with flat terrain,No junction,Asphalt roads,Dry,Daylight,Normal,Vehicle with vehicle collision,1,2,Going straight,Driver or rider,Male,31-50,3.0,Changing lane to the left,Serious Injury
2024-10-05 02:47:00,Friday,31-50,Male,High school,5-10yr,Automobile,Owner,Unknown,No defect,Recreational areas,Undivided Two way,Tangent road with flat terrain,No junction,Asphalt roads,Dry,Darkness - lights lit,Normal,Vehicle with vehicle collision,1,1,Going straight,,,,,No priority to pedestrian,Fatal injury
2024-10-05 09:35:00,Wednesday,31-50,Male,High school,2-5yr,Automobile,Owner,Unknown,No defect,Church areas,Undivided Two way,Tangent road with flat terrain,Crossing,Asphalt roads,Dry,Daylight,Normal,Vehicle with vehicle collision,2,2,Going straight,Pedestrian,Male,31-50,3.0,No distancing,Slight Injury
2024-10-05 09:35:00,Wednesday,31-50,Male,Junior high school,5-10yr,Automobile,Other,1-2yr,No defect,Recreational areas,Other,Tangent road with flat terrain,Crossing,Asphalt roads,Dry,Daylight,Normal,Vehicle with vehicle collision,2,2,Reversing,Driver or rider,Female,Over 51,3.0,No distancing,Slight Injury
2024-10-05 17:02:00,Monday,18-30,Male,Elementary school,2-5yr,Bajaj,Owner,5-10yrs,No defect,School areas,Other,Tangent road with flat terrain,No junction,Asphalt roads,Dry,Daylight,Normal,Vehicle with vehicle collision,3,2,Going straight,,,,,Changing lane to the left,Slight Injury
2024-10-05 17:02:00,Monday,31-50,Male,Elementary school,5-10yr,Public (12 seats),Owner,Unknown,No defect,Church areas,Double carriageway (median),Tangent road with flat terrain,No junction,Asphalt roads,Dry,Daylight,Normal,Vehicle with vehicle collision,3,2,Other,Driver or rider,Female,18-30,3.0,No distancing,Slight Injury
2024-10-05 17:02:00,Monday,18-30,Male,Junior high school,1-2yr,Lorry (11-40Q),Owner,5-10yrs,Unknown,Office areas,Other,Tangent road with flat terrain,No junction,Asphalt roads,Dry,Daylight,Normal,Vehicle with vehicle collision,3,2,Other,,,,,Changing lane to the left,Slight Injury
2024-10-05 01:06:00,Sunday,18-30,Male,Junior high school,5-10yr,Other,Owner,2-5yrs,Unknown,Residential areas,One way,Steep grade downward with mountainous terrain,Y Shape,Asphalt roads,Dry,Darkness - lights lit,Normal,Vehicle with vehicle collision,2,2,Getting off,,,,,No distancing,Slight Injury
2024-10-05 01:06:00,Sunday,18-30,Male,Unknown,Unknown,Other,Owner,Unknown,No defect,Other,One way,Tangent road with flat terrain,Y Shape,Asphalt roads,Dry,Darkness - lights lit,Normal,Vehicle with vehicle collision,2,2,Going straight,Driver or rider,Male,18-30,3.0,No distancing,Slight Injury
2024-10-05 14:15:00,Friday,31-50,Male,Elementary school,Above 10yr,Automobile,Owner,Unknown,No defect,Other,Undivided Two way,Tangent road with flat terrain,Y Shape,Asphalt roads,Dry,Daylight,Normal,Vehicle with vehicle collision,1,1,Going straight,Pedestrian,Female,Over 51,3.0,No distancing,Slight Injury
2024-10-05 17:30:00,Wednesday,18-30,Male,Elementary school,Below 1yr,Lorry (11-40Q),Governmental,1-2yr,No defect,Industrial areas,One way,Tangent road with flat terrain,Crossing,Asphalt roads,Dry,Daylight,Normal,Collision with roadside objects,1,1,Going straight,Driver or rider,Male,31-50,3.0,Changing lane to the left,Slight Injury
2024-10-05 17:20:00,Friday,18-30,Male,Junior high school,2-5yr,Lorry (41-100Q),Governmental,1-2yr,No defect,Church areas,Other,Steep grade downward with mountainous terrain,Y Shape,Asphalt roads,Dry,Daylight,Normal,Vehicle with vehicle collision,3,1,Going straight,,,,,Changing lane to the right,Slight Injury
2024-10-05 17:20:00,Friday,18-30,Male,Elementary school,1-2yr,Pick up upto 10Q,Organization,1-2yr,No defect,Office areas,Other,Tangent road with flat terrain,Y Shape,Asphalt roads,Dry,Daylight,Normal,Vehicle with vehicle collision,3,1,Turnover,Driver or rider,Female,5,3.0,Moving Backward,Slight Injury
2024-10-05 17:20:00,Friday,18-30,Male,Junior high school,5-10yr,Lorry (11-40Q),Owner,Unknown,No defect,Office areas,Undivided Two way,Tangent road with flat terrain,Y Shape,Asphalt roads,Dry,Daylight,Normal,Vehicle with vehicle collision,3,1,Entering a junction,,,,,Changing lane to the right,Slight Injury
2024-10-05 14:40:00,Saturday,18-30,Male,Junior high school,2-5yr,Stationwagen,Owner,Unknown,Unknown,Office areas,Double carriageway (median),Tangent road with flat terrain,No junction,Asphalt roads,Dry,Daylight,Normal,Vehicle with vehicle collision,2,1,Entering a junction,,,,,No distancing,Slight Injury
2024-10-05 14:40:00,Saturday,31-50,Male,Junior high school,2-5yr,Other,Owner,2-5yrs,Unknown,Other,Two-way (divided with broken lines road marking),Tangent road with flat terrain,No junction,Asphalt roads,Dry,Daylight,Normal,Collision with pedestrians,2,1,Entering a junction,Driver or rider,Male,18-30,3.0,Overtaking,Slight Injury
2024-10-05 17:45:00,Thursday,18-30,Male,High school,2-5yr,Other,Owner,Unknown,Unknown,Office areas,Undivided Two way,Tangent road with flat terrain,No junction,Asphalt roads,Dry,Daylight,Normal,Vehicle with vehicle collision,2,2,Entering a junction,,,,,Other,Slight Injury
2024-10-05 17:45:00,Thursday,31-50,Male,Junior high school,Above 10yr,Lorry (11-40Q),Owner,Unknown,No defect,Other,Double carriageway (median),Tangent road with flat terrain,No junction,Gravel roads,Dry,Daylight,Normal,Vehicle with vehicle collision,2,2,Other,Driver or rider,Female,31-50,3.0,Other,Slight Injury
2024-10-05 17:45:00,Thursday,31-50,Male,Junior high school,2-5yr,Other,Owner,Above 10yr,No defect,Industrial areas,Two-way (divided with broken lines road marking),Tangent road with flat terrain,No junction,Asphalt roads,Dry,Daylight,Normal,Vehicle with vehicle collision,2,2,Entering a junction,Pedestrian,Male,Over 51,3.0,Changing lane to the right,Slight Injury
2024-10-05 22:45:00,Monday,18-30,Female,Junior high school,1-2yr,Automobile,Owner,Unknown,No defect,Residential areas,Other,Tangent road with flat terrain,Y Shape,Asphalt roads,Wet or damp,Darkness - lights lit,Raining,Vehicle with vehicle collision,2,3,Turnover,,,,,No priority to pedestrian,Slight Injury
2024-10-05 22:45:00,Monday,18-30,Male,Junior high school,2-5yr,Lorry (41-100Q),Owner,Unknown,No defect,Other,Two-way (divided with broken lines road marking),Tangent road with flat terrain,Y Shape,Asphalt roads,Wet or damp,Darkness - lights lit,Raining,Vehicle with vehicle collision,2,3,Entering a junction,Driver or rider,Male,18-30,3.0,No priority to vehicle,Slight Injury
2024-10-05 22:45:00,Monday,18-30,Male,Junior high school,5-10yr,Other,Owner,5-10yrs,Unknown,Other,One way,Tangent road with flat terrain,Y Shape,Asphalt roads,Wet or damp,Darkness - lights lit,Raining,Vehicle with vehicle collision,2,3,Entering a junction,Driver or rider,Male,31-50,3.0,Changing lane to the left,Slight Injury
2024-10-05 22:45:00,Monday,18-30,Male,Junior high school,1-2yr,Lorry (41-100Q),Owner,1-2yr,No defect,Other,One way,Tangent road with flat terrain,Y Shape,Asphalt roads,Wet or damp,Darkness - lights lit,Raining,Vehicle with vehicle collision,2,3,Entering a junction,,,,,Changing lane to the left,Slight Injury
2024-10-05 08:20:00,Tuesday,18-30,Male,Elementary school,1-2yr,Automobile,Owner,Unknown,Unknown,Other,Undivided Two way,Tangent road with flat terrain,Y Shape,Asphalt roads,Dry,Daylight,Normal,Vehicle with vehicle collision,2,1,Entering a junction,,,,,Overtaking,Slight Injury
2024-10-05 08:20:00,Tuesday,Under 18,Male,Junior high school,2-5yr,Pick up upto 10Q,Other,Unknown,Unknown,Other,Two-way (divided with broken lines road marking),Tangent road with flat terrain,Y Shape,Asphalt roads,Dry,Daylight,Normal,Collision with pedestrians,2,1,Entering a junction,Driver or rider,Female,5,3.0,No distancing,Slight Injury
2024-10-05 15:10:00,Thursday,18-30,Male,Junior high school,Above 10yr,Lorry (41-100Q),Governmental,Below 1yr,No defect,Residential areas,Other,Steep grade downward with mountainous terrain,Crossing,Asphalt roads,Dry,Daylight,Normal,Vehicle with vehicle collision,1,1,Other,Pedestrian,Female,Over 51,2.0,No priority to vehicle,Slight Injury
2024-10-05 12:11:00,Thursday,18-30,Male,Junior high school,Below 1yr,Public (13-45 seats),Owner,Unknown,No defect,Office areas,Two-way (divided with broken lines road marking),Tangent road with flat terrain,Y Shape,Asphalt roads,Dry,Daylight,Normal,Vehicle with vehicle collision,2,1,Going straight,,,,,Changing lane to the right,Serious Injury
2024-10-05 12:11:00,Thursday,31-50,Male,Junior high school,Above 10yr,Long lorry,Owner,Unknown,Unknown,Office areas,Two-way (divided with broken lines road marking),Tangent road with flat terrain,Y Shape,Asphalt roads,Dry,Daylight,Normal,Vehicle with vehicle collision,2,1,Going straight,Driver or rider,Male,18-30,3.0,Changing lane to the left,Serious Injury
2024-10-05 18:36:00,Wednesday,18-30,Male,Elementary school,5-10yr,Automobile,Owner,Unknown,No defect,Other,Two-way (divided with broken lines road marking),Tangent road with flat terrain,Crossing,Asphalt roads,Dry,Daylight,Normal,Vehicle with vehicle collision,2,3,Other,Driver or rider,Male,18-30,3.0,No distancing,Slight Injury
2024-10-05 18:36:00,Wednesday,18-30,Male,Elementary school,Above 10yr,Automobile,Owner,Above 10yr,No defect,Other,One way,Tangent road with flat terrain,Crossing,Asphalt roads,Dry,Daylight,Normal,Collision with roadside objects,2,3,Going straight,Passenger,Female,Over 51,3.0,Driving carelessly,Slight Injury
2024-10-05 18:36:00,Wednesday,18-30,Male,Junior high school,1-2yr,Other,Owner,Unknown,No defect,Office areas,Two-way (divided with broken lines road marking),Tangent road with flat terrain,Crossing,Asphalt roads,Dry,Daylight,Normal,Vehicle with vehicle collision,2,3,Going straight,Passenger,Female,Over 51,3.0,No priority to pedestrian,Slight Injury
2024-10-05 14:35:00,Friday,18-30,Male,Unknown,Unknown,Other,Owner,2-5yrs,Unknown,Office areas,Undivided Two way,Tangent road with flat terrain,No junction,Asphalt roads,Dry,Daylight,Normal,Vehicle with vehicle collision,1,1,Going straight,Driver or rider,Male,18-30,3.0,Driving carelessly,Slight Injury
2024-10-05 12:25:00,Tuesday,Over 51,Male,High school,5-10yr,Long lorry,Owner,Unknown,No defect,Other,Two-way (divided with broken lines road marking),Tangent road with flat terrain,No junction,Gravel roads,Dry,Daylight,Normal,Vehicle with vehicle collision,2,1,Going straight,,,,,Moving Backward,Slight Injury
2024-10-05 12:25:00,Tuesday,18-30,Male,Elementary school,2-5yr,Public (12 seats),Owner,Unknown,No defect,Other,Two-way (divided with broken lines road marking),Tangent road with flat terrain,No junction,Asphalt roads,Dry,Daylight,Normal,Vehicle with vehicle collision,2,1,Going straight,,,,,No distancing,Slight Injury
2024-10-05 15:30:00,Monday,18-30,Male,Unknown,Unknown,Public (12 seats),Governmental,Unknown,Unknown,Residential areas,Two-way (divided with broken lines road marking),Tangent road with flat terrain,Crossing,Asphalt roads,Dry,Daylight,Normal,Vehicle with vehicle collision,1,1,Reversing,Driver or rider,Female,18-30,3.0,No distancing,Slight Injury
2024-10-05 18:10:00,Thursday,18-30,Male,Unknown,Unknown,Other,Owner,1-2yr,No defect,Other,Undivided Two way,Tangent road with flat terrain,No junction,Asphalt roads,Dry,Daylight,Normal,Vehicle with vehicle collision,1,1,Moving Backward,Driver or rider,Male,31-50,3.0,No distancing,Slight Injury
2024-10-05 15:25:00,Thursday,18-30,Male,High school,1-2yr,Other,Owner,Unknown,No defect,Office areas,Undivided Two way,Tangent road with flat terrain,No junction,Asphalt roads,Dry,Daylight,Normal,Vehicle with vehicle collision,2,1,Overtaking,Driver or rider,Male,18-30,3.0,Changing lane to the left,Slight Injury
2024-10-05 15:25:00,Thursday,31-50,Male,Junior high school,1-2yr,Other,Owner,2-5yrs,No defect,Office areas,Undivided Two way,Tangent road with flat terrain,No junction,Earth roads,Dry,Daylight,Normal,Collision with roadside objects,2,1,Going straight,,,,,Changing lane to the left,Slight Injury
2024-10-05 13:57:00,Saturday,Over 51,Male,Junior high school,1-2yr,Public (12 seats),Other,Unknown,Unknown,Other,Undivided Two way,Tangent road with flat terrain,O Shape,Asphalt roads,Dry,Daylight,Normal,Vehicle with vehicle collision,2,1,Going straight,,,,,Moving Backward,Slight Injury
2024-10-05 13:57:00,Saturday,18-30,Male,Junior high school,Above 10yr,Lorry (41-100Q),Owner,Unknown,Unknown,Other,Other,Tangent road with flat terrain,O Shape,Asphalt roads,Dry,Daylight,Normal,Vehicle with vehicle collision,2,1,Going straight,Driver or rider,Male,Over 51,3.0,Changing lane to the right,Slight Injury
2024-10-05 20:30:00,Friday,18-30,Male,Junior high school,1-2yr,Other,Owner,Above 10yr,Unknown,Other,Undivided Two way,Tangent road with flat terrain,Crossing,Other,Dry,Darkness - lights lit,Normal,Vehicle with vehicle collision,2,2,Going straight,,,,,No priority to vehicle,Slight Injury
2024-10-05 20:30:00,Friday,Over 51,Male,High school,Above 10yr,Public (12 seats),Owner,Unknown,No defect,Office areas,Other,Tangent road with flat terrain,Crossing,Gravel roads,Dry,Darkness - lights lit,Normal,Vehicle with vehicle collision,2,2,Going straight,Driver or rider,Male,31-50,2.0,Moving Backward,Slight Injury
2024-10-05 20:30:00,Friday,Over 51,Male,Junior high school,Above 10yr,Other,Owner,Above 10yr,No defect,Office areas,Two-way (divided with broken lines road marking),Tangent road with flat terrain,Crossing,Asphalt roads,Dry,Darkness - lights lit,Normal,Rollover,2,2,Going straight,Driver or rider,Female,18-30,3.0,Driving carelessly,Slight Injury
2024-10-05 16:30:00,Sunday,Over 51,Male,Junior high school,1-2yr,Lorry (11-40Q),Owner,Unknown,No defect,Other,Two-way (divided with broken lines road marking),Steep grade downward with mountainous terrain,No junction,Other,Dry,Daylight,Normal,Vehicle with vehicle collision,2,1,Going straight,,,,,Driving carelessly,Slight Injury
2024-10-05 16:30:00,Sunday,31-50,Male,Junior high school,1-2yr,Other,Owner,Above 10yr,No defect,Church areas,Other,Tangent road with flat terrain,No junction,Asphalt roads,Dry,Daylight,Normal,Vehicle with vehicle collision,2,1,Reversing,,,,,Driving under the influence of drugs,Slight Injury
2024-10-05 21:50:00,Sunday,31-50,Male,High school,2-5yr,Other,Governmental,Unknown,No defect,Industrial areas,Undivided Two way,Tangent road with flat terrain,No junction,Earth roads,Dry,Darkness - lights lit,Normal,Collision with roadside objects,2,2,Going straight,Driver or rider,Male,18-30,3.0,No priority to pedestrian,Slight Injury
2024-10-05 21:50:00,Sunday,18-30,Male,Junior high school,2-5yr,Other,Organization,2-5yrs,Unknown,Other,Undivided Two way,Tangent road with flat terrain,No junction,Asphalt roads,Dry,Darkness - lights lit,Normal,Vehicle with vehicle collision,2,2,Going straight,,,,,No priority to vehicle,Slight Injury
2024-10-05 09:12:00,Wednesday,18-30,Male,Junior high school,1-2yr,Pick up upto 10Q,Owner,5-10yrs,No defect,Other,Two-way (divided with broken lines road marking),Tangent road with flat terrain,Y Shape,Asphalt roads,Dry,Daylight,Normal,Vehicle with vehicle collision,2,1,Other,Driver or rider,Male,18-30,3.0,Driving carelessly,Slight Injury
2024-10-05 09:12:00,Wednesday,18-30,Male,Elementary school,5-10yr,Automobile,Owner,1-2yr,Unknown,Office areas,Undivided Two way,Tangent road with mountainous terrain and,Y Shape,Asphalt roads,Dry,Daylight,Normal,Vehicle with vehicle collision,2,1,Entering a junction,,,,,Moving Backward,Slight Injury
2024-10-05 14:40:00,Friday,31-50,Male,Junior high school,5-10yr,Other,Owner,Unknown,No defect,Other,One way,Tangent road with flat terrain,Y Shape,Asphalt roads,Dry,Daylight,Normal,Collision with roadside objects,1,1,Turnover,Driver or rider,Male,18-30,3.0,Driving carelessly,Serious Injury
2024-10-05 10:36:00,Friday,31-50,Male,Junior high school,1-2yr,Lorry (41-100Q),Owner,Unknown,No defect,Recreational areas,Undivided Two way,Steep grade downward with mountainous terrain,Crossing,Asphalt roads,Dry,Daylight,Normal,Collision with roadside objects,2,1,Going straight,Pedestrian,Female,31-50,3.0,No priority to vehicle,Slight Injury
2024-10-05 10:36:00,Friday,31-50,Male,Elementary school,5-10yr,Public (13-45 seats),Governmental,Unknown,No defect,Other,Two-way (divided with broken lines road marking),Steep grade downward with mountainous terrain,Crossing,Earth roads,Dry,Daylight,Normal,Vehicle with vehicle collision,2,1,Going straight,,,,,Changing lane to the right,Slight Injury
2024-10-05 18:19:00,Monday,18-30,Male,Junior high school,2-5yr,Automobile,Governmental,5-10yrs,No defect,Church areas,Two-way (divided with broken lines road marking),Tangent road with flat terrain,Crossing,Asphalt roads,Dry,Daylight,Normal,Vehicle with vehicle collision,2,1,Going straight,Driver or rider,Male,31-50,3.0,Changing lane to the left,Slight Injury
2024-10-05 18:19:00,Monday,18-30,Male,Elementary school,5-10yr,Pick up upto 10Q,Owner,Unknown,Unknown,Residential areas,Undivided Two way,Tangent road with flat terrain,Crossing,Asphalt roads,Dry,Daylight,Normal,Collision with roadside objects,2,1,Going straight,Driver or rider,Male,18-30,3.0,No priority to vehicle,Slight Injury
2024-10-05 19:12:00,Tuesday,18-30,Male,Junior high school,Above 10yr,Lorry (41-100Q),Owner,5-10yrs,No defect,Office areas,Two-way (divided with broken lines road marking),Other,Other,Asphalt roads,Dry,Daylight,Normal,Collision with roadside objects,2,1,Going straight,Driver or rider,Male,18-30,3.0,Driving carelessly,Slight Injury
2024-10-05 19:12:00,Tuesday,31-50,Male,Junior high school,Above 10yr,Public (12 seats),Owner,2-5yrs,No defect,Other,Two-way (divided with broken lines road marking),Tangent road with flat terrain,Other,Asphalt roads,Dry,Daylight,Normal,Vehicle with vehicle collision,2,1,Going straight,Driver or rider,Female,31-50,3.0,Moving Backward,Slight Injury
2024-10-05 11:38:00,Saturday,Over 51,Male,Elementary school,2-5yr,Other,Governmental,2-5yrs,Unknown,Office areas,Undivided Two way,Tangent road with flat terrain,No junction,Asphalt roads,Dry,Daylight,Normal,Vehicle with vehicle collision,3,3,Going straight,,,,,No distancing,Slight Injury
2024-10-05 11:38:00,Saturday,31-50,Male,Elementary school,5-10yr,Lorry (41-100Q),Owner,Unknown,Unknown,Office areas,Other,Tangent road with flat terrain,No junction,Asphalt roads,Dry,Daylight,Normal,Vehicle with vehicle collision,3,3,Going straight,Passenger,Female,31-50,3.0,Changing lane to the left,Slight Injury
2024-10-05 11:38:00,Saturday,31-50,Male,Junior high school,1-2yr,Pick up upto 10Q,Owner,Unknown,No defect,Other,One way,Escarpments,No junction,Asphalt roads,Dry,Daylight,Normal,Collision with roadside objects,3,3,Getting off,Pedestrian,Male,31-50,3.0,Changing lane to the left,Slight Injury
2024-10-05 11:38:00,Saturday,18-30,Male,Elementary school,Above 10yr,Other,Owner,Unknown,No defect,Residential areas,Undivided Two way,Tangent road with flat terrain,No junction,Asphalt roads,Dry,Daylight,Normal,Vehicle with vehicle collision,3,3,Getting off,,,,,No distancing,Slight Injury
2024-10-05 13:30:00,Thursday,18-30,Male,Junior high school,5-10yr,Lorry (41-100Q),Owner,Unknown,No defect,Recreational areas,One way,Tangent road with flat terrain,No junction,Asphalt roads,Dry,Daylight,Normal,Collision with roadside-parked vehicles,2,1,Getting off,Driver or rider,Male,Over 51,3.0,Changing lane to the left,Slight Injury
2024-10-05 13:30:00,Thursday,31-50,Male,Junior high school,2-5yr,Ridden horse,Owner,Unknown,No defect,Church areas,Undivided Two way,Tangent road with flat terrain,No junction,Asphalt roads,Dry,Daylight,Normal,Vehicle with vehicle collision,2,1,Moving Backward,Driver or rider,Male,Under 18,3.0,Driving carelessly,Slight Injury
2024-10-05 12:39:00,Tuesday,18-30,Male,Elementary school,Above 10yr,Automobile,Owner,Unknown,No defect,Other,One way,Tangent road with flat terrain,Other,Asphalt roads,Wet or damp,Daylight,Raining,Collision with roadside objects,2,1,Going straight,Pedestrian,Male,Under 18,3.0,Changing lane to the left,Slight Injury
2024-10-05 12:39:00,Tuesday,Over 51,Male,Junior high school,2-5yr,Automobile,Owner,Unknown,No defect,Other,Undivided Two way,Tangent road with flat terrain,Other,Earth roads,Wet or damp,Daylight,Raining,Vehicle with vehicle collision,2,1,Going straight,Pedestrian,Male,18-30,3.0,No distancing,Slight Injury
2024-10-05 12:30:00,Friday,18-30,Male,Elementary school,Above 10yr,Stationwagen,Owner,Unknown,No defect,Other,Two-way (divided with broken lines road marking),Tangent road with flat terrain,Y Shape,Asphalt roads,Dry,Daylight,Normal,Vehicle with vehicle collision,2,1,Waiting to go,Passenger,Male,18-30,3.0,Changing lane to the right,Slight Injury
2024-10-05 12:30:00,Friday,31-50,Male,Junior high school,Above 10yr,Other,Governmental,Unknown,No defect,Residential areas,Other,Tangent road with flat terrain,Y Shape,Asphalt roads,Dry,Daylight,Normal,Vehicle with vehicle collision,2,1,Going straight,Driver or rider,Female,18-30,3.0,No distancing,Slight Injury
2024-10-05 16:55:00,Sunday,31-50,Male,Junior high school,2-5yr,Lorry (41-100Q),Owner,Above 10yr,No defect,School areas,Other,Tangent road with flat terrain,Y Shape,Asphalt roads,Dry,Daylight,Normal,Vehicle with vehicle collision,2,1,Other,,,,,Driving to the left,Slight Injury
2024-10-05 16:55:00,Sunday,31-50,Male,Junior high school,Above 10yr,Lorry (41-100Q),Owner,Above 10yr,No defect,Church areas,Two-way (divided with broken lines road marking),Tangent road with flat terrain,Y Shape,Asphalt roads,Dry,Daylight,Normal,Vehicle with vehicle collision,2,1,Going straight,,,,,No distancing,Slight Injury
2024-10-05 18:25:00,Monday,Unknown,Female,Junior high school,Above 10yr,Long lorry,Owner,Above 10yr,No defect,Other,Other,Tangent road with flat terrain,No junction,Other,Dry,Daylight,Normal,Collision with roadside-parked vehicles,2,1,Going straight,Driver or rider,Female,18-30,3.0,Overtaking,Slight Injury
2024-10-05 18:25:00,Monday,31-50,Male,Junior high school,Below 1yr,Stationwagen,Owner,Below 1yr,Unknown,Other,Two-way (divided with broken lines road marking),Tangent road with flat terrain,No junction,Gravel roads,Dry,Daylight,Normal,Collision with roadside-parked vehicles,2,1,Going straight,Driver or rider,Female,31-50,3.0,Driving under the influence of drugs,Slight Injury
2024-10-05 13:01:00,Thursday,31-50,Male,Junior high school,Above 10yr,Public (12 seats),Owner,2-5yrs,Unknown,Office areas,Undivided Two way,Tangent road with flat terrain,O Shape,Gravel roads,Dry,Daylight,Normal,Collision with animals,2,1,Going straight,,,,,No priority to pedestrian,Slight Injury
2024-10-05 13:01:00,Thursday,18-30,Male,High school,Above 10yr,Automobile,Owner,2-5yrs,Unknown,Office areas,Two-way (divided with broken lines road marking),Tangent road with flat terrain,O Shape,Asphalt roads,Dry,Daylight,Normal,Collision with animals,2,1,Overtaking,Driver or rider,Female,18-30,3.0,Moving Backward,Slight Injury
2024-10-05 13:45:00,Wednesday,18-30,Male,Junior high school,5-10yr,Public (12 seats),Owner,2-5yrs,No defect,Other,Undivided Two way,Tangent road with flat terrain,No junction,Asphalt roads,Dry,Daylight,Normal,Collision with animals,2,1,Going straight,,,,,Changing lane to the right,Slight Injury
2024-10-05 13:45:00,Wednesday,31-50,Male,Elementary school,Unknown,Lorry (41-100Q),Owner,Below 1yr,No defect,Hospital areas,Undivided Two way,Tangent road with flat terrain,No junction,Earth roads,Dry,Daylight,Normal,Collision with animals,2,1,Going straight,Driver or rider,Female,18-30,3.0,Changing lane to the left,Slight Injury
2024-10-05 18:45:00,Monday,18-30,Male,Junior high school,5-10yr,Automobile,Owner,2-5yrs,Unknown,Other,Undivided Two way,Tangent road with flat terrain,Crossing,Asphalt roads,Dry,Darkness - lights lit,Normal,Collision with animals,2,1,Going straight,,,,,Changing lane to the right,Slight Injury
2024-10-05 18:45:00,Monday,31-50,Male,Junior high school,5-10yr,Lorry (41-100Q),Owner,Unknown,Unknown,Other,Two-way (divided with broken lines road marking),Tangent road with flat terrain,Crossing,Asphalt roads,Dry,Darkness - lights lit,Normal,Collision with animals,2,1,Turnover,Driver or rider,Male,31-50,3.0,Driving under the influence of drugs,Slight Injury
2024-10-05 11:02:00,Thursday,31-50,Male,Junior high school,Below 1yr,Lorry (41-100Q),Owner,Unknown,Unknown,Other,Undivided Two way,Tangent road with flat terrain,No junction,Asphalt roads,Dry,Daylight,Normal,Collision with animals,1,4,Going straight,Driver or rider,Male,18-30,3.0,No priority to vehicle,Slight Injury
2024-10-05 11:02:00,Thursday,31-50,Male,Junior high school,5-10yr,Pick up upto 10Q,Other,Unknown,Unknown,Other,Double carriageway (median),Tangent road with flat terrain,No junction,Asphalt roads,Dry,Daylight,Normal,Collision with animals,1,4,Going straight,,,,,No priority to vehicle,Slight Injury
2024-10-05 11:02:00,Thursday,31-50,Male,Elementary school,2-5yr,Other,Governmental,Unknown,No defect,Other,Two-way (divided with broken lines road marking),Tangent road with mild grade and flat terrain,No junction,Earth roads,Dry,Daylight,Normal,Collision with animals,1,4,Getting off,Pedestrian,Female,18-30,3.0,Changing lane to the left,Slight Injury
2024-10-05 11:02:00,Thursday,31-50,Male,Junior high school,2-5yr,Automobile,Owner,Above 10yr,No defect,Hospital areas,Two-way (divided with broken lines road marking),Tangent road with flat terrain,No junction,Asphalt roads,Dry,Daylight,Normal,Collision with animals,1,4,Moving Backward,Pedestrian,Female,31-50,3.0,Changing lane to the right,Slight Injury
2024-10-05 15:55:00,Tuesday,Over 51,Male,Elementary school,2-5yr,Automobile,Other,Above 10yr,No defect,Other,Two-way (divided with broken lines road marking),Tangent road with flat terrain,No junction,Asphalt roads,Dry,Daylight,Normal,Collision with animals,1,1,Getting off,Passenger,Female,5,3.0,Changing lane to the right,Serious Injury
2024-10-05 15:00:00,Wednesday,Over 51,Male,Junior high school,2-5yr,Lorry (11-40Q),Owner,Unknown,No defect,Other,One way,Tangent road with flat terrain,No junction,Asphalt roads,Dry,Daylight,Normal,Collision with animals,1,1,Overtaking,Driver or rider,Male,18-30,3.0,Changing lane to the left,Slight Injury
2024-10-05 20:00:00,Sunday,31-50,Male,Junior high school,Above 10yr,Bajaj,Owner,2-5yrs,No defect,Other,Two-way (divided with broken lines road marking),Tangent road with mild grade and flat terrain,Y Shape,Asphalt roads,Dry,Darkness - lights lit,Normal,Other,2,1,Going straight,,,,,Changing lane to the left,Slight Injury
2024-10-05 20:00:00,Sunday,Under 18,Male,Junior high school,2-5yr,Automobile,Owner,Unknown,Unknown,Office areas,Two-way (divided with broken lines road marking),Tangent road with flat terrain,Y Shape,Asphalt roads,Dry,Darkness - lights lit,Normal,Rollover,2,1,Going straight,Driver or rider,Female,31-50,3.0,Getting off the vehicle improperly,Slight Injury
2024-10-05 18:48:00,Wednesday,31-50,Male,Junior high school,1-2yr,Lorry (41-100Q),Owner,Unknown,Unknown,Residential areas,Two-way (divided with broken lines road marking),Tangent road with flat terrain,Crossing,Asphalt roads,Wet or damp,Darkness - lights lit,Normal,Collision with animals,2,1,Going straight,Driver or rider,Male,5,3.0,Overtaking,Serious Injury