Time,Day_of_week,Age_band_of_driver,Sex_of_driver,Educational_level,Driving_experience,Type_of_vehicle,Owner_of_vehicle,Service_year_of_vehicle,Defect_of_vehicle,Area_accident_occured,Lanes_or_Medians,Road_allignment,Types_of_Junction,Road_surface_type,Road_surface_conditions,Light_conditions,Weather_conditions,Type_of_collision,Number_of_vehicles_involved,Number_of_casualties,Vehicle_movement,Casualty_class,Sex_of_casualty,Age_band_of_casualty,Casualty_severity,Cause_of_accident,Accident_severity
2024-10-05 08:40:00,Wednesday,18-30,Male,High school,5-10yr,Pick up upto 10Q,Owner,Unknown,No defect,Recreational areas,Undivided Two way,Tangent road with flat terrain,Y Shape,Asphalt roads,Dry,Daylight,Normal,Vehicle with vehicle collision,1,1,Other,Passenger,Female,18-30,3.0,No distancing,Slight Injury
2024-10-05 18:49:00,Tuesday,18-30,Male,Elementary school,2-5yr,Turbo,Owner,Above 10yr,No defect,Church areas,Two-way (divided with broken lines road marking),Tangent road with flat terrain,Y Shape,Asphalt roads,Dry,Darkness - lights lit,Normal,Vehicle with vehicle collision,1,1,Going straight,Passenger,Female,31-50,3.0,Drunk driving,Slight Injury
2024-10-05 12:46:00,Friday,31-50,Male,Junior high school,1-2yr,Pick up upto 10Q,Owner,Unknown,Unknown,Office areas,Two-way (divided with broken lines road marking),Tangent road with flat terrain,Y Shape,Asphalt roads,Dry,Daylight,Normal,Vehicle with vehicle collision,2,1,Going straight,Pedestrian,Female,18-30,3.0,Changing lane to the right,Slight Injury
2024-10-05 12:46:00,Friday,31-50,Male,Elementary school,1-2yr,Other,Owner,Unknown,Unknown,Other,Two-way (divided with broken lines road marking),Tangent road with flat terrain,Y Shape,Gravel roads,Dry,Daylight,Normal,Collision with pedestrians,2,1,Going straight,,,,,Driving carelessly,Slight Injury
2024-10-05 07:40:00,Wednesday,18-30,Male,High school,No Licence,Stationwagen,Owner,Unknown,Unknown,Office areas,Undivided Two way,Tangent road with flat terrain,Y Shape,Asphalt roads,Dry,Daylight,Normal,Collision with pedestrians,2,1,Turnover,Driver or rider,Male,31-50,3.0,Driving to the left,Slight Injury
2024-10-05 07:40:00,Wednesday,31-50,Male,Junior high school,5-10yr,Pick up upto 10Q,Owner,Unknown,Unknown,Office areas,Two-way (divided with broken lines road marking),Tangent road with flat terrain,Y Shape,Asphalt roads,Dry,Daylight,Normal,Vehicle with vehicle collision,2,1,Going straight,Driver or rider,Male,31-50,3.0,Changing lane to the right,Slight Injury
2024-10-05 06:00:00,Sunday,Unknown,Female,Junior high school,1-2yr,Lorry (41-100Q),Owner,Unknown,Unknown,Other,Two-way (divided with broken lines road marking),Tangent road with flat terrain,Crossing,Asphalt roads,Dry,Darkness - lights lit,Normal,Vehicle with vehicle collision,2,1,Going straight,,,,,Changing lane to the right,Serious Injury
2024-10-05 06:00:00,Sunday,18-30,Male,Junior high school,2-5yr,Lorry (41-100Q),Owner,Above 10yr,Unknown,Residential areas,Undivided Two way,Tangent road with flat terrain,Crossing,Other,Dry,Darkness - lights lit,Normal,Vehicle with vehicle collision,2,1,Reversing,Pedestrian,Female,Over 51,3.0,Driving carelessly,Serious Injury
2024-10-05 15:00:00,Saturday,31-50,Male,Junior high school,5-10yr,Automobile,Owner,Above 10yr,Unknown,Office areas,Other,Tangent road with mountainous terrain and,Y Shape,Asphalt roads,Dry,Daylight,Normal,Vehicle with vehicle collision,1,1,Other,Pedestrian,Female,18-30,3.0,Changing lane to the left,Slight Injury
2024-10-05 18:02:00,Wednesday,31-50,Male,Unknown,Unknown,Automobile,Owner,Above 10yr,No defect,Residential areas,Other,Tangent road with flat terrain,Crossing,Other,Dry,Darkness - no lighting,Normal,Vehicle with vehicle collision,1,1,Going straight,Driver or rider,Male,31-50,3.0,No priority to vehicle,Slight Injury
2024-10-05 21:25:00,Thursday,18-30,Male,Unknown,Unknown,Pick up upto 10Q,Other,Unknown,Unknown,School areas,Two-way (divided with broken lines road marking),Tangent road with flat terrain,Y Shape,Asphalt roads,Wet or damp,Darkness - lights lit,Normal,Vehicle with vehicle collision,2,2,Going straight,,,,,Driving carelessly,Slight Injury
2024-10-05 21:25:00,Thursday,18-30,Male,Junior high school,2-5yr,Pick up upto 10Q,Owner,Above 10yr,No defect,Office areas,Two-way (divided with broken lines road marking),Sharp reverse curve,Y Shape,Asphalt roads,Wet or damp,Darkness - lights lit,Normal,Vehicle with vehicle collision,2,2,Moving Backward,,,,,Changing lane to the right,Slight Injury
2024-10-05 21:25:00,Thursday,18-30,Male,Junior high school,Above 10yr,Lorry (41-100Q),Owner,5-10yrs,No defect,Other,Other,Tangent road with flat terrain,Y Shape,Asphalt roads,Wet or damp,Darkness - lights lit,Normal,Vehicle with vehicle collision,2,2,Reversing,Driver or rider,Male,18-30,3.0,Driving carelessly,Slight Injury
2024-10-05 16:55:00,Friday,31-50,Male,Junior high school,Above 10yr,Public (12 seats),Owner,Above 10yr,No defect,Other,Undivided Two way,Tangent road with flat terrain,No junction,Asphalt roads,Dry,Daylight,Normal,Vehicle with vehicle collision,3,3,Going straight,Passenger,Male,31-50,3.0,Driving under the influence of drugs,Slight Injury
2024-10-05 16:55:00,Friday,31-50,Male,Unknown,Unknown,Other,Owner,Above 10yr,No defect,Church areas,Other,Tangent road with flat terrain,No junction,Asphalt roads,Dry,Daylight,Normal,Vehicle with vehicle collision,3,3,Going straight,Passenger,Female,18-30,3.0,No distancing,Slight Injury
2024-10-05 16:55:00,Friday,31-50,Male,Elementary school,Above 10yr,Stationwagen,Owner,Unknown,No defect,Office areas,Two-way (divided with broken lines road marking),Tangent road with flat terrain,No junction,Asphalt roads,Dry,Daylight,Normal,Collision with roadside objects,3,3,Moving Backward,Driver or rider,Male,18-30,3.0,Changing lane to the left,Slight Injury
2024-10-05 16:55:00,Friday,Unknown,Female,Junior high school,Above 10yr,Automobile,Owner,Unknown,No defect,Other,Two-way (divided with broken lines road marking),Tangent road with flat terrain,No junction,Asphalt roads,Dry,Daylight,Normal,Rollover,3,3,Going straight,Pedestrian,Male,Over 51,2.0,No priority to vehicle,Slight Injury
2024-10-05 16:55:00,Friday,Unknown,Female,Elementary school,2-5yr,Automobile,Owner,Unknown,No defect,Office areas,Two-way (divided with broken lines road marking),Tangent road with mild grade and flat terrain,No junction,Asphalt roads,Dry,Daylight,Normal,Vehicle with vehicle collision,3,3,Going straight,,,,,Moving Backward,Slight Injury
2024-10-05 20:15:00,Monday,18-30,Male,Junior high school,5-10yr,Lorry (41-100Q),Owner,Unknown,No defect,Office areas,Two-way (divided with broken lines road marking),Tangent road with flat terrain,No junction,Asphalt roads,Dry,Darkness - no lighting,Normal,Vehicle with vehicle collision,2,2,Going straight,Driver or rider,Male,18-30,3.0,Moving Backward,Slight Injury
2024-10-05 20:15:00,Monday,18-30,Male,Junior high school,Below 1yr,Stationwagen,Owner,Above 10yr,No defect,Office areas,Two-way (divided with broken lines road marking),Sharp reverse curve,No junction,Asphalt roads,Dry,Darkness - no lighting,Normal,Vehicle with vehicle collision,2,2,Going straight,,,,,No distancing,Slight Injury
2024-10-05 20:15:00,Monday,18-30,Male,Junior high school,5-10yr,Lorry (41-100Q),Owner,Above 10yr,No defect,Church areas,Undivided Two way,Sharp reverse curve,No junction,Asphalt roads,Dry,Darkness - no lighting,Normal,Vehicle with vehicle collision,2,2,Going straight,Driver or rider,Male,Under 18,3.0,Changing lane to the right,Slight Injury
2024-10-05 15:30:00,Tuesday,31-50,Male,High school,Above 10yr,Public (> 45 seats),Owner,Above 10yr,No defect,Office areas,Undivided Two way,Gentle horizontal curve,Y Shape,Asphalt roads,Dry,Daylight,Normal,Vehicle with vehicle collision,1,1,Going straight,,,,,Changing lane to the right,Slight Injury
2024-10-05 20:17:00,Thursday,31-50,Male,Junior high school,5-10yr,Automobile,Owner,5-10yrs,No defect,Other,Double carriageway (median),Gentle horizontal curve,No junction,Asphalt roads,Wet or damp,Darkness - lights lit,Normal,Collision with roadside objects,2,1,Other,Driver or rider,Male,18-30,3.0,Moving Backward,Slight Injury
2024-10-05 20:17:00,Thursday,31-50,Male,Elementary school,1-2yr,Automobile,Owner,Unknown,Unknown,Other,Two-way (divided with broken lines road marking),Tangent road with flat terrain,No junction,Asphalt roads,Wet or damp,Darkness - lights lit,Normal,Collision with roadside objects,2,1,Going straight,,,,,Driving carelessly,Slight Injury
2024-10-05 13:07:00,Sunday,31-50,Male,Junior high school,Unknown,Automobile,Owner,5-10yrs,No defect,Church areas,Other,Tangent road with mountainous terrain and,Crossing,Asphalt roads,Wet or damp,Daylight,Raining,Vehicle with vehicle collision,2,2,Reversing,Passenger,Male,18-30,3.0,Driving under the influence of drugs,Slight Injury
2024-10-05 13:07:00,Sunday,31-50,Male,Above high school,1-2yr,Other,Owner,1-2yr,Unknown,School areas,Undivided Two way,Tangent road with flat terrain,Crossing,Asphalt roads,Wet or damp,Daylight,Raining,Collision with roadside objects,2,2,Going straight,,,,,No distancing,Slight Injury
2024-10-05 13:07:00,Sunday,31-50,Male,Junior high school,Above 10yr,Lorry (41-100Q),Other,Unknown,Unknown,Church areas,Two-way (divided with broken lines road marking),Tangent road with flat terrain,Crossing,Asphalt roads,Wet or damp,Daylight,Raining,Vehicle with vehicle collision,2,2,Going straight,Driver or rider,Male,31-50,3.0,No distancing,Slight Injury
2024-10-05 16:30:00,Tuesday,31-50,Male,Junior high school,1-2yr,Lorry (41-100Q),Owner,Above 10yr,Unknown,Office areas,Undivided Two way,Tangent road with flat terrain,Crossing,Asphalt roads,Dry,Daylight,Normal,Vehicle with vehicle collision,2,1,Going straight,,,,,No priority to vehicle,Slight Injury
2024-10-05 16:30:00,Tuesday,31-50,Male,Junior high school,5-10yr,Automobile,Owner,2-5yrs,No defect,Other,Other,Tangent road with flat terrain,Crossing,Asphalt roads,Dry,Daylight,Normal,Vehicle with vehicle collision,2,1,Going straight,Driver or rider,Male,18-30,3.0,Driving to the left,Slight Injury
2024-10-05 15:18:00,Monday,31-50,Male,Junior high school,2-5yr,Stationwagen,Owner,Above 10yr,Unknown,Church areas,Two-way (divided with broken lines road marking),Steep grade upward with mountainous terrain,No junction,Asphalt roads,Dry,Daylight,Normal,Vehicle with vehicle collision,1,1,Going straight,Driver or rider,Male,Under 18,3.0,No priority to vehicle,Serious Injury
2024-10-05 17:40:00,Wednesday,18-30,Male,Unknown,Unknown,Public (12 seats),Governmental,1-2yr,No defect,Other,Double carriageway (median),Tangent road with flat terrain,No junction,Asphalt roads,Dry,Daylight,Normal,Vehicle with vehicle collision,1,1,Going straight,,,,,No priority to vehicle,Slight Injury
2024-10-05 18:32:00,Tuesday,18-30,Male,Junior high school,2-5yr,Public (12 seats),Governmental,Above 10yr,Unknown,Other,Double carriageway (median),Tangent road with flat terrain,No junction,Earth roads,Dry,Darkness - lights lit,Normal,Vehicle with vehicle collision,3,3,Other,Driver or rider,Female,31-50,3.0,No priority to vehicle,Slight Injury
2024-10-05 18:32:00,Tuesday,18-30,Male,Junior high school,2-5yr,Automobile,Organization,5-10yrs,No defect,Office areas,Two-way (divided with broken lines road marking),Gentle horizontal curve,No junction,Asphalt roads,Dry,Darkness - lights lit,Normal,Collision with pedestrians,3,3,Moving Backward,Passenger,Male,18-30,3.0,No distancing,Slight Injury
2024-10-05 18:32:00,Tuesday,31-50,Male,Junior high school,Above 10yr,Public (12 seats),Organization,Above 10yr,No defect,Other,Two-way (divided with broken lines road marking),Tangent road with flat terrain,No junction,Asphalt roads,Dry,Darkness - lights lit,Normal,Vehicle with vehicle collision,3,3,Other,,,,,Moving Backward,Slight Injury
2024-10-05 18:32:00,Tuesday,Over 51,Male,Junior high school,1-2yr,Public (12 seats),Owner,2-5yrs,No defect,Other,Two-way (divided with broken lines road marking),Tangent road with flat terrain,No junction,Asphalt roads,Dry,Darkness - lights lit,Normal,Collision with roadside objects,3,3,Going straight,,,,,Changing lane to the right,Slight Injury
2024-10-05 18:35:00,Saturday,31-50,Male,Above high school,1-2yr,Lorry (41-100Q),Governmental,Unknown,No defect,Residential areas,Two-way (divided with broken lines road marking),Tangent road with flat terrain,No junction,Asphalt roads,Dry,Darkness - lights lit,Normal,Vehicle with vehicle collision,2,1,Going straight,Driver or rider,Male,18-30,3.0,Driving carelessly,Slight Injury
2024-10-05 18:35:00,Saturday,31-50,Male,Above high school,No Licence,Automobile,Owner,2-5yrs,No defect,Office areas,Two-way (divided with broken lines road marking),Tangent road with flat terrain,No junction,Asphalt roads,Dry,Darkness - lights lit,Normal,Collision with roadside objects,2,1,Going straight,Driver or rider,Male,31-50,2.0,Changing lane to the left,Slight Injury
2024-10-05 12:10:00,Friday,18-30,Male,Junior high school,1-2yr,Lorry (41-100Q),Owner,2-5yrs,No defect,Church areas,One way,Tangent road with flat terrain,Y Shape,Asphalt roads,Dry,Daylight,Normal,Vehicle with vehicle collision,2,1,Other,,,,,No distancing,Slight Injury
2024-10-05 12:10:00,Friday,18-30,Male,Junior high school,5-10yr,Other,Owner,1-2yr,No defect,Other,Undivided Two way,Tangent road with flat terrain,Y Shape,Asphalt roads,Dry,Daylight,Normal,Vehicle with vehicle collision,2,1,Going straight,Driver or rider,Male,31-50,3.0,Changing lane to the right,Slight Injury
2024-10-05 15:08:00,Monday,18-30,Male,Junior high school,Above 10yr,Automobile,Owner,Above 10yr,Unknown,Market areas,Other,Steep grade downward with mountainous terrain,Y Shape,Asphalt roads,Dry,Daylight,Other,Collision with pedestrians,3,4,Other,,,,,Driving under the influence of drugs,Serious Injury
2024-10-05 15:08:00,Monday,18-30,Male,Junior high school,Above 10yr,Stationwagen,Owner,Above 10yr,Unknown,Other,Two-way (divided with broken lines road marking),Tangent road with mountainous terrain and,Y Shape,Asphalt roads,Dry,Daylight,Other,Vehicle with vehicle collision,3,4,Going straight,,,,,No distancing,Serious Injury
2024-10-05 15:08:00,Monday,Over 51,Male,Junior high school,5-10yr,Other,Owner,Unknown,No defect,Other,Undivided Two way,Tangent road with mountainous terrain and,Y Shape,Asphalt roads,Dry,Daylight,Other,Vehicle with vehicle collision,3,4,Going straight,Driver or rider,Male,5,3.0,Overturning,Serious Injury
2024-10-05 15:08:00,Monday,Over 51,Male,Elementary school,2-5yr,Other,Owner,Unknown,No defect,Church areas,Undivided Two way,Tangent road with flat terrain,Y Shape,Gravel roads,Dry,Daylight,Other,Vehicle with vehicle collision,3,4,Going straight,Driver or rider,Male,18-30,3.0,No distancing,Serious Injury
2024-10-05 08:54:00,Thursday,18-30,Male,Junior high school,2-5yr,Automobile,Governmental,1-2yr,No defect,Residential areas,Undivided Two way,Tangent road with flat terrain,Crossing,Asphalt roads,Dry,Daylight,Normal,Vehicle with vehicle collision,1,1,Going straight,,,,,Changing lane to the right,Slight Injury
2024-10-05 16:51:00,Wednesday,31-50,Male,Junior high school,Below 1yr,Stationwagen,Owner,Unknown,No defect,Other,Undivided Two way,Tangent road with flat terrain,No junction,Earth roads,Dry,Daylight,Normal,Collision with pedestrians,1,1,Moving Backward,Driver or rider,Male,18-30,3.0,No priority to vehicle,Serious Injury
2024-10-05 19:02:00,Saturday,18-30,Male,Junior high school,2-5yr,Automobile,Owner,Unknown,No defect,Other,Two-way (divided with broken lines road marking),Tangent road with flat terrain,Crossing,Asphalt roads,Wet or damp,Darkness - lights lit,Normal,Vehicle with vehicle collision,2,1,Moving Backward,,,,,Changing lane to the right,Slight Injury
2024-10-05 19:02:00,Saturday,18-30,Male,Junior high school,2-5yr,Other,Owner,Unknown,No defect,Other,Double carriageway (median),Tangent road with flat terrain,Crossing,Asphalt roads,Wet or damp,Darkness - lights lit,Normal,Vehicle with vehicle collision,2,1,Going straight,Passenger,Female,Over 51,3.0,Changing lane to the left,Slight Injury
2024-10-05 08:10:00,Monday,18-30,Male,Elementary school,5-10yr,Other,Owner,Unknown,No defect,Recreational areas,Two-way (divided with broken lines road marking),Tangent road with flat terrain,Y Shape,Asphalt roads,Wet or damp,Daylight,Fog or mist,Vehicle with vehicle collision,2,1,Going straight,Pedestrian,Female,Over 51,3.0,No distancing,Slight Injury
2024-10-05 08:10:00,Monday,31-50,Male,Junior high school,Above 10yr,Automobile,Owner,Unknown,No defect,Recreational areas,One way,Tangent road with flat terrain,Y Shape,Earth roads,Wet or damp,Daylight,Fog or mist,Vehicle with vehicle collision,2,1,Turnover,Driver or rider,Male,Under 18,3.0,No priority to pedestrian,Slight Injury
2024-10-05 17:50:00,Saturday,18-30,Male,Unknown,Unknown,Lorry (41-100Q),Owner,Unknown,No defect,Other,Two-way (divided with broken lines road marking),Tangent road with flat terrain,Y Shape,Asphalt roads,Dry,Daylight,Normal,Collision with roadside objects,2,1,Going straight,Driver or rider,Female,31-50,3.0,Driving carelessly,Slight Injury
2024-10-05 17:50:00,Saturday,31-50,Male,Junior high school,2-5yr,Lorry (41-100Q),Organization,1-2yr,No defect,Office areas,Two-way (divided with broken lines road marking),Tangent road with flat terrain,Y Shape,Asphalt roads,Dry,Daylight,Normal,Vehicle with vehicle collision,2,1,Going straight,Passenger,Female,Over 51,3.0,No distancing,Slight Injury
2024-10-05 20:51:00,Tuesday,18-30,Male,Junior high school,5-10yr,Lorry (41-100Q),Owner,2-5yrs,No defect,Residential areas,Two-way (divided with broken lines road marking),Tangent road with flat terrain,Y Shape,Asphalt roads,Wet or damp,Darkness - lights lit,Windy,Vehicle with vehicle collision,1,1,Going straight,,,,,Driving carelessly,Serious Injury
2024-10-05 14:00:00,Saturday,31-50,Male,Above high school,2-5yr,Automobile,Owner,2-5yrs,No defect,Other,Two-way (divided with broken lines road marking),Tangent road with flat terrain,Y Shape,Asphalt roads,Dry,Daylight,Normal,Vehicle with vehicle collision,2,1,Going straight,Driver or rider,Male,18-30,3.0,Driving carelessly,Slight Injury
2024-10-05 14:00:00,Saturday,18-30,Male,Unknown,Unknown,Automobile,Other,1-2yr,Unknown,Residential areas,Undivided Two way,Steep grade downward with mountainous terrain,Y Shape,Asphalt roads,Dry,Daylight,Normal,Vehicle with vehicle collision,2,1,Going straight,,,,,Moving Backward,Slight Injury
2024-10-05 14:43:00,Friday,Over 51,Male,Unknown,1-2yr,Public (13-45 seats),Owner,Unknown,No defect,Church areas,Double carriageway (median),Tangent road with flat terrain,Other,Asphalt roads,Dry,Daylight,Normal,Collision with roadside objects,1,1,Going straight,,,,,Overtaking,Slight Injury
2024-10-05 16:26:00,Tuesday,Over 51,Male,Junior high school,2-5yr,Public (13-45 seats),Owner,2-5yrs,Unknown,Other,One way,Tangent road with flat terrain,Y Shape,Asphalt roads,Dry,Daylight,Normal,Vehicle with vehicle collision,2,1,Going straight,Driver or rider,Male,31-50,3.0,No priority to vehicle,Serious Injury
2024-10-05 16:26:00,Tuesday,Over 51,Male,Junior high school,Above 10yr,Lorry (41-100Q),Owner,5-10yrs,No defect,Office areas,Two-way (divided with broken lines road marking),Tangent road with mountainous terrain and,Y Shape,Asphalt roads,Dry,Daylight,Normal,Vehicle with vehicle collision,2,1,Going straight,,,,,No priority to vehicle,Serious Injury
2024-10-05 13:54:00,Saturday,31-50,Male,Junior high school,Below 1yr,Lorry (41-100Q),Owner,2-5yrs,Unknown,Other,Undivided Two way,Tangent road with flat terrain,Y Shape,Asphalt roads,Dry,Daylight,Normal,Vehicle with vehicle collision,2,2,Other,Driver or rider,Male,31-50,3.0,Changing lane to the left,Slight Injury
2024-10-05 13:54:00,Saturday,31-50,Male,Junior high school,2-5yr,Public (12 seats),Owner,Unknown,Unknown,Recreational areas,Two-way (divided with broken lines road marking),Steep grade downward with mountainous terrain,Y Shape,Asphalt roads,Dry,Daylight,Normal,Vehicle with vehicle collision,2,2,Other,,,,,No priority to vehicle,Slight Injury
2024-10-05 13:54:00,Saturday,18-30,Male,Junior high school,Below 1yr,Other,Owner,Unknown,No defect,Other,Undivided Two way,Tangent road with flat terrain,Y Shape,Asphalt roads,Dry,Daylight,Normal,Vehicle with vehicle collision,2,2,Getting off,Driver or rider,Male,Under 18,3.0,No distancing,Slight Injury
2024-10-05 15:31:00,Monday,31-50,Male,High school,5-10yr,Lorry (41-100Q),Owner,1-2yr,No defect,Office areas,Two-way (divided with broken lines road marking),Tangent road with flat terrain,Y Shape,Asphalt roads,Dry,Daylight,Cloudy,Vehicle with vehicle collision,2,1,Going straight,Driver or rider,Male,18-30,3.0,Moving Backward,Slight Injury
2024-10-05 15:31:00,Monday,Over 51,Male,Above high school,1-2yr,Automobile,Governmental,Unknown,No defect,Residential areas,Undivided Two way,Tangent road with flat terrain,Y Shape,Asphalt roads,Dry,Daylight,Cloudy,Vehicle with vehicle collision,2,1,Going straight,,,,,Changing lane to the right,Slight Injury
2024-10-05 12:30:00,Thursday,18-30,Male,Junior high school,Below 1yr,Other,Owner,Unknown,No defect,Office areas,One way,Tangent road with flat terrain,No junction,Asphalt roads,Wet or damp,Daylight,Normal,Vehicle with vehicle collision,1,1,Going straight,Driver or rider,Male,31-50,3.0,No distancing,Slight Injury
2024-10-05 18:45:00,Wednesday,18-30,Male,Unknown,Unknown,Motorcycle,Owner,Unknown,No defect,Office areas,Two-way (divided with broken lines road marking),Tangent road with flat terrain,No junction,Asphalt roads,Wet or damp,Darkness - lights lit,Raining,Vehicle with vehicle collision,2,1,Other,,,,,Overtaking,Slight Injury
2024-10-05 18:45:00,Wednesday,31-50,Male,High school,Below 1yr,Automobile,Owner,Unknown,No defect,Church areas,Double carriageway (median),Tangent road with flat terrain,No junction,Asphalt roads,Wet or damp,Darkness - lights lit,Raining,Vehicle with vehicle collision,2,1,Going straight,Driver or rider,Male,18-30,3.0,No distancing,Slight Injury
2024-10-05 19:12:00,Tuesday,31-50,Male,High school,Below 1yr,Automobile,Owner,Unknown,No defect,Church areas,Undivided Two way,Tangent road with flat terrain,No junction,Asphalt roads,Dry,Darkness - lights lit,Normal,Vehicle with vehicle collision,1,1,Moving Backward,,,,,Changing lane to the left,Serious Injury
2024-10-05 17:25:00,Friday,31-50,Male,Unknown,Unknown,Lorry (41-100Q),Owner,Unknown,No defect,Residential areas,Undivided Two way,Tangent road with flat terrain,No junction,Asphalt roads,Dry,Daylight,Normal,Collision with roadside objects,2,1,Other,Driver or rider,Male,31-50,3.0,Driving under the influence of drugs,Slight Injury
2024-10-05 17:25:00,Friday,31-50,Male,High school,2-5yr,Automobile,Owner,Unknown,No defect,Other,Undivided Two way,Tangent road with flat terrain,No junction,Asphalt roads,Dry,Daylight,Normal,Collision with roadside objects,2,1,Going straight,,,,,No distancing,Slight Injury
2024-10-05 12:48:00,Friday,31-50,Male,Junior high school,Above 10yr,Public (> 45 seats),Owner,Unknown,Unknown,Other,Other,Tangent road with flat terrain,Y Shape,Asphalt roads,Wet or damp,Daylight,Normal,Collision with roadside objects,1,1,Going straight,Passenger,Female,31-50,3.0,No distancing,Slight Injury
2024-10-05 07:10:00,Friday,18-30,Male,Junior high school,Above 10yr,Lorry (41-100Q),Owner,Unknown,No defect,Other,Undivided Two way,Tangent road with flat terrain,Y Shape,Earth roads,Dry,Daylight,Normal,Collision with pedestrians,2,1,Going straight,Driver or rider,Male,18-30,3.0,Changing lane to the right,Slight Injury
2024-10-05 07:10:00,Friday,18-30,Male,Junior high school,5-10yr,Public (> 45 seats),Owner,2-5yrs,Unknown,Residential areas,Undivided Two way,Tangent road with flat terrain,Y Shape,Asphalt roads,Dry,Daylight,Normal,Vehicle with vehicle collision,2,1,Other,,,,,Changing lane to the left,Slight Injury
2024-10-05 17:10:00,Friday,18-30,Male,Junior high school,1-2yr,Lorry (41-100Q),Owner,Unknown,Unknown,Office areas,Undivided Two way,Tangent road with flat terrain,No junction,Asphalt roads,Wet or damp,Daylight,Normal,Vehicle with vehicle collision,3,1,Going straight,Driver or rider,Male,18-30,2.0,Moving Backward,Slight Injury
2024-10-05 17:10:00,Friday,31-50,Male,Unknown,Below 1yr,Lorry (41-100Q),Owner,Unknown,Unknown,Residential areas,Undivided Two way,Tangent road with flat terrain,No junction,Other,Wet or damp,Daylight,Normal,Collision with pedestrians,3,1,Going straight,,,,,No distancing,Slight Injury
2024-10-05 17:10:00,Friday,18-30,Male,Junior high school,Below 1yr,Lorry (41-100Q),Owner,Unknown,No defect,Other,Two-way (divided with broken lines road marking),Tangent road with flat terrain,No junction,Asphalt roads,Wet or damp,Daylight,Normal,Vehicle with vehicle collision,3,1,Going straight,,,,,No distancing,Slight Injury
2024-10-05 09:05:00,Friday,31-50,Male,High school,2-5yr,Public (12 seats),Owner,Unknown,No defect,Other,Two-way (divided with broken lines road marking),Tangent road with flat terrain,Y Shape,Asphalt roads,Wet or damp,Daylight,Raining,Vehicle with vehicle collision,2,1,Going straight,Driver or rider,Female,31-50,3.0,Driving carelessly,Slight Injury
2024-10-05 09:05:00,Friday,18-30,Male,Junior high school,1-2yr,Public (12 seats),Owner,Unknown,No defect,Recreational areas,Two-way (divided with broken lines road marking),Tangent road with flat terrain,Y Shape,Asphalt roads,Wet or damp,Daylight,Raining,Vehicle with vehicle collision,2,1,Going straight,,,,,Moving Backward,Slight Injury
2024-10-05 16:15:00,Wednesday,31-50,Male,Junior high school,5-10yr,Stationwagen,Owner,5-10yrs,Unknown,Church areas,One way,Tangent road with flat terrain,No junction,Asphalt roads,Dry,Daylight,Normal,Vehicle with vehicle collision,1,1,Going straight,Driver or rider,Male,Under 18,3.0,No distancing,Slight Injury
2024-10-05 18:00:00,Sunday,Unknown,Female,Elementary school,2-5yr,Lorry (41-100Q),Owner,Unknown,Unknown,School areas,Two-way (divided with broken lines road marking),Tangent road with flat terrain,Crossing,Asphalt roads,Dry,Darkness - lights lit,Normal,Vehicle with vehicle collision,1,1,Going straight,,,,,Changing lane to the right,Slight Injury
2024-10-05 13:55:00,Sunday,Over 51,Male,Elementary school,5-10yr,Automobile,Owner,2-5yrs,Unknown,Office areas,Undivided Two way,Tangent road with flat terrain,Y Shape,Asphalt roads,Dry,Daylight,Normal,Vehicle with vehicle collision,3,3,Going straight,Driver or rider,Male,18-30,3.0,Driving carelessly,Slight Injury
2024-10-05 13:55:00,Sunday,18-30,Male,Junior high school,Above 10yr,Pick up upto 10Q,Owner,1-2yr,Unknown,Other,Other,Tangent road with flat terrain,Y Shape,Asphalt roads,Dry,Daylight,Normal,Collision with roadside objects,3,3,Going straight,Pedestrian,Female,18-30,3.0,Driving to the left,Slight Injury
2024-10-05 13:55:00,Sunday,18-30,Male,Junior high school,5-10yr,Automobile,Owner,5-10yrs,Unknown,Residential areas,Undivided Two way,Tangent road with flat terrain,Y Shape,Asphalt roads,Dry,Daylight,Normal,Collision with pedestrians,3,3,Going straight,Driver or rider,Male,31-50,3.0,Changing lane to the right,Slight Injury
2024-10-05 13:55:00,Sunday,18-30,Male,High school,5-10yr,Public (13-45 seats),Owner,Above 10yr,Unknown,Other,Undivided Two way,Tangent road with flat terrain,Y Shape,Asphalt roads,Dry,Daylight,Normal,Vehicle with vehicle collision,3,3,Going straight,,,,,Driving carelessly,Slight Injury
2024-10-05 19:20:00,Sunday,Unknown,Female,Junior high school,5-10yr,Public (> 45 seats),Owner,1-2yr,No defect,Other,Other,Steep grade downward with mountainous terrain,No junction,Asphalt roads,Dry,Darkness - lights lit,Normal,Vehicle with vehicle collision,2,2,Other,,,,,Changing lane to the right,Slight Injury
2024-10-05 19:20:00,Sunday,31-50,Male,Junior high school,Above 10yr,Stationwagen,Owner,2-5yrs,Unknown,Office areas,One way,Steep grade downward with mountainous terrain,No junction,Asphalt roads,Dry,Darkness - lights lit,Normal,Collision with roadside objects,2,2,Going straight,Driver or rider,Male,18-30,3.0,No priority to vehicle,Slight Injury