Time,Day_of_week,Age_band_of_driver,Sex_of_driver,Educational_level,Driving_experience,Type_of_vehicle,Owner_of_vehicle,Service_year_of_vehicle,Defect_of_vehicle,Area_accident_occured,Lanes_or_Medians,Road_allignment,Types_of_Junction,Road_surface_type,Road_surface_conditions,Light_conditions,Weather_conditions,Type_of_collision,Number_of_vehicles_involved,Number_of_casualties,Vehicle_movement,Casualty_class,Sex_of_casualty,Age_band_of_casualty,Casualty_severity,Cause_of_accident,Accident_severity
2024-10-05 18:40:00,Tuesday,31-50,Male,Junior high school,Above 10yr,Automobile,Owner,5-10yrs,No defect,Other,Double carriageway (median),Gentle horizontal curve,Y Shape,Asphalt roads,Dry,Daylight,Normal,Vehicle with vehicle collision,2,1,Other,Driver or rider,Female,18-30,3.0,Getting off the vehicle improperly,Serious Injury
2024-10-05 18:40:00,Tuesday,Over 51,Male,Elementary school,Below 1yr,Automobile,Owner,Unknown,Unknown,Other,Two-way (divided with broken lines road marking),Tangent road with flat terrain,Y Shape,Asphalt roads,Dry,Daylight,Normal,Vehicle with vehicle collision,2,1,Going straight,,,,,Overtaking,Serious Injury
2024-10-05 11:43:00,Sunday,Under 18,Male,Elementary school,5-10yr,Automobile,Owner,5-10yrs,No defect,Church areas,Other,Tangent road with mountainous terrain and,Y Shape,Asphalt roads,Dry,Daylight,Normal,Vehicle with vehicle collision,2,1,Going straight,Driver or rider,Male,18-30,3.0,Overloading,Slight Injury
2024-10-05 11:43:00,Sunday,Over 51,Male,Elementary school,5-10yr,Public (> 45 seats),Owner,1-2yr,Unknown,School areas,Undivided Two way,Tangent road with flat terrain,Y Shape,Asphalt roads,Dry,Daylight,Normal,Vehicle with vehicle collision,2,1,Moving Backward,Pedestrian,Male,18-30,2.0,Changing lane to the right,Slight Injury
2024-10-05 12:00:00,Saturday,18-30,Male,Elementary school,2-5yr,Lorry (11-40Q),Other,Unknown,Unknown,Church areas,Two-way (divided with broken lines road marking),Tangent road with flat terrain,Y Shape,Asphalt roads,Dry,Daylight,Normal,Vehicle with vehicle collision,2,1,Going straight,Passenger,Female,31-50,3.0,Improper parking,Slight Injury
2024-10-05 12:00:00,Saturday,18-30,Male,Elementary school,Above 10yr,Pick up upto 10Q,Owner,Above 10yr,Unknown,Office areas,Undivided Two way,Tangent road with flat terrain,Y Shape,Asphalt roads,Dry,Daylight,Normal,Vehicle with vehicle collision,2,1,Moving Backward,Driver or rider,Male,5,3.0,Other,Slight Injury
2024-10-05 08:58:00,Friday,31-50,Male,Elementary school,2-5yr,Lorry (11-40Q),Owner,2-5yrs,No defect,Other,Other,Tangent road with flat terrain,No junction,Asphalt roads,Dry,Daylight,Normal,Collision with roadside objects,1,1,Other,Driver or rider,Male,31-50,3.0,Changing lane to the left,Serious Injury
2024-10-05 08:20:00,Thursday,18-30,Male,Junior high school,Above 10yr,Pick up upto 10Q,Owner,Above 10yr,Unknown,Church areas,Two-way (divided with broken lines road marking),Steep grade upward with mountainous terrain,No junction,Asphalt roads,Dry,Daylight,Raining,Rollover,1,1,Going straight,Pedestrian,Male,18-30,3.0,Changing lane to the right,Slight Injury
2024-10-05 23:10:00,Friday,18-30,Male,Junior high school,Below 1yr,Special vehicle,Governmental,1-2yr,No defect,Other,Double carriageway (median),Tangent road with flat terrain,Crossing,Earth roads,Dry,Darkness - lights lit,Normal,Vehicle with vehicle collision,2,1,Reversing,Pedestrian,Male,Under 18,3.0,No priority to pedestrian,Slight Injury
2024-10-05 23:10:00,Friday,31-50,Male,Junior high school,2-5yr,Lorry (11-40Q),Governmental,Above 10yr,Unknown,Other,Double carriageway (median),Tangent road with flat terrain,Crossing,Asphalt roads,Dry,Darkness - lights lit,Normal,Collision with pedestrians,2,1,Going straight,Driver or rider,Male,18-30,3.0,Overspeed,Slight Injury
2024-10-05 22:30:00,Sunday,18-30,Male,Elementary school,5-10yr,Other,Organization,5-10yrs,No defect,Office areas,Two-way (divided with broken lines road marking),Gentle horizontal curve,Crossing,Asphalt roads,Dry,Darkness - lights lit,Normal,Vehicle with vehicle collision,2,5,Other,Driver or rider,Male,31-50,3.0,Changing lane to the left,Slight Injury
2024-10-05 22:30:00,Sunday,18-30,Male,Elementary school,5-10yr,Other,Organization,Above 10yr,No defect,Other,Two-way (divided with broken lines road marking),Tangent road with flat terrain,Crossing,Asphalt roads,Dry,Darkness - lights lit,Normal,Vehicle with vehicle collision,2,5,Other,Passenger,Male,18-30,3.0,No priority to vehicle,Slight Injury
2024-10-05 22:30:00,Sunday,18-30,Male,Elementary school,1-2yr,Lorry (41-100Q),Owner,2-5yrs,No defect,Other,Two-way (divided with broken lines road marking),Tangent road with flat terrain,Crossing,Asphalt roads,Dry,Darkness - lights lit,Normal,Collision with pedestrians,2,5,Other,Driver or rider,Male,18-30,3.0,Changing lane to the right,Slight Injury
2024-10-05 22:30:00,Sunday,Over 51,Male,Elementary school,Unknown,Other,Governmental,Unknown,No defect,Residential areas,Two-way (divided with broken lines road marking),Tangent road with flat terrain,Crossing,Asphalt roads,Dry,Darkness - lights lit,Normal,Collision with pedestrians,2,5,Stopping,,,,,No distancing,Slight Injury
2024-10-05 22:30:00,Sunday,Over 51,Male,Junior high school,1-2yr,Other,Owner,Above 10yr,No defect,Residential areas,Other,Tangent road with flat terrain,Crossing,Asphalt roads,Dry,Darkness - lights lit,Normal,Vehicle with vehicle collision,2,5,Other,Driver or rider,Male,Under 18,3.0,No priority to pedestrian,Slight Injury
2024-10-05 17:45:00,Tuesday,31-50,Male,Unknown,5-10yr,Automobile,Owner,5-10yrs,No defect,Office areas,Undivided Two way,Tangent road with flat terrain,No junction,Asphalt roads,Dry,Daylight,Normal,Vehicle with vehicle collision,3,1,Other,,,,,No distancing,Slight Injury
2024-10-05 17:45:00,Tuesday,Unknown,Female,Elementary school,1-2yr,Other,Owner,Unknown,No defect,Recreational areas,Other,Other,No junction,Asphalt roads,Dry,Daylight,Normal,Vehicle with vehicle collision,3,1,Other,Driver or rider,Male,18-30,3.0,No priority to vehicle,Slight Injury
2024-10-05 17:45:00,Tuesday,Unknown,Female,Junior high school,5-10yr,Automobile,Governmental,Unknown,No defect,Office areas,Other,Tangent road with mild grade and flat terrain,No junction,Asphalt roads,Dry,Daylight,Normal,Vehicle with vehicle collision,3,1,Going straight,,,,,Other,Slight Injury
2024-10-05 14:30:00,Sunday,31-50,Male,Junior high school,2-5yr,Public (13-45 seats),Owner,5-10yrs,No defect,Industrial areas,Other,Tangent road with flat terrain,Y Shape,Asphalt roads with some distress,Dry,Daylight,Normal,Vehicle with vehicle collision,2,1,Going straight,,,,,Driving carelessly,Slight Injury
2024-10-05 14:30:00,Sunday,Under 18,Male,Junior high school,2-5yr,Lorry (41-100Q),Other,Unknown,Unknown,Other,Other,Other,Y Shape,Asphalt roads,Dry,Daylight,Normal,Collision with roadside objects,2,1,Going straight,Driver or rider,Male,Over 51,3.0,Changing lane to the left,Slight Injury
2024-10-05 06:10:00,Friday,18-30,Male,Junior high school,5-10yr,Other,Owner,Unknown,No defect,Residential areas,Undivided Two way,Tangent road with flat terrain,No junction,Asphalt roads,Wet or damp,Darkness - lights lit,Normal,Vehicle with vehicle collision,2,1,Going straight,Driver or rider,Male,31-50,3.0,Driving carelessly,Serious Injury
2024-10-05 06:10:00,Friday,18-30,Male,Junior high school,Below 1yr,Automobile,Governmental,Above 10yr,No defect,Residential areas,Other,Tangent road with flat terrain,No junction,Asphalt roads,Wet or damp,Darkness - lights lit,Normal,Vehicle with vehicle collision,2,1,Going straight,Driver or rider,Female,31-50,3.0,Changing lane to the left,Serious Injury
2024-10-05 22:10:00,Wednesday,31-50,Male,High school,Below 1yr,Other,Owner,1-2yr,No defect,Industrial areas,Other,Tangent road with flat terrain,Crossing,Asphalt roads,Wet or damp,Darkness - lights lit,Raining,Vehicle with vehicle collision,2,1,Going straight,,,,,No priority to vehicle,Slight Injury
2024-10-05 22:10:00,Wednesday,31-50,Male,Junior high school,Unknown,Lorry (41-100Q),Owner,2-5yrs,No defect,Residential areas,Undivided Two way,Tangent road with flat terrain,Crossing,Asphalt roads,Wet or damp,Darkness - lights lit,Raining,Vehicle with vehicle collision,2,1,Going straight,,,,,No distancing,Slight Injury
2024-10-05 19:00:00,Tuesday,Over 51,Male,Junior high school,Below 1yr,Other,Owner,Unknown,No defect,Residential areas,Other,Tangent road with flat terrain,No junction,Asphalt roads,Dry,Darkness - lights lit,Normal,Vehicle with vehicle collision,2,1,Going straight,Driver or rider,Male,18-30,3.0,Changing lane to the right,Slight Injury
2024-10-05 19:00:00,Tuesday,31-50,Male,Junior high school,2-5yr,Lorry (41-100Q),Owner,Unknown,No defect,Office areas,Undivided Two way,Tangent road with flat terrain,No junction,Asphalt roads,Dry,Darkness - lights lit,Normal,Vehicle with vehicle collision,2,1,Going straight,Driver or rider,Male,31-50,3.0,Changing lane to the right,Slight Injury
2024-10-05 18:25:00,Wednesday,18-30,Male,Junior high school,2-5yr,Taxi,Owner,2-5yrs,No defect,Office areas,Double carriageway (median),Escarpments,No junction,Asphalt roads,Wet or damp,Darkness - lights lit,Normal,Vehicle with vehicle collision,1,1,Going straight,Passenger,Female,18-30,3.0,Driving at high speed,Slight Injury
2024-10-05 17:11:00,Sunday,31-50,Male,Junior high school,5-10yr,Lorry (41-100Q),Owner,Above 10yr,No defect,Office areas,Other,Tangent road with flat terrain,Y Shape,Asphalt roads,Dry,Daylight,Normal,Vehicle with vehicle collision,2,1,Going straight,,,,,No distancing,Slight Injury
2024-10-05 17:11:00,Sunday,31-50,Male,Elementary school,5-10yr,Lorry (41-100Q),Owner,1-2yr,No defect,Office areas,Undivided Two way,Escarpments,Y Shape,Asphalt roads,Dry,Daylight,Normal,Vehicle with vehicle collision,2,1,Reversing,Driver or rider,Male,Under 18,3.0,Changing lane to the right,Slight Injury
2024-10-05 17:10:00,Thursday,31-50,Male,Unknown,5-10yr,Other,Owner,Unknown,No defect,Office areas,One way,Tangent road with flat terrain,Y Shape,Asphalt roads,Wet or damp,Darkness - lights lit,Normal,Vehicle with vehicle collision,2,3,Going straight,Driver or rider,Male,31-50,3.0,Changing lane to the left,Slight Injury
2024-10-05 17:10:00,Thursday,31-50,Male,Junior high school,5-10yr,Stationwagen,Owner,Unknown,No defect,Office areas,Undivided Two way,Tangent road with flat terrain,Y Shape,Asphalt roads,Wet or damp,Darkness - lights lit,Normal,Vehicle with vehicle collision,2,3,Other,Driver or rider,Female,18-30,3.0,Getting off the vehicle improperly,Slight Injury
2024-10-05 17:10:00,Thursday,Over 51,Male,Junior high school,5-10yr,Stationwagen,Owner,Unknown,No defect,Office areas,Other,Tangent road with flat terrain,Y Shape,Asphalt roads,Wet or damp,Darkness - lights lit,Normal,Vehicle with vehicle collision,2,3,Other,,,,,Other,Slight Injury
2024-10-05 17:50:00,Friday,18-30,Male,Illiterate,2-5yr,Lorry (41-100Q),Owner,Above 10yr,No defect,Residential areas,Other,Tangent road with flat terrain,Crossing,Asphalt roads,Dry,Darkness - lights lit,Normal,Vehicle with vehicle collision,2,1,Getting off,Passenger,Female,Over 51,3.0,Other,Slight Injury
2024-10-05 17:50:00,Friday,Under 18,Male,Junior high school,5-10yr,Lorry (41-100Q),Owner,5-10yrs,No defect,Residential areas,One way,Tangent road with flat terrain,Crossing,Asphalt roads,Dry,Darkness - lights lit,Normal,Vehicle with vehicle collision,2,1,Going straight,Pedestrian,Female,Under 18,3.0,No distancing,Slight Injury
2024-10-05 08:25:00,Monday,Unknown,Female,Junior high school,Below 1yr,Other,Owner,Unknown,No defect,Other,One way,Tangent road with flat terrain,Y Shape,Asphalt roads,Wet or damp,Daylight,Raining and Windy,Vehicle with vehicle collision,1,1,Going straight,Driver or rider,Male,31-50,3.0,No priority to vehicle,Slight Injury
2024-10-05 13:00:00,Tuesday,18-30,Male,Junior high school,1-2yr,Automobile,Owner,5-10yrs,No defect,Church areas,Undivided Two way,Tangent road with flat terrain,Y Shape,Asphalt roads,Dry,Daylight,Normal,Collision with roadside objects,2,1,Going straight,,,,,Overtaking,Slight Injury
2024-10-05 13:00:00,Tuesday,Under 18,Male,Elementary school,2-5yr,Other,Owner,Unknown,No defect,Recreational areas,Other,Tangent road with flat terrain,Y Shape,Asphalt roads,Dry,Daylight,Normal,Vehicle with vehicle collision,2,1,Going straight,Driver or rider,Female,18-30,3.0,No priority to pedestrian,Slight Injury
2024-10-05 23:45:00,Friday,Unknown,Female,Elementary school,2-5yr,Taxi,Owner,Unknown,Unknown,Industrial areas,Undivided Two way,Tangent road with flat terrain,Crossing,Other,Wet or damp,Darkness - lights lit,Raining,Vehicle with vehicle collision,3,1,Turnover,,,,,No distancing,Slight Injury
2024-10-05 23:45:00,Friday,18-30,Male,Elementary school,5-10yr,Lorry (41-100Q),Other,Unknown,Unknown,Residential areas,Other,Other,Crossing,Asphalt roads,Wet or damp,Darkness - lights lit,Raining,Vehicle with vehicle collision,3,1,Entering a junction,Driver or rider,Male,18-30,2.0,Changing lane to the right,Slight Injury
2024-10-05 23:45:00,Friday,18-30,Female,Junior high school,5-10yr,Other,Owner,Above 10yr,No defect,Residential areas,Other,Tangent road with rolling terrain,Crossing,Asphalt roads,Wet or damp,Darkness - lights lit,Raining,Vehicle with vehicle collision,3,1,Entering a junction,,,,,Driving carelessly,Slight Injury
2024-10-05 20:50:00,Tuesday,31-50,Male,Junior high school,Above 10yr,Automobile,Owner,2-5yrs,No defect,Office areas,Double carriageway (median),Tangent road with flat terrain,Crossing,Asphalt roads,Dry,Darkness - lights lit,Normal,Collision with pedestrians,2,1,Entering a junction,Pedestrian,Male,31-50,3.0,Changing lane to the right,Slight Injury
2024-10-05 20:50:00,Tuesday,18-30,Male,Elementary school,2-5yr,Public (> 45 seats),Owner,2-5yrs,No defect,Market areas,Undivided Two way,Tangent road with flat terrain,Crossing,Asphalt roads,Dry,Darkness - lights lit,Normal,Vehicle with vehicle collision,2,1,Entering a junction,,,,,Overtaking,Slight Injury
2024-10-05 10:54:00,Friday,31-50,Male,Junior high school,5-10yr,Stationwagen,Other,Unknown,Unknown,Other,Other,Tangent road with flat terrain,Y Shape,Asphalt roads,Dry,Daylight,Normal,Vehicle with vehicle collision,1,1,Other,Driver or rider,Male,18-30,3.0,Other,Slight Injury
2024-10-05 16:50:00,Monday,18-30,Male,Junior high school,Below 1yr,Automobile,Owner,Unknown,No defect,Industrial areas,Other,Tangent road with flat terrain,No junction,Asphalt roads,Wet or damp,Darkness - lights lit,Normal,Vehicle with vehicle collision,2,2,Entering a junction,Pedestrian,Male,Over 51,2.0,Driving to the left,Slight Injury
2024-10-05 16:50:00,Monday,Over 51,Male,Junior high school,5-10yr,Lorry (41-100Q),Owner,Unknown,No defect,Residential areas,Two-way (divided with solid lines road marking),Tangent road with flat terrain,No junction,Asphalt roads,Wet or damp,Darkness - lights lit,Normal,Vehicle with vehicle collision,2,2,Turnover,Driver or rider,Male,31-50,3.0,Driving at high speed,Slight Injury
2024-10-05 16:50:00,Monday,Over 51,Male,High school,Above 10yr,Other,Governmental,Below 1yr,No defect,Residential areas,Undivided Two way,Tangent road with flat terrain,No junction,Asphalt roads,Wet or damp,Darkness - lights lit,Normal,Vehicle with vehicle collision,2,2,Entering a junction,,,,,Other,Slight Injury
2024-10-05 18:30:00,Sunday,Over 51,Male,Junior high school,5-10yr,Public (13-45 seats),Owner,5-10yrs,No defect,Other,Undivided Two way,Tangent road with flat terrain,No junction,Asphalt roads,Wet or damp,Darkness - lights lit,Normal,Vehicle with vehicle collision,2,5,Entering a junction,,,,,Changing lane to the right,Slight Injury
2024-10-05 18:30:00,Sunday,Over 51,Male,Elementary school,1-2yr,Other,Governmental,Unknown,No defect,Residential areas,Other,Tangent road with flat terrain,No junction,Asphalt roads,Wet or damp,Darkness - lights lit,Normal,Vehicle with vehicle collision,2,5,Entering a junction,Driver or rider,Male,5,3.0,No distancing,Slight Injury
2024-10-05 18:30:00,Sunday,31-50,Male,Junior high school,Unknown,Other,Owner,1-2yr,No defect,Rural village areas,Undivided Two way,Gentle horizontal curve,No junction,Asphalt roads,Wet or damp,Darkness - lights lit,Normal,Vehicle with vehicle collision,2,5,Entering a junction,,,,,Other,Slight Injury
2024-10-05 18:30:00,Sunday,31-50,Male,Above high school,1-2yr,Ridden horse,Owner,2-5yrs,No defect,Rural village areas,Undivided Two way,Gentle horizontal curve,No junction,Asphalt roads,Wet or damp,Darkness - lights lit,Normal,Collision with pedestrians,2,5,Entering a junction,Driver or rider,Male,31-50,2.0,No priority to vehicle,Slight Injury
2024-10-05 18:30:00,Sunday,31-50,Male,Junior high school,Above 10yr,Lorry (41-100Q),Owner,Unknown,No defect,Office areas,Double carriageway (median),Tangent road with flat terrain,No junction,Asphalt roads,Wet or damp,Darkness - lights lit,Normal,Vehicle with vehicle collision,2,5,Other,Driver or rider,Male,18-30,3.0,Changing lane to the left,Slight Injury
2024-10-05 15:50:00,Thursday,Unknown,Female,Junior high school,1-2yr,Lorry (41-100Q),Owner,2-5yrs,No defect,Residential areas,Undivided Two way,Gentle horizontal curve,No junction,Asphalt roads,Wet or damp,Darkness - lights lit,Raining,Vehicle with vehicle collision,2,1,Going straight,,,,,No priority to pedestrian,Slight Injury
2024-10-05 15:50:00,Thursday,31-50,Male,Junior high school,5-10yr,Pick up upto 10Q,Owner,Unknown,Unknown,Residential areas,Other,Tangent road with flat terrain,No junction,Asphalt roads,Wet or damp,Darkness - lights lit,Raining,Vehicle with vehicle collision,2,1,Going straight,,,,,Overtaking,Slight Injury
2024-10-05 15:40:00,Friday,Under 18,Male,Junior high school,2-5yr,Lorry (11-40Q),Owner,Unknown,7,Outside rural areas,Other,Tangent road with flat terrain,Crossing,Asphalt roads,Wet or damp,Darkness - lights lit,Normal,Vehicle with vehicle collision,2,1,Other,Driver or rider,Male,31-50,2.0,Driving carelessly,Slight Injury
2024-10-05 15:40:00,Friday,Over 51,Male,Unknown,Unknown,Automobile,Owner,Above 10yr,Unknown,Residential areas,Other,Tangent road with flat terrain,Crossing,Asphalt roads,Wet or damp,Darkness - lights lit,Normal,Collision with roadside objects,2,1,Going straight,,,,,No priority to vehicle,Slight Injury
2024-10-05 07:50:00,Thursday,18-30,Male,Junior high school,2-5yr,Automobile,Owner,5-10yrs,5,Church areas,Other,Tangent road with flat terrain,O Shape,Asphalt roads,Wet or damp,Daylight,Normal,Vehicle with vehicle collision,2,1,Going straight,Driver or rider,Male,18-30,3.0,No priority to pedestrian,Serious Injury
2024-10-05 07:50:00,Thursday,31-50,Male,Junior high school,2-5yr,Pick up upto 10Q,Owner,Unknown,No defect,Office areas,Undivided Two way,Tangent road with flat terrain,O Shape,Asphalt roads,Wet or damp,Daylight,Normal,Vehicle with vehicle collision,2,1,Going straight,Pedestrian,Female,31-50,3.0,Changing lane to the right,Serious Injury
2024-10-05 17:05:00,Monday,31-50,Male,Junior high school,Above 10yr,Automobile,Owner,Unknown,No defect,Office areas,Two-way (divided with broken lines road marking),Tangent road with mountainous terrain and,Y Shape,Asphalt roads,Dry,Daylight,Normal,Vehicle with vehicle collision,1,1,Going straight,Pedestrian,Male,31-50,3.0,Driving carelessly,Serious Injury
2024-10-05 15:25:00,Monday,31-50,Male,Junior high school,1-2yr,Other,Governmental,Unknown,No defect,Office areas,Two-way (divided with broken lines road marking),Escarpments,No junction,Asphalt roads,Wet or damp,Daylight,Cloudy,Vehicle with vehicle collision,1,1,Going straight,Driver or rider,Female,18-30,3.0,Changing lane to the right,Slight Injury
2024-10-05 09:45:00,Monday,Over 51,Male,Above high school,1-2yr,Lorry (41-100Q),Owner,2-5yrs,Unknown,Other,Undivided Two way,Tangent road with mountainous terrain and,Other,Asphalt roads,Dry,Daylight,Normal,Vehicle with vehicle collision,2,2,Reversing,,,,,Changing lane to the right,Slight Injury
2024-10-05 09:45:00,Monday,Over 51,Male,Above high school,No Licence,Public (13-45 seats),Owner,2-5yrs,Unknown,Other,Undivided Two way,Tangent road with flat terrain,Other,Asphalt roads,Dry,Daylight,Normal,Vehicle with vehicle collision,2,2,Moving Backward,Driver or rider,Male,18-30,3.0,Changing lane to the left,Slight Injury
2024-10-05 09:45:00,Monday,Unknown,Female,Junior high school,1-2yr,Pick up upto 10Q,Owner,Unknown,No defect,Residential areas,Two-way (divided with broken lines road marking),Tangent road with flat terrain,Other,Asphalt roads,Dry,Daylight,Normal,Vehicle with vehicle collision,2,2,Overtaking,Pedestrian,Male,Under 18,3.0,Overturning,Slight Injury
2024-10-05 10:16:00,Friday,18-30,Male,Junior high school,5-10yr,Stationwagen,Owner,Unknown,Unknown,Other,Two-way (divided with broken lines road marking),Tangent road with flat terrain,No junction,Asphalt roads,Wet or damp,Daylight,Raining,Collision with roadside objects,1,1,Going straight,Driver or rider,Male,31-50,3.0,Driving carelessly,Slight Injury
2024-10-05 08:54:00,Thursday,Over 51,Male,Junior high school,Above 10yr,Other,Owner,Below 1yr,Unknown,Other,Undivided Two way,Tangent road with mild grade and flat terrain,Y Shape,Asphalt roads,Wet or damp,Daylight,Other,Vehicle with vehicle collision,1,1,Going straight,,,,,No distancing,Slight Injury
2024-10-05 13:00:00,Thursday,18-30,Male,Junior high school,Above 10yr,Pick up upto 10Q,Owner,5-10yrs,Unknown,Other,Two-way (divided with broken lines road marking),Tangent road with flat terrain,No junction,Asphalt roads,Wet or damp,Daylight,Raining,Vehicle with vehicle collision,2,1,Going straight,,,,,Driving carelessly,Serious Injury
2024-10-05 13:00:00,Thursday,Under 18,Male,Junior high school,5-10yr,Public (13-45 seats),Governmental,5-10yrs,No defect,Other,Undivided Two way,Tangent road with flat terrain,No junction,Asphalt roads,Wet or damp,Daylight,Raining,Vehicle with vehicle collision,2,1,Going straight,Driver or rider,Male,18-30,3.0,Changing lane to the left,Serious Injury
2024-10-05 17:10:00,Wednesday,18-30,Male,Elementary school,2-5yr,Public (12 seats),Owner,2-5yrs,No defect,Other,Double carriageway (median),Tangent road with mild grade and flat terrain,Y Shape,Asphalt roads,Wet or damp,Darkness - lights lit,Normal,Vehicle with vehicle collision,2,1,Going straight,Driver or rider,Male,18-30,3.0,No priority to vehicle,Slight Injury
2024-10-05 17:10:00,Wednesday,31-50,Male,Junior high school,2-5yr,Lorry (41-100Q),Owner,Unknown,No defect,Other,Two-way (divided with broken lines road marking),Tangent road with flat terrain,Y Shape,Asphalt roads,Wet or damp,Darkness - lights lit,Normal,Rollover,2,1,Going straight,,,,,Changing lane to the right,Slight Injury
2024-10-05 21:00:00,Saturday,18-30,Male,Junior high school,Below 1yr,Pick up upto 10Q,Owner,2-5yrs,Unknown,Church areas,Two-way (divided with broken lines road marking),Tangent road with flat terrain,Y Shape,Asphalt roads,Wet or damp,Darkness - lights lit,Raining,Vehicle with vehicle collision,1,1,Going straight,Driver or rider,Male,18-30,2.0,No distancing,Fatal injury
2024-10-05 16:13:00,Wednesday,Under 18,Male,Junior high school,2-5yr,Lorry (41-100Q),Owner,5-10yrs,Unknown,Other,Undivided Two way,Tangent road with flat terrain,Crossing,Asphalt roads,Wet or damp,Darkness - lights lit,Cloudy,Vehicle with vehicle collision,2,1,Going straight,,,,,Moving Backward,Slight Injury
2024-10-05 16:13:00,Wednesday,31-50,Male,Junior high school,2-5yr,Pick up upto 10Q,Organization,2-5yrs,Unknown,Industrial areas,Two-way (divided with broken lines road marking),Tangent road with flat terrain,Crossing,Asphalt roads,Wet or damp,Darkness - lights lit,Cloudy,Collision with roadside objects,2,1,Going straight,Driver or rider,Male,31-50,3.0,Moving Backward,Slight Injury
2024-10-05 17:20:00,Tuesday,18-30,Male,Elementary school,5-10yr,Long lorry,Owner,Unknown,No defect,Residential areas,Double carriageway (median),Tangent road with flat terrain,Y Shape,Asphalt roads,Dry,Darkness - lights lit,Normal,Vehicle with vehicle collision,2,1,Going straight,Pedestrian,Female,18-30,3.0,No distancing,Slight Injury
2024-10-05 17:20:00,Tuesday,18-30,Male,Junior high school,Above 10yr,Other,Governmental,Above 10yr,No defect,Other,Two-way (divided with broken lines road marking),Tangent road with flat terrain,Y Shape,Asphalt roads,Dry,Darkness - lights lit,Normal,Vehicle with vehicle collision,2,1,Going straight,,,,,No distancing,Slight Injury
2024-10-05 22:00:00,Saturday,31-50,Male,Unknown,Unknown,Other,Owner,Unknown,No defect,Office areas,Two-way (divided with broken lines road marking),Tangent road with flat terrain,No junction,Asphalt roads,Wet or damp,Darkness - lights lit,Windy,Vehicle with vehicle collision,1,1,Other,Driver or rider,Female,18-30,3.0,No distancing,Slight Injury
2024-10-05 07:58:00,Monday,18-30,Male,Junior high school,2-5yr,Other,Owner,Unknown,No defect,Industrial areas,Other,Tangent road with flat terrain,No junction,Asphalt roads,Wet or damp,Daylight,Raining,Collision with roadside objects,2,1,Going straight,Passenger,Female,31-50,3.0,No priority to pedestrian,Slight Injury
2024-10-05 07:58:00,Monday,18-30,Male,Junior high school,5-10yr,Public (13-45 seats),Owner,1-2yr,No defect,Industrial areas,Double carriageway (median),Tangent road with flat terrain,No junction,Asphalt roads,Wet or damp,Daylight,Raining,Collision with roadside objects,2,1,Moving Backward,Driver or rider,Female,18-30,3.0,Driving carelessly,Slight Injury
2024-10-05 20:16:00,Sunday,31-50,Male,Above high school,2-5yr,Special vehicle,Owner,Unknown,No defect,Other,Two-way (divided with broken lines road marking),Tangent road with flat terrain,Y Shape,Asphalt roads,Dry,Darkness - lights lit,Normal,Vehicle with vehicle collision,2,1,Other,Passenger,Female,18-30,3.0,Changing lane to the right,Slight Injury
2024-10-05 20:16:00,Sunday,Unknown,Female,Unknown,Unknown,Lorry (41-100Q),Organization,Above 10yr,Unknown,Hospital areas,Two-way (divided with broken lines road marking),Tangent road with flat terrain,Y Shape,Asphalt roads,Dry,Darkness - lights lit,Normal,Vehicle with vehicle collision,2,1,Going straight,Passenger,Female,18-30,3.0,Changing lane to the left,Slight Injury
2024-10-05 20:00:00,Saturday,Over 51,Male,Unknown,1-2yr,Lorry (41-100Q),Owner,Unknown,Unknown,Office areas,One way,Tangent road with flat terrain,Crossing,Asphalt roads,Wet or damp,Darkness - lights lit,Other,Collision with roadside objects,1,1,Going straight,,,,,Driving carelessly,Slight Injury
2024-10-05 18:40:00,Thursday,18-30,Male,Junior high school,2-5yr,Public (> 45 seats),Owner,2-5yrs,No defect,Church areas,Undivided Two way,Tangent road with flat terrain,No junction,Asphalt roads,Wet or damp,Darkness - lights lit,Windy,Collision with roadside objects,1,1,Going straight,Driver or rider,Male,18-30,3.0,Driving carelessly,Slight Injury
2024-10-05 16:31:00,Wednesday,31-50,Male,Junior high school,Above 10yr,Automobile,Organization,5-10yrs,No defect,Hospital areas,Undivided Two way,Tangent road with mountainous terrain and,Other,Asphalt roads,Wet or damp,Darkness - lights lit,Raining,Vehicle with vehicle collision,1,1,Going straight,,,,,No distancing,Slight Injury
2024-10-05 18:45:00,Tuesday,18-30,Male,Junior high school,Below 1yr,Automobile,Owner,Above 10yr,No defect,Office areas,Other,Tangent road with flat terrain,O Shape,Asphalt roads,Wet or damp,Darkness - lights lit,Raining,Vehicle with vehicle collision,2,1,Going straight,,,,,Other,Serious Injury
2024-10-05 18:45:00,Tuesday,18-30,Male,Junior high school,2-5yr,Automobile,Owner,2-5yrs,No defect,Other,Two-way (divided with broken lines road marking),Escarpments,O Shape,Asphalt roads,Wet or damp,Darkness - lights lit,Raining,Vehicle with vehicle collision,2,1,Going straight,Driver or rider,Male,31-50,3.0,Changing lane to the right,Serious Injury
2024-10-05 15:16:00,Monday,18-30,Male,Junior high school,Below 1yr,Public (> 45 seats),Owner,1-2yr,Unknown,Office areas,Undivided Two way,Tangent road with flat terrain,No junction,Asphalt roads,Wet or damp,Daylight,Cloudy,Collision with roadside objects,1,1,Going straight,Pedestrian,Male,31-50,3.0,Changing lane to the right,Slight Injury