Time,Day_of_week,Age_band_of_driver,Sex_of_driver,Educational_level,Driving_experience,Type_of_vehicle,Owner_of_vehicle,Service_year_of_vehicle,Defect_of_vehicle,Area_accident_occured,Lanes_or_Medians,Road_allignment,Types_of_Junction,Road_surface_type,Road_surface_conditions,Light_conditions,Weather_conditions,Type_of_collision,Number_of_vehicles_involved,Number_of_casualties,Vehicle_movement,Casualty_class,Sex_of_casualty,Age_band_of_casualty,Casualty_severity,Cause_of_accident,Accident_severity
2024-10-05 18:40:00,Tuesday,Over 51,Male,Junior high school,Above 10yr,Lorry (41-100Q),Other,Unknown,Unknown,Other,Two-way (divided with broken lines road marking),Tangent road with flat terrain,Other,Asphalt roads,Dry,Daylight,Normal,Vehicle with vehicle collision,2,1,Going straight,Pedestrian,Female,18-30,3.0,Driving carelessly,Slight Injury
2024-10-05 11:43:00,Sunday,Under 18,Female,Junior high school,Above 10yr,Automobile,Other,Unknown,Unknown,Other,Two-way (divided with broken lines road marking),Tangent road with flat terrain,Other,Asphalt roads,Dry,Daylight,Normal,Vehicle with vehicle collision,1,1,Going straight,,,,,Driving to the left,Serious Injury
2024-10-05 11:43:00,Sunday,Over 51,Male,Junior high school,5-10yr,Public (> 45 seats),Owner,1-2yr,No defect,Office areas,Undivided Two way,Tangent road with flat terrain,Other,Asphalt roads,Dry,Daylight,Normal,Collision with roadside objects,6,2,Other,Driver or rider,Male,18-30,3.0,Driving carelessly,Serious Injury
2024-10-05 12:00:00,Saturday,18-30,Male,Junior high school,2-5yr,Other,Owner,Above 10yr,No defect,Outside rural areas,Two-way (divided with broken lines road marking),Tangent road with mountainous terrain and,Other,Asphalt roads,Dry,Daylight,Normal,Vehicle with vehicle collision,6,2,Other,,,,,No priority to pedestrian,Serious Injury
2024-10-05 12:00:00,Saturday,18-30,Male,Junior high school,Below 1yr,Automobile,Owner,Above 10yr,No defect,Church areas,Two-way (divided with broken lines road marking),Steep grade downward with mountainous terrain,Other,Asphalt roads,Dry,Daylight,Normal,Collision with roadside objects,6,2,Going straight,,,,,Driving carelessly,Serious Injury
2024-10-05 08:58:00,Friday,31-50,Male,Junior high school,Below 1yr,Pick up upto 10Q,Owner,Unknown,No defect,Office areas,Other,Tangent road with mountainous terrain and,Other,Asphalt roads,Dry,Daylight,Normal,Vehicle with vehicle collision,6,2,Reversing,Driver or rider,Male,31-50,3.0,Changing lane to the right,Serious Injury
2024-10-05 08:20:00,Thursday,18-30,Male,Junior high school,2-5yr,Public (12 seats),Owner,Above 10yr,Unknown,Church areas,Two-way (divided with broken lines road marking),Steep grade downward with mountainous terrain,Other,Asphalt roads,Dry,Daylight,Normal,Vehicle with vehicle collision,6,2,Going straight,Driver or rider,Male,31-50,3.0,Moving Backward,Serious Injury
2024-10-05 23:10:00,Friday,18-30,Male,Elementary school,Below 1yr,Lorry (41-100Q),Other,Unknown,Unknown,Office areas,Other,Tangent road with mountainous terrain and,Other,Asphalt roads with some distress,Dry,Daylight,Normal,Other,6,2,Going straight,,,,,Driving carelessly,Serious Injury
2024-10-05 23:10:00,Friday,31-50,Male,Junior high school,Below 1yr,Lorry (41-100Q),Governmental,Unknown,No defect,Office areas,Undivided Two way,Tangent road with flat terrain,Other,Asphalt roads,Dry,Daylight,Normal,Collision with pedestrians,2,2,Going straight,Driver or rider,Male,31-50,3.0,Changing lane to the right,Slight Injury
2024-10-05 22:30:00,Sunday,18-30,Male,Junior high school,Unknown,Lorry (41-100Q),Owner,1-2yr,No defect,School areas,Two-way (divided with broken lines road marking),Tangent road with flat terrain,Other,Asphalt roads,Dry,Daylight,Normal,Vehicle with vehicle collision,2,2,Going straight,,,,,Driving carelessly,Slight Injury
2024-10-05 22:30:00,Sunday,18-30,Male,Unknown,5-10yr,Public (13-45 seats),Owner,Below 1yr,No defect,Residential areas,Two-way (divided with broken lines road marking),Tangent road with flat terrain,Other,Asphalt roads,Dry,Daylight,Normal,Vehicle with vehicle collision,2,2,Moving Backward,,,,,Driving carelessly,Slight Injury
2024-10-05 22:30:00,Sunday,18-30,Male,Writing & reading,Below 1yr,Lorry (41-100Q),Owner,Unknown,No defect,Office areas,Other,Tangent road with mountainous terrain and,Other,Asphalt roads,Dry,Daylight,Normal,Vehicle with vehicle collision,1,1,Going straight,Driver or rider,Male,31-50,2.0,Driving carelessly,Slight Injury
2024-10-05 22:30:00,Sunday,Over 51,Male,Junior high school,1-2yr,Motorcycle,Owner,Unknown,No defect,Other,Two-way (divided with broken lines road marking),Tangent road with flat terrain,Other,Asphalt roads,Dry,Daylight,Normal,Collision with roadside objects,2,1,Going straight,Driver or rider,Male,18-30,3.0,Changing lane to the right,Serious Injury
2024-10-05 17:45:00,Tuesday,31-50,Female,Elementary school,Above 10yr,Lorry (41-100Q),Owner,Unknown,No defect,Residential areas,Undivided Two way,Tangent road with flat terrain,Other,Asphalt roads,Dry,Daylight,Normal,Other,2,1,Going straight,Driver or rider,Male,Under 18,3.0,Driving carelessly,Serious Injury
2024-10-05 17:45:00,Tuesday,Unknown,Male,Elementary school,Above 10yr,Ridden horse,Owner,Unknown,No defect,Office areas,Undivided Two way,Tangent road with flat terrain,Other,Asphalt roads,Dry,Daylight,Normal,Vehicle with vehicle collision,2,1,Going straight,Pedestrian,Male,Under 18,3.0,Overtaking,Serious Injury
2024-10-05 17:45:00,Tuesday,Unknown,Male,Elementary school,Below 1yr,Automobile,Owner,Unknown,No defect,Office areas,Undivided Two way,Tangent road with flat terrain,Other,Asphalt roads,Dry,Daylight,Normal,Other,2,1,Moving Backward,Driver or rider,Male,18-30,3.0,Changing lane to the right,Slight Injury
2024-10-05 14:30:00,Sunday,31-50,Male,High school,2-5yr,Lorry (41-100Q),Owner,Unknown,No defect,Residential areas,Undivided Two way,Tangent road with flat terrain,Other,Asphalt roads,Dry,Daylight,Normal,Other,2,1,Going straight,,,,,No distancing,Slight Injury
2024-10-05 14:30:00,Sunday,Under 18,Male,Junior high school,2-5yr,Pick up upto 10Q,Owner,Unknown,No defect,Office areas,Undivided Two way,Tangent road with flat terrain,Other,Asphalt roads,Dry,Daylight,Normal,Other,3,2,Going straight,Driver or rider,Male,31-50,3.0,Other,Slight Injury
2024-10-05 06:10:00,Friday,18-30,Male,Above high school,Above 10yr,Public (> 45 seats),Owner,Unknown,No defect,Office areas,Undivided Two way,Tangent road with flat terrain,Other,Asphalt roads,Dry,Daylight,Normal,Vehicle with vehicle collision,3,2,Moving Backward,,,,,Changing lane to the right,Slight Injury
2024-10-05 06:10:00,Friday,18-30,Male,Junior high school,2-5yr,Stationwagen,Owner,Unknown,No defect,Office areas,Other,Tangent road with flat terrain,Other,Asphalt roads,Dry,Daylight,Normal,Vehicle with vehicle collision,3,2,Moving Backward,Passenger,Female,Over 51,3.0,Changing lane to the right,Slight Injury
2024-10-05 22:10:00,Wednesday,31-50,Male,Junior high school,2-5yr,Automobile,Owner,Unknown,No defect,Office areas,Two-way (divided with broken lines road marking),Tangent road with flat terrain,Other,Asphalt roads,Dry,Daylight,Normal,Collision with roadside objects,1,1,Going straight,Driver or rider,Male,18-30,3.0,Overtaking,Slight Injury
2024-10-05 22:10:00,Wednesday,31-50,Male,High school,1-2yr,Public (12 seats),Owner,Unknown,No defect,Other,Undivided Two way,Tangent road with flat terrain,Other,Asphalt roads,Dry,Daylight,Normal,Collision with roadside objects,1,1,Turnover,Passenger,Female,18-30,3.0,Other,Slight Injury
2024-10-05 19:00:00,Tuesday,Over 51,Male,Junior high school,5-10yr,Automobile,Owner,Unknown,No defect,Other,Two-way (divided with broken lines road marking),Tangent road with flat terrain,Other,Asphalt roads,Dry,Daylight,Normal,Vehicle with vehicle collision,2,2,Turnover,Driver or rider,Male,18-30,3.0,Driving to the left,Slight Injury
2024-10-05 19:00:00,Tuesday,31-50,Male,Junior high school,Below 1yr,Automobile,Owner,2-5yrs,Unknown,Other,Two-way (divided with broken lines road marking),Tangent road with flat terrain,Other,Asphalt roads,Dry,Daylight,Normal,Vehicle with vehicle collision,2,2,Going straight,Passenger,Female,18-30,3.0,Overtaking,Slight Injury
2024-10-05 18:25:00,Wednesday,18-30,Male,Junior high school,Below 1yr,Automobile,Owner,2-5yrs,Unknown,Residential areas,One way,Tangent road with flat terrain,Other,Asphalt roads,Dry,Daylight,Normal,Vehicle with vehicle collision,2,2,Going straight,,,,,No priority to vehicle,Slight Injury
2024-10-05 17:11:00,Sunday,31-50,Male,Elementary school,Unknown,Lorry (41-100Q),Owner,2-5yrs,Unknown,School areas,Undivided Two way,Tangent road with mild grade and flat terrain,Other,Asphalt roads,Dry,Daylight,Normal,Vehicle with vehicle collision,1,1,Going straight,Driver or rider,Male,31-50,3.0,Moving Backward,Slight Injury
2024-10-05 17:11:00,Sunday,31-50,Male,Junior high school,Below 1yr,Automobile,Owner,2-5yrs,Unknown,Residential areas,Undivided Two way,Tangent road with mild grade and flat terrain,Other,Gravel roads,Dry,Daylight,Normal,Vehicle with vehicle collision,2,1,Going straight,Driver or rider,Male,18-30,2.0,Other,Slight Injury
2024-10-05 17:10:00,Thursday,31-50,Male,Junior high school,1-2yr,Automobile,Owner,2-5yrs,No defect,Office areas,Two-way (divided with broken lines road marking),Tangent road with flat terrain,Other,Asphalt roads,Dry,Daylight,Normal,Rollover,2,1,Going straight,,,,,No priority to vehicle,Slight Injury
2024-10-05 17:10:00,Thursday,31-50,Male,Elementary school,2-5yr,Public (12 seats),Owner,Unknown,No defect,Church areas,One way,Tangent road with flat terrain,Other,Asphalt roads,Dry,Daylight,Normal,Vehicle with vehicle collision,1,1,Going straight,,,,,No priority to pedestrian,Serious Injury
2024-10-05 17:10:00,Thursday,Over 51,Male,High school,1-2yr,Taxi,Owner,Unknown,No defect,Other,Undivided Two way,Tangent road with flat terrain,Other,Asphalt roads,Wet or damp,Darkness - lights lit,Raining,Collision with roadside objects,2,3,Getting off,Driver or rider,Male,18-30,3.0,Changing lane to the right,Slight Injury
2024-10-05 17:50:00,Friday,18-30,Male,Junior high school,5-10yr,Automobile,Owner,2-5yrs,No defect,Other,One way,Tangent road with flat terrain,Other,Asphalt roads,Wet or damp,Darkness - lights lit,Raining,Collision with pedestrians,2,3,Moving Backward,,,,,Changing lane to the right,Slight Injury
2024-10-05 17:50:00,Friday,Under 18,Male,Junior high school,Below 1yr,Public (12 seats),Owner,5-10yrs,No defect,Other,Two-way (divided with broken lines road marking),Tangent road with flat terrain,Other,Asphalt roads,Wet or damp,Darkness - lights lit,Raining,Vehicle with vehicle collision,2,3,Other,Driver or rider,Male,31-50,3.0,Changing lane to the right,Slight Injury
2024-10-05 08:25:00,Monday,Unknown,Male,High school,Above 10yr,Stationwagen,Owner,Unknown,No defect,Other,Two-way (divided with broken lines road marking),Tangent road with flat terrain,Other,Asphalt roads,Dry,Daylight,Normal,Vehicle with vehicle collision,1,2,Going straight,Driver or rider,Male,18-30,3.0,Driving to the left,Serious Injury
2024-10-05 13:00:00,Tuesday,18-30,Male,Elementary school,5-10yr,Stationwagen,Owner,Unknown,No defect,Office areas,Undivided Two way,Tangent road with flat terrain,Other,Asphalt roads,Dry,Daylight,Normal,Vehicle with vehicle collision,1,2,Going straight,,,,,Changing lane to the left,Serious Injury
2024-10-05 13:00:00,Tuesday,Under 18,Male,Elementary school,Below 1yr,Automobile,Owner,Unknown,No defect,Office areas,Two-way (divided with solid lines road marking),Tangent road with flat terrain,Other,Asphalt roads,Dry,Daylight,Normal,Vehicle with vehicle collision,2,1,Going straight,Driver or rider,Male,Over 51,3.0,Moving Backward,Serious Injury
2024-10-05 23:45:00,Friday,Unknown,Male,Junior high school,5-10yr,Lorry (41-100Q),Owner,Unknown,No defect,Residential areas,Undivided Two way,Tangent road with flat terrain,Other,Asphalt roads,Dry,Daylight,Normal,Vehicle with vehicle collision,2,1,Going straight,Driver or rider,Male,31-50,3.0,Driving at high speed,Serious Injury
2024-10-05 23:45:00,Friday,18-30,Male,Elementary school,5-10yr,Automobile,Owner,Unknown,No defect,Office areas,One way,Tangent road with flat terrain,Other,Asphalt roads,Dry,Daylight,Normal,Vehicle with vehicle collision,2,1,Going straight,Passenger,Female,31-50,3.0,Moving Backward,Serious Injury
2024-10-05 23:45:00,Friday,18-30,Male,Junior high school,2-5yr,Public (12 seats),Owner,Unknown,No defect,Residential areas,Two-way (divided with broken lines road marking),Tangent road with flat terrain,Other,Asphalt roads,Dry,Daylight,Normal,Vehicle with vehicle collision,2,1,Going straight,,,,,No distancing,Serious Injury
2024-10-05 20:50:00,Tuesday,31-50,Male,Junior high school,Above 10yr,Automobile,Owner,Unknown,No defect,Office areas,Undivided Two way,Tangent road with flat terrain,Other,Asphalt roads,Dry,Daylight,Normal,Collision with roadside objects,1,1,Going straight,Driver or rider,Male,31-50,3.0,Other,Slight Injury
2024-10-05 20:50:00,Tuesday,18-30,Male,Junior high school,5-10yr,Automobile,Owner,Unknown,No defect,Other,Two-way (divided with broken lines road marking),Tangent road with flat terrain,Other,Asphalt roads,Dry,Daylight,Normal,Rollover,2,1,Going straight,Driver or rider,Male,31-50,3.0,No priority to vehicle,Slight Injury
2024-10-05 10:54:00,Friday,31-50,Male,High school,1-2yr,Lorry (41-100Q),Owner,Unknown,No defect,Office areas,One way,Tangent road with flat terrain,Other,Asphalt roads,Dry,Daylight,Normal,Vehicle with vehicle collision,2,1,Going straight,Driver or rider,Male,18-30,3.0,Changing lane to the right,Slight Injury
2024-10-05 16:50:00,Monday,18-30,Male,Elementary school,5-10yr,Automobile,Owner,Unknown,No defect,School areas,Undivided Two way,Tangent road with flat terrain,Other,Gravel roads,Dry,Daylight,Normal,Collision with pedestrians,2,1,Going straight,,,,,Other,Slight Injury
2024-10-05 16:50:00,Monday,Over 51,Male,Elementary school,2-5yr,Motorcycle,Owner,Unknown,Unknown,Residential areas,One way,Tangent road with flat terrain,Other,Asphalt roads,Dry,Daylight,Normal,Vehicle with vehicle collision,2,1,Going straight,Pedestrian,Female,Under 18,3.0,No distancing,Slight Injury
2024-10-05 16:50:00,Monday,Over 51,Male,Junior high school,Below 1yr,Other,Owner,Unknown,Unknown,Office areas,Undivided Two way,Tangent road with flat terrain,Other,Asphalt roads,Wet or damp,Daylight,Normal,Vehicle with vehicle collision,1,1,Going straight,Driver or rider,Male,Under 18,3.0,Driving carelessly,Serious Injury
2024-10-05 18:30:00,Sunday,Over 51,Male,Junior high school,Below 1yr,Automobile,Owner,Unknown,No defect,Residential areas,Undivided Two way,Tangent road with flat terrain,Other,Asphalt roads,Dry,Daylight,Other,Collision with pedestrians,2,1,Moving Backward,,,,,No distancing,Slight Injury
2024-10-05 18:30:00,Sunday,Over 51,Male,Junior high school,5-10yr,Automobile,Owner,Above 10yr,Unknown,Office areas,Undivided Two way,Tangent road with flat terrain,Other,Asphalt roads,Dry,Daylight,Other,Collision with pedestrians,2,1,Going straight,Driver or rider,Male,31-50,3.0,Moving Backward,Slight Injury
2024-10-05 18:30:00,Sunday,31-50,Female,Junior high school,5-10yr,Automobile,Owner,Above 10yr,Unknown,Residential areas,One way,Tangent road with flat terrain,Other,Earth roads,Wet or damp,Daylight,Normal,Vehicle with vehicle collision,2,1,Moving Backward,,,,,No distancing,Slight Injury
2024-10-05 18:30:00,Sunday,31-50,Female,Elementary school,1-2yr,Public (> 45 seats),Owner,Unknown,No defect,Other,Other,Tangent road with flat terrain,Other,Asphalt roads,Wet or damp,Daylight,Normal,Vehicle with vehicle collision,2,1,Moving Backward,Passenger,Female,Over 51,3.0,Moving Backward,Slight Injury
2024-10-05 18:30:00,Sunday,31-50,Male,Junior high school,Unknown,Other,Other,Unknown,Unknown,Other,Two-way (divided with broken lines road marking),Tangent road with flat terrain,Other,Asphalt roads,Dry,Daylight,Normal,Vehicle with vehicle collision,1,1,Going straight,,,,,No priority to pedestrian,Slight Injury
2024-10-05 15:50:00,Thursday,Unknown,Male,Elementary school,Above 10yr,Automobile,Owner,5-10yrs,Unknown,Office areas,Two-way (divided with broken lines road marking),Tangent road with flat terrain,Other,Other,Dry,Daylight,Normal,Vehicle with vehicle collision,1,1,Going straight,,,,,Changing lane to the left,Slight Injury
2024-10-05 15:50:00,Thursday,31-50,Male,Junior high school,1-2yr,Automobile,Owner,Above 10yr,No defect,Office areas,Two-way (divided with broken lines road marking),Tangent road with flat terrain,Other,Gravel roads,Dry,Daylight,Normal,Vehicle with vehicle collision,2,1,Going straight,Driver or rider,Male,18-30,3.0,No distancing,Slight Injury
2024-10-05 15:40:00,Friday,Under 18,Male,Unknown,Unknown,Other,Owner,2-5yrs,No defect,Residential areas,Two-way (divided with broken lines road marking),Tangent road with flat terrain,Other,Asphalt roads,Dry,Daylight,Normal,Collision with roadside objects,2,1,Going straight,Driver or rider,Male,18-30,3.0,Other,Slight Injury
2024-10-05 15:40:00,Friday,Over 51,Male,Junior high school,Above 10yr,Stationwagen,Owner,Unknown,No defect,Other,Two-way (divided with broken lines road marking),Tangent road with flat terrain,Other,Other,Dry,Daylight,Normal,Vehicle with vehicle collision,2,1,Going straight,Driver or rider,Female,31-50,3.0,No distancing,Slight Injury
2024-10-05 07:50:00,Thursday,18-30,Female,Elementary school,2-5yr,Lorry (41-100Q),Governmental,Unknown,No defect,Other,Undivided Two way,Tangent road with flat terrain,Other,Asphalt roads,Dry,Daylight,Normal,Vehicle with vehicle collision,2,1,Going straight,,,,,No priority to pedestrian,Slight Injury
2024-10-05 07:50:00,Thursday,31-50,Male,Junior high school,5-10yr,Taxi,Owner,Unknown,No defect,Office areas,Two-way (divided with broken lines road marking),Tangent road with flat terrain,Other,Earth roads,Dry,Darkness - lights lit,Normal,Vehicle with vehicle collision,1,1,Other,Driver or rider,Male,18-30,3.0,Moving Backward,Serious Injury
2024-10-05 17:05:00,Monday,31-50,Male,Junior high school,Below 1yr,Other,Owner,Unknown,No defect,Office areas,Two-way (divided with broken lines road marking),Tangent road with flat terrain,Other,Asphalt roads,Dry,Daylight,Normal,Vehicle with vehicle collision,1,1,Other,Driver or rider,Male,31-50,3.0,No priority to pedestrian,Slight Injury
2024-10-05 15:25:00,Monday,31-50,Male,Junior high school,5-10yr,Public (12 seats),Owner,Unknown,No defect,Church areas,Undivided Two way,Tangent road with flat terrain,Other,Asphalt roads,Dry,Daylight,Normal,Vehicle with vehicle collision,1,1,Going straight,Driver or rider,Male,31-50,3.0,No distancing,Slight Injury
2024-10-05 09:45:00,Monday,Over 51,Male,High school,Above 10yr,Automobile,Governmental,Unknown,No defect,Other,One way,Tangent road with flat terrain,Other,Asphalt roads,Wet or damp,Daylight,Raining,Vehicle with vehicle collision,1,1,Other,Passenger,Female,Under 18,3.0,No priority to pedestrian,Slight Injury
2024-10-05 09:45:00,Monday,Over 51,Male,Junior high school,5-10yr,Automobile,Owner,Unknown,No defect,Office areas,Undivided Two way,Tangent road with flat terrain,Other,Asphalt roads,Wet or damp,Daylight,Raining,Vehicle with vehicle collision,2,2,Overtaking,Passenger,Female,Under 18,3.0,Driving carelessly,Slight Injury
2024-10-05 09:45:00,Monday,Unknown,Male,Elementary school,1-2yr,Public (13-45 seats),Owner,1-2yr,Unknown,Office areas,Two-way (divided with broken lines road marking),Tangent road with flat terrain,Other,Asphalt roads,Wet or damp,Daylight,Raining,Vehicle with vehicle collision,2,2,Reversing,Passenger,Female,Under 18,3.0,Getting off the vehicle improperly,Slight Injury
2024-10-05 10:16:00,Friday,18-30,Male,Junior high school,Unknown,Lorry (41-100Q),Owner,Below 1yr,Unknown,Residential areas,Two-way (divided with broken lines road marking),Tangent road with flat terrain,Other,Earth roads,Wet or damp,Daylight,Raining,Vehicle with vehicle collision,2,2,Going straight,,,,,Driving carelessly,Slight Injury
2024-10-05 08:54:00,Thursday,Over 51,Male,Elementary school,1-2yr,Lorry (41-100Q),Other,Unknown,Unknown,Other,Undivided Two way,Tangent road with flat terrain,Other,Asphalt roads,Dry,Daylight,Normal,Vehicle with vehicle collision,3,2,Other,Driver or rider,Female,31-50,3.0,Changing lane to the left,Slight Injury
2024-10-05 13:00:00,Thursday,18-30,Male,Junior high school,1-2yr,Lorry (11-40Q),Owner,5-10yrs,Unknown,Residential areas,Two-way (divided with broken lines road marking),Tangent road with flat terrain,Other,Asphalt roads,Dry,Daylight,Normal,Vehicle with vehicle collision,3,2,Moving Backward,,,,,No priority to vehicle,Slight Injury
2024-10-05 13:00:00,Thursday,Under 18,Male,Above high school,1-2yr,Motorcycle,Governmental,Unknown,Unknown,Office areas,Two-way (divided with broken lines road marking),Tangent road with flat terrain,Other,Asphalt roads,Dry,Daylight,Normal,Vehicle with vehicle collision,3,2,Going straight,,,,,Changing lane to the right,Slight Injury
2024-10-05 17:10:00,Wednesday,18-30,Male,Junior high school,5-10yr,Lorry (41-100Q),Owner,5-10yrs,Unknown,Office areas,Undivided Two way,Tangent road with flat terrain,Other,Asphalt roads,Dry,Daylight,Normal,Vehicle with vehicle collision,3,2,Other,Driver or rider,Male,18-30,3.0,Changing lane to the right,Slight Injury
2024-10-05 17:10:00,Wednesday,31-50,Male,Junior high school,5-10yr,Stationwagen,Owner,Above 10yr,Unknown,Other,Undivided Two way,Tangent road with flat terrain,Other,Asphalt roads,Wet or damp,Daylight,Raining,Vehicle with vehicle collision,1,1,Moving Backward,Driver or rider,Male,31-50,3.0,No distancing,Slight Injury
2024-10-05 21:00:00,Saturday,18-30,Male,Elementary school,5-10yr,Automobile,Owner,1-2yr,No defect,Other,Other,Steep grade downward with mountainous terrain,Other,Asphalt roads,Dry,Daylight,Normal,Vehicle with vehicle collision,3,1,Going straight,,,,,No distancing,Slight Injury
2024-10-05 16:13:00,Wednesday,Under 18,Male,High school,Below 1yr,Other,Owner,2-5yrs,Unknown,Office areas,One way,Steep grade downward with mountainous terrain,Other,Asphalt roads,Dry,Daylight,Normal,Collision with roadside objects,3,1,Going straight,Pedestrian,Female,18-30,3.0,Changing lane to the left,Slight Injury
2024-10-05 16:13:00,Wednesday,31-50,Male,Junior high school,Above 10yr,Other,Owner,Unknown,No defect,Residential areas,Two-way (divided with broken lines road marking),Tangent road with flat terrain,Other,Asphalt roads,Dry,Daylight,Normal,Vehicle with vehicle collision,3,1,Moving Backward,Driver or rider,Female,18-30,3.0,Changing lane to the right,Slight Injury
2024-10-05 17:20:00,Tuesday,18-30,Male,Junior high school,5-10yr,Taxi,Owner,Unknown,No defect,Other,Two-way (divided with broken lines road marking),Tangent road with flat terrain,Other,Asphalt roads,Dry,Daylight,Normal,Vehicle with vehicle collision,2,2,Going straight,,,,,No priority to vehicle,Slight Injury
2024-10-05 17:20:00,Tuesday,18-30,Male,Junior high school,Below 1yr,Automobile,Organization,2-5yrs,Unknown,Residential areas,Undivided Two way,Tangent road with flat terrain,Other,Asphalt roads,Dry,Daylight,Normal,Vehicle with vehicle collision,2,2,Getting off,Passenger,Male,31-50,3.0,Changing lane to the left,Slight Injury
2024-10-05 22:00:00,Saturday,31-50,Male,Junior high school,Above 10yr,Long lorry,Owner,Unknown,No defect,Church areas,Two-way (divided with broken lines road marking),Tangent road with flat terrain,Other,Asphalt roads,Dry,Daylight,Normal,Vehicle with vehicle collision,1,1,Going straight,Passenger,Female,18-30,3.0,No priority to vehicle,Slight Injury
2024-10-05 07:58:00,Monday,18-30,Male,Junior high school,5-10yr,Long lorry,Governmental,Unknown,No defect,Residential areas,Two-way (divided with broken lines road marking),Tangent road with flat terrain,Other,Earth roads,Wet or damp,Daylight,Raining,Collision with pedestrians,1,1,Going straight,Driver or rider,Male,Under 18,2.0,Moving Backward,Slight Injury
2024-10-05 07:58:00,Monday,18-30,Male,Junior high school,Above 10yr,Lorry (41-100Q),Owner,Unknown,No defect,Office areas,One way,Tangent road with flat terrain,Other,Asphalt roads,Wet or damp,Daylight,Raining,Vehicle with vehicle collision,2,2,Moving Backward,Driver or rider,Male,31-50,3.0,Turnover,Slight Injury
2024-10-05 20:16:00,Sunday,31-50,Male,Junior high school,5-10yr,Lorry (41-100Q),Governmental,Below 1yr,No defect,Residential areas,Two-way (divided with broken lines road marking),Tangent road with flat terrain,Other,Asphalt roads,Wet or damp,Daylight,Raining,Vehicle with vehicle collision,2,2,Going straight,,,,,No distancing,Slight Injury
2024-10-05 20:16:00,Sunday,Unknown,Male,Junior high school,1-2yr,Lorry (11-40Q),Owner,Unknown,No defect,Other,One way,Tangent road with flat terrain,Other,Asphalt roads,Wet or damp,Daylight,Raining,Vehicle with vehicle collision,1,2,Going straight,,,,,No distancing,Slight Injury
2024-10-05 20:00:00,Saturday,Over 51,Male,Junior high school,1-2yr,Automobile,Owner,Unknown,Unknown,Industrial areas,Two-way (divided with broken lines road marking),Tangent road with flat terrain,Other,Asphalt roads,Wet or damp,Daylight,Raining,Vehicle with vehicle collision,1,2,Going straight,Driver or rider,Female,Over 51,2.0,No distancing,Slight Injury
2024-10-05 18:40:00,Thursday,18-30,Male,Junior high school,1-2yr,Taxi,Owner,Unknown,Unknown,Church areas,Two-way (divided with broken lines road marking),Tangent road with flat terrain,Other,Other,Dry,Daylight,Normal,Vehicle with vehicle collision,2,1,Going straight,Driver or rider,Female,31-50,3.0,Changing lane to the left,Slight Injury
2024-10-05 16:31:00,Wednesday,31-50,Male,High school,2-5yr,Other,Owner,2-5yrs,No defect,Residential areas,Undivided Two way,Steep grade downward with mountainous terrain,Other,Gravel roads,Dry,Daylight,Normal,Vehicle with vehicle collision,2,1,Going straight,,,,,No priority to vehicle,Slight Injury
2024-10-05 18:45:00,Tuesday,18-30,Male,High school,Above 10yr,Automobile,Other,Unknown,Unknown,Other,Two-way (divided with broken lines road marking),Tangent road with flat terrain,Other,Gravel roads,Dry,Daylight,Normal,Vehicle with vehicle collision,1,1,Moving Backward,Passenger,Male,5,3.0,Driving at high speed,Serious Injury
2024-10-05 18:45:00,Tuesday,18-30,Unknown,Elementary school,2-5yr,Automobile,Other,Unknown,Unknown,Other,Two-way (divided with broken lines road marking),Tangent road with flat terrain,Other,Asphalt roads,Dry,Daylight,Normal,Vehicle with vehicle collision,1,1,Going straight,Pedestrian,Male,31-50,3.0,Overtaking,Slight Injury
2024-10-05 15:16:00,Monday,18-30,Male,Junior high school,Above 10yr,Automobile,Owner,1-2yr,No defect,Office areas,Undivided Two way,Tangent road with flat terrain,Other,Asphalt roads,Dry,Daylight,Normal,Collision with pedestrians,1,1,Going straight,Pedestrian,Female,18-30,3.0,Other,Slight Injury
2024-10-05 18:35:00,Wednesday,Under 18,Female,High school,2-5yr,Automobile,Owner,Above 10yr,No defect,Outside rural areas,Two-way (divided with broken lines road marking),Tangent road with mountainous terrain and,Other,Earth roads,Wet or damp,Darkness - lights lit,Windy,Vehicle with vehicle collision,1,1,Moving Backward,Driver or rider,Male,31-50,3.0,Changing lane to the left,Serious Injury
2024-10-05 18:35:00,Wednesday,18-30,Male,Junior high school,No Licence,Public (> 45 seats),Owner,Above 10yr,No defect,Church areas,Two-way (divided with broken lines road marking),Steep grade downward with mountainous terrain,Other,Asphalt roads,Dry,Daylight,Normal,Vehicle with vehicle collision,2,2,Moving Backward,,,,,No priority to pedestrian,Slight Injury
2024-10-05 20:40:00,Tuesday,31-50,Male,Junior high school,1-2yr,Lorry (11-40Q),Owner,Unknown,No defect,Office areas,Other,Tangent road with mountainous terrain and,Other,Asphalt roads,Dry,Daylight,Normal,Vehicle with vehicle collision,2,2,Going straight,Driver or rider,Male,18-30,3.0,Changing lane to the left,Slight Injury