Time,Day_of_week,Age_band_of_driver,Sex_of_driver,Educational_level,Driving_experience,Type_of_vehicle,Owner_of_vehicle,Service_year_of_vehicle,Defect_of_vehicle,Area_accident_occured,Lanes_or_Medians,Road_allignment,Types_of_Junction,Road_surface_type,Road_surface_conditions,Light_conditions,Weather_conditions,Type_of_collision,Number_of_vehicles_involved,Number_of_casualties,Vehicle_movement,Casualty_class,Sex_of_casualty,Age_band_of_casualty,Casualty_severity,Cause_of_accident,Accident_severity
2024-10-05 20:40:00,Tuesday,31-50,Male,Junior high school,5-10yr,Lorry (41-100Q),Owner,Above 10yr,Unknown,Church areas,Two-way (divided with broken lines road marking),Steep grade downward with mountainous terrain,Other,Asphalt roads,Dry,Darkness - lights lit,Normal,Vehicle with vehicle collision,2,1,Going straight,Passenger,Male,18-30,3.0,No distancing,Slight Injury
2024-10-05 17:34:00,Monday,31-50,Male,Junior high school,1-2yr,Lorry (41-100Q),Other,Unknown,Unknown,Office areas,Other,Tangent road with mountainous terrain and,Other,Asphalt roads,Dry,Darkness - lights lit,Normal,Collision with roadside objects,2,1,Going straight,,,,,Moving Backward,Slight Injury
2024-10-05 17:34:00,Monday,18-30,Male,Junior high school,Above 10yr,Stationwagen,Governmental,Unknown,No defect,Office areas,Undivided Two way,Tangent road with flat terrain,Other,Earth roads,Dry,Daylight,Normal,Vehicle with vehicle collision,2,1,Going straight,Driver or rider,Male,31-50,3.0,Changing lane to the left,Slight Injury
2024-10-05 20:20:00,Wednesday,18-30,Male,Junior high school,1-2yr,Other,Owner,1-2yr,No defect,School areas,Two-way (divided with broken lines road marking),Tangent road with flat terrain,Other,Asphalt roads,Dry,Daylight,Normal,Vehicle with vehicle collision,2,1,Going straight,,,,,Other,Slight Injury
2024-10-05 22:25:00,Friday,31-50,Male,Junior high school,1-2yr,Automobile,Owner,Below 1yr,No defect,Residential areas,Two-way (divided with broken lines road marking),Tangent road with flat terrain,Other,Asphalt roads,Dry,Daylight,Normal,Vehicle with vehicle collision,2,2,Going straight,Driver or rider,Male,31-50,3.0,No distancing,Slight Injury
2024-10-05 22:25:00,Friday,31-50,Male,Junior high school,2-5yr,Pick up upto 10Q,Owner,Unknown,No defect,Office areas,Other,Tangent road with mountainous terrain and,Other,Asphalt roads,Dry,Daylight,Normal,Vehicle with vehicle collision,2,2,Going straight,Pedestrian,Male,18-30,2.0,Moving Backward,Slight Injury
2024-10-05 15:10:00,Friday,Over 51,Female,Junior high school,1-2yr,Automobile,Owner,Unknown,No defect,Other,Two-way (divided with broken lines road marking),Tangent road with flat terrain,Other,Asphalt roads,Wet or damp,Daylight,Raining,Vehicle with vehicle collision,2,4,Going straight,Pedestrian,Male,18-30,3.0,Changing lane to the left,Slight Injury
2024-10-05 17:10:00,Wednesday,31-50,Male,Elementary school,Above 10yr,Pick up upto 10Q,Owner,Unknown,No defect,Residential areas,Undivided Two way,Tangent road with flat terrain,Other,Asphalt roads,Wet or damp,Daylight,Raining,Vehicle with vehicle collision,2,4,Going straight,Driver or rider,Male,31-50,3.0,Changing lane to the left,Slight Injury
2024-10-05 17:10:00,Wednesday,18-30,Male,Junior high school,Above 10yr,Motorcycle,Owner,Unknown,No defect,Office areas,Undivided Two way,Tangent road with flat terrain,Other,Asphalt roads,Wet or damp,Daylight,Raining,Collision with roadside objects,2,4,Other,,,,,No priority to pedestrian,Slight Injury
2024-10-05 06:12:00,Saturday,18-30,Male,Elementary school,Above 10yr,Stationwagen,Owner,Unknown,No defect,Office areas,Undivided Two way,Tangent road with flat terrain,Other,Asphalt roads,Wet or damp,Daylight,Raining,Vehicle with vehicle collision,2,4,Going straight,Driver or rider,Male,18-30,2.0,Changing lane to the left,Slight Injury
2024-10-05 06:12:00,Saturday,Over 51,Male,Junior high school,Above 10yr,Lorry (41-100Q),Owner,Unknown,No defect,Residential areas,Undivided Two way,Tangent road with flat terrain,Other,Asphalt roads,Wet or damp,Daylight,Raining,Vehicle with vehicle collision,2,4,Reversing,,,,,Driving carelessly,Slight Injury
2024-10-05 06:12:00,Saturday,Over 51,Male,Junior high school,1-2yr,Taxi,Owner,Unknown,No defect,Office areas,Undivided Two way,Tangent road with flat terrain,Other,Asphalt roads,Wet or damp,Daylight,Raining,Vehicle with vehicle collision,2,2,Going straight,,,,,Driving carelessly,Slight Injury
2024-10-05 11:05:00,Thursday,Over 51,Male,Junior high school,5-10yr,Automobile,Owner,Unknown,No defect,Office areas,Undivided Two way,Tangent road with flat terrain,Other,Earth roads,Wet or damp,Daylight,Raining,Vehicle with vehicle collision,2,2,Reversing,Driver or rider,Male,18-30,3.0,No priority to pedestrian,Slight Injury
2024-10-05 11:05:00,Thursday,18-30,Male,High school,2-5yr,Long lorry,Owner,Unknown,No defect,Office areas,Other,Tangent road with flat terrain,Other,Asphalt roads,Wet or damp,Daylight,Raining,Rollover,2,2,Going straight,Pedestrian,Female,Under 18,3.0,Getting off the vehicle improperly,Slight Injury
2024-10-05 17:43:00,Wednesday,18-30,Male,Junior high school,2-5yr,Automobile,Owner,Unknown,No defect,Office areas,Two-way (divided with broken lines road marking),Tangent road with flat terrain,Other,Asphalt roads,Dry,Daylight,Normal,Vehicle with vehicle collision,1,1,Reversing,Pedestrian,Female,Under 18,3.0,No distancing,Slight Injury
2024-10-05 17:43:00,Wednesday,18-30,Male,Junior high school,5-10yr,Public (12 seats),Owner,Unknown,No defect,Other,Undivided Two way,Tangent road with flat terrain,Other,Asphalt roads,Dry,Daylight,Normal,Vehicle with vehicle collision,2,1,Other,,,,,Changing lane to the left,Slight Injury
2024-10-05 17:43:00,Wednesday,18-30,Male,Junior high school,5-10yr,Lorry (11-40Q),Owner,Unknown,No defect,Other,Two-way (divided with broken lines road marking),Tangent road with flat terrain,Other,Asphalt roads,Dry,Daylight,Normal,Collision with roadside objects,2,1,Going straight,Driver or rider,Male,5,3.0,No priority to vehicle,Slight Injury
2024-10-05 17:00:00,Friday,31-50,Male,Junior high school,2-5yr,Pick up upto 10Q,Owner,2-5yrs,Unknown,Other,Two-way (divided with broken lines road marking),Tangent road with flat terrain,Other,Earth roads,Wet or damp,Daylight,Normal,Vehicle with vehicle collision,2,1,Reversing,Driver or rider,Male,Under 18,3.0,No distancing,Serious Injury
2024-10-05 10:07:00,Monday,18-30,Male,High school,Above 10yr,Lorry (41-100Q),Owner,2-5yrs,Unknown,Residential areas,One way,Tangent road with flat terrain,Other,Asphalt roads,Wet or damp,Daylight,Normal,Vehicle with vehicle collision,2,1,Other,,,,,No priority to pedestrian,Serious Injury
2024-10-05 10:07:00,Monday,Over 51,Male,Elementary school,5-10yr,Other,Owner,2-5yrs,Unknown,School areas,Undivided Two way,Tangent road with mild grade and flat terrain,Other,Asphalt roads,Wet or damp,Daylight,Normal,Vehicle with vehicle collision,2,1,Going straight,Driver or rider,Male,18-30,3.0,No priority to pedestrian,Slight Injury
2024-10-05 10:40:00,Monday,31-50,Male,Junior high school,Above 10yr,Automobile,Owner,2-5yrs,Unknown,Residential areas,Undivided Two way,Tangent road with mild grade and flat terrain,Other,Asphalt roads,Wet or damp,Daylight,Normal,Collision with roadside objects,2,1,Going straight,,,,,No priority to vehicle,Slight Injury
2024-10-05 10:40:00,Monday,31-50,Male,Writing & reading,2-5yr,Long lorry,Owner,2-5yrs,No defect,Office areas,Two-way (divided with broken lines road marking),Tangent road with flat terrain,Other,Asphalt roads,Dry,Daylight,Normal,Collision with roadside objects,2,1,Going straight,Pedestrian,Female,Over 51,3.0,Driving carelessly,Slight Injury
2024-10-05 18:40:00,Friday,18-30,Male,Junior high school,2-5yr,Lorry (11-40Q),Owner,Unknown,No defect,Church areas,One way,Tangent road with flat terrain,Other,Asphalt roads,Dry,Daylight,Normal,Vehicle with vehicle collision,2,1,Moving Backward,Pedestrian,Female,31-50,2.0,Changing lane to the right,Slight Injury
2024-10-05 17:55:00,Saturday,18-30,Male,High school,2-5yr,Long lorry,Owner,Unknown,No defect,Other,Undivided Two way,Tangent road with flat terrain,Other,Asphalt roads,Dry,Daylight,Normal,Vehicle with vehicle collision,2,1,Going straight,,,,,Changing lane to the left,Slight Injury
2024-10-05 17:55:00,Saturday,18-30,Male,Junior high school,1-2yr,Automobile,Owner,2-5yrs,No defect,Other,One way,Tangent road with flat terrain,Other,Asphalt roads,Dry,Daylight,Normal,Collision with roadside objects,2,1,Going straight,Driver or rider,Male,18-30,3.0,Moving Backward,Slight Injury
2024-10-05 17:57:00,Saturday,Over 51,Male,High school,5-10yr,Taxi,Owner,5-10yrs,No defect,Other,Two-way (divided with broken lines road marking),Tangent road with flat terrain,Other,Asphalt roads,Dry,Darkness - lights lit,Normal,Collision with roadside objects,1,1,Going straight,Driver or rider,Male,31-50,3.0,Driving carelessly,Serious Injury
2024-10-05 17:45:00,Wednesday,18-30,Male,Elementary school,2-5yr,Taxi,Owner,Unknown,No defect,Other,Two-way (divided with broken lines road marking),Tangent road with flat terrain,Other,Other,Dry,Daylight,Normal,Vehicle with vehicle collision,1,1,Going straight,,,,,Driving to the left,Slight Injury
2024-10-05 19:40:00,Monday,18-30,Male,Junior high school,1-2yr,Long lorry,Owner,Unknown,No defect,Office areas,Undivided Two way,Tangent road with flat terrain,Other,Asphalt roads,Dry,Daylight,Normal,Vehicle with vehicle collision,2,1,Other,Driver or rider,Male,18-30,3.0,Driving to the left,Slight Injury
2024-10-05 19:40:00,Monday,31-50,Male,Elementary school,1-2yr,Lorry (11-40Q),Owner,Unknown,No defect,Office areas,Two-way (divided with solid lines road marking),Tangent road with flat terrain,Other,Asphalt roads,Dry,Daylight,Normal,Vehicle with vehicle collision,2,1,Other,,,,,No priority to pedestrian,Slight Injury
2024-10-05 21:05:00,Thursday,31-50,Male,High school,No Licence,Lorry (11-40Q),Owner,Unknown,No defect,Residential areas,Undivided Two way,Tangent road with flat terrain,Other,Asphalt roads,Dry,Daylight,Normal,Collision with roadside objects,1,1,Going straight,Driver or rider,Male,Over 51,3.0,Changing lane to the left,Serious Injury
2024-10-05 21:05:00,Thursday,31-50,Male,Junior high school,5-10yr,Long lorry,Owner,Unknown,No defect,Office areas,One way,Tangent road with flat terrain,Other,Asphalt roads,Dry,Daylight,Normal,Vehicle with vehicle collision,2,1,Turnover,Passenger,Female,Under 18,3.0,Changing lane to the right,Serious Injury
2024-10-05 13:05:00,Monday,Over 51,Female,Junior high school,1-2yr,Turbo,Owner,Unknown,No defect,Residential areas,Two-way (divided with broken lines road marking),Tangent road with flat terrain,Other,Asphalt roads,Dry,Daylight,Normal,Collision with roadside-parked vehicles,2,1,Going straight,Passenger,Female,Under 18,3.0,Driving carelessly,Serious Injury
2024-10-05 13:05:00,Monday,Over 51,Female,Junior high school,2-5yr,Long lorry,Owner,Unknown,No defect,Office areas,Undivided Two way,Tangent road with flat terrain,Other,Asphalt roads,Dry,Daylight,Normal,Vehicle with vehicle collision,2,1,Moving Backward,Passenger,Male,Under 18,3.0,No distancing,Slight Injury
2024-10-05 04:01:00,Thursday,31-50,Female,Junior high school,5-10yr,Long lorry,Owner,Unknown,No defect,Other,Two-way (divided with broken lines road marking),Tangent road with flat terrain,Other,Asphalt roads,Dry,Daylight,Normal,Collision with roadside objects,2,1,Moving Backward,Passenger,Female,31-50,3.0,Getting off the vehicle improperly,Slight Injury
2024-10-05 13:53:00,Friday,31-50,Male,Unknown,Unknown,Public (13-45 seats),Owner,Unknown,No defect,Office areas,One way,Tangent road with flat terrain,Other,Earth roads,Dry,Daylight,Normal,Vehicle with vehicle collision,2,3,Going straight,Driver or rider,Female,18-30,3.0,Driving under the influence of drugs,Slight Injury
2024-10-05 13:53:00,Friday,Over 51,Male,Unknown,Unknown,Automobile,Owner,Unknown,No defect,School areas,Undivided Two way,Tangent road with flat terrain,Other,Asphalt roads,Dry,Daylight,Normal,Vehicle with vehicle collision,2,3,Other,,,,,Changing lane to the right,Slight Injury
2024-10-05 17:28:00,Thursday,31-50,Male,Junior high school,2-5yr,Automobile,Owner,Unknown,Unknown,Residential areas,One way,Tangent road with flat terrain,Other,Asphalt roads,Dry,Daylight,Normal,Vehicle with vehicle collision,2,3,Going straight,Driver or rider,Female,18-30,3.0,Driving carelessly,Slight Injury
2024-10-05 12:47:00,Sunday,Over 51,Male,Junior high school,Above 10yr,Pick up upto 10Q,Owner,Unknown,Unknown,Office areas,Undivided Two way,Tangent road with flat terrain,Other,Asphalt roads,Dry,Daylight,Normal,Vehicle with vehicle collision,2,3,Going straight,Driver or rider,Male,Over 51,3.0,Moving Backward,Slight Injury
2024-10-05 12:47:00,Sunday,31-50,Male,Junior high school,Above 10yr,Other,Owner,Unknown,No defect,Residential areas,Undivided Two way,Tangent road with flat terrain,Other,Asphalt roads,Dry,Daylight,Normal,Vehicle with vehicle collision,3,3,Going straight,Driver or rider,Male,18-30,3.0,Turnover,Slight Injury
2024-10-05 13:43:00,Tuesday,18-30,Male,Unknown,Unknown,Stationwagen,Owner,Unknown,No defect,Office areas,Undivided Two way,Tangent road with flat terrain,Other,Asphalt roads,Dry,Daylight,Normal,Collision with roadside-parked vehicles,3,3,Going straight,Driver or rider,Female,18-30,3.0,Changing lane to the right,Slight Injury
2024-10-05 13:43:00,Tuesday,31-50,Male,Elementary school,Above 10yr,Other,Owner,2-5yrs,No defect,Office areas,Two-way (divided with broken lines road marking),Tangent road with flat terrain,Other,Asphalt roads,Dry,Daylight,Normal,Collision with roadside-parked vehicles,3,3,Going straight,,,,,Driving carelessly,Slight Injury
2024-10-05 12:29:00,Tuesday,31-50,Male,Unknown,Unknown,Automobile,Owner,Unknown,Unknown,Residential areas,Undivided Two way,Tangent road with flat terrain,Other,Asphalt roads,Dry,Daylight,Normal,Collision with animals,3,3,Going straight,,,,,No priority to vehicle,Slight Injury
2024-10-05 12:29:00,Tuesday,18-30,Male,Junior high school,5-10yr,Automobile,Owner,Unknown,Unknown,Other,Two-way (divided with broken lines road marking),Tangent road with flat terrain,Other,Asphalt roads,Dry,Darkness - lights lit,Normal,Collision with animals,6,2,Going straight,Driver or rider,Male,31-50,3.0,Moving Backward,Slight Injury
2024-10-05 12:29:00,Tuesday,31-50,Male,Junior high school,Above 10yr,Long lorry,Owner,Above 10yr,Unknown,Industrial areas,Undivided Two way,Tangent road with flat terrain,Other,Asphalt roads,Dry,Darkness - lights lit,Normal,Collision with animals,6,2,Going straight,,,,,Changing lane to the left,Slight Injury
2024-10-05 12:29:00,Tuesday,31-50,Female,High school,Above 10yr,Public (13-45 seats),Owner,Unknown,Unknown,Office areas,Two-way (divided with broken lines road marking),Tangent road with flat terrain,Other,Asphalt roads,Dry,Darkness - lights lit,Normal,Collision with animals,6,2,Other,Driver or rider,Female,31-50,3.0,Overturning,Slight Injury
2024-10-05 08:27:00,Wednesday,18-30,Male,Unknown,Unknown,Public (13-45 seats),Organization,Unknown,Unknown,Recreational areas,Two-way (divided with broken lines road marking),Tangent road with flat terrain,Other,Asphalt roads,Dry,Darkness - lights lit,Normal,Collision with animals,6,2,Going straight,Driver or rider,Male,Under 18,2.0,No distancing,Slight Injury
2024-10-05 08:27:00,Wednesday,18-30,Male,Elementary school,5-10yr,Lorry (11-40Q),Owner,1-2yr,No defect,Residential areas,Two-way (divided with broken lines road marking),Tangent road with flat terrain,Other,Asphalt roads,Dry,Darkness - lights lit,Normal,Collision with animals,6,2,Overtaking,,,,,Driving carelessly,Slight Injury
2024-10-05 08:27:00,Wednesday,Over 51,Male,Elementary school,Above 10yr,Lorry (11-40Q),Owner,Above 10yr,Unknown,Residential areas,Undivided Two way,Tangent road with flat terrain,Other,Asphalt roads,Dry,Darkness - lights lit,Normal,Collision with animals,6,2,Going straight,,,,,No distancing,Slight Injury
2024-10-05 12:05:00,Friday,Over 51,Male,Junior high school,Below 1yr,Pick up upto 10Q,Owner,5-10yrs,Unknown,Church areas,Undivided Two way,Steep grade downward with mountainous terrain,Other,Asphalt roads,Dry,Daylight,Normal,Collision with animals,3,2,Going straight,Driver or rider,Female,Over 51,3.0,Changing lane to the left,Slight Injury
2024-10-05 12:05:00,Friday,Over 51,Male,Junior high school,2-5yr,Automobile,Owner,5-10yrs,Unknown,Residential areas,Undivided Two way,Tangent road with flat terrain,Other,Asphalt roads,Dry,Daylight,Normal,Collision with animals,3,2,Going straight,Driver or rider,Male,18-30,3.0,No priority to pedestrian,Slight Injury
2024-10-05 12:05:00,Friday,31-50,Male,Junior high school,2-5yr,Automobile,Owner,Unknown,No defect,Other,Other,Tangent road with flat terrain,Other,Earth roads,Dry,Daylight,Normal,Collision with animals,3,2,U-Turn,,,,,No distancing,Slight Injury
2024-10-05 12:51:00,Thursday,31-50,Male,High school,5-10yr,Automobile,Owner,5-10yrs,No defect,Other,Undivided Two way,Tangent road with flat terrain,Other,Asphalt roads,Dry,Daylight,Normal,Collision with animals,2,1,Going straight,,,,,No distancing,Serious Injury
2024-10-05 12:51:00,Thursday,31-50,Male,Junior high school,Unknown,Long lorry,Owner,Unknown,Unknown,Other,Two-way (divided with solid lines road marking),Tangent road with flat terrain,Other,Other,Dry,Daylight,Normal,Collision with animals,2,1,Going straight,Driver or rider,Male,18-30,3.0,Changing lane to the left,Serious Injury
2024-10-05 11:10:00,Sunday,Under 18,Male,Unknown,Below 1yr,Long lorry,Owner,Unknown,No defect,Church areas,Two-way (divided with solid lines road marking),Tangent road with flat terrain,Other,Asphalt roads,Dry,Daylight,Normal,Other,2,4,Going straight,,,,,No distancing,Slight Injury
2024-10-05 11:10:00,Sunday,18-30,Male,Elementary school,Above 10yr,Automobile,Governmental,Unknown,No defect,Other,Two-way (divided with solid lines road marking),Tangent road with flat terrain,Other,Asphalt roads,Dry,Daylight,Normal,Rollover,2,4,Going straight,Driver or rider,Male,31-50,3.0,Changing lane to the left,Slight Injury
2024-10-05 11:10:00,Sunday,31-50,Male,Elementary school,Below 1yr,Stationwagen,Owner,Unknown,No defect,Church areas,Two-way (divided with solid lines road marking),Tangent road with flat terrain,Other,Asphalt roads,Dry,Daylight,Normal,Collision with animals,2,4,Turnover,Pedestrian,Male,18-30,3.0,No distancing,Slight Injury
2024-10-05 11:10:00,Sunday,31-50,Male,Junior high school,5-10yr,Other,Owner,Unknown,No defect,Church areas,Two-way (divided with broken lines road marking),Tangent road with flat terrain,Other,Asphalt roads,Dry,Daylight,Normal,Rollover,2,4,Going straight,Driver or rider,Male,Under 18,3.0,No distancing,Slight Injury
2024-10-05 10:30:00,Monday,Over 51,Male,Junior high school,5-10yr,Other,Owner,Above 10yr,No defect,Other,Undivided Two way,Tangent road with flat terrain,Other,Asphalt roads,Dry,Daylight,Normal,Collision with animals,4,2,Going straight,Driver or rider,Female,18-30,3.0,No distancing,Slight Injury
2024-10-05 22:25:00,Thursday,31-50,Male,Unknown,Unknown,Special vehicle,Governmental,5-10yrs,No defect,Other,Undivided Two way,Tangent road with flat terrain,Other,Asphalt roads,Dry,Daylight,Normal,Collision with animals,4,2,Moving Backward,,,,,Changing lane to the left,Slight Injury
2024-10-05 22:25:00,Thursday,31-50,Male,Junior high school,1-2yr,Lorry (41-100Q),Owner,5-10yrs,No defect,School areas,Other,Tangent road with flat terrain,Other,Asphalt roads,Dry,Daylight,Normal,Vehicle with vehicle collision,4,2,Going straight,Driver or rider,Male,31-50,3.0,Changing lane to the right,Slight Injury
2024-10-05 17:27:00,Friday,Over 51,Male,High school,5-10yr,Pick up upto 10Q,Owner,Above 10yr,No defect,Residential areas,Undivided Two way,Tangent road with flat terrain,Other,Asphalt roads,Dry,Daylight,Normal,Fall from vehicles,4,2,Moving Backward,,,,,Moving Backward,Slight Injury
2024-10-05 17:27:00,Friday,31-50,Male,Junior high school,5-10yr,Lorry (11-40Q),Other,1-2yr,No defect,Other,Two-way (divided with broken lines road marking),Tangent road with flat terrain,Other,Asphalt roads,Dry,Daylight,Normal,Collision with roadside-parked vehicles,4,2,Going straight,,,,,Changing lane to the right,Slight Injury
2024-10-05 12:10:00,Tuesday,Over 51,Female,Junior high school,5-10yr,Lorry (41-100Q),Owner,Above 10yr,No defect,Office areas,Undivided Two way,Tangent road with flat terrain,Other,Gravel roads,Dry,Daylight,Normal,Collision with roadside-parked vehicles,2,1,Going straight,Driver or rider,Male,31-50,2.0,No distancing,Slight Injury
2024-10-05 12:10:00,Tuesday,31-50,Male,Junior high school,5-10yr,Motorcycle,Owner,Above 10yr,No defect,Residential areas,Undivided Two way,Tangent road with flat terrain,Other,Asphalt roads,Dry,Daylight,Normal,Rollover,2,1,Going straight,,,,,Overtaking,Slight Injury
2024-10-05 08:00:00,Tuesday,Over 51,Male,Junior high school,Above 10yr,Automobile,Owner,Above 10yr,No defect,Other,One way,Steep grade downward with mountainous terrain,Other,Asphalt roads,Dry,Daylight,Normal,Collision with animals,1,1,Going straight,Driver or rider,Male,31-50,3.0,Other,Serious Injury
2024-10-05 08:00:00,Tuesday,18-30,Male,Junior high school,5-10yr,Automobile,Owner,Above 10yr,No defect,Residential areas,Two-way (divided with broken lines road marking),Tangent road with flat terrain,Other,Asphalt roads,Dry,Darkness - lights lit,Normal,Collision with animals,2,1,U-Turn,Driver or rider,Male,31-50,3.0,Other,Slight Injury
2024-10-05 08:00:00,Tuesday,31-50,Male,Junior high school,No Licence,Automobile,Owner,5-10yrs,No defect,Residential areas,Undivided Two way,Tangent road with flat terrain,Other,Asphalt roads,Dry,Darkness - lights lit,Normal,Fall from vehicles,2,1,Going straight,,,,,Changing lane to the right,Slight Injury
2024-10-05 17:00:00,Tuesday,18-30,Male,Above high school,Below 1yr,Stationwagen,Owner,Unknown,No defect,Residential areas,Two-way (divided with broken lines road marking),Tangent road with flat terrain,Other,Asphalt roads,Dry,Daylight,Normal,Collision with roadside-parked vehicles,3,1,Going straight,Driver or rider,Male,18-30,3.0,No priority to pedestrian,Slight Injury
2024-10-05 17:45:00,Wednesday,Unknown,Female,Elementary school,5-10yr,Other,Owner,1-2yr,No defect,Other,Other,Tangent road with flat terrain,Other,Asphalt roads,Dry,Daylight,Normal,Collision with animals,3,1,Going straight,Driver or rider,Male,18-30,3.0,No priority to vehicle,Slight Injury
2024-10-05 09:57:00,Thursday,31-50,Male,Elementary school,5-10yr,Public (> 45 seats),Owner,5-10yrs,No defect,Other,Undivided Two way,Tangent road with flat terrain,Other,Asphalt roads,Dry,Daylight,Normal,Collision with animals,3,1,Going straight,Driver or rider,Female,18-30,3.0,Changing lane to the left,Slight Injury
2024-10-05 09:57:00,Thursday,Over 51,Male,Junior high school,5-10yr,Public (> 45 seats),Owner,5-10yrs,No defect,Other,One way,Tangent road with flat terrain,Other,Asphalt roads,Dry,Daylight,Normal,Collision with pedestrians,1,2,Going straight,,,,,Changing lane to the left,Serious Injury
2024-10-05 18:00:00,Friday,31-50,Male,High school,5-10yr,Stationwagen,Owner,1-2yr,No defect,Hospital areas,Undivided Two way,Tangent road with flat terrain,Other,Asphalt roads,Dry,Daylight,Normal,Vehicle with vehicle collision,1,2,Going straight,Driver or rider,Male,31-50,3.0,Overtaking,Serious Injury
2024-10-05 18:00:00,Friday,Unknown,Male,Junior high school,5-10yr,Automobile,Owner,2-5yrs,No defect,Residential areas,Undivided Two way,Tangent road with flat terrain,Other,Asphalt roads,Dry,Darkness - lights lit,Normal,Vehicle with vehicle collision,1,1,Stopping,,,,,No distancing,Fatal injury
2024-10-05 19:00:00,Tuesday,18-30,Male,Junior high school,2-5yr,Bicycle,Owner,5-10yrs,No defect,Residential areas,One way,Tangent road with flat terrain,Other,Asphalt roads,Dry,Daylight,Normal,Collision with pedestrians,2,2,Turnover,Pedestrian,Male,31-50,3.0,No priority to vehicle,Slight Injury
2024-10-05 19:00:00,Tuesday,31-50,Male,Writing & reading,5-10yr,Automobile,Owner,5-10yrs,No defect,Residential areas,Undivided Two way,Tangent road with flat terrain,Other,Asphalt roads,Dry,Daylight,Normal,Vehicle with vehicle collision,2,2,Getting off,Driver or rider,Female,Over 51,3.0,Changing lane to the right,Slight Injury
2024-10-05 19:00:00,Tuesday,31-50,Male,Junior high school,Above 10yr,Lorry (41-100Q),Owner,1-2yr,No defect,Other,Two-way (divided with broken lines road marking),Tangent road with flat terrain,Other,Asphalt roads,Dry,Daylight,Normal,Collision with roadside objects,3,2,Moving Backward,,,,,Changing lane to the left,Slight Injury
2024-10-05 19:00:00,Tuesday,31-50,Male,Junior high school,1-2yr,Automobile,Owner,1-2yr,No defect,Office areas,Two-way (divided with broken lines road marking),Tangent road with flat terrain,Other,Asphalt roads,Dry,Daylight,Normal,Vehicle with vehicle collision,3,2,Moving Backward,Driver or rider,Female,18-30,3.0,No distancing,Slight Injury
2024-10-05 13:05:00,Friday,31-50,Male,Writing & reading,Below 1yr,Public (13-45 seats),Owner,2-5yrs,No defect,Other,Other,Tangent road with flat terrain,Other,Asphalt roads,Dry,Daylight,Normal,Vehicle with vehicle collision,3,2,Going straight,,,,,Driving carelessly,Slight Injury
2024-10-05 13:05:00,Friday,18-30,Male,Elementary school,1-2yr,Special vehicle,Owner,Unknown,No defect,Office areas,Double carriageway (median),Tangent road with flat terrain,Other,Asphalt roads,Dry,Darkness - lights lit,Normal,Vehicle with vehicle collision,2,2,Turnover,,,,,No priority to pedestrian,Slight Injury
2024-10-05 08:25:00,Wednesday,Over 51,Male,Junior high school,5-10yr,Automobile,Owner,Unknown,No defect,Residential areas,Two-way (divided with broken lines road marking),Tangent road with flat terrain,Other,Asphalt roads,Dry,Darkness - lights lit,Normal,Rollover,2,2,Going straight,Driver or rider,Male,18-30,3.0,Driving carelessly,Slight Injury
2024-10-05 13:51:00,Tuesday,Under 18,Male,Elementary school,Above 10yr,Public (13-45 seats),Owner,Unknown,No defect,Office areas,Double carriageway (median),Gentle horizontal curve,Other,Other,Dry,Daylight,Normal,Vehicle with vehicle collision,1,1,Going straight,Pedestrian,Female,Over 51,3.0,Moving Backward,Slight Injury
2024-10-05 16:10:00,Monday,31-50,Male,Junior high school,5-10yr,Other,Owner,Unknown,No defect,Office areas,Double carriageway (median),Tangent road with flat terrain,Other,Asphalt roads,Dry,Daylight,Normal,Vehicle with vehicle collision,1,1,U-Turn,Driver or rider,Male,31-50,3.0,No distancing,Slight Injury
2024-10-05 16:10:00,Monday,31-50,Male,Elementary school,2-5yr,Lorry (41-100Q),Organization,Unknown,No defect,Other,Double carriageway (median),Tangent road with flat terrain,Other,Asphalt roads,Dry,Daylight,Normal,Vehicle with vehicle collision,3,1,Going straight,,,,,No distancing,Slight Injury
2024-10-05 08:55:00,Thursday,18-30,Male,Junior high school,2-5yr,Lorry (41-100Q),Owner,Unknown,No defect,Office areas,Two-way (divided with broken lines road marking),Tangent road with flat terrain,Other,Asphalt roads,Dry,Daylight,Normal,Collision with pedestrians,3,1,Going straight,Driver or rider,Female,5,3.0,No distancing,Slight Injury
2024-10-05 08:55:00,Thursday,Over 51,Male,Junior high school,Above 10yr,Public (12 seats),Owner,Unknown,No defect,Office areas,Other,Tangent road with flat terrain,Other,Asphalt roads,Dry,Daylight,Normal,Vehicle with vehicle collision,3,1,U-Turn,,,,,Changing lane to the left,Slight Injury
2024-10-05 08:55:00,Thursday,Over 51,Male,Junior high school,2-5yr,Lorry (41-100Q),Governmental,Unknown,Unknown,Office areas,One way,Tangent road with flat terrain,Other,Asphalt roads,Dry,Daylight,Normal,Collision with roadside objects,2,1,Stopping,,,,,Changing lane to the left,Slight Injury
2024-10-05 02:04:00,Thursday,31-50,Male,Junior high school,Below 1yr,Lorry (41-100Q),Owner,Unknown,Unknown,Other,Undivided Two way,Tangent road with flat terrain,Other,Asphalt roads,Dry,Daylight,Normal,Vehicle with vehicle collision,2,1,Going straight,Driver or rider,Male,18-30,3.0,Moving Backward,Slight Injury