Time,Day_of_week,Age_band_of_driver,Sex_of_driver,Educational_level,Driving_experience,Type_of_vehicle,Owner_of_vehicle,Service_year_of_vehicle,Defect_of_vehicle,Area_accident_occured,Lanes_or_Medians,Road_allignment,Types_of_Junction,Road_surface_type,Road_surface_conditions,Light_conditions,Weather_conditions,Type_of_collision,Number_of_vehicles_involved,Number_of_casualties,Vehicle_movement,Casualty_class,Sex_of_casualty,Age_band_of_casualty,Casualty_severity,Cause_of_accident,Accident_severity
2024-10-05 01:05:00,Friday,31-50,Female,Junior high school,Below 1yr,Other,Owner,2-5yrs,No defect,Office areas,Two-way (divided with broken lines road marking),Tangent road with flat terrain,Other,Asphalt roads,Dry,Daylight,Normal,Vehicle with vehicle collision,3,1,Other,,,,,Changing lane to the left,Slight Injury
2024-10-05 19:40:00,Monday,Over 51,Male,Junior high school,Below 1yr,Automobile,Owner,2-5yrs,No defect,Church areas,One way,Tangent road with flat terrain,Other,Asphalt roads,Dry,Darkness - lights lit,Normal,Collision with pedestrians,2,1,Other,Driver or rider,Male,18-30,3.0,No distancing,Slight Injury
2024-10-05 19:40:00,Monday,31-50,Male,Junior high school,5-10yr,Other,Owner,1-2yr,No defect,Other,Undivided Two way,Tangent road with flat terrain,Other,Earth roads,Dry,Darkness - lights lit,Normal,Collision with pedestrians,2,1,Other,Passenger,Female,Over 51,3.0,No distancing,Slight Injury
2024-10-05 19:40:00,Monday,31-50,Male,Junior high school,2-5yr,Automobile,Owner,Above 10yr,Unknown,Market areas,Other,Steep grade downward with mountainous terrain,Other,Asphalt roads,Dry,Darkness - lights lit,Normal,Collision with pedestrians,2,2,Going straight,Pedestrian,Male,31-50,3.0,No priority to vehicle,Slight Injury
2024-10-05 19:08:00,Tuesday,18-30,Male,Elementary school,Below 1yr,Public (13-45 seats),Owner,Above 10yr,No defect,Residential areas,Other,Tangent road with flat terrain,Other,Asphalt roads,Dry,Darkness - lights lit,Normal,Collision with roadside objects,2,2,Going straight,Pedestrian,Male,Under 18,3.0,Moving Backward,Slight Injury
2024-10-05 19:08:00,Tuesday,18-30,Male,Junior high school,2-5yr,Lorry (41-100Q),Owner,5-10yrs,No defect,Office areas,Undivided Two way,Tangent road with flat terrain,Other,Asphalt roads,Dry,Darkness - lights lit,Normal,Vehicle with vehicle collision,2,1,Going straight,Driver or rider,Female,31-50,3.0,Moving Backward,Slight Injury
2024-10-05 17:50:00,Saturday,Over 51,Male,Junior high school,5-10yr,Other,Owner,Unknown,No defect,Recreational areas,Other,Other,Other,Asphalt roads,Dry,Darkness - lights lit,Normal,Vehicle with vehicle collision,2,1,Going straight,,,,,Getting off the vehicle improperly,Slight Injury
2024-10-05 17:50:00,Saturday,18-30,Male,High school,Above 10yr,Automobile,Governmental,Unknown,No defect,Office areas,Other,Tangent road with mild grade and flat terrain,Other,Asphalt roads,Dry,Daylight,Normal,Vehicle with vehicle collision,2,1,Going straight,Driver or rider,Female,31-50,3.0,Changing lane to the left,Slight Injury
2024-10-05 21:30:00,Sunday,31-50,Male,High school,Above 10yr,Other,Owner,5-10yrs,No defect,Industrial areas,Other,Tangent road with flat terrain,Other,Asphalt roads,Dry,Daylight,Normal,Vehicle with vehicle collision,2,1,Going straight,,,,,Changing lane to the left,Slight Injury
2024-10-05 21:30:00,Sunday,31-50,Male,Junior high school,5-10yr,Lorry (41-100Q),Other,Unknown,Unknown,Other,Other,Other,Other,Asphalt roads,Dry,Daylight,Normal,Vehicle with vehicle collision,1,1,Going straight,,,,,No priority to vehicle,Slight Injury
2024-10-05 14:49:00,Monday,Over 51,Male,Elementary school,1-2yr,Other,Owner,Unknown,No defect,Residential areas,Undivided Two way,Tangent road with flat terrain,Other,Asphalt roads,Dry,Darkness - no lighting,Normal,Vehicle with vehicle collision,1,4,Going straight,Driver or rider,Male,18-30,3.0,Changing lane to the right,Serious Injury
2024-10-05 14:49:00,Monday,Over 51,Female,Elementary school,5-10yr,Lorry (41-100Q),Governmental,Above 10yr,No defect,Residential areas,Other,Tangent road with flat terrain,Other,Asphalt roads,Dry,Darkness - no lighting,Normal,Collision with pedestrians,1,4,Going straight,,,,,Changing lane to the right,Serious Injury
2024-10-05 14:49:00,Monday,18-30,Female,Junior high school,5-10yr,Taxi,Owner,1-2yr,No defect,Industrial areas,Other,Tangent road with flat terrain,Other,Asphalt roads,Dry,Darkness - no lighting,Normal,Collision with roadside objects,1,4,Going straight,Driver or rider,Female,18-30,3.0,Driving carelessly,Serious Injury
2024-10-05 17:40:00,Sunday,31-50,Male,Junior high school,1-2yr,Lorry (41-100Q),Owner,2-5yrs,No defect,Residential areas,Undivided Two way,Tangent road with flat terrain,Other,Asphalt roads,Dry,Darkness - no lighting,Normal,Vehicle with vehicle collision,1,4,Going straight,Driver or rider,Female,31-50,2.0,Changing lane to the left,Serious Injury
2024-10-05 17:40:00,Sunday,Over 51,Male,Junior high school,5-10yr,Lorry (41-100Q),Owner,Unknown,No defect,Residential areas,Other,Tangent road with flat terrain,Other,Asphalt roads,Dry,Darkness - lights unlit,Normal,Vehicle with vehicle collision,3,1,Reversing,,,,,Changing lane to the right,Slight Injury
2024-10-05 21:55:00,Saturday,18-30,Female,High school,Above 10yr,Other,Owner,Unknown,No defect,Office areas,Undivided Two way,Tangent road with flat terrain,Other,Asphalt roads,Dry,Darkness - lights unlit,Normal,Vehicle with vehicle collision,3,1,Going straight,,,,,Driving under the influence of drugs,Slight Injury
2024-10-05 21:55:00,Saturday,18-30,Female,Unknown,Below 1yr,Stationwagen,Owner,2-5yrs,No defect,Office areas,Double carriageway (median),Escarpments,Other,Asphalt roads,Dry,Darkness - lights unlit,Normal,Vehicle with vehicle collision,3,1,Other,Driver or rider,Male,18-30,3.0,Driving carelessly,Slight Injury
2024-10-05 07:30:00,Tuesday,18-30,Male,Writing & reading,5-10yr,Stationwagen,Owner,Above 10yr,No defect,Office areas,Other,Tangent road with flat terrain,Other,Asphalt roads,Dry,Daylight,Normal,With Train,2,1,Other,Driver or rider,Male,31-50,3.0,No distancing,Slight Injury
2024-10-05 07:30:00,Tuesday,31-50,Male,Above high school,Above 10yr,Lorry (41-100Q),Owner,1-2yr,No defect,Office areas,Undivided Two way,Escarpments,Other,Asphalt roads,Dry,Daylight,Normal,Vehicle with vehicle collision,2,1,Getting off,,,,,No priority to vehicle,Slight Injury
2024-10-05 10:41:00,Wednesday,31-50,Male,High school,Below 1yr,Lorry (41-100Q),Owner,Unknown,No defect,Office areas,One way,Tangent road with flat terrain,Other,Asphalt roads,Dry,Daylight,Normal,Vehicle with vehicle collision,1,1,Going straight,Driver or rider,Male,31-50,3.0,No priority to vehicle,Slight Injury
2024-10-05 13:16:00,Wednesday,31-50,Male,Junior high school,1-2yr,Other,Owner,Unknown,No defect,Office areas,Undivided Two way,Tangent road with flat terrain,Other,Earth roads,Dry,Daylight,Normal,Vehicle with vehicle collision,1,1,Going straight,Passenger,Female,Under 18,3.0,No priority to vehicle,Slight Injury
2024-10-05 13:16:00,Wednesday,31-50,Male,Junior high school,Above 10yr,Automobile,Owner,Unknown,No defect,Office areas,Other,Tangent road with flat terrain,Other,Asphalt roads,Dry,Darkness - lights lit,Normal,Vehicle with vehicle collision,2,3,Going straight,,,,,Changing lane to the left,Slight Injury
2024-10-05 13:16:00,Wednesday,31-50,Male,Junior high school,Above 10yr,Other,Owner,Above 10yr,No defect,Residential areas,Other,Tangent road with flat terrain,Other,Asphalt roads,Dry,Darkness - lights lit,Normal,Vehicle with vehicle collision,2,3,Going straight,,,,,Moving Backward,Slight Injury
2024-10-05 11:30:00,Thursday,18-30,Male,Junior high school,Above 10yr,Taxi,Owner,5-10yrs,No defect,Residential areas,One way,Tangent road with flat terrain,Other,Asphalt roads,Dry,Darkness - lights lit,Normal,Vehicle with vehicle collision,2,3,Turnover,Driver or rider,Male,18-30,3.0,Driving carelessly,Slight Injury
2024-10-05 11:30:00,Thursday,18-30,Male,Junior high school,No Licence,Lorry (41-100Q),Owner,Unknown,No defect,Other,One way,Tangent road with flat terrain,Other,Asphalt roads,Dry,Darkness - lights lit,Normal,Vehicle with vehicle collision,2,3,Entering a junction,,,,,Driving under the influence of drugs,Slight Injury
2024-10-05 19:31:00,Wednesday,18-30,Male,Junior high school,1-2yr,Other,Owner,5-10yrs,No defect,Church areas,Undivided Two way,Tangent road with flat terrain,Other,Asphalt roads,Wet or damp,Darkness - lights lit,Raining,Vehicle with vehicle collision,2,1,Entering a junction,Driver or rider,Male,31-50,3.0,Changing lane to the right,Slight Injury
2024-10-05 19:31:00,Wednesday,18-30,Male,Illiterate,1-2yr,Automobile,Owner,Unknown,No defect,Recreational areas,Other,Tangent road with flat terrain,Other,Asphalt roads,Wet or damp,Darkness - lights lit,Raining,Vehicle with vehicle collision,2,1,Entering a junction,Passenger,Female,31-50,3.0,No priority to vehicle,Slight Injury
2024-10-05 09:25:00,Friday,31-50,Male,Junior high school,Below 1yr,Public (> 45 seats),Owner,Unknown,Unknown,Industrial areas,Undivided Two way,Tangent road with flat terrain,Other,Asphalt roads,Dry,Daylight,Normal,Collision with pedestrians,3,1,Entering a junction,,,,,Changing lane to the right,Slight Injury
2024-10-05 09:25:00,Friday,18-30,Male,Junior high school,1-2yr,Stationwagen,Other,Unknown,Unknown,Residential areas,Other,Other,Other,Asphalt roads,Dry,Daylight,Normal,Collision with roadside objects,3,1,Other,,,,,Driving to the left,Slight Injury
2024-10-05 14:10:00,Wednesday,18-30,Male,Junior high school,2-5yr,Automobile,Owner,Above 10yr,No defect,Residential areas,Other,Tangent road with rolling terrain,Other,Asphalt roads,Dry,Daylight,Normal,Collision with roadside objects,3,1,Entering a junction,Pedestrian,Female,Under 18,3.0,Moving Backward,Slight Injury
2024-10-05 14:10:00,Wednesday,Over 51,Male,Unknown,5-10yr,Lorry (41-100Q),Owner,2-5yrs,No defect,Office areas,Double carriageway (median),Tangent road with flat terrain,Other,Asphalt roads,Dry,Daylight,Normal,Vehicle with vehicle collision,1,1,Turnover,Passenger,Female,31-50,3.0,No priority to vehicle,Serious Injury
2024-10-05 14:00:00,Friday,31-50,Male,Unknown,Above 10yr,Other,Owner,2-5yrs,No defect,Market areas,Undivided Two way,Tangent road with flat terrain,Other,Earth roads,Dry,Daylight,Normal,Vehicle with vehicle collision,2,1,Entering a junction,Passenger,Female,Over 51,3.0,No distancing,Slight Injury
2024-10-05 14:00:00,Friday,31-50,Male,Junior high school,2-5yr,Public (13-45 seats),Other,Unknown,Unknown,Other,Other,Tangent road with flat terrain,Other,Asphalt roads,Dry,Daylight,Normal,Vehicle with vehicle collision,2,1,Entering a junction,,,,,Driving carelessly,Slight Injury
2024-10-05 22:05:00,Tuesday,Unknown,Male,Elementary school,Above 10yr,Other,Owner,Unknown,No defect,Industrial areas,Other,Tangent road with flat terrain,Other,Asphalt roads,Wet or damp,Daylight,Normal,Vehicle with vehicle collision,1,1,Entering a junction,,,,,Changing lane to the left,Slight Injury
2024-10-05 22:05:00,Tuesday,Over 51,Female,Writing & reading,5-10yr,Other,Owner,Unknown,No defect,Residential areas,Two-way (divided with solid lines road marking),Tangent road with flat terrain,Other,Asphalt roads,Dry,Darkness - lights lit,Normal,Vehicle with vehicle collision,1,3,Entering a junction,Driver or rider,Female,18-30,3.0,No priority to vehicle,Slight Injury
2024-10-05 07:00:00,Thursday,18-30,Male,Unknown,Unknown,Ridden horse,Governmental,Below 1yr,No defect,Residential areas,Undivided Two way,Tangent road with flat terrain,Other,Asphalt roads,Dry,Darkness - lights lit,Normal,Collision with roadside objects,1,3,Entering a junction,Driver or rider,Male,5,3.0,No priority to vehicle,Slight Injury
2024-10-05 07:00:00,Thursday,31-50,Male,Junior high school,5-10yr,Lorry (41-100Q),Owner,5-10yrs,No defect,Other,Undivided Two way,Tangent road with flat terrain,Other,Asphalt roads,Dry,Darkness - lights lit,Normal,Vehicle with vehicle collision,1,3,Other,Driver or rider,Male,18-30,3.0,No distancing,Slight Injury
2024-10-05 07:35:00,Thursday,18-30,Male,Junior high school,Below 1yr,Lorry (41-100Q),Governmental,Unknown,No defect,Residential areas,Other,Tangent road with flat terrain,Other,Asphalt roads,Dry,Daylight,Normal,Vehicle with vehicle collision,1,1,Going straight,Driver or rider,Male,31-50,3.0,Driving to the left,Slight Injury
2024-10-05 07:35:00,Thursday,31-50,Male,Junior high school,2-5yr,Pick up upto 10Q,Owner,1-2yr,No defect,Rural village areas,Undivided Two way,Gentle horizontal curve,Other,Asphalt roads,Wet or damp,Darkness - lights lit,Raining,Vehicle with vehicle collision,2,1,Going straight,Pedestrian,Female,Under 18,2.0,Driving carelessly,Slight Injury
2024-10-05 08:43:00,Wednesday,31-50,Male,Elementary school,2-5yr,Lorry (11-40Q),Owner,2-5yrs,No defect,Rural village areas,Undivided Two way,Gentle horizontal curve,Other,Asphalt roads,Wet or damp,Darkness - lights lit,Raining,Vehicle with vehicle collision,2,1,Other,Driver or rider,Male,31-50,3.0,Driving carelessly,Slight Injury
2024-10-05 08:43:00,Wednesday,31-50,Male,Junior high school,2-5yr,Automobile,Owner,Unknown,No defect,Office areas,Double carriageway (median),Tangent road with flat terrain,Other,Gravel roads,Wet or damp,Darkness - no lighting,Normal,Vehicle with vehicle collision,1,1,Going straight,,,,,Changing lane to the right,Serious Injury
2024-10-05 16:05:00,Tuesday,Over 51,Male,Junior high school,2-5yr,Automobile,Owner,2-5yrs,No defect,Residential areas,Undivided Two way,Gentle horizontal curve,Other,Asphalt roads,Dry,Daylight,Normal,Vehicle with vehicle collision,1,1,Going straight,Driver or rider,Male,18-30,3.0,Driving carelessly,Slight Injury
2024-10-05 22:05:00,Friday,18-30,Male,Junior high school,5-10yr,Pick up upto 10Q,Owner,Unknown,Unknown,Residential areas,Other,Tangent road with flat terrain,Other,Asphalt roads,Dry,Darkness - lights lit,Normal,Collision with pedestrians,1,1,Going straight,,,,,Changing lane to the left,Slight Injury
2024-10-05 22:05:00,Friday,18-30,Male,Junior high school,5-10yr,Automobile,Owner,Unknown,7,Outside rural areas,Other,Tangent road with flat terrain,Other,Asphalt roads,Wet or damp,Darkness - lights lit,Raining,Collision with pedestrians,2,1,Going straight,Pedestrian,Male,Over 51,3.0,Driving carelessly,Serious Injury
2024-10-05 22:05:00,Friday,18-30,Male,Junior high school,Above 10yr,Other,Owner,Above 10yr,Unknown,Residential areas,Other,Tangent road with flat terrain,Other,Asphalt roads,Wet or damp,Darkness - lights lit,Raining,Collision with roadside objects,2,1,Going straight,Driver or rider,Male,18-30,3.0,Driving carelessly,Serious Injury
2024-10-05 22:05:00,Friday,18-30,Male,Elementary school,5-10yr,Lorry (41-100Q),Owner,5-10yrs,5,Church areas,Other,Tangent road with flat terrain,Other,Asphalt roads,Wet or damp,Darkness - lights lit,Normal,Collision with pedestrians,1,2,Reversing,,,,,Driving under the influence of drugs,Serious Injury
2024-10-05 03:40:00,Saturday,18-30,Male,Junior high school,5-10yr,Public (13-45 seats),Owner,Unknown,No defect,Office areas,Undivided Two way,Tangent road with flat terrain,Other,Asphalt roads,Wet or damp,Darkness - lights lit,Normal,Vehicle with vehicle collision,1,2,Moving Backward,Driver or rider,Male,Over 51,3.0,Driving carelessly,Serious Injury
2024-10-05 09:25:00,Tuesday,Over 51,Male,Junior high school,Above 10yr,Pick up upto 10Q,Owner,Unknown,No defect,Office areas,Two-way (divided with broken lines road marking),Tangent road with mountainous terrain and,Other,Asphalt roads,Wet or damp,Darkness - lights lit,Raining,Vehicle with vehicle collision,1,4,Overtaking,,,,,No distancing,Slight Injury
2024-10-05 09:25:00,Tuesday,Unknown,Male,Elementary school,Unknown,Stationwagen,Governmental,Unknown,No defect,Office areas,Two-way (divided with broken lines road marking),Escarpments,Other,Asphalt roads,Wet or damp,Darkness - lights lit,Raining,Vehicle with vehicle collision,1,4,Going straight,Pedestrian,Male,31-50,2.0,Driving carelessly,Slight Injury
2024-10-05 09:25:00,Tuesday,Unknown,Male,Junior high school,5-10yr,Other,Owner,2-5yrs,Unknown,Other,Undivided Two way,Tangent road with mountainous terrain and,Other,Asphalt roads,Wet or damp,Darkness - lights lit,Raining,Collision with roadside objects,1,4,Going straight,Driver or rider,Male,31-50,3.0,Driving to the left,Slight Injury
2024-10-05 09:25:00,Tuesday,Unknown,Male,Junior high school,5-10yr,Pick up upto 10Q,Owner,2-5yrs,Unknown,Other,Undivided Two way,Tangent road with flat terrain,Other,Asphalt roads,Wet or damp,Darkness - lights lit,Raining,Collision with roadside objects,1,4,Going straight,,,,,Overtaking,Slight Injury
2024-10-05 09:25:00,Tuesday,Unknown,Male,Junior high school,Below 1yr,Public (13-45 seats),Owner,Unknown,No defect,Residential areas,Two-way (divided with broken lines road marking),Tangent road with flat terrain,Other,Asphalt roads,Dry,Daylight,Normal,Vehicle with vehicle collision,1,1,Going straight,,,,,No distancing,Slight Injury
2024-10-05 09:25:00,Tuesday,Unknown,Male,Unknown,Unknown,Public (12 seats),Owner,Unknown,Unknown,Other,Two-way (divided with broken lines road marking),Tangent road with flat terrain,Other,Asphalt roads,Wet or damp,Daylight,Raining,Vehicle with vehicle collision,1,1,Going straight,Driver or rider,Male,31-50,3.0,Driving carelessly,Slight Injury
2024-10-05 07:58:00,Thursday,Under 18,Male,Junior high school,5-10yr,Lorry (41-100Q),Owner,Below 1yr,Unknown,Other,Undivided Two way,Tangent road with mild grade and flat terrain,Other,Asphalt roads,Dry,Darkness - lights lit,Normal,Vehicle with vehicle collision,2,2,Going straight,Driver or rider,Male,18-30,3.0,Moving Backward,Slight Injury
2024-10-05 07:58:00,Thursday,18-30,Male,Junior high school,5-10yr,Pick up upto 10Q,Owner,5-10yrs,Unknown,Other,Two-way (divided with broken lines road marking),Tangent road with flat terrain,Other,Asphalt roads,Dry,Darkness - lights lit,Normal,Vehicle with vehicle collision,2,2,Going straight,Driver or rider,Male,18-30,3.0,Overtaking,Slight Injury
2024-10-05 20:15:00,Tuesday,18-30,Male,Junior high school,Above 10yr,Lorry (41-100Q),Governmental,5-10yrs,No defect,Other,Undivided Two way,Tangent road with flat terrain,Other,Asphalt roads,Dry,Darkness - lights lit,Normal,Vehicle with vehicle collision,2,2,Going straight,,,,,Changing lane to the left,Slight Injury
2024-10-05 20:15:00,Tuesday,18-30,Male,High school,Above 10yr,Pick up upto 10Q,Owner,2-5yrs,No defect,Other,Double carriageway (median),Tangent road with mild grade and flat terrain,Other,Asphalt roads,Wet or damp,Darkness - lights lit,Raining and Windy,Vehicle with vehicle collision,2,1,Going straight,Driver or rider,Male,18-30,3.0,Changing lane to the right,Slight Injury
2024-10-05 17:10:00,Tuesday,18-30,Male,Junior high school,Above 10yr,Long lorry,Owner,Unknown,No defect,Other,Two-way (divided with broken lines road marking),Tangent road with flat terrain,Other,Asphalt roads,Wet or damp,Darkness - lights lit,Raining and Windy,Vehicle with vehicle collision,2,1,Going straight,Driver or rider,Male,31-50,3.0,Overtaking,Slight Injury
2024-10-05 17:10:00,Tuesday,31-50,Male,Junior high school,Above 10yr,Other,Owner,2-5yrs,Unknown,Church areas,Two-way (divided with broken lines road marking),Tangent road with flat terrain,Other,Asphalt roads,Dry,Daylight,Cloudy,Vehicle with vehicle collision,2,2,Going straight,,,,,Overloading,Slight Injury
2024-10-05 17:10:00,Tuesday,31-50,Male,Junior high school,Above 10yr,Other,Owner,5-10yrs,Unknown,Other,Undivided Two way,Tangent road with flat terrain,Other,Asphalt roads,Dry,Daylight,Cloudy,Vehicle with vehicle collision,2,2,Other,Driver or rider,Male,Over 51,3.0,Other,Slight Injury
2024-10-05 15:30:00,Saturday,Unknown,Male,Junior high school,Above 10yr,Other,Organization,2-5yrs,Unknown,Industrial areas,Two-way (divided with broken lines road marking),Tangent road with flat terrain,Other,Asphalt roads,Dry,Daylight,Cloudy,Collision with roadside objects,2,2,Going straight,,,,,No priority to vehicle,Slight Injury
2024-10-05 15:30:00,Saturday,18-30,Male,Junior high school,5-10yr,Public (13-45 seats),Owner,Unknown,No defect,Residential areas,Double carriageway (median),Tangent road with flat terrain,Other,Earth roads,Wet or damp,Darkness - lights lit,Raining,Collision with roadside objects,2,1,Moving Backward,Pedestrian,Male,Over 51,3.0,Changing lane to the right,Slight Injury
2024-10-05 09:47:00,Saturday,18-30,Male,Junior high school,2-5yr,Special vehicle,Governmental,Above 10yr,No defect,Other,Two-way (divided with broken lines road marking),Tangent road with flat terrain,Other,Asphalt roads,Wet or damp,Darkness - lights lit,Raining,Collision with pedestrians,2,1,Other,Driver or rider,Male,31-50,3.0,Moving Backward,Slight Injury
2024-10-05 09:47:00,Saturday,Over 51,Male,Junior high school,Below 1yr,Lorry (41-100Q),Owner,Unknown,No defect,Office areas,Two-way (divided with broken lines road marking),Tangent road with flat terrain,Other,Asphalt roads,Dry,Darkness - lights lit,Normal,Vehicle with vehicle collision,2,2,Going straight,Driver or rider,Male,18-30,3.0,Changing lane to the left,Slight Injury
2024-10-05 09:47:00,Saturday,31-50,Male,Junior high school,Below 1yr,Lorry (41-100Q),Owner,Unknown,No defect,Industrial areas,Other,Tangent road with flat terrain,Other,Asphalt roads,Dry,Darkness - lights lit,Normal,Vehicle with vehicle collision,2,2,Going straight,Passenger,Male,18-30,3.0,No priority to pedestrian,Slight Injury
2024-10-05 11:19:00,Monday,18-30,Male,Junior high school,2-5yr,Public (> 45 seats),Owner,1-2yr,No defect,Industrial areas,Double carriageway (median),Tangent road with flat terrain,Other,Asphalt roads,Wet or damp,Darkness - no lighting,Normal,Vehicle with vehicle collision,2,3,Going straight,Passenger,Female,18-30,3.0,No distancing,Slight Injury
2024-10-05 11:19:00,Monday,Over 51,Male,Elementary school,Below 1yr,Automobile,Owner,Unknown,No defect,Other,Two-way (divided with broken lines road marking),Tangent road with flat terrain,Other,Asphalt roads,Wet or damp,Darkness - no lighting,Normal,Vehicle with vehicle collision,2,3,Going straight,,,,,No priority to vehicle,Slight Injury
2024-10-05 13:13:00,Friday,Unknown,Male,Junior high school,Below 1yr,Automobile,Organization,Above 10yr,Unknown,Hospital areas,Two-way (divided with broken lines road marking),Tangent road with flat terrain,Other,Asphalt roads,Wet or damp,Darkness - no lighting,Normal,Vehicle with vehicle collision,2,3,Going straight,Passenger,Female,Over 51,3.0,No distancing,Slight Injury
2024-10-05 13:13:00,Friday,18-30,Male,Junior high school,Unknown,Automobile,Owner,Unknown,Unknown,Office areas,One way,Tangent road with flat terrain,Other,Asphalt roads,Wet or damp,Darkness - lights lit,Normal,Vehicle with vehicle collision,2,1,Going straight,,,,,No distancing,Slight Injury
2024-10-05 15:55:00,Thursday,18-30,Male,Unknown,5-10yr,Public (> 45 seats),Owner,2-5yrs,No defect,Church areas,Undivided Two way,Tangent road with flat terrain,Other,Gravel roads,Wet or damp,Darkness - lights lit,Normal,Vehicle with vehicle collision,2,1,Going straight,Pedestrian,Female,31-50,2.0,Moving Backward,Slight Injury
2024-10-05 15:55:00,Thursday,18-30,Male,Writing & reading,Below 1yr,Lorry (11-40Q),Organization,5-10yrs,No defect,Hospital areas,Undivided Two way,Tangent road with mountainous terrain and,Other,Asphalt roads,Wet or damp,Darkness - lights lit,Raining,Vehicle with vehicle collision,2,1,Going straight,Driver or rider,Male,31-50,3.0,Changing lane to the right,Slight Injury
2024-10-05 15:55:00,Thursday,31-50,Male,Junior high school,Below 1yr,Pick up upto 10Q,Owner,Above 10yr,No defect,Office areas,Other,Tangent road with flat terrain,Other,Asphalt roads,Wet or damp,Darkness - lights lit,Raining,Vehicle with vehicle collision,2,1,Going straight,,,,,No priority to pedestrian,Slight Injury
2024-10-05 10:47:00,Thursday,31-50,Male,Junior high school,1-2yr,Lorry (11-40Q),Owner,2-5yrs,No defect,Other,Two-way (divided with broken lines road marking),Escarpments,Other,Asphalt roads,Dry,Darkness - lights lit,Normal,Collision with pedestrians,2,1,Other,Driver or rider,Male,31-50,3.0,Moving Backward,Slight Injury
2024-10-05 10:47:00,Thursday,31-50,Male,Elementary school,Above 10yr,Pick up upto 10Q,Owner,1-2yr,Unknown,Office areas,Undivided Two way,Tangent road with flat terrain,Other,Other,Dry,Darkness - lights lit,Normal,Collision with pedestrians,2,1,Reversing,Driver or rider,Male,Under 18,3.0,Getting off the vehicle improperly,Slight Injury
2024-10-05 15:00:00,Thursday,18-30,Male,Elementary school,Above 10yr,Special vehicle,Owner,2-5yrs,Unknown,Office areas,Two-way (divided with broken lines road marking),Tangent road with mountainous terrain and,Other,Asphalt roads,Dry,Daylight,Normal,Vehicle with vehicle collision,2,2,Other,,,,,Overtaking,Slight Injury
2024-10-05 15:00:00,Thursday,18-30,Male,Elementary school,Below 1yr,Lorry (11-40Q),Owner,Unknown,No defect,Other,Double carriageway (median),Steep grade downward with mountainous terrain,Other,Asphalt roads,Dry,Daylight,Normal,Vehicle with vehicle collision,2,2,Other,,,,,Overloading,Slight Injury
2024-10-05 18:40:00,Thursday,18-30,Male,High school,2-5yr,Other,Owner,1-2yr,No defect,Office areas,Undivided Two way,Tangent road with mild grade and flat terrain,Other,Asphalt roads,Dry,Daylight,Normal,Vehicle with vehicle collision,2,2,Reversing,Driver or rider,Male,18-30,2.0,Changing lane to the right,Slight Injury
2024-10-05 03:55:00,Monday,18-30,Male,Junior high school,2-5yr,Other,Owner,Unknown,No defect,Residential areas,Undivided Two way,Tangent road with flat terrain,Other,Asphalt roads,Wet or damp,Darkness - lights lit,Normal,Vehicle with vehicle collision,2,1,Going straight,Passenger,Male,18-30,3.0,Improper parking,Slight Injury
2024-10-05 03:55:00,Monday,18-30,Male,Above high school,Above 10yr,Lorry (41-100Q),Owner,Unknown,Unknown,Other,Two-way (divided with broken lines road marking),Tangent road with flat terrain,Other,Asphalt roads,Wet or damp,Darkness - lights lit,Normal,Vehicle with vehicle collision,2,1,Going straight,,,,,Other,Slight Injury
2024-10-05 03:55:00,Monday,18-30,Male,Junior high school,2-5yr,Other,Owner,2-5yrs,Unknown,Office areas,Double carriageway (median),Tangent road with flat terrain,Other,Asphalt roads,Wet or damp,Darkness - lights lit,Raining,Vehicle with vehicle collision,2,1,Going straight,Driver or rider,Female,31-50,3.0,Changing lane to the left,Slight Injury
2024-10-05 17:45:00,Sunday,31-50,Male,Junior high school,2-5yr,Other,Owner,5-10yrs,Unknown,Office areas,Undivided Two way,Tangent road with mountainous terrain and,Other,Asphalt roads,Wet or damp,Darkness - lights lit,Raining,Vehicle with vehicle collision,2,1,Going straight,Driver or rider,Male,31-50,3.0,Changing lane to the right,Slight Injury
2024-10-05 17:45:00,Sunday,18-30,Male,High school,1-2yr,Automobile,Other,Unknown,Unknown,Office areas,Other,Tangent road with flat terrain,Other,Asphalt roads,Wet or damp,Daylight,Normal,Vehicle with vehicle collision,2,1,Turnover,Passenger,Female,Under 18,3.0,No priority to pedestrian,Slight Injury
2024-10-05 17:45:00,Sunday,18-30,Male,Junior high school,5-10yr,Other,Owner,5-10yrs,No defect,Other,Two-way (divided with broken lines road marking),Tangent road with mild grade and flat terrain,Other,Asphalt roads,Wet or damp,Daylight,Normal,Vehicle with vehicle collision,2,1,Going straight,Passenger,Female,Under 18,3.0,Overspeed,Slight Injury
2024-10-05 17:45:00,Sunday,18-30,Male,Junior high school,Below 1yr,Automobile,Owner,Unknown,No defect,Church areas,Undivided Two way,Tangent road with flat terrain,Other,Asphalt roads,Wet or damp,Daylight,Other,Vehicle with vehicle collision,1,1,Going straight,Passenger,Male,31-50,3.0,Changing lane to the left,Slight Injury
2024-10-05 19:10:00,Friday,31-50,Male,Junior high school,Below 1yr,Public (13-45 seats),Owner,Unknown,No defect,Industrial areas,Undivided Two way,Tangent road with flat terrain,Other,Asphalt roads,Wet or damp,Daylight,Raining,Vehicle with vehicle collision,2,3,Going straight,Driver or rider,Female,31-50,3.0,No priority to vehicle,Slight Injury