Time,Day_of_week,Age_band_of_driver,Sex_of_driver,Educational_level,Driving_experience,Type_of_vehicle,Owner_of_vehicle,Service_year_of_vehicle,Defect_of_vehicle,Area_accident_occured,Lanes_or_Medians,Road_allignment,Types_of_Junction,Road_surface_type,Road_surface_conditions,Light_conditions,Weather_conditions,Type_of_collision,Number_of_vehicles_involved,Number_of_casualties,Vehicle_movement,Casualty_class,Sex_of_casualty,Age_band_of_casualty,Casualty_severity,Cause_of_accident,Accident_severity
2024-10-05 10:13:00,Thursday,31-50,Male,Elementary school,Unknown,Lorry (41-100Q),Owner,1-2yr,No defect,Office areas,Double carriageway (median),Tangent road with flat terrain,Other,Asphalt roads,Wet or damp,Daylight,Raining,Vehicle with vehicle collision,2,3,Going straight,Driver or rider,Female,18-30,3.0,Changing lane to the right,Slight Injury
2024-10-05 10:13:00,Thursday,Over 51,Male,Junior high school,Below 1yr,Other,Owner,Unknown,No defect,Church areas,Undivided Two way,Tangent road with flat terrain,Other,Asphalt roads,Wet or damp,Daylight,Raining,Vehicle with vehicle collision,2,3,Going straight,Driver or rider,Male,Under 18,3.0,No distancing,Slight Injury
2024-10-05 09:48:00,Friday,Under 18,Male,Junior high school,1-2yr,Automobile,Owner,Unknown,Unknown,Office areas,Undivided Two way,Tangent road with flat terrain,Other,Asphalt roads,Dry,Daylight,Normal,Vehicle with vehicle collision,2,1,Moving Backward,,,,,No priority to pedestrian,Slight Injury
2024-10-05 09:48:00,Friday,18-30,Male,Elementary school,2-5yr,Other,Owner,Unknown,No defect,Office areas,Other,Tangent road with flat terrain,Other,Gravel roads,Dry,Daylight,Normal,Vehicle with vehicle collision,2,1,Going straight,,,,,No distancing,Slight Injury
2024-10-05 16:20:00,Monday,18-30,Male,High school,1-2yr,Lorry (41-100Q),Owner,Unknown,Unknown,Residential areas,Two-way (divided with broken lines road marking),Tangent road with flat terrain,Other,Asphalt roads,Wet or damp,Darkness - no lighting,Raining,Vehicle with vehicle collision,2,1,Going straight,Driver or rider,Female,18-30,3.0,No priority to vehicle,Slight Injury
2024-10-05 16:20:00,Monday,18-30,Male,Junior high school,5-10yr,Other,Owner,5-10yrs,Unknown,Office areas,Two-way (divided with broken lines road marking),Tangent road with flat terrain,Other,Asphalt roads,Wet or damp,Darkness - no lighting,Raining,Vehicle with vehicle collision,2,1,Turnover,,,,,Other,Slight Injury
2024-10-05 19:40:00,Thursday,18-30,Male,Junior high school,Below 1yr,Lorry (41-100Q),Owner,5-10yrs,Unknown,Residential areas,Undivided Two way,Tangent road with flat terrain,Other,Asphalt roads,Wet or damp,Daylight,Normal,Vehicle with vehicle collision,2,1,Going straight,Driver or rider,Male,18-30,3.0,Driving carelessly,Serious Injury
2024-10-05 16:53:00,Wednesday,18-30,Male,High school,Above 10yr,Taxi,Owner,2-5yrs,Unknown,Office areas,Double carriageway (median),Tangent road with flat terrain,Other,Other,Wet or damp,Daylight,Normal,Vehicle with vehicle collision,2,1,Going straight,Driver or rider,Male,31-50,2.0,Changing lane to the left,Serious Injury
2024-10-05 12:55:00,Wednesday,31-50,Female,Elementary school,5-10yr,Lorry (41-100Q),Owner,2-5yrs,No defect,Office areas,Double carriageway (median),Tangent road with flat terrain,Other,Asphalt roads,Dry,Daylight,Normal,Vehicle with vehicle collision,2,1,Going straight,,,,,Driving carelessly,Slight Injury
2024-10-05 19:32:00,Friday,31-50,Male,Elementary school,Below 1yr,Lorry (41-100Q),Other,Unknown,No defect,Other,Two-way (divided with broken lines road marking),Tangent road with flat terrain,Other,Other,Dry,Daylight,Normal,Vehicle with vehicle collision,2,1,Going straight,Driver or rider,Male,Over 51,3.0,Changing lane to the left,Slight Injury
2024-10-05 19:32:00,Friday,18-30,Male,Junior high school,5-10yr,Other,Owner,Unknown,No defect,Other,Two-way (divided with broken lines road marking),Tangent road with flat terrain,Other,Asphalt roads,Wet or damp,Daylight,Normal,Collision with roadside objects,2,1,Going straight,,,,,No priority to vehicle,Slight Injury
2024-10-05 17:35:00,Saturday,18-30,Female,Elementary school,5-10yr,Stationwagen,Owner,Above 10yr,No defect,Residential areas,Two-way (divided with broken lines road marking),Tangent road with flat terrain,Other,Asphalt roads,Wet or damp,Daylight,Normal,Collision with roadside objects,2,1,Going straight,Driver or rider,Male,18-30,3.0,No distancing,Slight Injury
2024-10-05 17:35:00,Saturday,Over 51,Male,Junior high school,2-5yr,Stationwagen,Owner,Unknown,Unknown,Church areas,Two-way (divided with broken lines road marking),Tangent road with flat terrain,Other,Asphalt roads,Wet or damp,Darkness - lights lit,Normal,Vehicle with vehicle collision,2,1,Moving Backward,,,,,Changing lane to the right,Slight Injury
2024-10-05 17:35:00,Saturday,Over 51,Male,Junior high school,Above 10yr,Lorry (41-100Q),Governmental,Unknown,No defect,Church areas,Double carriageway (median),Tangent road with flat terrain,Other,Asphalt roads,Wet or damp,Darkness - lights lit,Normal,Vehicle with vehicle collision,2,1,Going straight,Driver or rider,Female,31-50,3.0,Changing lane to the right,Slight Injury
2024-10-05 18:40:00,Tuesday,18-30,Male,Junior high school,5-10yr,Lorry (41-100Q),Owner,2-5yrs,No defect,Residential areas,Double carriageway (median),Tangent road with flat terrain,Other,Asphalt roads,Wet or damp,Darkness - lights lit,Windy,Vehicle with vehicle collision,2,1,Going straight,,,,,Driving at high speed,Slight Injury
2024-10-05 18:40:00,Tuesday,18-30,Male,High school,1-2yr,Other,Owner,Unknown,No defect,Office areas,Two-way (divided with broken lines road marking),Tangent road with mild grade and flat terrain,Other,Asphalt roads,Wet or damp,Darkness - lights lit,Windy,Vehicle with vehicle collision,2,1,Going straight,,,,,No distancing,Slight Injury
2024-10-05 15:47:00,Thursday,31-50,Male,High school,5-10yr,Automobile,Owner,Unknown,No defect,Recreational areas,Undivided Two way,Tangent road with flat terrain,No junction,Asphalt roads,Wet or damp,Darkness - lights lit,Raining,Collision with roadside objects,2,1,Going straight,Driver or rider,Male,Under 18,3.0,Changing lane to the right,Slight Injury
2024-10-05 14:57:00,Sunday,Under 18,Female,High school,2-5yr,Other,Owner,Unknown,No defect,Church areas,Undivided Two way,Tangent road with flat terrain,Crossing,Asphalt roads,Wet or damp,Darkness - lights lit,Raining,Vehicle with vehicle collision,2,1,Moving Backward,Passenger,Female,5,3.0,Changing lane to the left,Slight Injury
2024-10-05 17:25:00,Friday,31-50,Male,Junior high school,5-10yr,Taxi,Other,1-2yr,No defect,Recreational areas,Other,Tangent road with flat terrain,Crossing,Asphalt roads,Wet or damp,Daylight,Raining,Collision with roadside objects,2,2,Going straight,,,,,Getting off the vehicle improperly,Slight Injury
2024-10-05 17:25:00,Friday,31-50,Male,Elementary school,2-5yr,Lorry (41-100Q),Owner,5-10yrs,No defect,School areas,Other,Tangent road with flat terrain,No junction,Asphalt roads,Wet or damp,Daylight,Raining,Collision with roadside objects,2,2,Other,Driver or rider,Female,18-30,3.0,Other,Slight Injury
2024-10-05 17:25:00,Friday,31-50,Male,Elementary school,5-10yr,Other,Owner,Unknown,No defect,Church areas,Double carriageway (median),Tangent road with flat terrain,No junction,Asphalt roads,Wet or damp,Daylight,Normal,Collision with pedestrians,1,1,Other,,,,,Other,Serious Injury
2024-10-05 17:22:00,Sunday,Over 51,Male,Junior high school,1-2yr,Automobile,Owner,5-10yrs,Unknown,Office areas,Other,Tangent road with flat terrain,No junction,Asphalt roads,Wet or damp,Darkness - lights lit,Raining,Vehicle with vehicle collision,2,3,Going straight,,,,,No distancing,Serious Injury
2024-10-05 17:22:00,Sunday,Under 18,Male,Junior high school,5-10yr,Public (> 45 seats),Owner,2-5yrs,Unknown,Residential areas,One way,Steep grade downward with mountainous terrain,Y Shape,Asphalt roads,Wet or damp,Darkness - lights lit,Raining,Collision with roadside objects,2,3,Going straight,Driver or rider,Male,31-50,3.0,No priority to vehicle,Serious Injury
2024-10-05 16:05:00,Monday,18-30,Male,Unknown,Unknown,Stationwagen,Owner,Unknown,No defect,Other,One way,Tangent road with flat terrain,Y Shape,Asphalt roads,Wet or damp,Darkness - lights lit,Raining,Vehicle with vehicle collision,2,3,Going straight,Pedestrian,Female,18-30,2.0,Overtaking,Serious Injury
2024-10-05 16:05:00,Monday,31-50,Male,Elementary school,Above 10yr,Automobile,Owner,Unknown,No defect,Other,Undivided Two way,Tangent road with flat terrain,Y Shape,Asphalt roads,Wet or damp,Darkness - lights lit,Raining,Vehicle with vehicle collision,2,3,Going straight,,,,,No priority to pedestrian,Serious Injury
2024-10-05 16:05:00,Monday,18-30,Male,Elementary school,Below 1yr,Lorry (41-100Q),Governmental,1-2yr,No defect,Industrial areas,One way,Tangent road with flat terrain,Crossing,Asphalt roads,Wet or damp,Darkness - lights lit,Windy,Vehicle with vehicle collision,1,1,Other,Driver or rider,Male,18-30,3.0,No distancing,Slight Injury
2024-10-05 09:00:00,Thursday,18-30,Male,Junior high school,2-5yr,Other,Governmental,1-2yr,No defect,Church areas,Other,Steep grade downward with mountainous terrain,Y Shape,Asphalt roads,Dry,Daylight,Normal,Vehicle with vehicle collision,6,1,Going straight,Passenger,Female,31-50,3.0,Changing lane to the right,Slight Injury
2024-10-05 09:00:00,Thursday,18-30,Male,Elementary school,1-2yr,Public (13-45 seats),Organization,1-2yr,No defect,Office areas,Other,Tangent road with flat terrain,Y Shape,Asphalt roads,Dry,Daylight,Normal,Vehicle with vehicle collision,6,1,Getting off,Driver or rider,Female,Over 51,3.0,Driving carelessly,Slight Injury
2024-10-05 08:55:00,Saturday,18-30,Male,Junior high school,5-10yr,Other,Owner,Unknown,No defect,Office areas,Undivided Two way,Tangent road with flat terrain,Y Shape,Asphalt roads,Dry,Daylight,Normal,Vehicle with vehicle collision,6,1,Going straight,,,,,Changing lane to the right,Slight Injury
2024-10-05 10:44:00,Friday,31-50,Male,Junior high school,2-5yr,Other,Owner,Unknown,Unknown,Office areas,Double carriageway (median),Tangent road with flat terrain,No junction,Asphalt roads,Dry,Daylight,Normal,Collision with roadside objects,6,1,Going straight,,,,,Overtaking,Slight Injury
2024-10-05 16:18:00,Wednesday,18-30,Male,Junior high school,2-5yr,Ridden horse,Owner,2-5yrs,Unknown,Other,Two-way (divided with broken lines road marking),Tangent road with flat terrain,No junction,Asphalt roads,Dry,Daylight,Normal,Vehicle with vehicle collision,6,1,Going straight,,,,,Other,Slight Injury
2024-10-05 17:21:00,Thursday,18-30,Male,High school,2-5yr,Lorry (41-100Q),Owner,Unknown,Unknown,Office areas,Undivided Two way,Tangent road with flat terrain,No junction,Asphalt roads,Dry,Daylight,Normal,Collision with roadside objects,6,1,Going straight,Driver or rider,Male,31-50,3.0,Driving to the left,Slight Injury
2024-10-05 17:21:00,Thursday,31-50,Male,Junior high school,Above 10yr,Lorry (41-100Q),Owner,Unknown,No defect,Other,Double carriageway (median),Tangent road with flat terrain,No junction,Gravel roads,Wet or damp,Daylight,Raining,Vehicle with vehicle collision,2,2,Going straight,Driver or rider,Male,31-50,3.0,Driving at high speed,Slight Injury
2024-10-05 17:21:00,Thursday,31-50,Male,Junior high school,2-5yr,Pick up upto 10Q,Owner,Above 10yr,No defect,Industrial areas,Two-way (divided with broken lines road marking),Tangent road with flat terrain,No junction,Asphalt roads,Wet or damp,Daylight,Raining,Vehicle with vehicle collision,2,2,Going straight,,,,,Other,Slight Injury
2024-10-05 17:21:00,Thursday,31-50,Male,Junior high school,1-2yr,Lorry (11-40Q),Owner,Unknown,No defect,Residential areas,Other,Tangent road with flat terrain,Y Shape,Asphalt roads,Wet or damp,Darkness - no lighting,Raining,Vehicle with vehicle collision,2,1,Moving Backward,Driver or rider,Male,31-50,3.0,Changing lane to the right,Slight Injury
2024-10-05 15:40:00,Monday,18-30,Male,Junior high school,2-5yr,Automobile,Owner,Unknown,No defect,Other,Two-way (divided with broken lines road marking),Tangent road with flat terrain,Y Shape,Asphalt roads,Wet or damp,Darkness - no lighting,Raining,Collision with roadside objects,2,1,Going straight,,,,,No distancing,Slight Injury
2024-10-05 15:40:00,Monday,18-30,Male,Junior high school,5-10yr,Automobile,Owner,5-10yrs,Unknown,Other,One way,Tangent road with flat terrain,Y Shape,Asphalt roads,Wet or damp,Darkness - lights lit,Normal,Collision with roadside objects,2,2,Other,Driver or rider,Male,18-30,3.0,Other,Slight Injury
2024-10-05 15:40:00,Monday,18-30,Male,Junior high school,1-2yr,Lorry (11-40Q),Owner,1-2yr,No defect,Other,One way,Tangent road with flat terrain,Y Shape,Asphalt roads,Wet or damp,Darkness - lights lit,Normal,Vehicle with vehicle collision,2,2,Going straight,Passenger,Female,18-30,2.0,No priority to vehicle,Slight Injury
2024-10-05 15:40:00,Monday,31-50,Male,Elementary school,1-2yr,Motorcycle,Owner,Unknown,Unknown,Other,Undivided Two way,Tangent road with flat terrain,Y Shape,Asphalt roads,Wet or damp,Darkness - lights lit,Normal,Vehicle with vehicle collision,2,2,Going straight,,,,,Changing lane to the left,Slight Injury
2024-10-05 16:46:00,Thursday,18-30,Male,Junior high school,2-5yr,Lorry (41-100Q),Other,Unknown,Unknown,Other,Two-way (divided with broken lines road marking),Tangent road with flat terrain,Y Shape,Asphalt roads,Wet or damp,Daylight,Normal,Vehicle with vehicle collision,2,2,Going straight,Driver or rider,Male,31-50,3.0,No priority to pedestrian,Slight Injury
2024-10-05 16:46:00,Thursday,Over 51,Male,Junior high school,Above 10yr,Stationwagen,Governmental,Below 1yr,No defect,Residential areas,Other,Steep grade downward with mountainous terrain,Crossing,Asphalt roads,Wet or damp,Daylight,Normal,Vehicle with vehicle collision,2,2,Going straight,,,,,Overtaking,Slight Injury
2024-10-05 16:46:00,Thursday,31-50,Male,Junior high school,Below 1yr,Automobile,Owner,Unknown,No defect,Office areas,Two-way (divided with broken lines road marking),Tangent road with flat terrain,Y Shape,Asphalt roads,Wet or damp,Daylight,Raining,Vehicle with vehicle collision,3,1,Other,Pedestrian,Female,Over 51,3.0,Driving carelessly,Slight Injury
2024-10-05 17:45:00,Sunday,18-30,Male,Junior high school,Above 10yr,Other,Owner,Unknown,Unknown,Office areas,Two-way (divided with broken lines road marking),Tangent road with flat terrain,Y Shape,Asphalt roads,Wet or damp,Daylight,Raining,Vehicle with vehicle collision,3,1,Moving Backward,Pedestrian,Female,31-50,3.0,No priority to vehicle,Slight Injury
2024-10-05 17:45:00,Sunday,31-50,Male,Elementary school,5-10yr,Other,Owner,Unknown,No defect,Other,Two-way (divided with broken lines road marking),Tangent road with flat terrain,Crossing,Asphalt roads,Wet or damp,Daylight,Raining,Vehicle with vehicle collision,3,1,Other,,,,,No priority to pedestrian,Slight Injury
2024-10-05 11:45:00,Saturday,Unknown,Male,Elementary school,Above 10yr,Taxi,Owner,Above 10yr,No defect,Other,One way,Tangent road with flat terrain,Crossing,Asphalt roads,Dry,Daylight,Normal,Collision with roadside objects,2,1,Going straight,Driver or rider,Male,18-30,3.0,Changing lane to the right,Serious Injury
2024-10-05 11:45:00,Saturday,Over 51,Male,Junior high school,1-2yr,Automobile,Owner,Unknown,No defect,Office areas,Two-way (divided with broken lines road marking),Tangent road with flat terrain,Crossing,Asphalt roads,Dry,Daylight,Normal,Collision with roadside objects,2,1,Going straight,Driver or rider,Female,18-30,3.0,Driving carelessly,Serious Injury
2024-10-05 11:45:00,Saturday,31-50,Male,Unknown,Unknown,Long lorry,Owner,2-5yrs,Unknown,Office areas,Undivided Two way,Tangent road with flat terrain,No junction,Asphalt roads,Dry,Daylight,Normal,Collision with roadside objects,2,1,Other,,,,,Changing lane to the right,Slight Injury
2024-10-05 11:45:00,Saturday,31-50,Male,High school,5-10yr,Long lorry,Owner,Unknown,No defect,Other,Two-way (divided with broken lines road marking),Tangent road with flat terrain,No junction,Gravel roads,Dry,Daylight,Normal,Vehicle with vehicle collision,2,1,Going straight,,,,,Changing lane to the right,Slight Injury
2024-10-05 12:00:00,Saturday,Over 51,Male,Elementary school,2-5yr,Lorry (41-100Q),Owner,Unknown,No defect,Other,Two-way (divided with broken lines road marking),Tangent road with flat terrain,No junction,Asphalt roads,Wet or damp,Daylight,Raining,Vehicle with vehicle collision,2,3,Going straight,Passenger,Female,31-50,3.0,Changing lane to the left,Slight Injury
2024-10-05 12:00:00,Saturday,Over 51,Male,Unknown,Unknown,Lorry (41-100Q),Governmental,Unknown,Unknown,Residential areas,Two-way (divided with broken lines road marking),Tangent road with flat terrain,Crossing,Asphalt roads,Wet or damp,Daylight,Raining,Vehicle with vehicle collision,2,3,Going straight,Pedestrian,Male,18-30,3.0,Overturning,Slight Injury
2024-10-05 12:00:00,Saturday,18-30,Male,Unknown,Unknown,Lorry (11-40Q),Owner,1-2yr,No defect,Other,Undivided Two way,Tangent road with flat terrain,No junction,Asphalt roads,Wet or damp,Daylight,Raining,Vehicle with vehicle collision,2,3,Going straight,,,,,Driving carelessly,Slight Injury
2024-10-05 12:00:00,Saturday,18-30,Male,High school,1-2yr,Automobile,Owner,Unknown,No defect,Office areas,Undivided Two way,Tangent road with flat terrain,No junction,Asphalt roads,Wet or damp,Daylight,Normal,Collision with pedestrians,2,2,Going straight,Driver or rider,Male,31-50,3.0,No distancing,Slight Injury
2024-10-05 07:50:00,Friday,31-50,Male,Junior high school,1-2yr,Taxi,Owner,2-5yrs,No defect,Office areas,Undivided Two way,Tangent road with flat terrain,No junction,Earth roads,Wet or damp,Daylight,Normal,Collision with pedestrians,2,2,Going straight,Driver or rider,Male,31-50,3.0,Driving carelessly,Slight Injury
2024-10-05 07:50:00,Friday,31-50,Female,Junior high school,1-2yr,Other,Other,Unknown,Unknown,Other,Undivided Two way,Tangent road with flat terrain,O Shape,Asphalt roads,Dry,Daylight,Normal,Vehicle with vehicle collision,2,1,Going straight,,,,,Changing lane to the left,Slight Injury
2024-10-05 19:55:00,Sunday,18-30,Male,Junior high school,Above 10yr,Automobile,Owner,Unknown,Unknown,Other,Other,Tangent road with flat terrain,O Shape,Asphalt roads,Dry,Daylight,Normal,Vehicle with vehicle collision,2,1,Other,Pedestrian,Female,31-50,3.0,No priority to vehicle,Slight Injury
2024-10-05 19:55:00,Sunday,31-50,Male,Junior high school,1-2yr,Automobile,Owner,Above 10yr,Unknown,Other,Undivided Two way,Tangent road with flat terrain,Crossing,Other,Wet or damp,Darkness - lights lit,Raining,Vehicle with vehicle collision,1,1,Going straight,,,,,Changing lane to the right,Slight Injury
2024-10-05 20:30:00,Sunday,Over 51,Male,High school,Above 10yr,Automobile,Owner,Unknown,No defect,Office areas,Other,Tangent road with flat terrain,Crossing,Gravel roads,Wet or damp,Darkness - lights lit,Raining and Windy,Vehicle with vehicle collision,2,2,Going straight,Driver or rider,Male,18-30,3.0,No distancing,Slight Injury
2024-10-05 20:30:00,Sunday,Over 51,Male,Junior high school,Above 10yr,Automobile,Owner,Above 10yr,No defect,Office areas,Two-way (divided with broken lines road marking),Tangent road with flat terrain,Crossing,Asphalt roads,Wet or damp,Darkness - lights lit,Raining and Windy,Vehicle with vehicle collision,2,2,Going straight,,,,,Moving Backward,Slight Injury
2024-10-05 20:30:00,Sunday,Over 51,Male,Junior high school,1-2yr,Public (> 45 seats),Owner,Unknown,No defect,Other,Two-way (divided with broken lines road marking),Steep grade downward with mountainous terrain,No junction,Other,Wet or damp,Darkness - lights lit,Raining and Windy,Vehicle with vehicle collision,2,2,Going straight,Driver or rider,Male,18-30,3.0,Moving Backward,Slight Injury
2024-10-05 20:30:00,Sunday,Over 51,Male,Junior high school,1-2yr,Lorry (11-40Q),Owner,Above 10yr,No defect,Church areas,Other,Tangent road with flat terrain,No junction,Asphalt roads,Dry,Darkness - lights lit,Normal,Vehicle with vehicle collision,2,3,Going straight,Pedestrian,Male,31-50,3.0,No distancing,Slight Injury
2024-10-05 20:30:00,Sunday,Over 51,Male,High school,2-5yr,Lorry (41-100Q),Governmental,Unknown,No defect,Industrial areas,Undivided Two way,Tangent road with flat terrain,No junction,Earth roads,Dry,Darkness - lights lit,Normal,Vehicle with vehicle collision,2,3,Going straight,Driver or rider,Male,18-30,3.0,No distancing,Slight Injury
2024-10-05 20:30:00,Sunday,31-50,Male,Junior high school,2-5yr,Lorry (41-100Q),Organization,2-5yrs,Unknown,Other,Undivided Two way,Tangent road with flat terrain,No junction,Asphalt roads,Dry,Darkness - lights lit,Normal,Vehicle with vehicle collision,2,3,Moving Backward,,,,,No distancing,Slight Injury
2024-10-05 13:57:00,Wednesday,Over 51,Male,Junior high school,1-2yr,Stationwagen,Owner,5-10yrs,No defect,Other,Two-way (divided with broken lines road marking),Tangent road with flat terrain,Y Shape,Asphalt roads,Dry,Darkness - lights lit,Normal,Vehicle with vehicle collision,2,3,Going straight,Driver or rider,Male,18-30,3.0,No priority to pedestrian,Slight Injury
2024-10-05 13:57:00,Wednesday,18-30,Male,Elementary school,5-10yr,Other,Owner,1-2yr,Unknown,Office areas,Undivided Two way,Tangent road with mountainous terrain and,Y Shape,Asphalt roads,Wet or damp,Darkness - lights lit,Raining,Collision with roadside objects,1,1,Going straight,,,,,Driving carelessly,Slight Injury
2024-10-05 13:57:00,Wednesday,Unknown,Male,Junior high school,5-10yr,Automobile,Owner,Unknown,No defect,Other,One way,Tangent road with flat terrain,Y Shape,Asphalt roads,Dry,Daylight,Normal,Rollover,2,1,Going straight,Driver or rider,Male,18-30,3.0,Changing lane to the right,Serious Injury
2024-10-05 13:57:00,Wednesday,Unknown,Male,Junior high school,1-2yr,Pick up upto 10Q,Owner,Unknown,No defect,Recreational areas,Undivided Two way,Steep grade downward with mountainous terrain,Crossing,Asphalt roads,Dry,Daylight,Normal,Vehicle with vehicle collision,2,1,Going straight,,,,,Changing lane to the left,Serious Injury
2024-10-05 13:45:00,Sunday,Under 18,Male,Elementary school,5-10yr,Motorcycle,Governmental,Unknown,No defect,Other,Two-way (divided with broken lines road marking),Steep grade downward with mountainous terrain,Crossing,Earth roads,Dry,Daylight,Normal,Vehicle with vehicle collision,2,1,Going straight,Pedestrian,Female,18-30,3.0,Driving carelessly,Slight Injury
2024-10-05 13:45:00,Sunday,18-30,Male,Junior high school,2-5yr,Automobile,Governmental,5-10yrs,No defect,Church areas,Two-way (divided with broken lines road marking),Tangent road with flat terrain,Crossing,Asphalt roads,Dry,Daylight,Normal,Vehicle with vehicle collision,2,1,Going straight,,,,,Driving carelessly,Slight Injury
2024-10-05 07:44:00,Friday,18-30,Male,Elementary school,5-10yr,Pick up upto 10Q,Owner,Unknown,Unknown,Residential areas,Undivided Two way,Tangent road with flat terrain,Crossing,Asphalt roads,Wet or damp,Darkness - lights lit,Normal,Vehicle with vehicle collision,2,1,Going straight,Driver or rider,Male,31-50,3.0,No distancing,Slight Injury
2024-10-05 07:44:00,Friday,18-30,Male,Junior high school,Above 10yr,Motorcycle,Owner,5-10yrs,No defect,Office areas,Two-way (divided with broken lines road marking),Other,Other,Asphalt roads,Wet or damp,Darkness - lights lit,Normal,Vehicle with vehicle collision,2,1,Going straight,Pedestrian,Female,Over 51,3.0,Other,Slight Injury
2024-10-05 15:35:00,Thursday,31-50,Male,Junior high school,Above 10yr,Stationwagen,Owner,2-5yrs,No defect,Other,Two-way (divided with broken lines road marking),Tangent road with flat terrain,Other,Asphalt roads,Dry,Darkness - lights lit,Normal,Collision with roadside objects,1,1,Going straight,Pedestrian,Female,18-30,3.0,Changing lane to the right,Slight Injury
2024-10-05 20:00:00,Friday,Over 51,Male,Elementary school,2-5yr,Lorry (41-100Q),Governmental,2-5yrs,Unknown,Office areas,Undivided Two way,Tangent road with flat terrain,No junction,Asphalt roads,Dry,Darkness - lights lit,Normal,Collision with roadside objects,1,1,Going straight,Driver or rider,Male,31-50,3.0,Changing lane to the right,Slight Injury
2024-10-05 20:00:00,Friday,31-50,Male,Elementary school,5-10yr,Taxi,Owner,Unknown,Unknown,Office areas,Other,Tangent road with flat terrain,No junction,Asphalt roads,Dry,Daylight,Normal,Vehicle with vehicle collision,1,1,Going straight,,,,,No distancing,Slight Injury
2024-10-05 20:00:00,Friday,31-50,Male,Junior high school,1-2yr,Automobile,Owner,Unknown,No defect,Other,One way,Escarpments,No junction,Asphalt roads,Wet or damp,Darkness - lights lit,Raining,Collision with roadside objects,2,2,Going straight,,,,,No distancing,Slight Injury
2024-10-05 17:46:00,Thursday,Over 51,Male,Elementary school,Above 10yr,Long lorry,Owner,Unknown,No defect,Residential areas,Undivided Two way,Tangent road with flat terrain,No junction,Asphalt roads,Wet or damp,Darkness - lights lit,Raining,Vehicle with vehicle collision,2,2,Other,Driver or rider,Male,Under 18,3.0,Overturning,Slight Injury
2024-10-05 17:46:00,Thursday,Over 51,Male,Junior high school,5-10yr,Automobile,Owner,Unknown,No defect,Recreational areas,One way,Tangent road with flat terrain,No junction,Asphalt roads,Wet or damp,Darkness - lights lit,Raining,Vehicle with vehicle collision,2,2,Going straight,Driver or rider,Male,Under 18,3.0,Driving at high speed,Slight Injury
2024-10-05 17:46:00,Thursday,31-50,Male,Junior high school,2-5yr,Public (12 seats),Owner,Unknown,No defect,Church areas,Undivided Two way,Tangent road with flat terrain,No junction,Asphalt roads,Wet or damp,Darkness - lights lit,Raining,Vehicle with vehicle collision,2,2,Going straight,,,,,No priority to vehicle,Slight Injury
2024-10-05 14:20:00,Friday,18-30,Male,Elementary school,Above 10yr,Lorry (11-40Q),Owner,Unknown,No defect,Other,One way,Tangent road with flat terrain,Other,Asphalt roads,Wet or damp,Darkness - lights lit,Raining,Vehicle with vehicle collision,2,2,Going straight,Pedestrian,Male,18-30,3.0,No priority to pedestrian,Slight Injury
2024-10-05 12:15:00,Sunday,31-50,Male,Junior high school,2-5yr,Pick up upto 10Q,Owner,Unknown,No defect,Other,Undivided Two way,Tangent road with flat terrain,Other,Earth roads,Dry,Darkness - lights lit,Normal,Vehicle with vehicle collision,2,1,Going straight,Driver or rider,Male,Over 51,3.0,No priority to vehicle,Slight Injury
2024-10-05 12:15:00,Sunday,18-30,Male,Elementary school,Above 10yr,Lorry (41-100Q),Owner,Unknown,No defect,Other,Two-way (divided with broken lines road marking),Tangent road with flat terrain,Y Shape,Asphalt roads,Dry,Darkness - lights lit,Normal,Vehicle with vehicle collision,2,1,Going straight,Pedestrian,Male,31-50,3.0,Other,Slight Injury
2024-10-05 07:40:00,Tuesday,18-30,Male,Junior high school,Above 10yr,Other,Governmental,Unknown,No defect,Residential areas,Other,Tangent road with flat terrain,Y Shape,Asphalt roads,Wet or damp,Daylight,Normal,Collision with pedestrians,1,1,Going straight,,,,,Other,Slight Injury
2024-10-05 16:10:00,Wednesday,31-50,Male,Junior high school,2-5yr,Automobile,Owner,Above 10yr,No defect,School areas,Other,Tangent road with flat terrain,Y Shape,Asphalt roads,Dry,Daylight,Normal,Vehicle with vehicle collision,1,1,Going straight,Driver or rider,Male,18-30,3.0,Moving Backward,Slight Injury
2024-10-05 08:35:00,Wednesday,31-50,Male,Junior high school,Above 10yr,Long lorry,Owner,Above 10yr,No defect,Church areas,Two-way (divided with broken lines road marking),Tangent road with flat terrain,Y Shape,Asphalt roads,Wet or damp,Darkness - no lighting,Normal,Collision with roadside objects,2,2,Other,,,,,No distancing,Serious Injury
2024-10-05 08:35:00,Wednesday,18-30,Male,Junior high school,Above 10yr,Lorry (11-40Q),Owner,Above 10yr,No defect,Other,Other,Tangent road with flat terrain,No junction,Other,Wet or damp,Darkness - no lighting,Normal,Vehicle with vehicle collision,2,2,Going straight,Driver or rider,Male,31-50,3.0,Moving Backward,Serious Injury
2024-10-05 08:40:00,Wednesday,18-30,Male,Junior high school,Below 1yr,Long lorry,Owner,Below 1yr,Unknown,Other,Two-way (divided with broken lines road marking),Tangent road with flat terrain,No junction,Gravel roads,Wet or damp,Darkness - no lighting,Normal,Collision with roadside objects,2,2,Going straight,,,,,No priority to vehicle,Serious Injury