Time,Day_of_week,Age_band_of_driver,Sex_of_driver,Educational_level,Driving_experience,Type_of_vehicle,Owner_of_vehicle,Service_year_of_vehicle,Defect_of_vehicle,Area_accident_occured,Lanes_or_Medians,Road_allignment,Types_of_Junction,Road_surface_type,Road_surface_conditions,Light_conditions,Weather_conditions,Type_of_collision,Number_of_vehicles_involved,Number_of_casualties,Vehicle_movement,Casualty_class,Sex_of_casualty,Age_band_of_casualty,Casualty_severity,Cause_of_accident,Accident_severity
2024-10-05 18:49:00,Tuesday,18-30,Male,Junior high school,Above 10yr,Automobile,Owner,2-5yrs,Unknown,Office areas,Undivided Two way,Tangent road with flat terrain,O Shape,Gravel roads,Wet or damp,Darkness - lights lit,Normal,Vehicle with vehicle collision,2,2,Going straight,Driver or rider,Male,18-30,3.0,Driving carelessly,Serious Injury
2024-10-05 12:46:00,Friday,31-50,Male,High school,Above 10yr,Taxi,Owner,2-5yrs,Unknown,Office areas,Two-way (divided with broken lines road marking),Tangent road with flat terrain,O Shape,Asphalt roads,Wet or damp,Darkness - lights lit,Normal,Vehicle with vehicle collision,2,2,Going straight,,,,,No distancing,Serious Injury
2024-10-05 12:46:00,Friday,31-50,Male,Junior high school,5-10yr,Taxi,Owner,2-5yrs,No defect,Other,Undivided Two way,Tangent road with flat terrain,No junction,Asphalt roads,Dry,Daylight,Normal,Collision with pedestrians,3,1,Going straight,Driver or rider,Male,5,3.0,Other,Slight Injury
2024-10-05 07:40:00,Wednesday,18-30,Male,Elementary school,Unknown,Long lorry,Owner,Below 1yr,No defect,Hospital areas,Undivided Two way,Tangent road with flat terrain,No junction,Earth roads,Dry,Daylight,Normal,Vehicle with vehicle collision,3,1,Going straight,Driver or rider,Male,31-50,3.0,Changing lane to the right,Slight Injury
2024-10-05 07:40:00,Wednesday,31-50,Male,Junior high school,5-10yr,Lorry (11-40Q),Owner,2-5yrs,Unknown,Other,Undivided Two way,Tangent road with flat terrain,Crossing,Asphalt roads,Dry,Daylight,Normal,Vehicle with vehicle collision,3,1,Going straight,,,,,No distancing,Slight Injury
2024-10-05 06:00:00,Sunday,Unknown,Male,Junior high school,5-10yr,Lorry (11-40Q),Owner,Unknown,Unknown,Other,Two-way (divided with broken lines road marking),Tangent road with flat terrain,Crossing,Asphalt roads,Wet or damp,Daylight,Other,Vehicle with vehicle collision,2,1,Going straight,,,,,Driving carelessly,Slight Injury
2024-10-05 06:00:00,Sunday,18-30,Male,Junior high school,Below 1yr,Long lorry,Owner,Unknown,Unknown,Other,Undivided Two way,Tangent road with flat terrain,No junction,Asphalt roads,Wet or damp,Daylight,Other,Vehicle with vehicle collision,2,1,Going straight,Driver or rider,Male,18-30,3.0,No distancing,Slight Injury
2024-10-05 15:00:00,Saturday,31-50,Male,Junior high school,5-10yr,Turbo,Other,Unknown,Unknown,Other,Double carriageway (median),Tangent road with flat terrain,No junction,Asphalt roads,Dry,Daylight,Normal,Collision with pedestrians,1,1,Moving Backward,Driver or rider,Male,18-30,3.0,No priority to vehicle,Slight Injury
2024-10-05 18:02:00,Wednesday,31-50,Male,Elementary school,2-5yr,Long lorry,Governmental,Unknown,No defect,Other,Two-way (divided with broken lines road marking),Tangent road with mild grade and flat terrain,No junction,Earth roads,Dry,Daylight,Normal,Vehicle with vehicle collision,1,1,Going straight,,,,,Changing lane to the right,Slight Injury
2024-10-05 21:25:00,Thursday,18-30,Male,Junior high school,2-5yr,Long lorry,Owner,Above 10yr,No defect,Hospital areas,Two-way (divided with broken lines road marking),Tangent road with flat terrain,No junction,Asphalt roads,Wet or damp,Darkness - lights lit,Normal,Vehicle with vehicle collision,1,1,Going straight,Driver or rider,Male,18-30,3.0,No priority to pedestrian,Slight Injury
2024-10-05 21:25:00,Thursday,18-30,Male,Elementary school,2-5yr,Public (13-45 seats),Other,Above 10yr,No defect,Other,Two-way (divided with broken lines road marking),Tangent road with flat terrain,No junction,Asphalt roads,Wet or damp,Darkness - lights lit,Normal,Vehicle with vehicle collision,4,2,Going straight,Driver or rider,Male,18-30,3.0,No priority to vehicle,Slight Injury
2024-10-05 21:25:00,Thursday,18-30,Male,Junior high school,2-5yr,Automobile,Owner,Unknown,No defect,Other,One way,Tangent road with flat terrain,No junction,Asphalt roads,Wet or damp,Darkness - lights lit,Normal,Vehicle with vehicle collision,4,2,Going straight,Passenger,Female,5,3.0,Changing lane to the left,Slight Injury
2024-10-05 16:55:00,Friday,31-50,Male,Junior high school,Above 10yr,Automobile,Owner,2-5yrs,No defect,Other,Two-way (divided with broken lines road marking),Tangent road with mild grade and flat terrain,Y Shape,Asphalt roads,Wet or damp,Darkness - lights lit,Normal,Collision with roadside objects,4,2,Moving Backward,Passenger,Female,5,3.0,Turnover,Slight Injury
2024-10-05 16:55:00,Friday,31-50,Male,Junior high school,2-5yr,Pick up upto 10Q,Owner,Unknown,Unknown,Office areas,Two-way (divided with broken lines road marking),Tangent road with flat terrain,Y Shape,Asphalt roads,Wet or damp,Darkness - lights lit,Normal,Vehicle with vehicle collision,4,2,Going straight,Passenger,Male,5,3.0,Driving to the left,Slight Injury
2024-10-05 16:55:00,Friday,31-50,Male,Junior high school,1-2yr,Other,Owner,Unknown,Unknown,Residential areas,Two-way (divided with broken lines road marking),Tangent road with flat terrain,Crossing,Asphalt roads,Dry,Daylight,Normal,Vehicle with vehicle collision,4,1,Other,Passenger,Male,5,3.0,Driving carelessly,Slight Injury
2024-10-05 16:55:00,Friday,Unknown,Male,Junior high school,2-5yr,Stationwagen,Owner,2-5yrs,No defect,Other,Two-way (divided with broken lines road marking),Tangent road with flat terrain,Crossing,Asphalt roads,Dry,Daylight,Normal,Vehicle with vehicle collision,4,1,Other,Passenger,Male,5,3.0,Driving to the left,Slight Injury
2024-10-05 16:55:00,Friday,Unknown,Male,Junior high school,1-2yr,Other,Owner,Unknown,Unknown,Residential areas,Two-way (divided with broken lines road marking),Tangent road with flat terrain,Other,Asphalt roads,Dry,Daylight,Normal,Vehicle with vehicle collision,4,1,Going straight,Passenger,Female,5,3.0,Driving carelessly,Slight Injury
2024-10-05 20:15:00,Monday,18-30,Male,Junior high school,5-10yr,Automobile,Owner,Unknown,Unknown,Other,Undivided Two way,Tangent road with flat terrain,Other,Asphalt roads,Dry,Daylight,Normal,Collision with roadside objects,4,1,Going straight,Passenger,Male,18-30,3.0,No priority to pedestrian,Slight Injury
2024-10-05 20:15:00,Monday,18-30,Male,Junior high school,5-10yr,Automobile,Owner,2-5yrs,Unknown,Residential areas,Double carriageway (median),Tangent road with flat terrain,Crossing,Asphalt roads,Wet or damp,Darkness - lights lit,Cloudy,Vehicle with vehicle collision,3,2,Going straight,Passenger,Female,18-30,3.0,Driving carelessly,Slight Injury
2024-10-05 20:15:00,Monday,18-30,Male,Elementary school,2-5yr,Long lorry,Owner,Unknown,Unknown,Office areas,Two-way (divided with broken lines road marking),Tangent road with flat terrain,Crossing,Earth roads,Wet or damp,Darkness - lights lit,Cloudy,Vehicle with vehicle collision,3,2,Going straight,Passenger,Male,Under 18,3.0,Changing lane to the right,Slight Injury
2024-10-05 15:30:00,Tuesday,31-50,Male,Elementary school,Below 1yr,Public (13-45 seats),Owner,5-10yrs,Unknown,Office areas,Two-way (divided with broken lines road marking),Tangent road with mild grade and flat terrain,Crossing,Asphalt roads,Wet or damp,Darkness - lights lit,Cloudy,Vehicle with vehicle collision,3,2,Other,Driver or rider,Male,31-50,3.0,Moving Backward,Slight Injury
2024-10-05 20:17:00,Thursday,31-50,Male,Unknown,Unknown,Public (13-45 seats),Owner,Unknown,Unknown,Office areas,Double carriageway (median),Tangent road with flat terrain,Y Shape,Asphalt roads,Wet or damp,Darkness - lights lit,Raining,Vehicle with vehicle collision,2,2,Going straight,Driver or rider,Male,18-30,3.0,Driving carelessly,Slight Injury
2024-10-05 20:17:00,Thursday,31-50,Male,Junior high school,Above 10yr,Lorry (11-40Q),Owner,Unknown,Unknown,Recreational areas,Two-way (divided with broken lines road marking),Tangent road with flat terrain,Y Shape,Asphalt roads,Wet or damp,Darkness - lights lit,Raining,Vehicle with vehicle collision,2,2,Getting off,Driver or rider,Male,18-30,2.0,Changing lane to the right,Slight Injury
2024-10-05 13:07:00,Sunday,31-50,Male,High school,1-2yr,Lorry (11-40Q),Owner,Unknown,Unknown,Other,Two-way (divided with broken lines road marking),Tangent road with flat terrain,No junction,Asphalt roads,Snow,Daylight,Snow,Vehicle with vehicle collision,3,2,Going straight,Pedestrian,Male,18-30,2.0,Driving carelessly,Slight Injury
2024-10-05 13:07:00,Sunday,31-50,Male,Junior high school,5-10yr,Pick up upto 10Q,Owner,Unknown,Unknown,Other,Other,Tangent road with flat terrain,No junction,Earth roads,Snow,Daylight,Snow,Vehicle with vehicle collision,3,2,Going straight,,,,,Driving carelessly,Slight Injury
2024-10-05 13:07:00,Sunday,31-50,Male,Junior high school,1-2yr,Automobile,Owner,5-10yrs,Unknown,Other,Two-way (divided with broken lines road marking),Tangent road with flat terrain,No junction,Asphalt roads,Snow,Daylight,Snow,Vehicle with vehicle collision,3,2,Going straight,Driver or rider,Male,5,2.0,Driving carelessly,Slight Injury
2024-10-05 16:30:00,Tuesday,31-50,Male,Junior high school,Above 10yr,Automobile,Owner,Unknown,Unknown,Other,Double carriageway (median),Tangent road with flat terrain,No junction,Asphalt roads,Snow,Daylight,Snow,Vehicle with vehicle collision,3,2,Going straight,Driver or rider,Male,18-30,3.0,Changing lane to the right,Slight Injury
2024-10-05 16:30:00,Tuesday,31-50,Male,Junior high school,Below 1yr,Automobile,Owner,2-5yrs,No defect,Other,Undivided Two way,Tangent road with mountainous terrain and,Crossing,Asphalt roads,Snow,Daylight,Snow,Vehicle with vehicle collision,3,2,Going straight,,,,,Changing lane to the right,Slight Injury
2024-10-05 15:18:00,Monday,31-50,Male,Elementary school,2-5yr,Long lorry,Owner,2-5yrs,No defect,Office areas,Two-way (divided with broken lines road marking),Tangent road with flat terrain,Crossing,Asphalt roads,Snow,Daylight,Snow,Vehicle with vehicle collision,3,2,Going straight,,,,,Driving carelessly,Slight Injury
2024-10-05 17:40:00,Wednesday,18-30,Male,Junior high school,5-10yr,Long lorry,Owner,Above 10yr,No defect,Office areas,Two-way (divided with broken lines road marking),Tangent road with flat terrain,Y Shape,Asphalt roads,Snow,Daylight,Snow,Collision with roadside objects,3,2,Moving Backward,Driver or rider,Female,18-30,3.0,Overtaking,Slight Injury
2024-10-05 18:32:00,Tuesday,18-30,Male,Elementary school,5-10yr,Automobile,Owner,Unknown,No defect,Office areas,One way,Tangent road with flat terrain,Y Shape,Asphalt roads,Snow,Daylight,Snow,Collision with roadside objects,3,2,Going straight,Driver or rider,Male,Over 51,3.0,Changing lane to the right,Slight Injury
2024-10-05 18:32:00,Tuesday,18-30,Male,Junior high school,1-2yr,Stationwagen,Owner,Above 10yr,No defect,Residential areas,Double carriageway (median),Tangent road with flat terrain,Y Shape,Asphalt roads,Wet or damp,Daylight,Snow,Collision with roadside objects,2,1,Other,,,,,No distancing,Slight Injury
2024-10-05 18:32:00,Tuesday,31-50,Male,Junior high school,5-10yr,Other,Governmental,Below 1yr,No defect,Recreational areas,Two-way (divided with broken lines road marking),Tangent road with flat terrain,No junction,Asphalt roads,Wet or damp,Daylight,Snow,Collision with pedestrians,2,1,Going straight,Pedestrian,Male,31-50,3.0,Other,Slight Injury
2024-10-05 18:32:00,Tuesday,Over 51,Male,Unknown,Unknown,Other,Owner,Unknown,No defect,Church areas,Double carriageway (median),Tangent road with flat terrain,No junction,Other,Dry,Darkness - no lighting,Snow,Vehicle with vehicle collision,2,2,Going straight,,,,,Changing lane to the right,Slight Injury
2024-10-05 18:35:00,Saturday,31-50,Male,High school,2-5yr,Special vehicle,Owner,Unknown,No defect,Office areas,Undivided Two way,Tangent road with flat terrain,Y Shape,Asphalt roads,Dry,Darkness - no lighting,Snow,Vehicle with vehicle collision,2,2,Going straight,Driver or rider,Female,18-30,3.0,Changing lane to the right,Slight Injury
2024-10-05 18:35:00,Saturday,31-50,Male,Junior high school,1-2yr,Lorry (41-100Q),Owner,Unknown,No defect,Other,Two-way (divided with broken lines road marking),Tangent road with flat terrain,Y Shape,Asphalt roads,Wet or damp,Darkness - lights lit,Normal,Collision with pedestrians,2,6,Going straight,,,,,Overtaking,Slight Injury
2024-10-05 12:10:00,Friday,18-30,Male,Junior high school,5-10yr,Pick up upto 10Q,Owner,Unknown,Unknown,Residential areas,Other,Steep grade downward with mountainous terrain,Y Shape,Asphalt roads,Wet or damp,Darkness - lights lit,Normal,Vehicle with vehicle collision,2,6,Other,Driver or rider,Male,18-30,3.0,Other,Slight Injury
2024-10-05 12:10:00,Friday,18-30,Male,Junior high school,2-5yr,Lorry (11-40Q),Owner,Unknown,No defect,School areas,Other,Tangent road with flat terrain,Y Shape,Asphalt roads,Wet or damp,Darkness - lights lit,Normal,Vehicle with vehicle collision,2,6,Moving Backward,Passenger,Male,18-30,3.0,Driving to the left,Slight Injury
2024-10-05 15:08:00,Monday,18-30,Male,Junior high school,No Licence,Lorry (41-100Q),Owner,1-2yr,No defect,Office areas,Two-way (divided with broken lines road marking),Tangent road with flat terrain,Crossing,Asphalt roads,Wet or damp,Darkness - lights lit,Normal,Vehicle with vehicle collision,2,6,Other,Driver or rider,Male,31-50,3.0,Overtaking,Slight Injury
2024-10-05 15:08:00,Monday,18-30,Male,Junior high school,Above 10yr,Motorcycle,Owner,Above 10yr,No defect,Other,Other,Tangent road with flat terrain,Crossing,Asphalt roads,Wet or damp,Darkness - lights lit,Normal,Vehicle with vehicle collision,2,6,Going straight,Driver or rider,Male,Under 18,3.0,No priority to vehicle,Slight Injury
2024-10-05 15:08:00,Monday,Over 51,Male,Junior high school,Above 10yr,Automobile,Owner,Unknown,No defect,Other,Two-way (divided with broken lines road marking),Tangent road with flat terrain,Crossing,Asphalt roads,Wet or damp,Darkness - lights lit,Normal,Vehicle with vehicle collision,2,6,Going straight,,,,,Moving Backward,Slight Injury
2024-10-05 15:08:00,Monday,Over 51,Male,Junior high school,5-10yr,Automobile,Organization,2-5yrs,Unknown,Office areas,Two-way (divided with broken lines road marking),Tangent road with mountainous terrain and,No junction,Earth roads,Snow,Daylight,Normal,Vehicle with vehicle collision,4,2,Other,Driver or rider,Female,18-30,2.0,Other,Slight Injury
2024-10-05 08:54:00,Thursday,18-30,Male,High school,2-5yr,Automobile,Owner,Unknown,Unknown,Office areas,Two-way (divided with broken lines road marking),Tangent road with flat terrain,No junction,Asphalt roads,Snow,Daylight,Normal,Collision with roadside objects,4,2,Going straight,,,,,No priority to vehicle,Slight Injury
2024-10-05 16:51:00,Wednesday,31-50,Male,High school,2-5yr,Stationwagen,Owner,5-10yrs,Unknown,Other,Undivided Two way,Tangent road with flat terrain,No junction,Asphalt roads,Snow,Daylight,Normal,Collision with pedestrians,4,2,Going straight,Driver or rider,Male,31-50,3.0,No priority to pedestrian,Slight Injury
2024-10-05 19:02:00,Saturday,18-30,Male,Junior high school,Below 1yr,Other,Owner,5-10yrs,No defect,Office areas,Two-way (divided with broken lines road marking),Tangent road with flat terrain,No junction,Asphalt roads,Snow,Daylight,Normal,Vehicle with vehicle collision,4,2,Going straight,,,,,Changing lane to the right,Slight Injury
2024-10-05 19:02:00,Saturday,18-30,Male,Junior high school,Above 10yr,Public (> 45 seats),Owner,2-5yrs,No defect,Industrial areas,Two-way (divided with broken lines road marking),Tangent road with flat terrain,Y Shape,Asphalt roads,Wet or damp,Daylight,Snow,Vehicle with vehicle collision,2,1,Going straight,,,,,Changing lane to the right,Slight Injury
2024-10-05 08:10:00,Monday,18-30,Male,Junior high school,Above 10yr,Public (> 45 seats),Owner,Unknown,No defect,Office areas,Undivided Two way,Tangent road with flat terrain,Y Shape,Asphalt roads,Wet or damp,Daylight,Snow,Collision with roadside objects,2,1,Going straight,Driver or rider,Female,31-50,3.0,Changing lane to the right,Slight Injury
2024-10-05 08:10:00,Monday,31-50,Male,Elementary school,2-5yr,Stationwagen,Owner,Unknown,Unknown,Other,Undivided Two way,Tangent road with flat terrain,Y Shape,Asphalt roads,Dry,Darkness - lights lit,Normal,Vehicle with vehicle collision,2,1,Going straight,Pedestrian,Male,Over 51,3.0,Driving to the left,Slight Injury
2024-10-05 17:50:00,Saturday,18-30,Male,Junior high school,2-5yr,Automobile,Owner,Above 10yr,Unknown,Other,Two-way (divided with broken lines road marking),Tangent road with flat terrain,Crossing,Asphalt roads,Dry,Darkness - lights lit,Normal,Vehicle with vehicle collision,2,1,Going straight,Driver or rider,Male,18-30,3.0,Changing lane to the left,Slight Injury
2024-10-05 17:50:00,Saturday,31-50,Male,Unknown,Above 10yr,Bicycle,Owner,Unknown,Unknown,Office areas,Two-way (divided with broken lines road marking),Tangent road with flat terrain,Crossing,Asphalt roads,Dry,Daylight,Normal,Vehicle with vehicle collision,1,1,Other,,,,,Moving Backward,Slight Injury
2024-10-05 20:51:00,Tuesday,18-30,Male,Elementary school,5-10yr,Automobile,Other,Unknown,Unknown,Church areas,Other,Tangent road with flat terrain,Crossing,Asphalt roads,Wet or damp,Darkness - lights lit,Cloudy,Vehicle with vehicle collision,2,2,Going straight,Driver or rider,Male,Under 18,3.0,Driving at high speed,Slight Injury
2024-10-05 14:00:00,Saturday,31-50,Male,Junior high school,Below 1yr,Lorry (41-100Q),Owner,Unknown,Unknown,Office areas,Other,Tangent road with flat terrain,No junction,Asphalt roads,Wet or damp,Darkness - lights lit,Cloudy,Vehicle with vehicle collision,2,2,Going straight,Pedestrian,Female,Under 18,3.0,Moving Backward,Slight Injury
2024-10-05 14:00:00,Saturday,18-30,Female,Elementary school,Below 1yr,Automobile,Owner,Unknown,Unknown,Residential areas,Other,Tangent road with flat terrain,Crossing,Asphalt roads,Wet or damp,Darkness - lights lit,Cloudy,Vehicle with vehicle collision,2,2,Going straight,Driver or rider,Male,31-50,3.0,No distancing,Slight Injury
2024-10-05 14:43:00,Friday,Over 51,Male,Junior high school,Below 1yr,Public (13-45 seats),Owner,Unknown,No defect,Recreational areas,Two-way (divided with broken lines road marking),Tangent road with flat terrain,Crossing,Asphalt roads,Snow,Darkness - lights lit,Other,Vehicle with vehicle collision,2,3,Going straight,,,,,Other,Slight Injury
2024-10-05 16:26:00,Tuesday,Over 51,Male,Junior high school,5-10yr,Special vehicle,Governmental,5-10yrs,Unknown,Other,Other,Tangent road with flat terrain,Crossing,Asphalt roads,Snow,Darkness - lights lit,Other,Vehicle with vehicle collision,2,3,Going straight,,,,,No priority to vehicle,Slight Injury
2024-10-05 16:26:00,Tuesday,Over 51,Male,Junior high school,5-10yr,Automobile,Owner,Unknown,No defect,Church areas,Undivided Two way,Tangent road with flat terrain,Crossing,Asphalt roads,Snow,Darkness - lights lit,Other,Collision with roadside objects,2,3,Going straight,Driver or rider,Male,18-30,3.0,Changing lane to the right,Slight Injury
2024-10-05 13:54:00,Saturday,31-50,Male,High school,5-10yr,Public (13-45 seats),Owner,Unknown,No defect,Other,One way,Tangent road with flat terrain,No junction,Asphalt roads,Dry,Daylight,Normal,Collision with roadside objects,1,1,Moving Backward,,,,,Other,Slight Injury
2024-10-05 13:54:00,Saturday,31-50,Male,Junior high school,5-10yr,Other,Owner,Above 10yr,No defect,Other,Two-way (divided with broken lines road marking),Tangent road with flat terrain,No junction,Earth roads,Dry,Daylight,Normal,Collision with roadside objects,2,1,Going straight,Driver or rider,Male,Under 18,3.0,No distancing,Slight Injury
2024-10-05 13:54:00,Saturday,18-30,Male,Junior high school,2-5yr,Lorry (41-100Q),Owner,5-10yrs,Unknown,Church areas,Undivided Two way,Tangent road with flat terrain,Y Shape,Asphalt roads,Dry,Daylight,Normal,Vehicle with vehicle collision,2,1,Going straight,Pedestrian,Male,18-30,3.0,Driving carelessly,Slight Injury
2024-10-05 15:31:00,Monday,31-50,Male,Elementary school,5-10yr,Lorry (41-100Q),Owner,Unknown,Unknown,Office areas,Two-way (divided with broken lines road marking),Tangent road with mild grade and flat terrain,Y Shape,Other,Wet or damp,Darkness - lights lit,Normal,Collision with pedestrians,1,1,Going straight,,,,,No distancing,Slight Injury
2024-10-05 15:31:00,Monday,Over 51,Male,Junior high school,2-5yr,Public (12 seats),Owner,Unknown,Unknown,Office areas,Double carriageway (median),Tangent road with flat terrain,Y Shape,Asphalt roads,Wet or damp,Darkness - lights lit,Raining,Vehicle with vehicle collision,1,1,Going straight,Driver or rider,Female,31-50,3.0,Moving Backward,Slight Injury
2024-10-05 12:30:00,Thursday,18-30,Male,Junior high school,Below 1yr,Lorry (41-100Q),Organization,5-10yrs,No defect,Church areas,Two-way (divided with broken lines road marking),Tangent road with flat terrain,Other,Asphalt roads,Wet or damp,Daylight,Windy,Collision with pedestrians,2,1,Going straight,Passenger,Female,31-50,3.0,No distancing,Slight Injury
2024-10-05 18:45:00,Wednesday,18-30,Male,Elementary school,2-5yr,Lorry (41-100Q),Organization,2-5yrs,No defect,Other,Undivided Two way,Tangent road with mountainous terrain and,Crossing,Asphalt roads,Wet or damp,Daylight,Windy,Vehicle with vehicle collision,2,1,Going straight,Passenger,Female,Over 51,3.0,Moving Backward,Slight Injury
2024-10-05 18:45:00,Wednesday,31-50,Male,Junior high school,2-5yr,Public (12 seats),Owner,Unknown,No defect,Other,Undivided Two way,Tangent road with flat terrain,Crossing,Asphalt roads,Dry,Daylight,Normal,Collision with pedestrians,1,1,Going straight,Passenger,Female,18-30,3.0,No priority to pedestrian,Slight Injury
2024-10-05 19:12:00,Tuesday,31-50,Male,Junior high school,2-5yr,Public (> 45 seats),Owner,Unknown,No defect,Church areas,Undivided Two way,Tangent road with flat terrain,No junction,Asphalt roads,Dry,Darkness - lights lit,Normal,Vehicle with vehicle collision,1,1,Getting off,Passenger,Female,31-50,3.0,Changing lane to the left,Slight Injury
2024-10-05 17:25:00,Friday,31-50,Male,Junior high school,5-10yr,Automobile,Owner,5-10yrs,No defect,Industrial areas,Two-way (divided with broken lines road marking),Tangent road with mild grade and flat terrain,No junction,Asphalt roads,Dry,Daylight,Normal,Vehicle with vehicle collision,2,1,Going straight,Pedestrian,Female,18-30,3.0,No distancing,Slight Injury
2024-10-05 17:25:00,Friday,31-50,Male,Junior high school,5-10yr,Pick up upto 10Q,Owner,Unknown,No defect,Office areas,Undivided Two way,Tangent road with flat terrain,No junction,Asphalt roads,Dry,Daylight,Normal,Vehicle with vehicle collision,2,1,Going straight,,,,,Other,Slight Injury
2024-10-05 12:48:00,Friday,31-50,Male,Junior high school,Unknown,Stationwagen,Owner,Unknown,No defect,School areas,Undivided Two way,Tangent road with flat terrain,No junction,Asphalt roads,Dry,Daylight,Normal,Vehicle with vehicle collision,2,1,Turnover,Driver or rider,Male,31-50,3.0,No distancing,Slight Injury
2024-10-05 07:10:00,Friday,18-30,Male,Junior high school,5-10yr,Other,Owner,Unknown,No defect,Other,Undivided Two way,Tangent road with flat terrain,Crossing,Asphalt roads,Dry,Daylight,Normal,Vehicle with vehicle collision,2,1,Moving Backward,Driver or rider,Male,31-50,3.0,No priority to pedestrian,Slight Injury
2024-10-05 07:10:00,Friday,18-30,Male,Junior high school,2-5yr,Other,Owner,Unknown,No defect,Church areas,One way,Tangent road with flat terrain,Y Shape,Gravel roads,Dry,Darkness - lights lit,Normal,Vehicle with vehicle collision,2,1,Going straight,,,,,Moving Backward,Serious Injury
2024-10-05 17:10:00,Friday,18-30,Male,Junior high school,Below 1yr,Automobile,Owner,Unknown,No defect,Office areas,Undivided Two way,Tangent road with flat terrain,Y Shape,Asphalt roads,Dry,Darkness - lights lit,Normal,Vehicle with vehicle collision,2,1,Moving Backward,Pedestrian,Female,Over 51,3.0,No priority to pedestrian,Serious Injury
2024-10-05 17:10:00,Friday,31-50,Male,Junior high school,1-2yr,Stationwagen,Owner,Unknown,No defect,Other,Other,Steep grade downward with mountainous terrain,No junction,Asphalt roads,Dry,Daylight,Normal,Vehicle with vehicle collision,1,1,Going straight,Pedestrian,Female,18-30,3.0,No distancing,Slight Injury
2024-10-05 17:10:00,Friday,18-30,Male,Junior high school,Below 1yr,Pick up upto 10Q,Owner,2-5yrs,No defect,Other,Other,Tangent road with flat terrain,Crossing,Asphalt roads,Dry,Darkness - no lighting,Normal,Vehicle with vehicle collision,1,1,Other,Driver or rider,Male,31-50,3.0,No priority to pedestrian,Slight Injury
2024-10-05 09:05:00,Friday,31-50,Female,Junior high school,Above 10yr,Lorry (41-100Q),Owner,Unknown,Unknown,Other,Two-way (divided with broken lines road marking),Tangent road with flat terrain,No junction,Asphalt roads,Wet or damp,Darkness - lights lit,Normal,Vehicle with vehicle collision,2,2,Going straight,,,,,Driving carelessly,Slight Injury
2024-10-05 09:05:00,Friday,18-30,Female,Junior high school,Below 1yr,Automobile,Owner,2-5yrs,Unknown,Other,One way,Tangent road with flat terrain,Crossing,Asphalt roads,Wet or damp,Darkness - lights lit,Normal,Vehicle with vehicle collision,2,2,Other,,,,,Getting off the vehicle improperly,Slight Injury
2024-10-05 16:15:00,Wednesday,31-50,Male,Junior high school,2-5yr,Other,Owner,Above 10yr,No defect,Church areas,Two-way (divided with broken lines road marking),Tangent road with mild grade and flat terrain,Crossing,Asphalt roads,Wet or damp,Darkness - lights lit,Normal,Vehicle with vehicle collision,2,2,Going straight,Driver or rider,Male,18-30,3.0,Driving carelessly,Slight Injury
2024-10-05 18:00:00,Sunday,Unknown,Female,Junior high school,1-2yr,Lorry (41-100Q),Governmental,2-5yrs,No defect,Residential areas,Two-way (divided with broken lines road marking),Tangent road with flat terrain,No junction,Asphalt roads,Dry,Daylight,Normal,Rollover,3,3,Other,Passenger,Male,31-50,3.0,Changing lane to the left,Slight Injury
2024-10-05 13:55:00,Sunday,Over 51,Male,Elementary school,5-10yr,Lorry (41-100Q),Owner,2-5yrs,No defect,Office areas,Two-way (divided with broken lines road marking),Tangent road with mild grade and flat terrain,No junction,Asphalt roads,Dry,Daylight,Normal,Collision with roadside objects,3,3,Going straight,Passenger,Female,18-30,3.0,No priority to vehicle,Slight Injury
2024-10-05 13:55:00,Sunday,18-30,Male,Junior high school,Below 1yr,Lorry (41-100Q),Owner,2-5yrs,No defect,Other,Two-way (divided with broken lines road marking),Tangent road with flat terrain,Y Shape,Asphalt roads,Dry,Daylight,Normal,Vehicle with vehicle collision,3,3,Going straight,Driver or rider,Male,18-30,3.0,Changing lane to the right,Slight Injury
2024-10-05 13:55:00,Sunday,18-30,Male,Junior high school,Below 1yr,Pick up upto 10Q,Owner,2-5yrs,No defect,Office areas,Two-way (divided with broken lines road marking),Tangent road with mild grade and flat terrain,Y Shape,Asphalt roads,Dry,Daylight,Normal,Vehicle with vehicle collision,3,3,Going straight,Pedestrian,Male,Over 51,2.0,Changing lane to the right,Slight Injury
2024-10-05 13:55:00,Sunday,18-30,Male,Writing & reading,Below 1yr,Pick up upto 10Q,Owner,2-5yrs,No defect,Other,Two-way (divided with broken lines road marking),Tangent road with flat terrain,Y Shape,Asphalt roads,Dry,Daylight,Normal,Vehicle with vehicle collision,3,3,Going straight,,,,,No distancing,Slight Injury
2024-10-05 19:20:00,Sunday,Unknown,Male,Junior high school,1-2yr,Automobile,Owner,1-2yr,No defect,Church areas,Undivided Two way,Tangent road with flat terrain,Y Shape,Asphalt roads,Dry,Darkness - no lighting,Normal,Collision with pedestrians,2,2,Going straight,Driver or rider,Male,18-30,3.0,No distancing,Slight Injury