Time,Day_of_week,Age_band_of_driver,Sex_of_driver,Educational_level,Driving_experience,Type_of_vehicle,Owner_of_vehicle,Service_year_of_vehicle,Defect_of_vehicle,Area_accident_occured,Lanes_or_Medians,Road_allignment,Types_of_Junction,Road_surface_type,Road_surface_conditions,Light_conditions,Weather_conditions,Type_of_collision,Number_of_vehicles_involved,Number_of_casualties,Vehicle_movement,Casualty_class,Sex_of_casualty,Age_band_of_casualty,Casualty_severity,Cause_of_accident,Accident_severity
2024-10-05 19:20:00,Sunday,31-50,Male,Elementary school,5-10yr,Other,Owner,Unknown,No defect,Office areas,Two-way (divided with broken lines road marking),Tangent road with flat terrain,Y Shape,Asphalt roads,Dry,Darkness - no lighting,Normal,Collision with pedestrians,2,2,Other,,,,,Changing lane to the left,Slight Injury
2024-10-05 19:20:00,Sunday,31-50,Male,Junior high school,2-5yr,Other,Owner,Unknown,No defect,Other,Two-way (divided with broken lines road marking),Tangent road with flat terrain,Crossing,Asphalt roads,Dry,Darkness - no lighting,Normal,Vehicle with vehicle collision,2,2,Other,Driver or rider,Male,Under 18,3.0,Changing lane to the right,Slight Injury
2024-10-05 11:58:00,Saturday,31-50,Male,Junior high school,Below 1yr,Automobile,Owner,Unknown,No defect,Other,Two-way (divided with broken lines road marking),Tangent road with flat terrain,Y Shape,Asphalt roads,Dry,Daylight,Normal,Vehicle with vehicle collision,1,1,Going straight,,,,,No priority to vehicle,Slight Injury
2024-10-05 12:53:00,Sunday,31-50,Male,Writing & reading,5-10yr,Motorcycle,Owner,Above 10yr,Unknown,School areas,Two-way (divided with broken lines road marking),Tangent road with flat terrain,Y Shape,Asphalt roads,Wet or damp,Darkness - lights lit,Normal,Collision with pedestrians,2,1,Going straight,Driver or rider,Male,18-30,3.0,Changing lane to the left,Slight Injury
2024-10-05 12:53:00,Sunday,18-30,Male,Writing & reading,5-10yr,Automobile,Owner,Unknown,No defect,Church areas,Double carriageway (median),Tangent road with mild grade and flat terrain,Y Shape,Asphalt roads,Wet or damp,Darkness - lights lit,Normal,Collision with pedestrians,2,1,Getting off,,,,,No priority to vehicle,Slight Injury
2024-10-05 12:53:00,Sunday,18-30,Male,Junior high school,5-10yr,Automobile,Owner,Unknown,Unknown,School areas,Undivided Two way,Tangent road with flat terrain,No junction,Other,Wet or damp,Daylight,Raining,Collision with pedestrians,2,2,Going straight,Passenger,Male,18-30,3.0,Moving Backward,Slight Injury
2024-10-05 20:40:00,Friday,18-30,Male,Junior high school,2-5yr,Public (12 seats),Owner,2-5yrs,No defect,Residential areas,Double carriageway (median),Tangent road with flat terrain,No junction,Asphalt roads,Wet or damp,Daylight,Raining,Vehicle with vehicle collision,2,2,Going straight,,,,,Turnover,Slight Injury
2024-10-05 20:40:00,Friday,31-50,Male,Junior high school,Above 10yr,Automobile,Other,Unknown,Unknown,Office areas,Two-way (divided with broken lines road marking),Tangent road with flat terrain,Y Shape,Asphalt roads,Wet or damp,Daylight,Raining,Collision with roadside objects,2,2,Going straight,Driver or rider,Male,31-50,3.0,No distancing,Slight Injury
2024-10-05 12:44:00,Tuesday,Under 18,Male,Junior high school,5-10yr,Public (> 45 seats),Owner,Unknown,Unknown,Office areas,Undivided Two way,Tangent road with flat terrain,Y Shape,Asphalt roads,Dry,Daylight,Normal,Vehicle with vehicle collision,2,1,Going straight,,,,,No distancing,Slight Injury
2024-10-05 12:44:00,Tuesday,18-30,Male,Junior high school,Above 10yr,Lorry (41-100Q),Governmental,5-10yrs,No defect,Church areas,Two-way (divided with broken lines road marking),Tangent road with flat terrain,Y Shape,Asphalt roads,Dry,Daylight,Normal,Vehicle with vehicle collision,2,1,Going straight,Driver or rider,Male,18-30,3.0,No distancing,Slight Injury
2024-10-05 08:50:00,Thursday,31-50,Male,Junior high school,2-5yr,Public (> 45 seats),Owner,2-5yrs,Unknown,Residential areas,Undivided Two way,Tangent road with flat terrain,Y Shape,Asphalt roads,Dry,Daylight,Normal,Collision with roadside objects,1,1,Getting off,Driver or rider,Male,Under 18,3.0,Changing lane to the left,Serious Injury
2024-10-05 08:50:00,Thursday,18-30,Male,Junior high school,Below 1yr,Other,Owner,Unknown,No defect,Office areas,Other,Tangent road with flat terrain,Y Shape,Asphalt roads,Dry,Daylight,Normal,Vehicle with vehicle collision,1,1,Going straight,,,,,No priority to vehicle,Slight Injury
2024-10-05 08:08:00,Tuesday,18-30,Male,Junior high school,Below 1yr,Other,Owner,2-5yrs,No defect,Residential areas,One way,Tangent road with flat terrain,Y Shape,Asphalt roads,Dry,Darkness - lights lit,Normal,Vehicle with vehicle collision,3,3,Going straight,Driver or rider,Female,31-50,3.0,Driving at high speed,Slight Injury
2024-10-05 15:33:00,Tuesday,31-50,Male,Junior high school,5-10yr,Automobile,Owner,2-5yrs,No defect,Other,Two-way (divided with broken lines road marking),Tangent road with flat terrain,Y Shape,Other,Dry,Darkness - lights lit,Normal,Vehicle with vehicle collision,3,3,Other,Passenger,Male,18-30,3.0,Overtaking,Slight Injury
2024-10-05 15:33:00,Tuesday,31-50,Male,Junior high school,2-5yr,Automobile,Governmental,2-5yrs,No defect,Other,Two-way (divided with broken lines road marking),Tangent road with flat terrain,Crossing,Asphalt roads,Dry,Darkness - lights lit,Normal,Vehicle with vehicle collision,3,3,Going straight,,,,,Other,Slight Injury
2024-10-05 18:20:00,Sunday,18-30,Male,Elementary school,Below 1yr,Lorry (41-100Q),Owner,Unknown,No defect,Residential areas,Two-way (divided with broken lines road marking),Tangent road with flat terrain,Crossing,Asphalt roads,Dry,Darkness - lights lit,Normal,Collision with pedestrians,3,3,Going straight,,,,,Changing lane to the left,Slight Injury
2024-10-05 18:20:00,Sunday,Over 51,Male,Junior high school,2-5yr,Automobile,Owner,5-10yrs,No defect,Industrial areas,Undivided Two way,Tangent road with flat terrain,Crossing,Asphalt roads,Dry,Darkness - lights lit,Normal,Rollover,2,1,Going straight,Driver or rider,Male,18-30,3.0,No priority to pedestrian,Slight Injury
2024-10-05 09:55:00,Monday,Over 51,Male,Junior high school,5-10yr,Public (13-45 seats),Owner,2-5yrs,No defect,Other,Undivided Two way,Steep grade downward with mountainous terrain,Crossing,Asphalt roads,Dry,Darkness - lights lit,Normal,Vehicle with vehicle collision,2,1,Going straight,Driver or rider,Male,31-50,2.0,Changing lane to the left,Slight Injury
2024-10-05 09:55:00,Monday,Over 51,Male,High school,Above 10yr,Automobile,Owner,1-2yr,No defect,Office areas,Undivided Two way,Tangent road with flat terrain,Crossing,Asphalt roads,Dry,Daylight,Normal,Vehicle with vehicle collision,2,1,Going straight,,,,,No distancing,Slight Injury
2024-10-05 20:16:00,Wednesday,31-50,Male,High school,Above 10yr,Public (> 45 seats),Organization,2-5yrs,No defect,Other,Two-way (divided with broken lines road marking),Tangent road with mountainous terrain and,No junction,Asphalt roads,Dry,Daylight,Normal,Vehicle with vehicle collision,2,1,Reversing,Driver or rider,Male,31-50,3.0,Moving Backward,Slight Injury
2024-10-05 09:05:00,Monday,31-50,Male,Junior high school,5-10yr,Lorry (41-100Q),Governmental,1-2yr,Unknown,Other,Undivided Two way,Tangent road with flat terrain,No junction,Asphalt roads,Dry,Daylight,Other,Collision with roadside objects,3,4,Other,,,,,Changing lane to the left,Serious Injury
2024-10-05 09:05:00,Monday,31-50,Male,Elementary school,1-2yr,Automobile,Owner,Unknown,No defect,Other,Two-way (divided with broken lines road marking),Tangent road with flat terrain,Y Shape,Asphalt roads,Dry,Daylight,Other,Vehicle with vehicle collision,3,4,Going straight,,,,,Other,Serious Injury
2024-10-05 09:05:00,Monday,Unknown,Male,Elementary school,5-10yr,Lorry (11-40Q),Owner,2-5yrs,No defect,Other,Double carriageway (median),Tangent road with flat terrain,Y Shape,Other,Dry,Daylight,Other,Rollover,3,4,Going straight,Driver or rider,Male,5,3.0,No distancing,Serious Injury
2024-10-05 20:00:00,Wednesday,Over 51,Male,Junior high school,5-10yr,Public (13-45 seats),Owner,Unknown,7,Office areas,Undivided Two way,Tangent road with flat terrain,Y Shape,Other,Dry,Daylight,Other,Collision with roadside objects,3,4,Going straight,Driver or rider,Male,18-30,3.0,Moving Backward,Serious Injury
2024-10-05 11:30:00,Tuesday,18-30,Male,Junior high school,1-2yr,Public (13-45 seats),Governmental,1-2yr,No defect,Other,Two-way (divided with broken lines road marking),Tangent road with flat terrain,Y Shape,Asphalt roads,Dry,Daylight,Normal,Vehicle with vehicle collision,1,1,Going straight,,,,,No distancing,Slight Injury
2024-10-05 11:30:00,Tuesday,18-30,Male,Junior high school,5-10yr,Other,Other,Unknown,Unknown,Other,Other,Tangent road with flat terrain,Y Shape,Asphalt roads,Dry,Daylight,Normal,Vehicle with vehicle collision,1,1,Going straight,Driver or rider,Male,18-30,3.0,Changing lane to the left,Serious Injury
2024-10-05 11:30:00,Tuesday,Under 18,Male,High school,Above 10yr,Long lorry,Organization,Unknown,No defect,Other,Two-way (divided with broken lines road marking),Tangent road with flat terrain,Crossing,Asphalt roads,Wet or damp,Darkness - lights lit,Normal,Vehicle with vehicle collision,2,1,Going straight,,,,,Changing lane to the left,Slight Injury
2024-10-05 11:30:00,Tuesday,Under 18,Male,Unknown,Below 1yr,Lorry (41-100Q),Owner,Above 10yr,Unknown,Other,Other,Steep grade downward with mountainous terrain,Crossing,Asphalt roads,Wet or damp,Darkness - lights lit,Normal,Vehicle with vehicle collision,2,1,Going straight,Passenger,Female,Over 51,3.0,No priority to pedestrian,Slight Injury
2024-10-05 11:30:00,Tuesday,Under 18,Male,Writing & reading,5-10yr,Lorry (11-40Q),Owner,Unknown,Unknown,Office areas,Undivided Two way,Tangent road with flat terrain,Crossing,Asphalt roads with some distress,Wet or damp,Daylight,Fog or mist,Vehicle with vehicle collision,2,1,Going straight,Pedestrian,Female,Over 51,3.0,Changing lane to the left,Slight Injury
2024-10-05 11:30:00,Tuesday,31-50,Male,Above high school,Above 10yr,Lorry (41-100Q),Owner,Unknown,No defect,Office areas,One way,Tangent road with flat terrain,Crossing,Other,Wet or damp,Daylight,Fog or mist,Vehicle with vehicle collision,2,1,Going straight,Driver or rider,Male,Under 18,3.0,Driving carelessly,Slight Injury
2024-10-05 11:30:00,Tuesday,18-30,Male,High school,Below 1yr,Public (12 seats),Owner,Above 10yr,No defect,Church areas,Other,Tangent road with flat terrain,Y Shape,Asphalt roads,Dry,Daylight,Normal,Collision with pedestrians,2,1,Moving Backward,Driver or rider,Female,31-50,3.0,Driving carelessly,Slight Injury
2024-10-05 14:00:00,Saturday,31-50,Male,Junior high school,1-2yr,Other,Owner,Unknown,No defect,Office areas,Double carriageway (median),Tangent road with flat terrain,Y Shape,Asphalt roads,Dry,Daylight,Normal,Vehicle with vehicle collision,2,1,Moving Backward,Passenger,Female,Over 51,3.0,No priority to pedestrian,Slight Injury
2024-10-05 14:00:00,Saturday,18-30,Male,Junior high school,Above 10yr,Taxi,Owner,Above 10yr,No defect,Office areas,Other,Tangent road with flat terrain,No junction,Asphalt roads,Wet or damp,Darkness - lights lit,Windy,Vehicle with vehicle collision,1,1,Turnover,,,,,Getting off the vehicle improperly,Serious Injury
2024-10-05 20:55:00,Friday,Over 51,Male,Junior high school,Above 10yr,Other,Owner,Unknown,No defect,Office areas,Two-way (divided with broken lines road marking),Tangent road with flat terrain,No junction,Asphalt roads,Dry,Daylight,Normal,Collision with roadside objects,2,1,Other,Driver or rider,Male,18-30,3.0,No distancing,Slight Injury
2024-10-05 20:55:00,Friday,Over 51,Male,Junior high school,Above 10yr,Automobile,Owner,Unknown,No defect,Office areas,One way,Tangent road with flat terrain,No junction,Earth roads,Dry,Daylight,Normal,Vehicle with vehicle collision,2,1,Other,,,,,Changing lane to the left,Slight Injury
2024-10-05 20:55:00,Friday,Over 51,Male,Junior high school,No Licence,Other,Owner,2-5yrs,No defect,Residential areas,Undivided Two way,Tangent road with flat terrain,No junction,Asphalt roads,Dry,Daylight,Normal,Vehicle with vehicle collision,1,1,Going straight,,,,,No priority to vehicle,Slight Injury
2024-10-05 20:55:00,Friday,Over 51,Male,Junior high school,1-2yr,Lorry (41-100Q),Owner,Above 10yr,No defect,Residential areas,Other,Tangent road with flat terrain,Y Shape,Asphalt roads,Dry,Daylight,Normal,Vehicle with vehicle collision,2,1,Going straight,Driver or rider,Male,31-50,3.0,No distancing,Serious Injury
2024-10-05 20:55:00,Friday,Over 51,Male,Illiterate,1-2yr,Automobile,Owner,5-10yrs,Unknown,Residential areas,Undivided Two way,Tangent road with flat terrain,Y Shape,Asphalt roads,Dry,Daylight,Normal,Collision with roadside objects,2,1,Other,,,,,No priority to pedestrian,Serious Injury
2024-10-05 20:55:00,Friday,18-30,Male,Junior high school,Below 1yr,Automobile,Owner,5-10yrs,Unknown,Office areas,Double carriageway (median),Tangent road with flat terrain,Crossing,Asphalt roads,Dry,Daylight,Normal,Vehicle with vehicle collision,2,2,Other,Driver or rider,Male,31-50,3.0,No priority to pedestrian,Slight Injury
2024-10-05 19:07:00,Friday,18-30,Female,Junior high school,1-2yr,Lorry (41-100Q),Owner,Unknown,No defect,Residential areas,Two-way (divided with broken lines road marking),Steep grade downward with mountainous terrain,Crossing,Asphalt roads,Dry,Daylight,Normal,Vehicle with vehicle collision,2,2,Going straight,,,,,No priority to vehicle,Slight Injury
2024-10-05 19:07:00,Friday,18-30,Male,Junior high school,2-5yr,Automobile,Governmental,Unknown,No defect,Other,Two-way (divided with broken lines road marking),Tangent road with flat terrain,No junction,Asphalt roads,Dry,Daylight,Normal,Vehicle with vehicle collision,2,2,Reversing,Driver or rider,Male,Under 18,3.0,Driving carelessly,Slight Injury
2024-10-05 23:22:00,Saturday,Over 51,Male,Unknown,5-10yr,Automobile,Governmental,Below 1yr,No defect,Other,Two-way (divided with broken lines road marking),Tangent road with flat terrain,No junction,Asphalt roads,Dry,Daylight,Cloudy,Vehicle with vehicle collision,2,1,Other,Driver or rider,Male,18-30,3.0,Changing lane to the right,Slight Injury
2024-10-05 18:35:00,Thursday,31-50,Male,Unknown,Above 10yr,Automobile,Owner,Unknown,Unknown,Other,Two-way (divided with broken lines road marking),Other,No junction,Asphalt roads,Dry,Daylight,Cloudy,Vehicle with vehicle collision,2,1,Turnover,,,,,Changing lane to the left,Slight Injury
2024-10-05 13:43:00,Monday,Over 51,Male,Junior high school,2-5yr,Taxi,Owner,Unknown,No defect,School areas,Double carriageway (median),Tangent road with flat terrain,No junction,Asphalt roads,Wet or damp,Daylight,Normal,Vehicle with vehicle collision,1,1,Going straight,Driver or rider,Male,31-50,3.0,Moving Backward,Slight Injury
2024-10-05 13:43:00,Monday,18-30,Male,Elementary school,Above 10yr,Other,Owner,Unknown,No defect,School areas,Double carriageway (median),Tangent road with flat terrain,Y Shape,Asphalt roads,Wet or damp,Darkness - lights lit,Raining,Vehicle with vehicle collision,2,1,Going straight,,,,,Driving carelessly,Slight Injury
2024-10-05 08:40:00,Sunday,31-50,Male,Writing & reading,5-10yr,Other,Owner,2-5yrs,No defect,School areas,Undivided Two way,Tangent road with flat terrain,Y Shape,Asphalt roads,Wet or damp,Darkness - lights lit,Raining,Collision with roadside objects,2,1,Going straight,Driver or rider,Male,18-30,3.0,Driving to the left,Slight Injury
2024-10-05 08:40:00,Sunday,Unknown,Male,Unknown,Unknown,Automobile,Owner,Unknown,No defect,Residential areas,One way,Tangent road with flat terrain,Crossing,Gravel roads,Dry,Darkness - lights lit,Normal,Vehicle with vehicle collision,1,1,Going straight,,,,,Driving to the left,Serious Injury
2024-10-05 08:28:00,Monday,Under 18,Male,Junior high school,5-10yr,Pick up upto 10Q,Owner,Unknown,No defect,Other,Undivided Two way,Tangent road with flat terrain,Crossing,Asphalt roads,Dry,Daylight,Normal,Vehicle with vehicle collision,2,1,Going straight,Driver or rider,Male,31-50,3.0,No priority to pedestrian,Slight Injury
2024-10-05 08:28:00,Monday,18-30,Male,Junior high school,Below 1yr,Other,Owner,Unknown,No defect,Office areas,Two-way (divided with broken lines road marking),Tangent road with flat terrain,Y Shape,Asphalt roads,Dry,Daylight,Normal,Vehicle with vehicle collision,2,1,Going straight,,,,,Changing lane to the left,Slight Injury
2024-10-05 13:00:00,Saturday,18-30,Male,Junior high school,2-5yr,Automobile,Owner,5-10yrs,No defect,Other,Two-way (divided with broken lines road marking),Tangent road with flat terrain,Y Shape,Asphalt roads,Wet or damp,Daylight,Normal,Vehicle with vehicle collision,1,1,Going straight,Passenger,Female,31-50,3.0,Changing lane to the right,Slight Injury
2024-10-05 13:00:00,Saturday,31-50,Male,Elementary school,2-5yr,Public (12 seats),Owner,Above 10yr,No defect,School areas,Undivided Two way,Tangent road with flat terrain,Y Shape,Asphalt roads,Dry,Daylight,Normal,Vehicle with vehicle collision,2,1,Going straight,Driver or rider,Male,18-30,3.0,Driving carelessly,Slight Injury
2024-10-05 16:35:00,Saturday,18-30,Male,Junior high school,2-5yr,Public (13-45 seats),Owner,5-10yrs,No defect,Other,Double carriageway (median),Tangent road with flat terrain,Y Shape,Asphalt roads,Dry,Daylight,Normal,Vehicle with vehicle collision,2,1,Going straight,,,,,No distancing,Slight Injury
2024-10-05 16:35:00,Saturday,Under 18,Male,Junior high school,2-5yr,Lorry (11-40Q),Owner,2-5yrs,No defect,Industrial areas,Two-way (divided with broken lines road marking),Tangent road with flat terrain,Y Shape,Asphalt roads,Wet or damp,Daylight,Normal,Vehicle with vehicle collision,3,1,Other,Driver or rider,Male,18-30,2.0,Getting off the vehicle improperly,Slight Injury
2024-10-05 10:39:00,Wednesday,Over 51,Male,Junior high school,5-10yr,Stationwagen,Owner,2-5yrs,No defect,Other,Two-way (divided with broken lines road marking),Tangent road with flat terrain,Y Shape,Asphalt roads,Wet or damp,Daylight,Normal,Collision with roadside objects,3,1,Going straight,,,,,Driving under the influence of drugs,Slight Injury
2024-10-05 12:55:00,Monday,18-30,Female,Junior high school,5-10yr,Ridden horse,Owner,Unknown,No defect,Office areas,Two-way (divided with broken lines road marking),Tangent road with flat terrain,Y Shape,Asphalt roads,Wet or damp,Daylight,Normal,Rollover,3,1,Going straight,,,,,Changing lane to the right,Slight Injury
2024-10-05 12:55:00,Monday,18-30,Male,Junior high school,Above 10yr,Stationwagen,Owner,Unknown,No defect,Other,Two-way (divided with broken lines road marking),Tangent road with flat terrain,Y Shape,Asphalt roads,Wet or damp,Daylight,Raining,Vehicle with vehicle collision,2,1,Moving Backward,Driver or rider,Female,31-50,3.0,Driving carelessly,Slight Injury
2024-10-05 12:55:00,Monday,18-30,Male,Elementary school,5-10yr,Automobile,Owner,Unknown,No defect,Other,Two-way (divided with broken lines road marking),Tangent road with flat terrain,Y Shape,Asphalt roads,Wet or damp,Daylight,Raining,Vehicle with vehicle collision,2,1,Going straight,,,,,Moving Backward,Slight Injury
2024-10-05 15:20:00,Sunday,31-50,Male,Junior high school,5-10yr,Automobile,Organization,Above 10yr,No defect,Outside rural areas,Undivided Two way,Tangent road with flat terrain,Y Shape,Asphalt roads,Dry,Daylight,Normal,Vehicle with vehicle collision,1,1,Moving Backward,Driver or rider,Male,Under 18,3.0,Turnover,Slight Injury
2024-10-05 15:20:00,Sunday,Over 51,Male,Junior high school,Above 10yr,Other,Owner,Unknown,No defect,Other,Other,Tangent road with flat terrain,Y Shape,Asphalt roads,Dry,Darkness - lights lit,Normal,Vehicle with vehicle collision,1,1,Other,,,,,Changing lane to the right,Slight Injury
2024-10-05 15:20:00,Sunday,Over 51,Female,Elementary school,Unknown,Taxi,Owner,Above 10yr,No defect,Residential areas,Two-way (divided with broken lines road marking),Tangent road with flat terrain,Y Shape,Asphalt roads,Dry,Daylight,Normal,Vehicle with vehicle collision,3,3,Going straight,Driver or rider,Male,18-30,3.0,Driving carelessly,Slight Injury
2024-10-05 14:45:00,Sunday,31-50,Male,Junior high school,5-10yr,Automobile,Owner,Above 10yr,Unknown,Office areas,Two-way (divided with broken lines road marking),Tangent road with flat terrain,Crossing,Asphalt roads,Dry,Daylight,Normal,Vehicle with vehicle collision,3,3,Reversing,Pedestrian,Female,18-30,3.0,No priority to vehicle,Slight Injury
2024-10-05 17:22:00,Tuesday,Over 51,Male,Junior high school,5-10yr,Stationwagen,Owner,Unknown,Unknown,Office areas,Double carriageway (median),Tangent road with flat terrain,Crossing,Asphalt roads,Dry,Daylight,Normal,Vehicle with vehicle collision,3,3,Going straight,Driver or rider,Male,31-50,3.0,Moving Backward,Slight Injury
2024-10-05 17:22:00,Tuesday,Under 18,Male,Junior high school,Below 1yr,Automobile,Other,2-5yrs,Unknown,Hospital areas,One way,Other,Crossing,Asphalt roads,Dry,Daylight,Normal,Vehicle with vehicle collision,3,3,Other,,,,,Changing lane to the left,Slight Injury
2024-10-05 10:58:00,Tuesday,31-50,Female,Unknown,Unknown,Public (12 seats),Owner,Unknown,Unknown,Industrial areas,Two-way (divided with broken lines road marking),Tangent road with flat terrain,Crossing,Asphalt roads,Dry,Darkness - lights lit,Normal,Collision with roadside objects,2,2,Other,,,,,Overturning,Slight Injury
2024-10-05 10:58:00,Tuesday,Over 51,Female,Junior high school,5-10yr,Other,Owner,2-5yrs,No defect,Other,Undivided Two way,Tangent road with flat terrain,Crossing,Asphalt roads,Dry,Darkness - lights lit,Normal,Vehicle with vehicle collision,2,2,Other,Driver or rider,Male,18-30,3.0,No distancing,Slight Injury
2024-10-05 14:57:00,Monday,31-50,Male,Junior high school,5-10yr,Automobile,Owner,Unknown,Unknown,Office areas,Undivided Two way,Tangent road with flat terrain,Crossing,Asphalt roads,Dry,Darkness - lights lit,Normal,Vehicle with vehicle collision,2,2,Stopping,,,,,Driving carelessly,Slight Injury
2024-10-05 14:57:00,Monday,Over 51,Male,Junior high school,Above 10yr,Lorry (41-100Q),Owner,Unknown,No defect,Office areas,Other,Tangent road with flat terrain,Y Shape,Asphalt roads,Dry,Daylight,Normal,Vehicle with vehicle collision,1,1,Other,Driver or rider,Female,Over 51,3.0,No distancing,Slight Injury
2024-10-05 14:57:00,Monday,Unknown,Male,High school,Above 10yr,Other,Owner,Unknown,Unknown,Residential areas,Two-way (divided with broken lines road marking),Tangent road with flat terrain,Y Shape,Asphalt roads,Dry,Daylight,Normal,Vehicle with vehicle collision,3,2,Other,,,,,Changing lane to the left,Slight Injury
2024-10-05 13:10:00,Saturday,18-30,Male,Junior high school,Above 10yr,Public (> 45 seats),Owner,Unknown,Unknown,Residential areas,Other,Tangent road with flat terrain,O Shape,Other,Dry,Daylight,Normal,Collision with pedestrians,3,2,Other,Driver or rider,Male,31-50,3.0,No priority to pedestrian,Slight Injury
2024-10-05 13:10:00,Saturday,18-30,Female,Junior high school,Above 10yr,Other,Owner,Unknown,No defect,School areas,Two-way (divided with broken lines road marking),Tangent road with flat terrain,O Shape,Other,Dry,Daylight,Normal,Collision with pedestrians,3,2,Going straight,Pedestrian,Female,5,3.0,No distancing,Slight Injury
2024-10-05 13:10:00,Saturday,Unknown,Female,Junior high school,Above 10yr,Public (12 seats),Governmental,Unknown,No defect,Other,Two-way (divided with broken lines road marking),Tangent road with flat terrain,Y Shape,Asphalt roads,Dry,Darkness - lights lit,Normal,Vehicle with vehicle collision,2,1,Going straight,Driver or rider,Male,18-30,3.0,No distancing,Slight Injury
2024-10-05 08:10:00,Wednesday,Unknown,Male,Junior high school,Above 10yr,Public (12 seats),Governmental,Unknown,No defect,Market areas,Undivided Two way,Tangent road with flat terrain,Y Shape,Asphalt roads,Dry,Darkness - lights lit,Normal,Vehicle with vehicle collision,2,1,Going straight,,,,,Changing lane to the left,Slight Injury
2024-10-05 08:10:00,Wednesday,18-30,Male,Junior high school,5-10yr,Automobile,Owner,Unknown,No defect,Office areas,Other,Tangent road with flat terrain,Y Shape,Asphalt roads,Wet or damp,Daylight,Other,Vehicle with vehicle collision,2,1,Going straight,,,,,No distancing,Slight Injury
2024-10-05 12:30:00,Sunday,18-30,Male,Junior high school,2-5yr,Other,Owner,Unknown,No defect,Church areas,Two-way (divided with broken lines road marking),Tangent road with flat terrain,Y Shape,Asphalt roads,Wet or damp,Daylight,Other,Rollover,2,1,Going straight,Driver or rider,Female,18-30,3.0,Changing lane to the left,Slight Injury
2024-10-05 12:30:00,Sunday,18-30,Male,Junior high school,Below 1yr,Automobile,Governmental,Unknown,No defect,Church areas,Two-way (divided with broken lines road marking),Tangent road with flat terrain,Y Shape,Asphalt roads,Dry,Daylight,Normal,Vehicle with vehicle collision,2,1,Going straight,,,,,No distancing,Slight Injury
2024-10-05 12:30:00,Sunday,Unknown,Male,Junior high school,Below 1yr,Lorry (41-100Q),Owner,Unknown,No defect,Residential areas,Double carriageway (median),Tangent road with flat terrain,Crossing,Asphalt roads,Dry,Daylight,Normal,Vehicle with vehicle collision,2,1,Going straight,Driver or rider,Male,18-30,3.0,No distancing,Slight Injury
2024-10-05 12:30:00,Sunday,Unknown,Male,Junior high school,2-5yr,Public (12 seats),Owner,Above 10yr,No defect,Residential areas,Two-way (divided with broken lines road marking),Tangent road with flat terrain,Crossing,Asphalt roads,Dry,Daylight,Normal,Collision with pedestrians,1,1,Going straight,,,,,No distancing,Serious Injury
2024-10-05 20:01:00,Sunday,18-30,Male,Elementary school,Below 1yr,Lorry (11-40Q),Owner,Unknown,No defect,Residential areas,Double carriageway (median),Tangent road with flat terrain,Crossing,Asphalt roads,Dry,Daylight,Normal,Vehicle with vehicle collision,2,1,Going straight,Driver or rider,Male,31-50,3.0,Changing lane to the left,Slight Injury
2024-10-05 20:01:00,Sunday,31-50,Male,Junior high school,Below 1yr,Automobile,Owner,Above 10yr,No defect,Residential areas,Two-way (divided with broken lines road marking),Tangent road with flat terrain,No junction,Asphalt roads,Dry,Daylight,Normal,Vehicle with vehicle collision,2,1,Going straight,Driver or rider,Male,31-50,3.0,Changing lane to the right,Slight Injury
2024-10-05 18:49:00,Thursday,31-50,Male,Junior high school,Unknown,Automobile,Owner,1-2yr,No defect,Other,Double carriageway (median),Tangent road with flat terrain,No junction,Asphalt roads,Dry,Daylight,Normal,Vehicle with vehicle collision,2,1,Going straight,,,,,Moving Backward,Slight Injury
2024-10-05 20:41:00,Thursday,31-50,Male,Unknown,5-10yr,Automobile,Owner,Unknown,No defect,Other,Two-way (divided with broken lines road marking),Tangent road with flat terrain,No junction,Asphalt roads,Dry,Daylight,Normal,Collision with pedestrians,2,1,Reversing,,,,,Changing lane to the right,Slight Injury
2024-10-05 20:41:00,Thursday,18-30,Male,Writing & reading,Below 1yr,Bajaj,Owner,2-5yrs,No defect,Residential areas,Two-way (divided with broken lines road marking),Tangent road with flat terrain,No junction,Asphalt roads,Wet or damp,Daylight,Normal,Vehicle with vehicle collision,2,1,Going straight,Driver or rider,Male,18-30,3.0,No distancing,Slight Injury
2024-10-05 20:41:00,Thursday,31-50,Male,Junior high school,Below 1yr,Public (12 seats),Owner,Unknown,No defect,Other,Other,Tangent road with flat terrain,Y Shape,Other,Wet or damp,Daylight,Normal,Collision with pedestrians,2,1,Other,Driver or rider,Male,18-30,3.0,Overtaking,Slight Injury
2024-10-05 20:41:00,Thursday,31-50,Male,Junior high school,1-2yr,Lorry (11-40Q),Owner,Unknown,No defect,Church areas,Undivided Two way,Tangent road with flat terrain,Y Shape,Asphalt roads,Dry,Darkness - lights lit,Normal,Vehicle with vehicle collision,1,1,Other,,,,,Other,Slight Injury
2024-10-05 10:04:00,Wednesday,31-50,Male,Elementary school,Above 10yr,Other,Owner,Unknown,No defect,Other,Undivided Two way,Tangent road with flat terrain,Y Shape,Asphalt roads,Dry,Daylight,Normal,Vehicle with vehicle collision,3,1,Getting off,Pedestrian,Male,18-30,3.0,Other,Slight Injury