Time,Day_of_week,Age_band_of_driver,Sex_of_driver,Educational_level,Driving_experience,Type_of_vehicle,Owner_of_vehicle,Service_year_of_vehicle,Defect_of_vehicle,Area_accident_occured,Lanes_or_Medians,Road_allignment,Types_of_Junction,Road_surface_type,Road_surface_conditions,Light_conditions,Weather_conditions,Type_of_collision,Number_of_vehicles_involved,Number_of_casualties,Vehicle_movement,Casualty_class,Sex_of_casualty,Age_band_of_casualty,Casualty_severity,Cause_of_accident,Accident_severity
2024-10-05 10:04:00,Wednesday,31-50,Male,Elementary school,Above 10yr,Other,Owner,Unknown,No defect,Office areas,Undivided Two way,Tangent road with flat terrain,Y Shape,Asphalt roads,Dry,Daylight,Normal,Vehicle with vehicle collision,3,1,Going straight,,,,,Changing lane to the right,Slight Injury
2024-10-05 10:04:00,Wednesday,31-50,Male,Elementary school,Below 1yr,Automobile,Owner,2-5yrs,No defect,Office areas,Two-way (divided with broken lines road marking),Tangent road with flat terrain,Y Shape,Asphalt roads,Dry,Daylight,Normal,Vehicle with vehicle collision,3,1,Going straight,Driver or rider,Female,Over 51,2.0,No priority to pedestrian,Slight Injury
2024-10-05 20:30:00,Wednesday,18-30,Male,High school,2-5yr,Lorry (11-40Q),Owner,Unknown,Unknown,Residential areas,Undivided Two way,Tangent road with flat terrain,No junction,Asphalt roads,Wet or damp,Darkness - lights lit,Raining,Vehicle with vehicle collision,1,1,Going straight,Driver or rider,Male,18-30,2.0,No priority to vehicle,Fatal injury
2024-10-05 20:30:00,Wednesday,18-30,Male,Junior high school,2-5yr,Lorry (41-100Q),Owner,Unknown,Unknown,Other,Two-way (divided with broken lines road marking),Tangent road with flat terrain,No junction,Asphalt roads,Wet or damp,Daylight,Normal,Collision with roadside objects,4,6,Going straight,,,,,Changing lane to the left,Serious Injury
2024-10-05 20:30:00,Wednesday,18-30,Male,Above high school,Above 10yr,Pick up upto 10Q,Owner,Above 10yr,Unknown,Industrial areas,Undivided Two way,Tangent road with flat terrain,Y Shape,Asphalt roads,Wet or damp,Daylight,Normal,Vehicle with vehicle collision,4,6,Turnover,Pedestrian,Male,18-30,3.0,Changing lane to the left,Serious Injury
2024-10-05 11:15:00,Friday,Over 51,Male,Junior high school,2-5yr,Lorry (11-40Q),Owner,Unknown,Unknown,Office areas,Two-way (divided with broken lines road marking),Tangent road with flat terrain,No junction,Asphalt roads,Wet or damp,Daylight,Normal,Vehicle with vehicle collision,4,6,Entering a junction,,,,,Overtaking,Serious Injury
2024-10-05 11:15:00,Friday,31-50,Male,Junior high school,2-5yr,Stationwagen,Organization,Unknown,Unknown,Recreational areas,Two-way (divided with broken lines road marking),Tangent road with flat terrain,No junction,Asphalt roads,Wet or damp,Daylight,Normal,Collision with roadside objects,4,6,Entering a junction,Driver or rider,Male,5,2.0,No distancing,Serious Injury
2024-10-05 11:15:00,Friday,31-50,Male,High school,1-2yr,Other,Owner,1-2yr,No defect,Residential areas,Two-way (divided with broken lines road marking),Tangent road with flat terrain,No junction,Other,Wet or damp,Daylight,Normal,Vehicle with vehicle collision,4,6,Entering a junction,Pedestrian,Male,5,3.0,No priority to vehicle,Serious Injury
2024-10-05 16:36:00,Thursday,31-50,Male,Junior high school,5-10yr,Other,Owner,Above 10yr,Unknown,Residential areas,Undivided Two way,Tangent road with flat terrain,Crossing,Asphalt roads,Wet or damp,Daylight,Normal,Vehicle with vehicle collision,4,6,Entering a junction,,,,,Changing lane to the right,Serious Injury
2024-10-05 16:36:00,Thursday,18-30,Male,Junior high school,Below 1yr,Lorry (11-40Q),Owner,5-10yrs,Unknown,Church areas,Undivided Two way,Steep grade downward with mountainous terrain,Crossing,Asphalt roads,Wet or damp,Daylight,Normal,Vehicle with vehicle collision,4,6,Other,Driver or rider,Male,31-50,3.0,Changing lane to the left,Serious Injury
2024-10-05 13:28:00,Monday,31-50,Male,Junior high school,Below 1yr,Other,Owner,5-10yrs,Unknown,Residential areas,Undivided Two way,Tangent road with flat terrain,Crossing,Other,Dry,Daylight,Normal,Vehicle with vehicle collision,2,1,Entering a junction,Pedestrian,Female,18-30,2.0,No distancing,Slight Injury
2024-10-05 13:28:00,Monday,18-30,Male,Elementary school,Unknown,Automobile,Owner,Unknown,No defect,Other,Other,Tangent road with flat terrain,Crossing,Asphalt roads,Dry,Daylight,Normal,Collision with pedestrians,2,1,Turnover,,,,,Driving carelessly,Slight Injury
2024-10-05 19:28:00,Friday,31-50,Male,Junior high school,Below 1yr,Lorry (41-100Q),Owner,5-10yrs,No defect,Other,Undivided Two way,Tangent road with flat terrain,Crossing,Asphalt roads,Dry,Darkness - lights lit,Normal,Collision with pedestrians,3,5,Entering a junction,Driver or rider,Male,18-30,3.0,No priority to pedestrian,Serious Injury
2024-10-05 19:28:00,Friday,31-50,Female,Junior high school,1-2yr,Other,Owner,Unknown,Unknown,Other,Two-way (divided with solid lines road marking),Tangent road with flat terrain,Y Shape,Asphalt roads,Dry,Darkness - lights lit,Normal,Vehicle with vehicle collision,3,5,Entering a junction,,,,,Driving carelessly,Serious Injury
2024-10-05 23:35:00,Saturday,Under 18,Male,Elementary school,2-5yr,Lorry (41-100Q),Owner,Unknown,No defect,Church areas,Two-way (divided with solid lines road marking),Tangent road with flat terrain,Y Shape,Earth roads,Dry,Darkness - lights lit,Normal,Vehicle with vehicle collision,3,5,Entering a junction,Driver or rider,Female,18-30,3.0,Moving Backward,Serious Injury
2024-10-05 23:35:00,Saturday,Under 18,Male,High school,1-2yr,Automobile,Governmental,Unknown,No defect,Other,Two-way (divided with solid lines road marking),Tangent road with flat terrain,Crossing,Asphalt roads,Dry,Darkness - lights lit,Normal,Collision with roadside objects,3,5,Entering a junction,,,,,No distancing,Serious Injury
2024-10-05 23:35:00,Saturday,Under 18,Male,Junior high school,5-10yr,Pick up upto 10Q,Owner,Unknown,No defect,Church areas,Two-way (divided with solid lines road marking),Tangent road with flat terrain,Crossing,Asphalt roads,Dry,Darkness - lights lit,Normal,Vehicle with vehicle collision,3,5,Entering a junction,Driver or rider,Male,31-50,3.0,No distancing,Serious Injury
2024-10-05 09:01:00,Wednesday,18-30,Male,Junior high school,Below 1yr,Lorry (41-100Q),Owner,Unknown,No defect,Church areas,Two-way (divided with broken lines road marking),Tangent road with flat terrain,Y Shape,Asphalt roads,Dry,Darkness - lights lit,Normal,Vehicle with vehicle collision,3,5,Other,,,,,No distancing,Serious Injury
2024-10-05 15:46:00,Thursday,31-50,Male,High school,Above 10yr,Public (13-45 seats),Owner,Above 10yr,No defect,Other,Undivided Two way,Tangent road with flat terrain,Y Shape,Asphalt roads,Dry,Darkness - lights lit,Normal,Vehicle with vehicle collision,2,2,Going straight,Pedestrian,Female,31-50,3.0,Changing lane to the left,Slight Injury
2024-10-05 15:46:00,Thursday,31-50,Male,Elementary school,5-10yr,Long lorry,Governmental,5-10yrs,No defect,Other,Undivided Two way,Tangent road with flat terrain,Y Shape,Asphalt roads,Dry,Darkness - lights lit,Normal,Vehicle with vehicle collision,2,2,Going straight,Driver or rider,Male,18-30,3.0,Changing lane to the left,Slight Injury
2024-10-05 20:10:00,Saturday,Under 18,Male,Elementary school,Below 1yr,Automobile,Owner,5-10yrs,No defect,School areas,Other,Tangent road with flat terrain,Y Shape,Asphalt roads,Dry,Darkness - lights lit,Normal,Collision with roadside objects,1,1,Other,,,,,Moving Backward,Serious Injury
2024-10-05 21:46:00,Wednesday,31-50,Male,Junior high school,5-10yr,Automobile,Owner,Above 10yr,No defect,Residential areas,Undivided Two way,Tangent road with flat terrain,No junction,Asphalt roads,Dry,Darkness - lights lit,Normal,Vehicle with vehicle collision,1,1,Going straight,Pedestrian,Female,18-30,3.0,Changing lane to the right,Slight Injury
2024-10-05 21:46:00,Wednesday,18-30,Male,Elementary school,5-10yr,Other,Other,1-2yr,No defect,Other,Two-way (divided with broken lines road marking),Tangent road with flat terrain,Y Shape,Asphalt roads,Dry,Daylight,Normal,Vehicle with vehicle collision,2,1,Going straight,Passenger,Female,Over 51,2.0,No priority to vehicle,Slight Injury
2024-10-05 21:20:00,Saturday,Under 18,Female,Junior high school,2-5yr,Other,Owner,Above 10yr,No defect,Office areas,Undivided Two way,Tangent road with flat terrain,Y Shape,Asphalt roads,Dry,Daylight,Normal,Collision with roadside objects,2,1,Going straight,Driver or rider,Male,18-30,3.0,Moving Backward,Slight Injury
2024-10-05 21:20:00,Saturday,Under 18,Male,Junior high school,Above 10yr,Long lorry,Owner,Above 10yr,No defect,Residential areas,Undivided Two way,Tangent road with flat terrain,Crossing,Asphalt roads,Wet or damp,Daylight,Normal,Vehicle with vehicle collision,2,1,Going straight,,,,,Driving carelessly,Slight Injury
2024-10-05 05:49:00,Tuesday,Under 18,Male,Junior high school,5-10yr,Public (12 seats),Owner,Above 10yr,No defect,Other,One way,Steep grade downward with mountainous terrain,Crossing,Asphalt roads,Wet or damp,Daylight,Normal,Collision with roadside objects,2,1,Going straight,Driver or rider,Female,Under 18,3.0,Driving carelessly,Slight Injury
2024-10-05 05:49:00,Tuesday,Under 18,Male,High school,1-2yr,Public (12 seats),Owner,Above 10yr,No defect,Residential areas,Two-way (divided with broken lines road marking),Tangent road with flat terrain,Crossing,Asphalt roads,Dry,Daylight,Normal,Vehicle with vehicle collision,2,1,Reversing,,,,,Driving under the influence of drugs,Slight Injury
2024-10-05 05:49:00,Tuesday,18-30,Male,Elementary school,5-10yr,Other,Owner,5-10yrs,No defect,Residential areas,Undivided Two way,Tangent road with flat terrain,Crossing,Asphalt roads,Dry,Daylight,Normal,Vehicle with vehicle collision,2,1,Moving Backward,Driver or rider,Male,18-30,2.0,No priority to pedestrian,Slight Injury
2024-10-05 09:35:00,Monday,31-50,Male,Elementary school,2-5yr,Other,Owner,Unknown,No defect,Residential areas,Two-way (divided with broken lines road marking),Tangent road with flat terrain,Crossing,Asphalt roads,Dry,Daylight,Normal,Vehicle with vehicle collision,2,1,Overtaking,,,,,No priority to vehicle,Slight Injury
2024-10-05 09:35:00,Monday,31-50,Male,Junior high school,Below 1yr,Other,Owner,1-2yr,No defect,Other,Other,Tangent road with flat terrain,Y Shape,Asphalt roads,Dry,Daylight,Normal,Vehicle with vehicle collision,2,1,Going straight,Pedestrian,Female,Over 51,3.0,Driving carelessly,Slight Injury
2024-10-05 18:39:00,Wednesday,Unknown,Male,Junior high school,Below 1yr,Public (12 seats),Owner,5-10yrs,No defect,Other,Undivided Two way,Tangent road with flat terrain,No junction,Asphalt roads,Dry,Daylight,Normal,Vehicle with vehicle collision,2,1,Going straight,Pedestrian,Male,5,2.0,Moving Backward,Slight Injury
2024-10-05 18:39:00,Wednesday,Under 18,Male,Junior high school,5-10yr,Lorry (41-100Q),Owner,5-10yrs,No defect,Other,One way,Tangent road with flat terrain,Y Shape,Asphalt roads,Dry,Daylight,Normal,Vehicle with vehicle collision,2,1,Going straight,,,,,Driving carelessly,Slight Injury
2024-10-05 16:00:00,Wednesday,Over 51,Male,Junior high school,5-10yr,Other,Owner,1-2yr,No defect,Hospital areas,Undivided Two way,Tangent road with flat terrain,Y Shape,Earth roads,Wet or damp,Daylight,Raining,Vehicle with vehicle collision,1,1,Going straight,Driver or rider,Male,18-30,3.0,No priority to vehicle,Slight Injury
2024-10-05 16:00:00,Wednesday,18-30,Male,Elementary school,1-2yr,Public (12 seats),Owner,2-5yrs,No defect,Residential areas,Undivided Two way,Tangent road with flat terrain,Y Shape,Asphalt roads,Dry,Daylight,Normal,Vehicle with vehicle collision,3,1,Going straight,,,,,Changing lane to the right,Slight Injury
2024-10-05 13:09:00,Tuesday,31-50,Male,Junior high school,Unknown,Other,Owner,5-10yrs,No defect,Residential areas,One way,Tangent road with flat terrain,Crossing,Asphalt roads,Dry,Daylight,Normal,Collision with pedestrians,3,1,Going straight,Driver or rider,Male,18-30,3.0,Changing lane to the left,Slight Injury
2024-10-05 13:09:00,Tuesday,Over 51,Male,Elementary school,Above 10yr,Lorry (11-40Q),Owner,5-10yrs,No defect,Residential areas,Undivided Two way,Tangent road with flat terrain,Crossing,Asphalt roads,Dry,Daylight,Normal,Collision with roadside objects,3,1,Going straight,,,,,No priority to vehicle,Slight Injury
2024-10-05 20:30:00,Friday,Unknown,Male,Junior high school,1-2yr,Other,Owner,1-2yr,No defect,Other,Two-way (divided with broken lines road marking),Tangent road with flat terrain,Y Shape,Asphalt roads,Dry,Daylight,Normal,Vehicle with vehicle collision,2,3,Reversing,Driver or rider,Female,18-30,3.0,Driving carelessly,Slight Injury
2024-10-05 20:30:00,Friday,Under 18,Male,Unknown,Unknown,Other,Owner,1-2yr,No defect,Office areas,Two-way (divided with broken lines road marking),Tangent road with flat terrain,Y Shape,Asphalt roads,Dry,Daylight,Normal,Vehicle with vehicle collision,2,3,Going straight,,,,,Moving Backward,Slight Injury
2024-10-05 19:00:00,Friday,Over 51,Male,Junior high school,Above 10yr,Other,Owner,2-5yrs,No defect,Other,Other,Tangent road with flat terrain,Y Shape,Asphalt roads,Dry,Daylight,Normal,Collision with roadside objects,2,3,Going straight,Driver or rider,Female,18-30,3.0,No distancing,Slight Injury
2024-10-05 12:40:00,Saturday,Unknown,Male,Elementary school,2-5yr,Pick up upto 10Q,Owner,Unknown,No defect,Office areas,Double carriageway (median),Tangent road with flat terrain,Crossing,Asphalt roads,Dry,Daylight,Normal,Vehicle with vehicle collision,1,1,Other,Driver or rider,Female,18-30,3.0,Changing lane to the left,Serious Injury
2024-10-05 18:12:00,Wednesday,31-50,Male,Junior high school,5-10yr,Automobile,Owner,Unknown,No defect,Residential areas,Two-way (divided with broken lines road marking),Tangent road with flat terrain,Crossing,Asphalt roads,Dry,Daylight,Normal,Vehicle with vehicle collision,2,1,Entering a junction,,,,,Changing lane to the left,Slight Injury
2024-10-05 18:12:00,Wednesday,31-50,Male,Junior high school,Below 1yr,Other,Owner,Unknown,No defect,Office areas,Double carriageway (median),Gentle horizontal curve,Y Shape,Asphalt roads,Dry,Daylight,Normal,Collision with pedestrians,2,1,Turnover,Driver or rider,Male,18-30,3.0,No distancing,Slight Injury
2024-10-05 18:12:00,Wednesday,31-50,Male,Junior high school,5-10yr,Lorry (41-100Q),Owner,Unknown,No defect,Office areas,Double carriageway (median),Tangent road with flat terrain,No junction,Asphalt roads,Dry,Daylight,Normal,Vehicle with vehicle collision,2,1,Going straight,Driver or rider,Female,5,3.0,Changing lane to the left,Slight Injury
2024-10-05 18:12:00,Wednesday,18-30,Male,High school,Above 10yr,Public (13-45 seats),Organization,Unknown,No defect,Other,Double carriageway (median),Tangent road with flat terrain,Other,Earth roads,Dry,Daylight,Normal,Collision with pedestrians,2,1,Going straight,,,,,Driving carelessly,Slight Injury
2024-10-05 07:50:00,Wednesday,18-30,Male,Junior high school,5-10yr,Automobile,Owner,Unknown,No defect,Office areas,Two-way (divided with broken lines road marking),Tangent road with flat terrain,No junction,Asphalt roads,Dry,Daylight,Normal,Vehicle with vehicle collision,3,2,Going straight,,,,,Changing lane to the left,Slight Injury
2024-10-05 07:50:00,Wednesday,18-30,Male,Elementary school,1-2yr,Pick up upto 10Q,Owner,Unknown,No defect,Office areas,Other,Tangent road with flat terrain,No junction,Asphalt roads,Dry,Daylight,Normal,Vehicle with vehicle collision,3,2,Going straight,Driver or rider,Female,Under 18,3.0,No distancing,Slight Injury
2024-10-05 10:16:00,Thursday,Under 18,Male,Junior high school,Unknown,Lorry (41-100Q),Governmental,Unknown,Unknown,Office areas,One way,Tangent road with flat terrain,No junction,Asphalt roads,Dry,Daylight,Normal,Collision with roadside objects,3,2,Going straight,,,,,Changing lane to the right,Slight Injury
2024-10-05 10:16:00,Thursday,Over 51,Female,Elementary school,1-2yr,Public (12 seats),Owner,Unknown,Unknown,Other,Undivided Two way,Tangent road with flat terrain,No junction,Asphalt roads,Wet or damp,Daylight,Normal,Vehicle with vehicle collision,2,3,Going straight,Driver or rider,Male,5,3.0,No distancing,Slight Injury
2024-10-05 23:05:00,Saturday,Over 51,Male,Junior high school,1-2yr,Other,Owner,Unknown,Unknown,Residential areas,Other,Tangent road with flat terrain,Y Shape,Asphalt roads,Wet or damp,Daylight,Normal,Vehicle with vehicle collision,2,3,Going straight,,,,,Driving to the left,Slight Injury
2024-10-05 00:47:00,Sunday,18-30,Male,Above high school,1-2yr,Lorry (41-100Q),Owner,2-5yrs,No defect,Residential areas,Two-way (divided with broken lines road marking),Gentle horizontal curve,Y Shape,Asphalt roads,Wet or damp,Daylight,Normal,Vehicle with vehicle collision,2,3,Going straight,,,,,No distancing,Slight Injury
2024-10-05 00:47:00,Sunday,18-30,Male,Junior high school,5-10yr,Pick up upto 10Q,Owner,5-10yrs,Unknown,Church areas,Two-way (divided with broken lines road marking),Tangent road with flat terrain,Y Shape,Asphalt roads,Dry,Daylight,Normal,Collision with pedestrians,2,1,Getting off,Driver or rider,Male,31-50,3.0,Overtaking,Slight Injury
2024-10-05 10:30:00,Monday,18-30,Male,Junior high school,5-10yr,Other,Owner,5-10yrs,Unknown,Other,Two-way (divided with broken lines road marking),Tangent road with flat terrain,Y Shape,Asphalt roads,Dry,Daylight,Normal,Collision with roadside objects,2,1,Getting off,,,,,Driving under the influence of drugs,Slight Injury
2024-10-05 10:30:00,Monday,18-30,Male,Elementary school,5-10yr,Lorry (41-100Q),Owner,Unknown,Unknown,Residential areas,Two-way (divided with broken lines road marking),Tangent road with flat terrain,Y Shape,Gravel roads,Dry,Daylight,Normal,Collision with pedestrians,4,1,Getting off,Driver or rider,Male,31-50,3.0,No priority to pedestrian,Slight Injury
2024-10-05 13:01:00,Saturday,18-30,Male,High school,Below 1yr,Ridden horse,Owner,2-5yrs,Unknown,Other,Undivided Two way,Tangent road with flat terrain,Y Shape,Asphalt roads,Dry,Daylight,Normal,Vehicle with vehicle collision,4,1,Moving Backward,Driver or rider,Male,31-50,3.0,Moving Backward,Slight Injury
2024-10-05 13:01:00,Saturday,Over 51,Male,Junior high school,Above 10yr,Automobile,Owner,2-5yrs,Unknown,Residential areas,Undivided Two way,Tangent road with flat terrain,Y Shape,Asphalt roads,Dry,Daylight,Normal,Vehicle with vehicle collision,4,1,Going straight,Driver or rider,Female,31-50,3.0,Changing lane to the right,Slight Injury
2024-10-05 13:01:00,Saturday,Over 51,Male,Junior high school,5-10yr,Automobile,Owner,2-5yrs,Unknown,Residential areas,Two-way (divided with broken lines road marking),Tangent road with flat terrain,Other,Asphalt roads,Dry,Daylight,Normal,Vehicle with vehicle collision,4,1,Going straight,,,,,Changing lane to the left,Slight Injury
2024-10-05 17:41:00,Monday,18-30,Female,Junior high school,Below 1yr,Stationwagen,Owner,5-10yrs,No defect,Other,Two-way (divided with broken lines road marking),Tangent road with flat terrain,Other,Asphalt roads,Dry,Daylight,Normal,Vehicle with vehicle collision,2,1,Waiting to go,Driver or rider,Male,Over 51,3.0,Changing lane to the right,Serious Injury
2024-10-05 17:41:00,Monday,31-50,Female,Junior high school,Above 10yr,Other,Other,Unknown,Unknown,Other,Two-way (divided with broken lines road marking),Tangent road with flat terrain,Y Shape,Asphalt roads,Dry,Daylight,Normal,Vehicle with vehicle collision,2,1,Going straight,,,,,Driving under the influence of drugs,Serious Injury
2024-10-05 17:41:00,Monday,31-50,Male,Junior high school,5-10yr,Lorry (41-100Q),Owner,Unknown,No defect,Other,Undivided Two way,Tangent road with flat terrain,Y Shape,Asphalt roads,Dry,Daylight,Normal,Collision with roadside objects,1,1,Other,,,,,No priority to vehicle,Slight Injury
2024-10-05 17:41:00,Monday,31-50,Male,Junior high school,Above 10yr,Lorry (41-100Q),Owner,Unknown,No defect,Other,Double carriageway (median),Tangent road with flat terrain,Y Shape,Asphalt roads,Dry,Daylight,Normal,Collision with roadside objects,4,2,Going straight,Passenger,Female,31-50,3.0,No priority to vehicle,Slight Injury
2024-10-05 17:25:00,Friday,31-50,Male,Junior high school,5-10yr,Long lorry,Owner,Unknown,Unknown,Residential areas,Two-way (divided with broken lines road marking),Tangent road with flat terrain,Y Shape,Asphalt roads,Dry,Daylight,Normal,Vehicle with vehicle collision,4,2,Going straight,Driver or rider,Male,31-50,3.0,Changing lane to the left,Slight Injury
2024-10-05 17:25:00,Friday,Under 18,Male,Junior high school,1-2yr,Stationwagen,Owner,2-5yrs,Unknown,Recreational areas,Undivided Two way,Tangent road with flat terrain,Crossing,Asphalt roads,Dry,Daylight,Normal,Vehicle with vehicle collision,4,2,Going straight,,,,,Changing lane to the right,Slight Injury
2024-10-05 17:25:00,Friday,31-50,Male,Junior high school,1-2yr,Public (12 seats),Owner,Unknown,Unknown,Other,Other,Tangent road with flat terrain,Crossing,Asphalt roads,Dry,Daylight,Normal,Vehicle with vehicle collision,4,2,Going straight,Driver or rider,Male,18-30,2.0,Changing lane to the right,Slight Injury
2024-10-05 17:25:00,Friday,31-50,Male,Junior high school,1-2yr,Automobile,Owner,Unknown,Unknown,Office areas,Undivided Two way,Tangent road with flat terrain,Crossing,Asphalt roads,Wet or damp,Daylight,Raining,Vehicle with vehicle collision,3,1,Overtaking,,,,,Changing lane to the left,Slight Injury
2024-10-05 17:25:00,Friday,31-50,Male,High school,2-5yr,Public (12 seats),Other,Unknown,Unknown,Other,Undivided Two way,Tangent road with flat terrain,Crossing,Asphalt roads,Wet or damp,Daylight,Raining,Vehicle with vehicle collision,3,1,Going straight,,,,,Changing lane to the left,Slight Injury
2024-10-05 11:10:00,Sunday,18-30,Male,High school,Above 10yr,Lorry (41-100Q),Owner,Unknown,Unknown,Office areas,Undivided Two way,Tangent road with flat terrain,No junction,Asphalt roads,Wet or damp,Daylight,Raining,Vehicle with vehicle collision,3,1,Going straight,Driver or rider,Male,18-30,3.0,Getting off the vehicle improperly,Slight Injury
2024-10-05 11:10:00,Sunday,18-30,Male,Elementary school,2-5yr,Automobile,Owner,Unknown,Unknown,Office areas,One way,Tangent road with flat terrain,No junction,Asphalt roads,Dry,Daylight,Normal,Vehicle with vehicle collision,2,2,Going straight,Driver or rider,Male,18-30,3.0,Overtaking,Slight Injury
2024-10-05 11:10:00,Sunday,31-50,Male,Junior high school,Above 10yr,Lorry (41-100Q),Owner,Unknown,Unknown,Office areas,Undivided Two way,Tangent road with flat terrain,No junction,Asphalt roads,Dry,Daylight,Normal,Vehicle with vehicle collision,2,2,Turnover,Pedestrian,Male,31-50,3.0,Changing lane to the left,Slight Injury
2024-10-05 03:15:00,Saturday,18-30,Male,High school,2-5yr,Lorry (41-100Q),Owner,Unknown,No defect,Other,Undivided Two way,Tangent road with flat terrain,No junction,Asphalt roads,Dry,Daylight,Normal,Vehicle with vehicle collision,2,2,Going straight,,,,,Driving under the influence of drugs,Slight Injury
2024-10-05 03:15:00,Saturday,18-30,Male,Junior high school,No Licence,Pick up upto 10Q,Governmental,Unknown,Unknown,Other,Double carriageway (median),Tangent road with flat terrain,No junction,Asphalt roads,Dry,Daylight,Normal,Vehicle with vehicle collision,2,2,Going straight,Driver or rider,Male,31-50,2.0,Driving carelessly,Slight Injury
2024-10-05 17:00:00,Tuesday,31-50,Male,Junior high school,1-2yr,Other,Owner,Unknown,No defect,Office areas,Two-way (divided with solid lines road marking),Tangent road with flat terrain,No junction,Asphalt roads,Dry,Daylight,Normal,Other,2,2,Getting off,Driver or rider,Male,18-30,3.0,Moving Backward,Slight Injury
2024-10-05 17:00:00,Tuesday,Under 18,Male,Junior high school,5-10yr,Automobile,Owner,Unknown,Unknown,Residential areas,Other,Tangent road with flat terrain,No junction,Asphalt roads,Dry,Daylight,Normal,Vehicle with vehicle collision,2,2,Moving Backward,,,,,No distancing,Slight Injury
2024-10-05 17:10:00,Friday,31-50,Male,Junior high school,1-2yr,Automobile,Governmental,2-5yrs,Unknown,Recreational areas,Undivided Two way,Tangent road with flat terrain,No junction,Asphalt roads,Dry,Daylight,Normal,Collision with roadside objects,2,1,Getting off,Driver or rider,Female,18-30,3.0,No priority to vehicle,Fatal injury
2024-10-05 17:10:00,Friday,Under 18,Male,Junior high school,Above 10yr,Lorry (11-40Q),Owner,1-2yr,No defect,Other,Other,Tangent road with flat terrain,No junction,Earth roads,Dry,Daylight,Normal,Vehicle with vehicle collision,2,1,Overtaking,,,,,Overturning,Fatal injury
2024-10-05 17:23:00,Tuesday,31-50,Male,Junior high school,1-2yr,Bajaj,Owner,Above 10yr,No defect,Residential areas,Other,Tangent road with flat terrain,No junction,Asphalt roads,Dry,Daylight,Normal,Vehicle with vehicle collision,2,1,Going straight,,,,,Changing lane to the left,Slight Injury
2024-10-05 17:23:00,Tuesday,31-50,Male,Junior high school,1-2yr,Automobile,Owner,Unknown,No defect,Other,Other,Tangent road with flat terrain,Crossing,Asphalt roads,Dry,Daylight,Normal,Vehicle with vehicle collision,2,1,Going straight,Driver or rider,Male,31-50,3.0,No distancing,Slight Injury
2024-10-05 18:00:00,Sunday,31-50,Male,Junior high school,2-5yr,Lorry (41-100Q),Owner,Unknown,Unknown,Other,Other,Tangent road with flat terrain,Crossing,Asphalt roads,Dry,Daylight,Normal,Vehicle with vehicle collision,2,1,Going straight,Passenger,Male,31-50,3.0,Moving Backward,Serious Injury
2024-10-05 23:35:00,Wednesday,31-50,Male,High school,1-2yr,Lorry (11-40Q),Owner,5-10yrs,Unknown,Other,One way,Tangent road with flat terrain,Crossing,Asphalt roads,Dry,Daylight,Normal,Vehicle with vehicle collision,2,1,Reversing,Passenger,Female,5,3.0,No priority to vehicle,Serious Injury
2024-10-05 23:35:00,Wednesday,31-50,Male,Junior high school,1-2yr,Lorry (11-40Q),Owner,Unknown,No defect,Other,Two-way (divided with broken lines road marking),Tangent road with flat terrain,Crossing,Asphalt roads,Dry,Darkness - lights lit,Normal,Vehicle with vehicle collision,2,3,Getting off,Driver or rider,Male,Under 18,3.0,No priority to vehicle,Slight Injury
2024-10-05 14:59:00,Wednesday,Under 18,Male,Elementary school,Above 10yr,Automobile,Owner,2-5yrs,No defect,Other,Other,Tangent road with flat terrain,No junction,Asphalt roads,Dry,Darkness - lights lit,Normal,Collision with roadside objects,2,3,Going straight,,,,,No distancing,Slight Injury
2024-10-05 14:59:00,Wednesday,Under 18,Male,Junior high school,Above 10yr,Other,Owner,Unknown,No defect,School areas,Undivided Two way,Tangent road with flat terrain,No junction,Asphalt roads,Dry,Darkness - lights lit,Normal,Collision with roadside objects,2,3,Going straight,Pedestrian,Male,31-50,3.0,No distancing,Slight Injury
2024-10-05 14:59:00,Wednesday,Over 51,Male,Elementary school,Above 10yr,Automobile,Owner,Unknown,No defect,Office areas,Two-way (divided with broken lines road marking),Tangent road with flat terrain,Y Shape,Gravel roads,Wet or damp,Daylight,Raining,Vehicle with vehicle collision,1,1,Going straight,Pedestrian,Female,18-30,3.0,Overtaking,Serious Injury
2024-10-05 14:40:00,Saturday,Unknown,Male,Junior high school,Above 10yr,Public (13-45 seats),Owner,Unknown,No defect,Office areas,Two-way (divided with broken lines road marking),Tangent road with flat terrain,Y Shape,Asphalt roads,Dry,Daylight,Normal,Collision with roadside objects,2,1,Reversing,,,,,Driving under the influence of drugs,Serious Injury
2024-10-05 14:40:00,Saturday,18-30,Male,Junior high school,1-2yr,Public (12 seats),Owner,5-10yrs,No defect,Office areas,Two-way (divided with broken lines road marking),Tangent road with flat terrain,No junction,Asphalt roads,Dry,Daylight,Normal,Collision with roadside objects,2,1,Going straight,Driver or rider,Male,18-30,3.0,Changing lane to the right,Serious Injury
2024-10-05 14:40:00,Saturday,18-30,Male,Junior high school,5-10yr,Other,Owner,Unknown,No defect,School areas,Other,Tangent road with flat terrain,Y Shape,Asphalt roads,Dry,Daylight,Normal,Vehicle with vehicle collision,1,1,Stopping,,,,,Changing lane to the left,Serious Injury
2024-10-05 12:48:00,Sunday,31-50,Male,High school,2-5yr,Automobile,Governmental,Unknown,No defect,School areas,Undivided Two way,Tangent road with flat terrain,Y Shape,Other,Dry,Darkness - lights lit,Normal,Vehicle with vehicle collision,2,2,Overtaking,Driver or rider,Male,18-30,3.0,Driving carelessly,Slight Injury