Time,Day_of_week,Age_band_of_driver,Sex_of_driver,Educational_level,Driving_experience,Type_of_vehicle,Owner_of_vehicle,Service_year_of_vehicle,Defect_of_vehicle,Area_accident_occured,Lanes_or_Medians,Road_allignment,Types_of_Junction,Road_surface_type,Road_surface_conditions,Light_conditions,Weather_conditions,Type_of_collision,Number_of_vehicles_involved,Number_of_casualties,Vehicle_movement,Casualty_class,Sex_of_casualty,Age_band_of_casualty,Casualty_severity,Cause_of_accident,Accident_severity
2024-10-05 12:48:00,Sunday,18-30,Male,Junior high school,2-5yr,Automobile,Owner,Unknown,No defect,Office areas,Two-way (divided with broken lines road marking),Tangent road with flat terrain,Y Shape,Asphalt roads,Dry,Darkness - lights lit,Normal,Collision with roadside objects,2,2,Going straight,Pedestrian,Female,18-30,3.0,Moving Backward,Slight Injury
2024-10-05 12:48:00,Sunday,18-30,Male,Junior high school,5-10yr,Public (13-45 seats),Owner,Unknown,No defect,Office areas,Two-way (divided with broken lines road marking),Tangent road with flat terrain,Y Shape,Asphalt roads,Dry,Daylight,Normal,Vehicle with vehicle collision,1,2,Reversing,Driver or rider,Male,18-30,3.0,Moving Backward,Serious Injury
2024-10-05 12:48:00,Sunday,18-30,Male,Junior high school,5-10yr,Public (13-45 seats),Governmental,Above 10yr,No defect,School areas,Two-way (divided with broken lines road marking),Tangent road with flat terrain,Y Shape,Asphalt roads,Dry,Daylight,Normal,Vehicle with vehicle collision,1,2,Going straight,,,,,Changing lane to the right,Serious Injury
2024-10-05 12:48:00,Sunday,18-30,Male,Junior high school,2-5yr,Automobile,Owner,1-2yr,No defect,Other,Two-way (divided with broken lines road marking),Tangent road with flat terrain,Y Shape,Asphalt roads,Wet or damp,Daylight,Raining,Vehicle with vehicle collision,2,2,Going straight,Driver or rider,Male,18-30,3.0,No priority to vehicle,Serious Injury
2024-10-05 18:40:00,Friday,18-30,Male,High school,Above 10yr,Other,Owner,Above 10yr,No defect,Other,Two-way (divided with broken lines road marking),Tangent road with flat terrain,Y Shape,Asphalt roads,Wet or damp,Daylight,Raining,Vehicle with vehicle collision,2,2,Reversing,,,,,Driving at high speed,Serious Injury
2024-10-05 18:40:00,Friday,18-30,Male,Elementary school,5-10yr,Pick up upto 10Q,Owner,Below 1yr,No defect,Other,Undivided Two way,Tangent road with flat terrain,Y Shape,Asphalt roads,Wet or damp,Daylight,Raining,Vehicle with vehicle collision,2,2,Going straight,,,,,Driving under the influence of drugs,Serious Injury
2024-10-05 11:11:00,Wednesday,18-30,Male,Junior high school,Above 10yr,Lorry (41-100Q),Owner,Above 10yr,No defect,Other,Two-way (divided with broken lines road marking),Tangent road with flat terrain,Y Shape,Asphalt roads,Dry,Daylight,Normal,Vehicle with vehicle collision,2,2,Waiting to go,Driver or rider,Male,31-50,3.0,Changing lane to the right,Fatal injury
2024-10-05 11:11:00,Wednesday,18-30,Male,Writing & reading,2-5yr,Automobile,Owner,Unknown,No defect,Residential areas,Undivided Two way,Tangent road with flat terrain,Y Shape,Asphalt roads,Dry,Daylight,Normal,Collision with pedestrians,2,2,Going straight,,,,,Driving carelessly,Fatal injury
2024-10-05 07:50:00,Tuesday,Over 51,Male,Junior high school,2-5yr,Automobile,Governmental,1-2yr,No defect,Other,Undivided Two way,Tangent road with flat terrain,Y Shape,Asphalt roads,Dry,Daylight,Normal,Vehicle with vehicle collision,2,1,Going straight,Driver or rider,Male,Over 51,3.0,No distancing,Slight Injury
2024-10-05 07:50:00,Tuesday,18-30,Male,High school,2-5yr,Lorry (41-100Q),Owner,1-2yr,No defect,Other,Undivided Two way,Tangent road with flat terrain,Y Shape,Asphalt roads,Dry,Daylight,Normal,Collision with roadside objects,2,1,Going straight,Driver or rider,Male,18-30,3.0,Changing lane to the left,Slight Injury
2024-10-05 07:50:00,Tuesday,18-30,Male,Junior high school,1-2yr,Other,Owner,Unknown,No defect,Industrial areas,Undivided Two way,Tangent road with flat terrain,Y Shape,Asphalt roads,Dry,Daylight,Normal,Vehicle with vehicle collision,2,2,Going straight,,,,,No distancing,Slight Injury
2024-10-05 16:30:00,Tuesday,18-30,Male,High school,5-10yr,Other,Owner,Unknown,No defect,Recreational areas,Undivided Two way,Tangent road with flat terrain,Y Shape,Asphalt roads,Dry,Daylight,Normal,Vehicle with vehicle collision,2,2,Getting off,Driver or rider,Male,31-50,3.0,No distancing,Slight Injury
2024-10-05 16:30:00,Tuesday,31-50,Female,Elementary school,2-5yr,Automobile,Owner,Above 10yr,No defect,Church areas,Two-way (divided with broken lines road marking),Tangent road with flat terrain,Y Shape,Asphalt roads,Dry,Daylight,Normal,Vehicle with vehicle collision,2,1,Going straight,,,,,Getting off the vehicle improperly,Serious Injury
2024-10-05 18:56:00,Monday,Under 18,Male,Junior high school,1-2yr,Automobile,Owner,Unknown,Unknown,Office areas,Two-way (divided with broken lines road marking),Tangent road with flat terrain,Y Shape,Asphalt roads,Dry,Daylight,Normal,Vehicle with vehicle collision,2,1,Going straight,Driver or rider,Male,31-50,3.0,Overtaking,Serious Injury
2024-10-05 18:56:00,Monday,Unknown,Male,Elementary school,1-2yr,Automobile,Owner,Unknown,Unknown,Other,Two-way (divided with broken lines road marking),Tangent road with flat terrain,Y Shape,Gravel roads,Dry,Daylight,Normal,Vehicle with vehicle collision,2,1,Going straight,,,,,Driving carelessly,Slight Injury
2024-10-05 18:13:00,Tuesday,18-30,Male,High school,No Licence,Automobile,Owner,Unknown,Unknown,Office areas,Undivided Two way,Tangent road with flat terrain,Y Shape,Asphalt roads,Dry,Daylight,Normal,Vehicle with vehicle collision,2,1,Reversing,Driver or rider,Male,31-50,3.0,Driving under the influence of drugs,Slight Injury
2024-10-05 18:13:00,Tuesday,31-50,Male,Junior high school,5-10yr,Lorry (41-100Q),Owner,Unknown,Unknown,Office areas,Two-way (divided with broken lines road marking),Tangent road with flat terrain,Y Shape,Asphalt roads,Dry,Daylight,Normal,Vehicle with vehicle collision,1,1,Turnover,Driver or rider,Female,Over 51,3.0,Moving Backward,Slight Injury
2024-10-05 18:13:00,Tuesday,31-50,Male,Junior high school,1-2yr,Other,Owner,Unknown,Unknown,Other,Two-way (divided with broken lines road marking),Tangent road with flat terrain,Crossing,Asphalt roads,Dry,Daylight,Normal,Vehicle with vehicle collision,1,1,Going straight,Driver or rider,Male,18-30,3.0,Overturning,Serious Injury
2024-10-05 15:15:00,Sunday,18-30,Male,Junior high school,2-5yr,Pick up upto 10Q,Owner,Above 10yr,Unknown,Residential areas,Undivided Two way,Tangent road with flat terrain,Crossing,Other,Dry,Daylight,Normal,Vehicle with vehicle collision,2,3,Going straight,Passenger,Female,Under 18,3.0,Driving under the influence of drugs,Slight Injury
2024-10-05 15:15:00,Sunday,31-50,Male,Junior high school,5-10yr,Stationwagen,Owner,Above 10yr,Unknown,Office areas,Other,Tangent road with mountainous terrain and,Y Shape,Asphalt roads,Dry,Daylight,Normal,Collision with roadside objects,2,3,Going straight,Driver or rider,Male,18-30,3.0,Changing lane to the right,Slight Injury
2024-10-05 15:15:00,Sunday,31-50,Male,Unknown,Unknown,Other,Owner,Above 10yr,No defect,Residential areas,Other,Tangent road with flat terrain,Crossing,Other,Dry,Daylight,Normal,Vehicle with vehicle collision,2,3,Going straight,,,,,Changing lane to the left,Slight Injury
2024-10-05 10:12:00,Tuesday,18-30,Male,Unknown,Unknown,Pick up upto 10Q,Other,Unknown,Unknown,School areas,Two-way (divided with broken lines road marking),Tangent road with flat terrain,Y Shape,Asphalt roads,Dry,Daylight,Normal,Collision with roadside objects,2,3,Getting off,Driver or rider,Female,18-30,3.0,No distancing,Slight Injury
2024-10-05 19:25:00,Monday,31-50,Male,Junior high school,2-5yr,Stationwagen,Owner,Above 10yr,No defect,Office areas,Two-way (divided with broken lines road marking),Sharp reverse curve,Y Shape,Asphalt roads,Dry,Daylight,Normal,Vehicle with vehicle collision,2,1,Going straight,,,,,No distancing,Slight Injury
2024-10-05 14:57:00,Friday,18-30,Male,Junior high school,Above 10yr,Lorry (41-100Q),Owner,5-10yrs,No defect,Other,Other,Tangent road with flat terrain,Y Shape,Asphalt roads,Dry,Daylight,Normal,Vehicle with vehicle collision,2,1,Going straight,,,,,No priority to vehicle,Slight Injury
2024-10-05 14:57:00,Friday,31-50,Male,Junior high school,Above 10yr,Automobile,Owner,Above 10yr,No defect,Other,Undivided Two way,Tangent road with flat terrain,No junction,Asphalt roads,Dry,Daylight,Normal,Other,2,1,Going straight,Driver or rider,Male,5,3.0,Moving Backward,Slight Injury
2024-10-05 14:57:00,Friday,31-50,Male,Unknown,Unknown,Other,Owner,Above 10yr,No defect,Church areas,Other,Tangent road with flat terrain,No junction,Asphalt roads,Dry,Daylight,Normal,Collision with pedestrians,2,1,Going straight,Driver or rider,Male,31-50,3.0,Moving Backward,Slight Injury
2024-10-05 08:30:00,Sunday,Under 18,Male,Elementary school,Above 10yr,Automobile,Owner,Unknown,No defect,Office areas,Two-way (divided with broken lines road marking),Tangent road with flat terrain,No junction,Asphalt roads,Dry,Darkness - no lighting,Normal,Vehicle with vehicle collision,1,1,Going straight,,,,,Getting off the vehicle improperly,Serious Injury
2024-10-05 22:05:00,Monday,Unknown,Male,Junior high school,Above 10yr,Automobile,Owner,Unknown,No defect,Other,Two-way (divided with broken lines road marking),Tangent road with flat terrain,No junction,Asphalt roads,Dry,Darkness - lights lit,Normal,Vehicle with vehicle collision,1,2,Going straight,Driver or rider,Male,18-30,3.0,Changing lane to the left,Serious Injury
2024-10-05 22:05:00,Monday,18-30,Male,Elementary school,2-5yr,Turbo,Owner,Unknown,No defect,Office areas,Two-way (divided with broken lines road marking),Tangent road with mild grade and flat terrain,No junction,Asphalt roads,Dry,Darkness - lights lit,Normal,Vehicle with vehicle collision,1,2,Going straight,,,,,Changing lane to the left,Serious Injury
2024-10-05 15:30:00,Friday,18-30,Male,Junior high school,5-10yr,Other,Owner,Unknown,No defect,Office areas,Two-way (divided with broken lines road marking),Tangent road with flat terrain,No junction,Asphalt roads,Dry,Daylight,Normal,Collision with pedestrians,1,2,Going straight,Pedestrian,Female,Under 18,2.0,No priority to vehicle,Slight Injury
2024-10-05 15:30:00,Friday,Over 51,Male,Junior high school,Below 1yr,Stationwagen,Owner,Above 10yr,No defect,Office areas,Two-way (divided with broken lines road marking),Sharp reverse curve,No junction,Asphalt roads,Dry,Daylight,Normal,Collision with roadside objects,1,2,Going straight,,,,,Changing lane to the right,Slight Injury
2024-10-05 15:30:00,Friday,Over 51,Male,Junior high school,5-10yr,Automobile,Owner,Above 10yr,No defect,Church areas,Undivided Two way,Sharp reverse curve,No junction,Asphalt roads,Wet or damp,Daylight,Raining,Other,2,3,Going straight,Driver or rider,Male,31-50,3.0,Changing lane to the right,Slight Injury
2024-10-05 21:15:00,Sunday,31-50,Male,High school,Above 10yr,Automobile,Owner,Above 10yr,No defect,Office areas,Undivided Two way,Gentle horizontal curve,Y Shape,Asphalt roads,Wet or damp,Daylight,Raining,Vehicle with vehicle collision,2,3,Reversing,,,,,Driving carelessly,Slight Injury
2024-10-05 21:15:00,Sunday,31-50,Male,Junior high school,5-10yr,Automobile,Owner,5-10yrs,No defect,Other,Double carriageway (median),Gentle horizontal curve,No junction,Asphalt roads,Wet or damp,Daylight,Raining,Other,2,3,Going straight,Driver or rider,Male,31-50,2.0,Changing lane to the left,Slight Injury
2024-10-05 21:15:00,Sunday,18-30,Male,Elementary school,1-2yr,Pick up upto 10Q,Owner,Unknown,Unknown,Other,Two-way (divided with broken lines road marking),Tangent road with flat terrain,No junction,Asphalt roads,Dry,Daylight,Normal,Other,4,1,Turnover,Pedestrian,Female,5,3.0,Changing lane to the right,Slight Injury
2024-10-05 21:15:00,Sunday,18-30,Male,Junior high school,Unknown,Lorry (41-100Q),Owner,5-10yrs,No defect,Church areas,Other,Tangent road with mountainous terrain and,Crossing,Asphalt roads,Dry,Daylight,Normal,Other,4,1,Going straight,,,,,Driving under the influence of drugs,Slight Injury
2024-10-05 16:32:00,Monday,18-30,Male,Above high school,1-2yr,Lorry (41-100Q),Owner,1-2yr,Unknown,School areas,Undivided Two way,Tangent road with flat terrain,Crossing,Asphalt roads,Dry,Daylight,Normal,Vehicle with vehicle collision,4,1,Going straight,Driver or rider,Male,18-30,3.0,Driving carelessly,Slight Injury
2024-10-05 16:32:00,Monday,31-50,Male,Junior high school,Above 10yr,Automobile,Other,Unknown,Unknown,Church areas,Two-way (divided with broken lines road marking),Tangent road with flat terrain,Crossing,Asphalt roads,Dry,Daylight,Normal,Vehicle with vehicle collision,4,1,Going straight,,,,,No distancing,Slight Injury
2024-10-05 16:32:00,Monday,Over 51,Male,Junior high school,1-2yr,Lorry (41-100Q),Owner,Above 10yr,Unknown,Office areas,Undivided Two way,Tangent road with flat terrain,Crossing,Asphalt roads,Dry,Daylight,Normal,Collision with roadside objects,3,4,Going straight,Driver or rider,Male,18-30,3.0,No priority to vehicle,Slight Injury
2024-10-05 15:30:00,Friday,31-50,Male,Junior high school,5-10yr,Lorry (41-100Q),Owner,2-5yrs,No defect,Other,Other,Tangent road with flat terrain,Crossing,Asphalt roads,Dry,Daylight,Normal,Collision with roadside objects,3,4,Reversing,,,,,No priority to vehicle,Slight Injury
2024-10-05 15:30:00,Friday,31-50,Male,Junior high school,2-5yr,Lorry (41-100Q),Owner,Above 10yr,Unknown,Church areas,Two-way (divided with broken lines road marking),Steep grade upward with mountainous terrain,No junction,Asphalt roads,Dry,Daylight,Normal,Vehicle with vehicle collision,3,4,Going straight,Driver or rider,Female,5,3.0,No priority to vehicle,Slight Injury
2024-10-05 14:45:00,Saturday,Over 51,Male,Unknown,Unknown,Lorry (41-100Q),Governmental,1-2yr,No defect,Other,Double carriageway (median),Tangent road with flat terrain,No junction,Asphalt roads,Dry,Daylight,Normal,Vehicle with vehicle collision,3,4,Turnover,Driver or rider,Male,Over 51,2.0,Changing lane to the left,Slight Injury
2024-10-05 19:30:00,Wednesday,31-50,Male,Junior high school,2-5yr,Automobile,Governmental,Above 10yr,Unknown,Other,Double carriageway (median),Tangent road with flat terrain,No junction,Earth roads,Dry,Daylight,Normal,Vehicle with vehicle collision,3,4,Going straight,Driver or rider,Male,18-30,3.0,Moving Backward,Slight Injury
2024-10-05 19:30:00,Wednesday,Over 51,Male,Junior high school,2-5yr,Automobile,Organization,5-10yrs,No defect,Office areas,Two-way (divided with broken lines road marking),Gentle horizontal curve,No junction,Asphalt roads,Wet or damp,Daylight,Raining,Vehicle with vehicle collision,3,2,Going straight,,,,,Driving carelessly,Slight Injury
2024-10-05 16:56:00,Friday,Over 51,Male,Junior high school,Above 10yr,Automobile,Organization,Above 10yr,No defect,Other,Two-way (divided with broken lines road marking),Tangent road with flat terrain,No junction,Asphalt roads,Wet or damp,Daylight,Raining,Vehicle with vehicle collision,3,2,Going straight,Pedestrian,Female,18-30,2.0,Driving under the influence of drugs,Slight Injury
2024-10-05 17:50:00,Monday,18-30,Male,Junior high school,1-2yr,Public (13-45 seats),Owner,2-5yrs,No defect,Other,Two-way (divided with broken lines road marking),Tangent road with flat terrain,No junction,Asphalt roads,Wet or damp,Daylight,Raining,Rollover,3,2,Going straight,Pedestrian,Male,Over 51,3.0,Changing lane to the right,Slight Injury
2024-10-05 17:50:00,Monday,18-30,Male,Above high school,1-2yr,Automobile,Governmental,Unknown,No defect,Residential areas,Two-way (divided with broken lines road marking),Tangent road with flat terrain,No junction,Asphalt roads,Dry,Darkness - lights lit,Normal,Vehicle with vehicle collision,1,2,Going straight,Driver or rider,Male,31-50,3.0,No priority to vehicle,Serious Injury
2024-10-05 09:04:00,Tuesday,31-50,Male,Above high school,No Licence,Public (13-45 seats),Owner,2-5yrs,No defect,Office areas,Two-way (divided with broken lines road marking),Tangent road with flat terrain,No junction,Asphalt roads,Dry,Darkness - lights lit,Normal,Collision with roadside objects,1,2,Getting off,,,,,Changing lane to the right,Serious Injury
2024-10-05 09:04:00,Tuesday,Over 51,Male,Junior high school,1-2yr,Public (13-45 seats),Owner,2-5yrs,No defect,Church areas,One way,Tangent road with flat terrain,Y Shape,Asphalt roads,Dry,Daylight,Normal,Collision with pedestrians,2,1,Moving Backward,Driver or rider,Female,18-30,3.0,Driving to the left,Slight Injury
2024-10-05 10:40:00,Thursday,Over 51,Male,Junior high school,5-10yr,Automobile,Owner,1-2yr,No defect,Other,Undivided Two way,Tangent road with flat terrain,Y Shape,Asphalt roads,Dry,Daylight,Normal,Vehicle with vehicle collision,2,1,Going straight,,,,,Moving Backward,Slight Injury
2024-10-05 10:40:00,Thursday,Over 51,Male,Junior high school,Above 10yr,Lorry (11-40Q),Owner,Above 10yr,Unknown,Market areas,Other,Steep grade downward with mountainous terrain,Y Shape,Asphalt roads,Dry,Daylight,Normal,Vehicle with vehicle collision,2,1,Turnover,,,,,No priority to vehicle,Slight Injury
2024-10-05 21:15:00,Thursday,18-30,Male,Junior high school,Above 10yr,Automobile,Owner,Above 10yr,Unknown,Other,Two-way (divided with broken lines road marking),Tangent road with mountainous terrain and,Y Shape,Asphalt roads,Dry,Daylight,Normal,Vehicle with vehicle collision,2,1,Going straight,Driver or rider,Male,18-30,3.0,No distancing,Slight Injury
2024-10-05 21:15:00,Thursday,18-30,Male,Junior high school,5-10yr,Lorry (41-100Q),Owner,Unknown,No defect,Other,Undivided Two way,Tangent road with mountainous terrain and,Y Shape,Asphalt roads,Dry,Daylight,Normal,Vehicle with vehicle collision,2,1,Other,,,,,Driving carelessly,Slight Injury
2024-10-05 16:00:00,Friday,Under 18,Male,Elementary school,2-5yr,Other,Owner,Unknown,No defect,Church areas,Undivided Two way,Tangent road with flat terrain,Y Shape,Gravel roads,Dry,Daylight,Normal,Vehicle with vehicle collision,2,1,Going straight,Driver or rider,Female,31-50,3.0,Changing lane to the left,Slight Injury
2024-10-05 16:00:00,Friday,18-30,Male,Junior high school,2-5yr,Pick up upto 10Q,Governmental,1-2yr,No defect,Residential areas,Undivided Two way,Tangent road with flat terrain,Crossing,Asphalt roads,Dry,Daylight,Normal,Vehicle with vehicle collision,1,1,Going straight,Pedestrian,Female,31-50,3.0,No priority to vehicle,Slight Injury
2024-10-05 16:00:00,Friday,31-50,Male,Junior high school,Below 1yr,Lorry (11-40Q),Owner,Unknown,No defect,Other,Undivided Two way,Tangent road with flat terrain,No junction,Earth roads,Dry,Darkness - lights lit,Normal,Vehicle with vehicle collision,2,1,Going straight,,,,,No priority to vehicle,Serious Injury
2024-10-05 19:30:00,Saturday,18-30,Male,Junior high school,2-5yr,Motorcycle,Owner,Unknown,No defect,Other,Two-way (divided with broken lines road marking),Tangent road with flat terrain,Crossing,Asphalt roads,Dry,Darkness - lights lit,Normal,Collision with roadside objects,2,1,Going straight,Driver or rider,Male,18-30,3.0,No distancing,Serious Injury
2024-10-05 19:30:00,Saturday,18-30,Male,Junior high school,2-5yr,Pick up upto 10Q,Owner,Unknown,No defect,Other,Double carriageway (median),Tangent road with flat terrain,Crossing,Asphalt roads,Dry,Daylight,Normal,Rollover,2,2,Turnover,,,,,Driving to the left,Slight Injury
2024-10-05 19:30:00,Saturday,18-30,Male,Elementary school,5-10yr,Lorry (11-40Q),Owner,Unknown,No defect,Recreational areas,Two-way (divided with broken lines road marking),Tangent road with flat terrain,Y Shape,Asphalt roads,Dry,Daylight,Normal,Vehicle with vehicle collision,2,2,Turnover,Driver or rider,Male,18-30,3.0,Driving carelessly,Slight Injury
2024-10-05 09:32:00,Sunday,31-50,Male,Junior high school,Above 10yr,Lorry (11-40Q),Owner,Unknown,No defect,Recreational areas,One way,Tangent road with flat terrain,Y Shape,Earth roads,Dry,Daylight,Normal,Collision with pedestrians,2,2,Going straight,Driver or rider,Male,18-30,3.0,Driving carelessly,Slight Injury
2024-10-05 09:32:00,Sunday,18-30,Male,Unknown,Unknown,Automobile,Owner,Unknown,No defect,Other,Two-way (divided with broken lines road marking),Tangent road with flat terrain,Y Shape,Asphalt roads,Dry,Daylight,Normal,Vehicle with vehicle collision,3,1,Getting off,,,,,Changing lane to the right,Slight Injury
2024-10-05 11:19:00,Wednesday,Over 51,Male,Junior high school,2-5yr,Automobile,Organization,1-2yr,No defect,Office areas,Two-way (divided with broken lines road marking),Tangent road with flat terrain,Y Shape,Asphalt roads,Dry,Daylight,Normal,Vehicle with vehicle collision,3,1,Getting off,Driver or rider,Female,31-50,3.0,Driving carelessly,Slight Injury
2024-10-05 11:19:00,Wednesday,Over 51,Female,Junior high school,5-10yr,Other,Owner,2-5yrs,No defect,Residential areas,Two-way (divided with broken lines road marking),Tangent road with flat terrain,Y Shape,Asphalt roads,Dry,Daylight,Normal,Collision with pedestrians,3,1,Going straight,Driver or rider,Female,Over 51,3.0,Changing lane to the left,Slight Injury
2024-10-05 08:05:00,Friday,31-50,Male,Above high school,2-5yr,Other,Owner,2-5yrs,No defect,Other,Two-way (divided with broken lines road marking),Tangent road with flat terrain,Y Shape,Asphalt roads,Wet or damp,Daylight,Raining,Collision with pedestrians,2,4,Overtaking,,,,,Driving carelessly,Slight Injury
2024-10-05 06:26:00,Friday,18-30,Male,Unknown,Unknown,Automobile,Other,1-2yr,Unknown,Residential areas,Undivided Two way,Steep grade downward with mountainous terrain,Y Shape,Asphalt roads,Wet or damp,Daylight,Raining,Vehicle with vehicle collision,2,4,Reversing,Driver or rider,Male,18-30,3.0,Driving carelessly,Slight Injury
2024-10-05 06:26:00,Friday,18-30,Male,Unknown,1-2yr,Taxi,Owner,Unknown,No defect,Church areas,Double carriageway (median),Tangent road with flat terrain,Other,Asphalt roads,Wet or damp,Daylight,Raining,Vehicle with vehicle collision,2,4,Going straight,Driver or rider,Male,31-50,3.0,Driving under the influence of drugs,Slight Injury
2024-10-05 09:20:00,Thursday,18-30,Male,Junior high school,2-5yr,Other,Owner,2-5yrs,Unknown,Other,One way,Tangent road with flat terrain,Y Shape,Asphalt roads,Wet or damp,Daylight,Raining,Vehicle with vehicle collision,2,4,Getting off,Passenger,Male,Over 51,3.0,Driving carelessly,Slight Injury
2024-10-05 09:20:00,Thursday,18-30,Male,Junior high school,Above 10yr,Taxi,Owner,5-10yrs,No defect,Office areas,Two-way (divided with broken lines road marking),Tangent road with mountainous terrain and,Y Shape,Asphalt roads,Wet or damp,Daylight,Raining,Vehicle with vehicle collision,2,4,Getting off,Passenger,Female,31-50,3.0,No distancing,Slight Injury
2024-10-05 09:25:00,Friday,31-50,Male,Junior high school,Below 1yr,Lorry (11-40Q),Owner,2-5yrs,Unknown,Other,Undivided Two way,Tangent road with flat terrain,Y Shape,Asphalt roads,Dry,Daylight,Normal,Vehicle with vehicle collision,2,1,Reversing,Passenger,Female,31-50,3.0,Driving carelessly,Slight Injury
2024-10-05 09:25:00,Friday,31-50,Male,Junior high school,2-5yr,Automobile,Owner,Unknown,Unknown,Recreational areas,Two-way (divided with broken lines road marking),Steep grade downward with mountainous terrain,Y Shape,Asphalt roads,Dry,Daylight,Normal,Collision with roadside objects,2,1,Turnover,Driver or rider,Male,18-30,3.0,Driving to the left,Slight Injury
2024-10-05 17:50:00,Monday,Over 51,Male,Junior high school,Below 1yr,Other,Owner,Unknown,No defect,Other,Undivided Two way,Tangent road with flat terrain,Y Shape,Asphalt roads,Dry,Daylight,Normal,Vehicle with vehicle collision,2,1,Moving Backward,Driver or rider,Male,31-50,3.0,Overtaking,Slight Injury
2024-10-05 17:50:00,Monday,31-50,Male,High school,5-10yr,Automobile,Owner,1-2yr,No defect,Office areas,Two-way (divided with broken lines road marking),Tangent road with flat terrain,Y Shape,Asphalt roads,Dry,Daylight,Normal,Vehicle with vehicle collision,2,1,Going straight,,,,,No distancing,Slight Injury
2024-10-05 16:02:00,Sunday,31-50,Male,Above high school,1-2yr,Automobile,Governmental,Unknown,No defect,Residential areas,Undivided Two way,Tangent road with flat terrain,Y Shape,Asphalt roads,Dry,Daylight,Normal,Vehicle with vehicle collision,2,2,Going straight,Driver or rider,Male,18-30,3.0,Driving carelessly,Slight Injury
2024-10-05 16:02:00,Sunday,Under 18,Male,Junior high school,Below 1yr,Automobile,Owner,Unknown,No defect,Office areas,One way,Tangent road with flat terrain,No junction,Asphalt roads,Dry,Daylight,Normal,Vehicle with vehicle collision,2,2,Going straight,,,,,No priority to vehicle,Slight Injury
2024-10-05 15:36:00,Tuesday,31-50,Male,Unknown,Unknown,Automobile,Owner,Unknown,No defect,Office areas,Two-way (divided with broken lines road marking),Tangent road with flat terrain,No junction,Asphalt roads,Dry,Daylight,Normal,Vehicle with vehicle collision,2,2,Going straight,,,,,No priority to vehicle,Slight Injury
2024-10-05 15:36:00,Tuesday,Under 18,Male,High school,Below 1yr,Lorry (41-100Q),Owner,Unknown,No defect,Church areas,Double carriageway (median),Tangent road with flat terrain,No junction,Asphalt roads,Wet or damp,Daylight,Raining,Vehicle with vehicle collision,2,1,Reversing,Driver or rider,Male,Over 51,3.0,No priority to vehicle,Slight Injury
2024-10-05 20:46:00,Saturday,18-30,Male,High school,Below 1yr,Other,Owner,Unknown,No defect,Church areas,Undivided Two way,Tangent road with flat terrain,No junction,Asphalt roads,Wet or damp,Daylight,Raining,Vehicle with vehicle collision,2,1,Going straight,,,,,No priority to vehicle,Slight Injury
2024-10-05 20:46:00,Saturday,18-30,Male,Unknown,Unknown,Pick up upto 10Q,Owner,Unknown,No defect,Residential areas,Undivided Two way,Tangent road with flat terrain,No junction,Asphalt roads,Wet or damp,Daylight,Raining,Vehicle with vehicle collision,2,1,Going straight,Driver or rider,Female,18-30,3.0,No distancing,Slight Injury
2024-10-05 07:25:00,Wednesday,31-50,Male,High school,2-5yr,Pick up upto 10Q,Owner,Unknown,No defect,Other,Undivided Two way,Tangent road with flat terrain,No junction,Asphalt roads,Wet or damp,Daylight,Raining,Vehicle with vehicle collision,2,1,Going straight,,,,,Moving Backward,Slight Injury
2024-10-05 07:25:00,Wednesday,Under 18,Male,Junior high school,Above 10yr,Automobile,Owner,Unknown,Unknown,Other,Other,Tangent road with flat terrain,Y Shape,Asphalt roads,Dry,Daylight,Normal,Vehicle with vehicle collision,3,1,Going straight,Driver or rider,Female,18-30,3.0,No distancing,Serious Injury
2024-10-05 19:58:00,Sunday,Over 51,Male,Junior high school,Above 10yr,Long lorry,Owner,Unknown,No defect,Other,Undivided Two way,Tangent road with flat terrain,Y Shape,Earth roads,Dry,Daylight,Normal,Vehicle with vehicle collision,3,1,Getting off,Passenger,Female,Under 18,3.0,Changing lane to the left,Serious Injury
2024-10-05 06:50:00,Wednesday,31-50,Male,Junior high school,5-10yr,Automobile,Owner,2-5yrs,Unknown,Residential areas,Undivided Two way,Tangent road with flat terrain,Y Shape,Asphalt roads,Dry,Daylight,Normal,Vehicle with vehicle collision,3,1,Going straight,Driver or rider,Male,31-50,3.0,Changing lane to the left,Serious Injury
2024-10-05 06:50:00,Wednesday,Under 18,Male,Junior high school,1-2yr,Public (13-45 seats),Owner,Unknown,Unknown,Office areas,Undivided Two way,Tangent road with flat terrain,No junction,Asphalt roads,Dry,Daylight,Normal,Vehicle with vehicle collision,3,2,Going straight,,,,,No priority to pedestrian,Slight Injury
2024-10-05 12:08:00,Friday,18-30,Female,Unknown,Below 1yr,Lorry (41-100Q),Owner,Unknown,Unknown,Residential areas,Undivided Two way,Tangent road with flat terrain,No junction,Other,Dry,Daylight,Normal,Vehicle with vehicle collision,3,2,Going straight,,,,,Moving Backward,Slight Injury