Time,Day_of_week,Age_band_of_driver,Sex_of_driver,Educational_level,Driving_experience,Type_of_vehicle,Owner_of_vehicle,Service_year_of_vehicle,Defect_of_vehicle,Area_accident_occured,Lanes_or_Medians,Road_allignment,Types_of_Junction,Road_surface_type,Road_surface_conditions,Light_conditions,Weather_conditions,Type_of_collision,Number_of_vehicles_involved,Number_of_casualties,Vehicle_movement,Casualty_class,Sex_of_casualty,Age_band_of_casualty,Casualty_severity,Cause_of_accident,Accident_severity
2024-10-05 00:10:00,Sunday,18-30,Male,Elementary school,5-10yr,Public (> 45 seats),Owner,Above 10yr,Unknown,Office areas,Other,Tangent road with mountainous terrain and,No junction,Asphalt roads,Dry,Daylight,Normal,Collision with roadside objects,2,3,Other,Driver or rider,Male,31-50,3.0,No priority to pedestrian,Slight Injury
2024-10-05 15:20:00,Saturday,Unknown,Male,Junior high school,5-10yr,Other,Owner,Above 10yr,No defect,Residential areas,Other,Tangent road with flat terrain,No junction,Gravel roads,Dry,Daylight,Normal,Vehicle with vehicle collision,2,2,Other,Driver or rider,Female,18-30,3.0,Changing lane to the left,Slight Injury
2024-10-05 15:20:00,Saturday,31-50,Male,Junior high school,Above 10yr,Automobile,Other,Unknown,Unknown,School areas,Two-way (divided with broken lines road marking),Tangent road with flat terrain,Crossing,Asphalt roads,Dry,Daylight,Normal,Collision with roadside objects,2,2,Going straight,,,,,Driving carelessly,Slight Injury
2024-10-05 15:20:00,Saturday,31-50,Male,Junior high school,5-10yr,Pick up upto 10Q,Owner,Above 10yr,No defect,Office areas,Two-way (divided with broken lines road marking),Sharp reverse curve,Crossing,Asphalt roads,Dry,Daylight,Normal,Vehicle with vehicle collision,2,2,Reversing,Driver or rider,Male,18-30,3.0,Driving carelessly,Slight Injury
2024-10-05 16:30:00,Saturday,Under 18,Male,Junior high school,Above 10yr,Public (12 seats),Owner,5-10yrs,No defect,Other,Other,Tangent road with flat terrain,Y Shape,Asphalt roads,Wet or damp,Darkness - lights lit,Raining,Vehicle with vehicle collision,2,1,Going straight,,,,,No priority to pedestrian,Slight Injury
2024-10-05 16:30:00,Saturday,Under 18,Male,Elementary school,Below 1yr,Lorry (41-100Q),Owner,Above 10yr,No defect,Other,Undivided Two way,Tangent road with flat terrain,Y Shape,Asphalt roads,Wet or damp,Darkness - lights lit,Raining,Other,2,1,Going straight,Pedestrian,Female,Under 18,3.0,Getting off the vehicle improperly,Slight Injury
2024-10-05 01:05:00,Friday,Under 18,Male,Elementary school,5-10yr,Lorry (41-100Q),Owner,Above 10yr,No defect,Church areas,Other,Tangent road with flat terrain,Y Shape,Asphalt roads,Dry,Daylight,Normal,Collision with pedestrians,2,2,Going straight,Driver or rider,Male,18-30,2.0,No distancing,Slight Injury
2024-10-05 01:05:00,Friday,31-50,Male,Elementary school,1-2yr,Lorry (41-100Q),Owner,Unknown,No defect,Office areas,Two-way (divided with broken lines road marking),Tangent road with flat terrain,Y Shape,Asphalt roads,Dry,Daylight,Normal,Vehicle with vehicle collision,2,2,Going straight,,,,,Changing lane to the left,Slight Injury
2024-10-05 19:40:00,Monday,Over 51,Male,Elementary school,5-10yr,Public (13-45 seats),Owner,Unknown,No defect,Other,Two-way (divided with broken lines road marking),Tangent road with flat terrain,O Shape,Asphalt roads,Dry,Daylight,Normal,Vehicle with vehicle collision,2,2,Moving Backward,Pedestrian,Female,18-30,3.0,No priority to vehicle,Slight Injury
2024-10-05 19:40:00,Monday,31-50,Male,Elementary school,5-10yr,Lorry (41-100Q),Owner,Unknown,No defect,Office areas,Two-way (divided with broken lines road marking),Tangent road with mild grade and flat terrain,Y Shape,Asphalt roads,Dry,Daylight,Normal,Vehicle with vehicle collision,1,1,Going straight,Driver or rider,Female,31-50,3.0,No distancing,Slight Injury
2024-10-05 19:40:00,Monday,31-50,Male,Elementary school,2-5yr,Lorry (41-100Q),Owner,Unknown,No defect,Office areas,Two-way (divided with broken lines road marking),Tangent road with flat terrain,Y Shape,Asphalt roads,Dry,Daylight,Normal,Collision with pedestrians,1,1,Going straight,,,,,No priority to pedestrian,Slight Injury
2024-10-05 19:08:00,Tuesday,18-30,Male,Elementary school,5-10yr,Motorcycle,Owner,Above 10yr,No defect,Office areas,Two-way (divided with broken lines road marking),Sharp reverse curve,Y Shape,Asphalt roads,Dry,Daylight,Normal,Collision with roadside objects,3,1,Going straight,,,,,No priority to pedestrian,Slight Injury
2024-10-05 19:08:00,Tuesday,18-30,Male,Unknown,5-10yr,Lorry (41-100Q),Owner,Above 10yr,No defect,Church areas,Undivided Two way,Sharp reverse curve,Y Shape,Asphalt roads,Dry,Daylight,Normal,Other,3,1,Going straight,Driver or rider,Male,18-30,3.0,No priority to vehicle,Slight Injury
2024-10-05 17:50:00,Saturday,Over 51,Male,Junior high school,Above 10yr,Ridden horse,Owner,Above 10yr,No defect,Office areas,Undivided Two way,Gentle horizontal curve,Y Shape,Asphalt roads,Dry,Daylight,Normal,Vehicle with vehicle collision,3,1,Going straight,,,,,Driving carelessly,Slight Injury
2024-10-05 17:50:00,Saturday,18-30,Male,Junior high school,Above 10yr,Automobile,Owner,5-10yrs,No defect,Other,Double carriageway (median),Gentle horizontal curve,Y Shape,Asphalt roads,Wet or damp,Daylight,Normal,Other,2,2,Moving Backward,Driver or rider,Male,18-30,3.0,Changing lane to the right,Serious Injury
2024-10-05 21:30:00,Sunday,31-50,Male,Elementary school,Below 1yr,Lorry (41-100Q),Owner,Unknown,Unknown,Other,Two-way (divided with broken lines road marking),Tangent road with flat terrain,Y Shape,Asphalt roads,Wet or damp,Daylight,Normal,Other,2,2,Going straight,Driver or rider,Male,18-30,3.0,Changing lane to the left,Serious Injury
2024-10-05 21:30:00,Sunday,31-50,Male,Elementary school,5-10yr,Pick up upto 10Q,Owner,5-10yrs,No defect,Church areas,Other,Tangent road with mountainous terrain and,Y Shape,Asphalt roads,Wet or damp,Daylight,Normal,Other,2,2,Going straight,,,,,Moving Backward,Serious Injury
2024-10-05 14:49:00,Monday,Over 51,Male,Elementary school,5-10yr,Public (> 45 seats),Owner,1-2yr,Unknown,School areas,Undivided Two way,Tangent road with flat terrain,Y Shape,Asphalt roads,Dry,Darkness - lights lit,Normal,Vehicle with vehicle collision,2,1,Moving Backward,,,,,Driving carelessly,Slight Injury
2024-10-05 14:49:00,Monday,Over 51,Male,Elementary school,2-5yr,Stationwagen,Other,Unknown,Unknown,Church areas,Two-way (divided with broken lines road marking),Tangent road with flat terrain,Y Shape,Asphalt roads,Dry,Darkness - lights lit,Normal,Vehicle with vehicle collision,2,1,Moving Backward,Driver or rider,Female,31-50,3.0,Driving to the left,Slight Injury
2024-10-05 14:49:00,Monday,18-30,Male,Elementary school,Above 10yr,Automobile,Owner,Above 10yr,Unknown,Office areas,Undivided Two way,Tangent road with flat terrain,Y Shape,Asphalt roads,Dry,Darkness - lights lit,Normal,Collision with roadside objects,2,1,Going straight,,,,,Driving to the left,Slight Injury
2024-10-05 17:40:00,Sunday,31-50,Male,Elementary school,2-5yr,Public (12 seats),Owner,2-5yrs,No defect,Other,Other,Tangent road with flat terrain,No junction,Asphalt roads,Dry,Darkness - lights lit,Normal,Collision with roadside objects,2,1,Turnover,Driver or rider,Male,31-50,3.0,No priority to pedestrian,Slight Injury
2024-10-05 17:40:00,Sunday,Over 51,Male,Junior high school,Above 10yr,Automobile,Owner,Above 10yr,Unknown,Church areas,Two-way (divided with broken lines road marking),Steep grade upward with mountainous terrain,No junction,Asphalt roads,Dry,Daylight,Normal,Vehicle with vehicle collision,1,2,Turnover,Driver or rider,Male,31-50,3.0,Changing lane to the left,Slight Injury
2024-10-05 21:55:00,Saturday,18-30,Male,Junior high school,Below 1yr,Automobile,Governmental,1-2yr,No defect,Other,Double carriageway (median),Tangent road with flat terrain,Crossing,Earth roads,Dry,Daylight,Normal,Vehicle with vehicle collision,1,2,Going straight,Pedestrian,Male,18-30,2.0,Changing lane to the right,Slight Injury
2024-10-05 21:55:00,Saturday,18-30,Male,Junior high school,2-5yr,Automobile,Governmental,Above 10yr,Unknown,Other,Double carriageway (median),Tangent road with flat terrain,Crossing,Asphalt roads,Wet or damp,Darkness - lights lit,Other,Vehicle with vehicle collision,2,1,Going straight,Passenger,Female,Under 18,3.0,Driving carelessly,Slight Injury
2024-10-05 07:30:00,Tuesday,18-30,Male,Elementary school,5-10yr,Lorry (41-100Q),Organization,5-10yrs,No defect,Office areas,Two-way (divided with broken lines road marking),Gentle horizontal curve,Crossing,Asphalt roads,Wet or damp,Darkness - lights lit,Other,Vehicle with vehicle collision,2,1,Going straight,,,,,No distancing,Slight Injury
2024-10-05 07:30:00,Tuesday,31-50,Male,Elementary school,5-10yr,Automobile,Organization,Above 10yr,No defect,Other,Two-way (divided with broken lines road marking),Tangent road with flat terrain,Crossing,Asphalt roads,Wet or damp,Darkness - lights lit,Normal,Vehicle with vehicle collision,2,1,Going straight,Driver or rider,Male,18-30,3.0,Getting off the vehicle improperly,Slight Injury
2024-10-05 10:41:00,Wednesday,31-50,Male,Elementary school,1-2yr,Automobile,Owner,2-5yrs,No defect,Other,Two-way (divided with broken lines road marking),Tangent road with flat terrain,Crossing,Asphalt roads,Wet or damp,Darkness - lights lit,Normal,Rollover,2,1,Going straight,,,,,Driving under the influence of drugs,Slight Injury
2024-10-05 13:16:00,Wednesday,31-50,Male,Elementary school,Unknown,Public (12 seats),Governmental,Unknown,No defect,Residential areas,Two-way (divided with broken lines road marking),Tangent road with flat terrain,Crossing,Asphalt roads,Wet or damp,Darkness - lights lit,Normal,Vehicle with vehicle collision,2,1,Going straight,Driver or rider,Male,18-30,3.0,Changing lane to the right,Serious Injury
2024-10-05 13:16:00,Wednesday,31-50,Male,Junior high school,1-2yr,Taxi,Owner,Above 10yr,No defect,Residential areas,Other,Tangent road with flat terrain,Crossing,Asphalt roads,Wet or damp,Darkness - lights lit,Normal,Collision with roadside objects,2,1,Getting off,Driver or rider,Male,Under 18,3.0,Driving carelessly,Serious Injury
2024-10-05 13:16:00,Wednesday,31-50,Male,Unknown,5-10yr,Automobile,Owner,5-10yrs,No defect,Office areas,Undivided Two way,Tangent road with flat terrain,No junction,Asphalt roads,Dry,Darkness - lights lit,Normal,Collision with pedestrians,2,1,Moving Backward,,,,,Moving Backward,Slight Injury
2024-10-05 11:30:00,Thursday,18-30,Male,Elementary school,1-2yr,Public (12 seats),Owner,Unknown,No defect,Recreational areas,Other,Other,No junction,Asphalt roads,Dry,Darkness - lights lit,Normal,Vehicle with vehicle collision,2,1,Other,,,,,Turnover,Slight Injury
2024-10-05 11:30:00,Thursday,18-30,Male,Junior high school,5-10yr,Stationwagen,Governmental,Unknown,No defect,Office areas,Other,Tangent road with mild grade and flat terrain,No junction,Asphalt roads,Wet or damp,Daylight,Normal,Vehicle with vehicle collision,2,1,Going straight,Driver or rider,Male,18-30,3.0,Changing lane to the right,Slight Injury
2024-10-05 19:31:00,Wednesday,18-30,Male,Junior high school,2-5yr,Stationwagen,Owner,5-10yrs,No defect,Industrial areas,Other,Tangent road with flat terrain,Y Shape,Asphalt roads with some distress,Wet or damp,Daylight,Normal,Vehicle with vehicle collision,2,1,Going straight,Driver or rider,Male,18-30,3.0,Driving carelessly,Slight Injury
2024-10-05 19:31:00,Wednesday,18-30,Male,Junior high school,2-5yr,Automobile,Other,Unknown,Unknown,Other,Other,Other,Y Shape,Asphalt roads,Dry,Darkness - lights lit,Normal,Vehicle with vehicle collision,1,1,Going straight,,,,,No priority to vehicle,Slight Injury
2024-10-05 09:25:00,Friday,31-50,Male,Junior high school,5-10yr,Lorry (41-100Q),Owner,Unknown,No defect,Residential areas,Undivided Two way,Tangent road with flat terrain,No junction,Asphalt roads,Wet or damp,Daylight,Normal,Vehicle with vehicle collision,1,1,Going straight,Driver or rider,Male,31-50,2.0,Moving Backward,Serious Injury
2024-10-05 09:25:00,Friday,18-30,Male,Junior high school,Below 1yr,Automobile,Governmental,Above 10yr,No defect,Residential areas,Other,Tangent road with flat terrain,No junction,Asphalt roads,Dry,Daylight,Normal,Vehicle with vehicle collision,2,1,Going straight,,,,,Changing lane to the left,Serious Injury
2024-10-05 14:10:00,Wednesday,18-30,Male,High school,Below 1yr,Public (12 seats),Owner,1-2yr,No defect,Industrial areas,Other,Tangent road with flat terrain,Crossing,Asphalt roads,Dry,Daylight,Normal,Vehicle with vehicle collision,2,1,Going straight,Pedestrian,Female,18-30,3.0,Overturning,Serious Injury
2024-10-05 14:10:00,Wednesday,Over 51,Female,Junior high school,Unknown,Automobile,Owner,2-5yrs,No defect,Residential areas,Undivided Two way,Tangent road with flat terrain,Crossing,Asphalt roads,Dry,Darkness - lights lit,Normal,Collision with roadside objects,2,1,Going straight,Driver or rider,Male,18-30,3.0,No distancing,Serious Injury
2024-10-05 14:00:00,Friday,31-50,Male,Junior high school,Below 1yr,Automobile,Owner,Unknown,No defect,Residential areas,Other,Tangent road with flat terrain,No junction,Asphalt roads,Dry,Darkness - lights lit,Normal,Rollover,2,1,Going straight,Driver or rider,Male,31-50,3.0,Driving carelessly,Serious Injury
2024-10-05 14:00:00,Friday,31-50,Male,Junior high school,2-5yr,Lorry (41-100Q),Owner,Unknown,No defect,Office areas,Undivided Two way,Tangent road with flat terrain,No junction,Asphalt roads,Dry,Daylight,Normal,Vehicle with vehicle collision,2,1,Going straight,Passenger,Male,Over 51,3.0,No distancing,Serious Injury
2024-10-05 22:05:00,Tuesday,Unknown,Male,Junior high school,2-5yr,Automobile,Owner,2-5yrs,No defect,Office areas,Double carriageway (median),Escarpments,No junction,Asphalt roads,Dry,Daylight,Normal,Collision with pedestrians,2,1,Going straight,Driver or rider,Female,18-30,3.0,Changing lane to the left,Serious Injury
2024-10-05 22:05:00,Tuesday,Over 51,Male,Junior high school,5-10yr,Motorcycle,Owner,Above 10yr,No defect,Office areas,Other,Tangent road with flat terrain,Y Shape,Asphalt roads,Wet or damp,Darkness - lights lit,Other,Vehicle with vehicle collision,2,1,Going straight,,,,,No priority to pedestrian,Serious Injury
2024-10-05 07:00:00,Thursday,18-30,Male,Elementary school,5-10yr,Other,Owner,1-2yr,No defect,Office areas,Undivided Two way,Escarpments,Y Shape,Asphalt roads,Wet or damp,Darkness - lights lit,Other,Vehicle with vehicle collision,2,1,Going straight,Pedestrian,Female,18-30,3.0,No distancing,Serious Injury
2024-10-05 07:00:00,Thursday,31-50,Male,Unknown,5-10yr,Automobile,Owner,Unknown,No defect,Office areas,One way,Tangent road with flat terrain,Y Shape,Asphalt roads,Dry,Daylight,Normal,Collision with pedestrians,1,1,Moving Backward,Driver or rider,Female,18-30,3.0,No distancing,Slight Injury
2024-10-05 07:35:00,Thursday,18-30,Male,Junior high school,5-10yr,Automobile,Owner,Unknown,No defect,Office areas,Undivided Two way,Tangent road with flat terrain,Y Shape,Asphalt roads,Dry,Daylight,Normal,Collision with pedestrians,2,1,Going straight,,,,,Changing lane to the left,Serious Injury
2024-10-05 07:35:00,Thursday,31-50,Male,Junior high school,5-10yr,Automobile,Owner,Unknown,No defect,Office areas,Other,Tangent road with flat terrain,Y Shape,Asphalt roads,Dry,Daylight,Normal,Vehicle with vehicle collision,2,1,Moving Backward,,,,,No distancing,Serious Injury
2024-10-05 08:43:00,Wednesday,31-50,Male,Illiterate,2-5yr,Public (> 45 seats),Owner,Above 10yr,No defect,Residential areas,Other,Tangent road with flat terrain,Crossing,Asphalt roads,Dry,Daylight,Normal,Vehicle with vehicle collision,2,1,Moving Backward,Driver or rider,Female,18-30,3.0,Changing lane to the left,Serious Injury
2024-10-05 08:43:00,Wednesday,31-50,Male,Junior high school,5-10yr,Other,Owner,5-10yrs,No defect,Residential areas,One way,Tangent road with flat terrain,Crossing,Asphalt roads,Dry,Daylight,Normal,Vehicle with vehicle collision,2,1,Going straight,Pedestrian,Male,Under 18,2.0,No distancing,Serious Injury
2024-10-05 16:05:00,Tuesday,Over 51,Male,Junior high school,Below 1yr,Automobile,Owner,Unknown,No defect,Other,One way,Tangent road with flat terrain,Y Shape,Asphalt roads,Dry,Daylight,Normal,Vehicle with vehicle collision,4,5,Going straight,Passenger,Female,18-30,3.0,No distancing,Slight Injury
2024-10-05 22:05:00,Friday,18-30,Male,Junior high school,1-2yr,Automobile,Owner,5-10yrs,No defect,Church areas,Undivided Two way,Tangent road with flat terrain,Y Shape,Asphalt roads,Dry,Daylight,Normal,Vehicle with vehicle collision,4,5,Going straight,Driver or rider,Male,18-30,3.0,No distancing,Slight Injury
2024-10-05 22:05:00,Friday,18-30,Male,Elementary school,2-5yr,Other,Owner,Unknown,No defect,Recreational areas,Other,Tangent road with flat terrain,Y Shape,Asphalt roads,Dry,Daylight,Normal,Collision with roadside objects,4,5,Going straight,,,,,Changing lane to the left,Slight Injury
2024-10-05 22:05:00,Friday,18-30,Male,Elementary school,2-5yr,Stationwagen,Owner,Unknown,Unknown,Industrial areas,Undivided Two way,Tangent road with flat terrain,Crossing,Other,Dry,Daylight,Normal,Vehicle with vehicle collision,4,5,Going straight,Driver or rider,Male,18-30,3.0,Changing lane to the right,Slight Injury
2024-10-05 22:05:00,Friday,18-30,Female,Elementary school,5-10yr,Lorry (41-100Q),Other,Unknown,Unknown,Residential areas,Other,Other,Crossing,Asphalt roads,Dry,Daylight,Normal,Vehicle with vehicle collision,4,5,Going straight,,,,,Moving Backward,Slight Injury
2024-10-05 03:40:00,Saturday,18-30,Female,Junior high school,5-10yr,Taxi,Owner,Above 10yr,No defect,Residential areas,Other,Tangent road with rolling terrain,Crossing,Asphalt roads,Dry,Darkness - lights lit,Normal,Vehicle with vehicle collision,2,3,Other,,,,,Changing lane to the right,Fatal injury
2024-10-05 09:25:00,Tuesday,Over 51,Female,Junior high school,Above 10yr,Other,Owner,2-5yrs,No defect,Office areas,Double carriageway (median),Tangent road with flat terrain,Crossing,Asphalt roads,Dry,Darkness - lights lit,Normal,Vehicle with vehicle collision,2,2,Other,Passenger,Male,Over 51,3.0,No distancing,Slight Injury
2024-10-05 09:25:00,Tuesday,Unknown,Female,Elementary school,2-5yr,Public (12 seats),Owner,2-5yrs,No defect,Market areas,Undivided Two way,Tangent road with flat terrain,Crossing,Asphalt roads,Dry,Daylight,Normal,Vehicle with vehicle collision,1,1,Going straight,Driver or rider,Male,31-50,3.0,Overtaking,Slight Injury
2024-10-05 09:25:00,Tuesday,Unknown,Female,Junior high school,5-10yr,Automobile,Other,Unknown,Unknown,Other,Other,Tangent road with flat terrain,Y Shape,Asphalt roads,Wet or damp,Daylight,Raining,Vehicle with vehicle collision,2,1,Other,,,,,Other,Slight Injury
2024-10-05 09:25:00,Tuesday,Unknown,Male,Junior high school,Below 1yr,Automobile,Owner,Unknown,No defect,Industrial areas,Other,Tangent road with flat terrain,No junction,Asphalt roads,Wet or damp,Daylight,Raining,Vehicle with vehicle collision,2,1,Overtaking,Driver or rider,Male,31-50,3.0,Other,Slight Injury
2024-10-05 09:25:00,Tuesday,Unknown,Male,Junior high school,5-10yr,Public (13-45 seats),Owner,Unknown,No defect,Residential areas,Two-way (divided with solid lines road marking),Tangent road with flat terrain,No junction,Asphalt roads,Dry,Darkness - lights lit,Normal,Vehicle with vehicle collision,2,1,Reversing,,,,,Changing lane to the right,Slight Injury
2024-10-05 09:25:00,Tuesday,Unknown,Male,High school,Above 10yr,Lorry (41-100Q),Governmental,Below 1yr,No defect,Residential areas,Undivided Two way,Tangent road with flat terrain,No junction,Asphalt roads,Dry,Darkness - lights lit,Normal,Vehicle with vehicle collision,2,1,Going straight,Driver or rider,Male,18-30,3.0,No priority to pedestrian,Slight Injury
2024-10-05 07:58:00,Thursday,Under 18,Male,Junior high school,5-10yr,Lorry (41-100Q),Owner,5-10yrs,No defect,Other,Undivided Two way,Tangent road with flat terrain,No junction,Asphalt roads,Dry,Daylight,Normal,Vehicle with vehicle collision,2,1,Other,,,,,No priority to vehicle,Slight Injury
2024-10-05 07:58:00,Thursday,18-30,Male,Elementary school,1-2yr,Lorry (11-40Q),Governmental,Unknown,No defect,Residential areas,Other,Tangent road with flat terrain,No junction,Asphalt roads,Dry,Daylight,Normal,Vehicle with vehicle collision,2,1,Moving Backward,,,,,Changing lane to the left,Slight Injury
2024-10-05 20:15:00,Tuesday,18-30,Male,Junior high school,Unknown,Motorcycle,Owner,1-2yr,No defect,Rural village areas,Undivided Two way,Gentle horizontal curve,No junction,Asphalt roads,Dry,Daylight,Normal,Vehicle with vehicle collision,3,3,Going straight,Driver or rider,Male,18-30,3.0,Changing lane to the left,Serious Injury
2024-10-05 20:15:00,Tuesday,18-30,Male,Above high school,1-2yr,Lorry (41-100Q),Owner,2-5yrs,No defect,Rural village areas,Undivided Two way,Gentle horizontal curve,No junction,Asphalt roads,Dry,Daylight,Normal,Vehicle with vehicle collision,3,3,Other,Driver or rider,Female,18-30,3.0,Overtaking,Serious Injury
2024-10-05 17:10:00,Tuesday,18-30,Female,Junior high school,Above 10yr,Stationwagen,Owner,Unknown,No defect,Office areas,Double carriageway (median),Tangent road with flat terrain,No junction,Asphalt roads,Dry,Daylight,Normal,Vehicle with vehicle collision,3,3,Moving Backward,,,,,No distancing,Serious Injury
2024-10-05 17:10:00,Tuesday,31-50,Male,Junior high school,1-2yr,Automobile,Owner,2-5yrs,No defect,Residential areas,Undivided Two way,Gentle horizontal curve,No junction,Asphalt roads,Dry,Daylight,Normal,Vehicle with vehicle collision,3,3,Going straight,,,,,No priority to vehicle,Serious Injury
2024-10-05 17:10:00,Tuesday,31-50,Male,Junior high school,5-10yr,Other,Owner,Unknown,Unknown,Residential areas,Other,Tangent road with flat terrain,No junction,Asphalt roads,Dry,Daylight,Normal,Collision with roadside objects,1,1,Going straight,Driver or rider,Male,31-50,3.0,Changing lane to the right,Slight Injury
2024-10-05 15:30:00,Saturday,Unknown,Male,Junior high school,2-5yr,Other,Owner,Unknown,7,Outside rural areas,Other,Tangent road with flat terrain,Crossing,Asphalt roads,Dry,Daylight,Normal,Vehicle with vehicle collision,3,2,Moving Backward,Passenger,Female,31-50,3.0,Changing lane to the left,Slight Injury
2024-10-05 15:30:00,Saturday,18-30,Male,Unknown,Unknown,Taxi,Owner,Above 10yr,Unknown,Residential areas,Other,Tangent road with flat terrain,Crossing,Asphalt roads,Dry,Daylight,Normal,Vehicle with vehicle collision,3,2,Going straight,,,,,No distancing,Slight Injury
2024-10-05 09:47:00,Saturday,18-30,Female,Junior high school,2-5yr,Automobile,Owner,5-10yrs,5,Church areas,Other,Tangent road with flat terrain,O Shape,Asphalt roads,Dry,Daylight,Normal,Vehicle with vehicle collision,3,2,Getting off,Driver or rider,Female,31-50,3.0,Driving carelessly,Slight Injury
2024-10-05 09:47:00,Saturday,Over 51,Female,Junior high school,2-5yr,Long lorry,Owner,Unknown,No defect,Office areas,Undivided Two way,Tangent road with flat terrain,O Shape,Asphalt roads,Dry,Daylight,Normal,Vehicle with vehicle collision,2,1,Going straight,Passenger,Female,Over 51,3.0,No priority to pedestrian,Slight Injury
2024-10-05 09:47:00,Saturday,31-50,Female,Junior high school,Above 10yr,Long lorry,Owner,Unknown,No defect,Office areas,Two-way (divided with broken lines road marking),Tangent road with mountainous terrain and,Y Shape,Asphalt roads,Dry,Daylight,Normal,Collision with pedestrians,2,1,Going straight,Pedestrian,Female,18-30,3.0,Driving carelessly,Slight Injury
2024-10-05 11:19:00,Monday,18-30,Male,Junior high school,1-2yr,Lorry (41-100Q),Governmental,Unknown,No defect,Office areas,Two-way (divided with broken lines road marking),Escarpments,No junction,Asphalt roads,Dry,Darkness - lights lit,Normal,Vehicle with vehicle collision,3,3,Moving Backward,,,,,Moving Backward,Slight Injury
2024-10-05 11:19:00,Monday,Over 51,Male,Above high school,1-2yr,Lorry (41-100Q),Owner,2-5yrs,Unknown,Other,Undivided Two way,Tangent road with mountainous terrain and,Other,Asphalt roads,Dry,Darkness - lights lit,Normal,Vehicle with vehicle collision,3,3,Going straight,Driver or rider,Male,Under 18,3.0,No distancing,Slight Injury
2024-10-05 13:13:00,Friday,Unknown,Male,Above high school,No Licence,Lorry (11-40Q),Owner,2-5yrs,Unknown,Other,Undivided Two way,Tangent road with flat terrain,Other,Asphalt roads,Dry,Darkness - lights lit,Normal,Vehicle with vehicle collision,3,3,Going straight,Driver or rider,Male,18-30,3.0,No distancing,Slight Injury
2024-10-05 13:13:00,Friday,18-30,Male,Junior high school,1-2yr,Automobile,Owner,Unknown,No defect,Residential areas,Two-way (divided with broken lines road marking),Tangent road with flat terrain,Other,Asphalt roads,Dry,Darkness - lights lit,Normal,Vehicle with vehicle collision,3,3,Going straight,,,,,No distancing,Slight Injury
2024-10-05 15:55:00,Thursday,18-30,Male,Junior high school,5-10yr,Taxi,Owner,Unknown,Unknown,Other,Two-way (divided with broken lines road marking),Tangent road with flat terrain,No junction,Asphalt roads,Dry,Darkness - lights lit,Normal,Vehicle with vehicle collision,3,3,Going straight,,,,,Changing lane to the left,Slight Injury
2024-10-05 15:55:00,Thursday,18-30,Male,Junior high school,Above 10yr,Other,Owner,Below 1yr,Unknown,Other,Undivided Two way,Tangent road with mild grade and flat terrain,Y Shape,Asphalt roads,Dry,Daylight,Normal,Vehicle with vehicle collision,2,3,Going straight,Driver or rider,Male,18-30,3.0,Changing lane to the left,Slight Injury
2024-10-05 15:55:00,Thursday,31-50,Male,Junior high school,Above 10yr,Automobile,Owner,5-10yrs,Unknown,Other,Two-way (divided with broken lines road marking),Tangent road with flat terrain,No junction,Asphalt roads,Dry,Daylight,Normal,Vehicle with vehicle collision,2,3,Moving Backward,Passenger,Male,Under 18,3.0,Moving Backward,Slight Injury
2024-10-05 10:47:00,Thursday,31-50,Male,Junior high school,5-10yr,Automobile,Governmental,5-10yrs,No defect,Other,Undivided Two way,Tangent road with flat terrain,No junction,Asphalt roads,Dry,Daylight,Normal,Vehicle with vehicle collision,2,3,Going straight,Passenger,Male,5,3.0,Changing lane to the right,Slight Injury
2024-10-05 10:47:00,Thursday,31-50,Male,Elementary school,2-5yr,Automobile,Owner,2-5yrs,No defect,Other,Double carriageway (median),Tangent road with mild grade and flat terrain,Y Shape,Asphalt roads,Dry,Daylight,Normal,Collision with pedestrians,2,3,Going straight,Driver or rider,Male,Over 51,3.0,No priority to vehicle,Slight Injury
2024-10-05 15:00:00,Thursday,18-30,Male,Junior high school,2-5yr,Automobile,Owner,Unknown,No defect,Other,Two-way (divided with broken lines road marking),Tangent road with flat terrain,Y Shape,Asphalt roads,Dry,Daylight,Normal,Vehicle with vehicle collision,2,1,Moving Backward,Driver or rider,Male,18-30,3.0,Moving Backward,Slight Injury
2024-10-05 15:00:00,Thursday,18-30,Male,Junior high school,Below 1yr,Public (> 45 seats),Owner,2-5yrs,Unknown,Church areas,Two-way (divided with broken lines road marking),Tangent road with flat terrain,Y Shape,Asphalt roads,Dry,Daylight,Normal,Vehicle with vehicle collision,2,1,Moving Backward,Passenger,Female,31-50,3.0,Driving carelessly,Slight Injury
2024-10-05 18:40:00,Thursday,18-30,Male,Junior high school,2-5yr,Lorry (11-40Q),Owner,5-10yrs,Unknown,Other,Undivided Two way,Tangent road with flat terrain,Crossing,Asphalt roads,Dry,Daylight,Cloudy,Vehicle with vehicle collision,2,1,Going straight,Driver or rider,Male,31-50,2.0,Driving carelessly,Slight Injury
2024-10-05 03:55:00,Monday,18-30,Unknown,Junior high school,2-5yr,Lorry (41-100Q),Organization,2-5yrs,Unknown,Industrial areas,Two-way (divided with broken lines road marking),Tangent road with flat terrain,Crossing,Asphalt roads,Dry,Daylight,Cloudy,Vehicle with vehicle collision,2,1,Going straight,,,,,Driving under the influence of drugs,Slight Injury
2024-10-05 03:55:00,Monday,18-30,Male,Elementary school,5-10yr,Lorry (41-100Q),Owner,Unknown,No defect,Residential areas,Double carriageway (median),Tangent road with flat terrain,Y Shape,Asphalt roads,Dry,Daylight,Normal,Collision with roadside objects,2,2,Going straight,Driver or rider,Male,18-30,3.0,No priority to pedestrian,Slight Injury